id,age,height,eye_color,hair_color,gender,plate_number,car_make,car_model
100280,72,57,brown,red,male,P24L4U,Acura,MDX
100460,63,72,brown,brown,female,XF02T6,Cadillac,SRX
101029,62,74,green,green,female,VKY5KR,Scion,xB
101198,43,54,amber,brown,female,Y5NZ08,Nissan,Rogue
101255,18,79,blue,grey,female,5162Z1,Lexus,GS
101494,48,55,blue,red,female,81X1N7,Kia,Sportage
101568,53,78,brown,blue,male,SJ57LL,Saab,9-5
101586,57,70,amber,brown,male,31U1KE,Jaguar,XK
101611,40,65,blue,white,female,5O8VW7,GMC,Sierra Denali
101613,81,58,brown,grey,female,5PCQB5,GMC,Sierra 2500
101640,87,67,amber,black,male,3U18J6,Volvo,S60
101726,78,81,blue,blue,female,236T17,Oldsmobile,Intrigue
101773,55,57,amber,black,female,VK5SOO,Chevrolet,Express 1500
101782,57,61,amber,green,female,0LX0QI,Toyota,Matrix
101836,56,51,blue,grey,female,3VSG76,Hyundai,Azera
101859,31,71,blue,blonde,female,02B7L4,Nissan,Pathfinder
101862,26,75,green,blonde,male,LQ23Y5,Nissan,350Z
101909,84,52,amber,brown,male,5Y633C,Ford,E-Series
102089,75,52,blue,blonde,female,2QL48Q,GMC,Savana 3500
102182,66,63,green,white,male,JI6481,Saturn,S-Series
102307,28,74,black,green,female,30A1X3,Dodge,Ram Van 3500
102355,29,67,blue,blonde,male,7K625Q,Ford,F350
102536,21,76,blue,blonde,male,3DG322,Suzuki,Grand Vitara
102648,63,70,black,blue,female,JHB3F7,Buick,LaCrosse
102710,31,63,black,blonde,female,0UNSTD,Buick,Regal
102844,30,62,blue,blue,male,471TX3,Chevrolet,Trailblazer
102926,72,60,blue,blue,female,4635J3,GMC,Savana 1500
102950,56,78,brown,red,male,4BR8A0,Honda,Insight
103085,59,70,blue,white,male,710NU4,Oldsmobile,Cutlass
103138,37,65,brown,blonde,male,T6TV0T,Ford,Focus
103194,85,65,blue,grey,female,7UGA13,Dodge,Ram Van 2500
103197,38,73,amber,red,female,273D0J,Saab,9-7X
103243,59,69,brown,black,female,037O14,Isuzu,VehiCROSS
103260,22,59,brown,blonde,female,G67F83,Ford,E250
103417,63,54,amber,white,male,12LBWW,Ford,F-Series Super Duty
103443,60,80,black,black,female,OD5TS3,Toyota,Corolla
103725,40,57,black,green,female,81WZ22,Land Rover,Freelander
103838,46,81,black,blue,female,5SACV2,Mercedes-Benz,S-Class
103928,65,51,brown,white,male,ASEZO5,Dodge,Charger
103936,55,82,blue,green,male,783S4E,Dodge,Ram 3500
104476,31,69,brown,black,female,625W28,GMC,Envoy
104652,72,62,blue,black,male,F34W76,Ford,E-Series
104688,89,77,black,green,male,73SD5X,Cadillac,SRX
104732,47,68,black,blonde,female,FHX41Z,Volvo,XC90
104786,63,70,blue,black,male,PA1H7K,Land Rover,Discovery
104883,79,55,brown,green,male,E68Y06,Acura,TSX
105064,20,53,black,blue,male,25UO1B,Mercedes-Benz,SL-Class
105188,48,80,blue,black,male,R4Z3OC,Land Rover,Range Rover Sport
105435,45,57,black,green,male,Q54862,Mitsubishi,Montero
105508,26,71,green,white,female,H73WE4,GMC,Sierra 2500
105678,27,76,brown,black,female,ASNL05,Oldsmobile,Silhouette
106226,49,70,amber,blonde,female,2P1B3P,Mazda,Mazdaspeed 3
106354,61,60,amber,grey,female,7P62RU,BMW,760
106868,58,73,black,red,male,YF2710,Jeep,Grand Cherokee
106882,70,71,green,white,male,0764T6,Chevrolet,Suburban 1500
106921,26,78,black,white,female,75YNFS,Volvo,V70
107014,70,71,amber,white,female,FSV573,Mercedes-Benz,C-Class
107093,70,57,green,green,female,8PRB12,Jeep,Liberty
107129,83,52,brown,white,female,N823IP,Nissan,Armada
107131,78,80,black,brown,female,4UJ023,Lincoln,Navigator
107220,55,55,black,blonde,male,H4I61Q,Nissan,Murano
107354,53,63,green,blonde,female,KUWT83,Volkswagen,Cabriolet
107435,24,74,green,red,female,57JV7G,Jeep,Grand Cherokee
107707,56,51,green,red,male,ZBWC42,Land Rover,Discovery Series II
107867,48,50,amber,blue,male,FK47DF,Chevrolet,Monte Carlo
107985,29,57,black,green,male,QQP4HL,Mazda,CX-9
108077,26,69,brown,brown,female,LXD1AM,Mercedes-Benz,M-Class
108108,73,74,green,blonde,female,OCPULI,Lincoln,Navigator
108175,61,68,green,red,male,4F3V1X,Buick,LaCrosse
108374,18,63,brown,red,male,X2KE6N,Ford,Escape
108596,52,52,green,white,male,6UK727,Dodge,Dakota
108832,41,81,green,blue,male,F4B836,Mitsubishi,Pajero
108978,70,56,brown,grey,female,OR1UPR,Volkswagen,Rabbit
109032,82,70,green,black,female,IGTN21,Suzuki,XL-7
109100,70,64,amber,blue,male,8MRTMS,Chevrolet,Cavalier
109238,35,76,brown,brown,female,O771Z2,Ford,F150
109249,47,62,blue,grey,male,6D4J60,Subaru,Forester
109317,62,59,amber,blonde,male,EWP01K,Saturn,Aura
109497,82,59,green,green,female,X0GHB7,Mercedes-Benz,R-Class
109596,30,75,brown,red,female,861GR4,Ford,Thunderbird
109604,65,68,brown,brown,female,7TXPT3,Jeep,Cherokee
109617,19,76,green,blue,male,UO2B77,Infiniti,G
109638,70,51,blue,brown,male,8S5B85,Chevrolet,Silverado 2500
109904,67,62,green,black,male,PCS055,Chevrolet,Tahoe
109981,43,78,brown,green,female,K656GJ,BMW,Z8
110018,57,64,brown,grey,female,MN25TF,Volkswagen,CC
110047,54,82,amber,blue,male,U22R1T,BMW,5 Series
110139,55,50,brown,white,male,70JL7C,Chrysler,300M
110356,86,71,green,blue,male,5Q7V33,Ford,Excursion
110373,52,62,green,green,male,636327,Chevrolet,Silverado
110484,85,59,green,brown,male,8AB31Y,Chevrolet,Colorado
110511,73,65,green,brown,female,8WDO80,GMC,Yukon XL 2500
110604,65,59,green,brown,male,848VJ0,Ford,E-Series
110749,51,50,black,green,female,A664H1,Oldsmobile,88
110759,29,71,black,red,female,3YDGV4,Dodge,Ram 1500
110825,86,55,green,blonde,female,GUFLG5,Ford,F-Series
110833,25,81,brown,blue,male,80123A,GMC,Sierra 1500
110956,38,57,green,green,female,115N78,Oldsmobile,Aurora
110991,25,59,amber,black,male,75Q187,Chevrolet,Classic
111120,79,66,amber,white,female,R272NI,Aston Martin,DBS
111327,47,69,amber,blue,male,2SV878,Land Rover,LR3
111403,31,66,amber,black,male,UW56PM,Jeep,Compass
111509,64,53,blue,green,female,VRK7Z5,Acura,NSX
111615,36,68,black,blue,female,44CN3P,Lexus,IS F
111884,56,62,green,black,male,3W80EN,Acura,TL
111888,49,68,black,brown,female,88I414,Lexus,IS
112066,25,81,green,grey,female,EJO17B,Ford,E150
112137,24,62,brown,red,female,42RZ0E,Ford,Escape
112200,28,70,green,blonde,male,22N2E2,Mercedes-Benz,SL-Class
112201,18,57,green,green,male,HW66XJ,BMW,325
112330,25,58,green,grey,female,0V8GQ2,Maserati,GranTurismo
112384,35,80,blue,black,male,4430DO,Cadillac,DTS
112429,19,54,black,brown,male,55T43B,Lamborghini,Murciélago
112505,52,51,blue,red,female,22QZIQ,Lincoln,MKZ
112548,76,64,amber,blonde,female,Q87DM7,Acura,MDX
112654,36,75,blue,green,male,V17BS7,Dodge,Ram 2500
112711,50,78,green,grey,female,V515U4,BMW,X6
112742,49,62,brown,grey,male,7ZY11O,Pontiac,Grand Prix
112927,62,68,green,black,male,2X1CB7,Mitsubishi,Montero
112994,36,62,amber,black,male,12W3JK,Dodge,Ram
113123,50,82,blue,grey,female,Y42MNZ,Land Rover,Discovery
113238,85,70,black,grey,male,73A13Z,Ford,Fusion
113356,43,63,green,blue,female,Z77577,Audi,A4
113486,82,58,green,red,female,02G281,Infiniti,I
113523,37,74,amber,black,female,5352M7,Mazda,Tribute
113566,77,64,brown,brown,male,2AGKD3,Audi,A6
113871,57,67,blue,white,female,VD14AH,Volkswagen,Passat
113884,31,66,brown,green,male,RAI837,Chevrolet,Silverado 1500
114034,80,62,black,grey,female,HM7LX4,Acura,TL
114530,47,76,black,white,male,OB3DC0,Volvo,C30
114723,69,57,amber,red,female,1F883V,HUMMER,H3
114759,79,58,black,blonde,female,650313,Infiniti,G
114768,54,78,black,blonde,female,BDTDJO,GMC,EV1
114786,89,71,brown,blonde,female,W8P22N,Ford,Crown Victoria
114929,50,50,black,blonde,female,YU3ZO5,Nissan,Frontier
115180,83,53,amber,red,male,R202IE,Pontiac,GTO
115428,27,72,blue,white,female,06QUKG,Volkswagen,Passat
115654,60,61,brown,green,male,N8767C,Cadillac,Catera
115674,18,74,blue,blue,female,2OGQIP,Mitsubishi,Diamante
115676,64,66,brown,brown,female,704OKD,Mitsubishi,Galant
115800,28,67,blue,blue,female,OH0K4J,BMW,3 Series
116042,31,63,brown,blonde,male,3SN32F,Kia,Sephia
116043,46,60,green,green,female,PZUU02,Chevrolet,Colorado
116072,81,54,brown,white,male,2P17G6,Ford,F250
116201,25,81,blue,blonde,female,7178Y3,Volkswagen,New Beetle
116339,63,56,blue,blonde,female,G8303R,Kia,Amanti
116342,57,59,black,black,female,567V0T,Acura,TSX
116374,59,71,amber,brown,female,Y0U2TM,Dodge,Ram
116393,57,79,amber,red,female,2512O1,Chevrolet,Astro
116530,88,57,green,grey,male,3AKC6F,Volvo,V70
116681,28,74,brown,red,female,7QEFN8,BMW,745
116863,40,63,black,black,female,1ZSI8C,Audi,A8
116883,23,77,green,blonde,male,Z15461,Honda,Civic
116885,46,71,amber,black,male,WM6IZ4,Pontiac,Bonneville
117138,74,69,amber,green,male,63TQVD,Chevrolet,Express 3500
117185,65,53,black,grey,male,NLF27H,GMC,Yukon
117514,39,52,amber,red,male,IU6H80,Toyota,Camry Hybrid
117539,30,73,brown,grey,male,C57CO2,Jaguar,XJ Series
117568,39,65,black,green,female,3S4T6N,Chevrolet,Colorado
117606,57,72,blue,grey,female,7I37Q1,Toyota,Sequoia
117680,58,78,green,black,male,07L772,Chevrolet,Tahoe
117726,48,70,brown,red,male,7JUJCY,Honda,Civic
117827,56,71,black,red,male,F7XLF0,Audi,Q5
117937,31,77,brown,black,male,W3VLEB,Lincoln,MKX
117978,78,70,black,blonde,female,UP1261,Scion,tC
118009,64,84,blue,white,male,00NU00,Mercedes-Benz,E-Class
118181,30,52,black,white,female,5V2TZM,GMC,Sonoma
118293,63,81,brown,blonde,female,JF6OTH,Chrysler,Sebring
118332,40,75,green,black,male,6SG3W0,Mitsubishi,Diamante
118365,59,79,brown,green,male,PYU7AI,Mercedes-Benz,Sprinter
118388,47,55,blue,green,male,ADXT4X,HUMMER,H1
118484,57,82,amber,blue,male,H746K7,Land Rover,Freelander
118564,66,53,green,blonde,female,L3G027,Dodge,Neon
118650,22,75,black,red,male,TT83PV,Pontiac,Grand Prix
118693,53,51,brown,grey,male,ME18H8,Buick,LaCrosse
118695,21,76,brown,red,female,G40UMB,Honda,Pilot
118698,25,60,green,white,female,12Y46Q,Toyota,Sequoia
118733,61,53,brown,grey,male,67N08D,Audi,Allroad
118747,64,51,brown,brown,female,666VV1,Smart,Fortwo
118783,74,82,amber,brown,male,UL751Q,Saab,900
118811,76,62,black,grey,male,1Y05SM,Dodge,Charger
118819,22,80,amber,green,female,WV340F,Dodge,Ram 2500 Club
118864,80,68,blue,grey,male,2654JL,Lexus,LFA
119032,68,62,brown,green,male,4FLA3Q,Daewoo,Nubira
119156,21,75,blue,blue,male,OFOAWW,Subaru,Forester
119222,43,53,blue,brown,male,0NZMHD,Volkswagen,Passat
119240,38,77,green,grey,female,X1H7E1,Kia,Optima
119248,45,78,amber,red,male,7ECDVK,Lexus,LS
119258,66,77,blue,blue,female,63MZ6D,GMC,Savana 2500
119293,37,67,brown,brown,female,53Y5LM,Lexus,RX Hybrid
119343,36,81,amber,white,male,ULOUNT,Pontiac,Bonneville
119448,77,50,black,blue,male,7WD0K1,BMW,650
119490,71,80,brown,blue,female,EA128O,Chrysler,Sebring
119507,42,73,green,blonde,female,3ZFYM2,Infiniti,G
119525,77,67,brown,blonde,female,O5378U,Mercedes-Benz,CL-Class
119527,68,82,blue,blonde,female,5XW288,Dodge,Caravan
119539,77,55,green,blue,female,5M81LT,Mitsubishi,Galant
119629,19,51,green,blonde,male,C8K707,Dodge,Ram 2500
119637,23,75,blue,grey,male,T4TI07,Infiniti,G
119673,32,52,brown,brown,female,652AXT,BMW,545
119791,61,58,brown,red,male,8KQ4H3,Cadillac,Escalade ESV
119795,35,81,black,brown,female,TE1S53,Mercedes-Benz,Sprinter 2500
120202,63,65,green,brown,female,7QY6PR,Ford,Edge
120222,34,55,amber,black,male,78D543,Ford,Taurus
120458,24,51,green,brown,female,6Z3GL5,Mercedes-Benz,SLR McLaren
120519,88,71,brown,red,female,O7BEZ1,Isuzu,Axiom
120545,43,67,green,black,male,56K55D,Volkswagen,Routan
120579,30,74,amber,red,female,X8R4J8,Lexus,LX
120768,26,51,green,red,male,FYZRIK,Jaguar,X-Type
120776,56,71,brown,black,male,J7C3Z1,Infiniti,I
120799,53,52,blue,green,male,ILLE4T,Dodge,Ram Van 1500
121019,61,78,green,green,male,ACOKQ0,Ford,F250
121232,75,53,amber,white,male,M7Z7N5,Honda,Insight
121239,38,68,black,green,female,4JP7P2,Pontiac,Vibe
121261,27,62,brown,white,male,CODP5B,Ford,F-350 Super Duty
121365,70,58,brown,white,male,SD8SK4,GMC,Safari
121454,21,64,green,blue,male,QOLORD,Buick,Century
121496,77,65,blue,white,male,K7HCT1,Aston Martin,Vantage
121569,45,74,green,red,female,630615,Toyota,Prius
121583,65,71,green,red,female,IP3JL7,Nissan,Frontier
121617,79,72,black,blue,male,646GO8,Mazda,Miata MX-5
121750,51,67,amber,red,female,555AGV,Volkswagen,Phaeton
121872,21,53,blue,brown,male,K81C6V,Audi,A7
121973,19,63,amber,blonde,male,H31E4R,Lexus,GX
121999,24,73,green,grey,female,0HOQ2I,Pontiac,Montana
122134,40,61,black,white,female,8616Y4,Chevrolet,Astro
122156,46,80,green,grey,female,26JL7N,GMC,Acadia
122161,18,73,black,black,male,2H3Y1S,BMW,M5
122218,49,51,brown,green,male,24J4W5,Nissan,Murano
122260,84,53,black,white,male,414335,Subaru,Tribeca
122268,36,82,black,red,female,01RS0V,Kia,Amanti
122290,62,73,blue,red,male,M36RGH,Jeep,Wrangler
122314,59,51,blue,black,female,20668G,Chrysler,Town & Country
122330,44,55,brown,black,female,KIC846,Lincoln,Navigator
122412,44,51,brown,red,male,C0276I,Honda,Accord
122422,44,60,brown,blonde,female,60XAJZ,Kia,Optima
122522,23,70,brown,grey,female,522XMO,Ford,Explorer
122605,87,68,green,blonde,male,183373,Ford,Flex
122616,41,65,blue,blonde,male,4B7CK3,Lincoln,MKX
122629,69,71,green,black,female,D62815,Chrysler,300
122913,39,71,green,blue,male,48834N,Chrysler,Town & Country
122935,58,72,green,black,female,ERN818,Lincoln,Continental
123082,24,54,brown,blue,female,6D2YL1,Toyota,Sienna
123085,63,74,black,white,female,42YQ7J,Suzuki,XL-7
123129,42,52,blue,grey,female,T21X5S,Hyundai,Elantra
123173,27,75,amber,green,male,W534O0,Mazda,Miata MX-5
123175,60,51,amber,brown,male,731T5Q,Audi,S5
123277,34,78,black,blonde,male,245520,Mazda,Mazda3
123368,57,61,blue,red,male,820VVI,GMC,Savana 3500
123542,47,73,brown,blonde,female,85I28W,GMC,2500 Club Coupe
123675,66,82,blue,white,male,ENDY87,Honda,Pilot
123696,38,50,black,black,male,5V225F,Toyota,Yaris
123751,36,71,brown,blonde,female,13EWXK,Dodge,Stratus
123784,19,59,black,black,female,P0204E,Toyota,Avalon
123807,42,60,amber,blue,female,5YN366,Chevrolet,1500
124024,80,60,blue,blue,male,043W5O,Porsche,911
124047,79,82,brown,black,female,KTDY52,Mitsubishi,Montero
124053,35,56,green,blonde,male,E7A2RP,Infiniti,QX56
124072,43,76,brown,grey,male,0CYU5Q,Honda,Accord
124154,27,59,green,white,female,RJNM24,Kia,Borrego
124263,77,63,black,black,male,6T3L3Z,Dodge,Avenger
124386,81,56,brown,red,male,06640H,Toyota,4Runner
124421,64,73,amber,black,female,ZD13HA,Kia,Optima
124477,64,63,blue,red,male,X10LM7,Chevrolet,Colorado
124532,68,79,black,green,male,CX15WZ,BMW,6 Series
124573,19,61,brown,brown,male,J432AB,Nissan,Pathfinder
124619,20,77,brown,black,female,U1PVRR,Hyundai,Equus
124706,57,67,green,white,female,T1EN85,Toyota,Matrix
124854,48,60,blue,grey,female,RH14TP,Bentley,Continental Flying Spur
124954,37,81,green,green,female,1711P0,Porsche,Cayman
125008,36,77,brown,grey,female,ZFPR6T,GMC,Sierra 2500
125056,89,68,amber,black,female,J70C1U,Hyundai,Tiburon
125080,33,68,brown,blue,female,J0465P,Ford,Escape
125293,82,56,blue,brown,female,D502MA,Buick,Rainier
125430,31,68,brown,grey,male,6RJ356,Lincoln,MKX
125749,39,73,amber,green,female,3L81A2,Ford,F-Series
125808,61,79,black,red,female,2MCE8A,Mazda,Tribute
125852,33,79,brown,blonde,female,N61TXA,Chevrolet,S10
125949,64,66,amber,red,male,67Y52T,Volkswagen,Passat
125959,73,56,brown,black,female,31545E,Toyota,Venza
126096,67,69,green,white,male,RHXJ2J,Mercury,Mariner
126344,74,76,blue,red,male,LE15DR,Ford,Econoline E350
126367,78,62,blue,blonde,female,566540,Lexus,RX Hybrid
126441,75,61,amber,white,male,J56440,Toyota,Land Cruiser
126537,54,57,black,grey,female,540X1W,Cadillac,DeVille
126708,23,65,brown,brown,female,7G8IDO,Kia,Forte
126794,45,75,blue,black,male,HHI23Z,Mercedes-Benz,SLS-Class
126842,48,81,black,blonde,male,36Y8B2,Mercury,Sable
127001,76,76,amber,white,female,DOSF55,Dodge,Dakota
127167,66,64,green,brown,female,YIQG56,Land Rover,Discovery
127260,88,51,green,brown,male,E75M10,Toyota,4Runner
127284,59,71,black,black,female,401SL1,Mazda,CX-7
127288,18,59,black,black,female,A20YSP,Ford,Freestar
127368,39,77,green,red,female,7L2M21,Volvo,V70
127412,53,62,green,blonde,female,M7D015,Infiniti,M
127441,88,62,amber,red,male,6PT37G,MINI,Cooper Clubman
127460,26,72,green,brown,male,PMTI0B,Lexus,ES
127536,45,64,brown,black,female,J5F2E7,Mazda,MX-5
127851,54,62,blue,white,female,2F0F2S,Nissan,Sentra
128040,39,79,amber,white,female,TSN05W,Toyota,Matrix
128169,27,61,amber,brown,female,G6NG0M,Cadillac,STS
128243,70,60,brown,blonde,female,2H60NO,Chevrolet,Suburban 2500
128359,36,79,black,blue,female,1LPSL8,Maybach,57
128492,36,57,amber,red,male,Y8378U,BMW,7 Series
128519,73,77,blue,red,male,J6BMPD,Honda,Element
128666,71,59,brown,grey,female,215427,Jeep,Commander
128697,23,67,blue,brown,female,80RTUY,Chevrolet,Silverado 3500
128963,48,58,black,blue,male,4OXLFT,Chevrolet,Express 3500
128971,25,77,black,red,male,US1W4K,Jaguar,XK
129107,23,60,blue,blonde,male,2GY403,Chrysler,Concorde
129125,62,60,amber,red,male,8SJ337,Land Rover,Freelander
129753,84,50,green,red,male,PN885W,Ford,Focus
129794,75,74,brown,brown,female,V0886R,Mitsubishi,Mirage
129848,28,59,amber,grey,female,KSFOST,Infiniti,G
130119,30,66,amber,black,female,60UIR8,Honda,Civic
130160,52,54,black,blue,male,F87E0F,Ford,E150
130175,80,53,blue,blonde,female,UKW666,Mitsubishi,GTO
130177,44,72,brown,brown,female,6YE08M,GMC,Yukon XL 2500
130247,19,56,amber,red,male,R76IC7,Dodge,Ram 2500
130374,77,50,green,green,male,B1U6RG,Hyundai,Genesis
130511,80,77,green,red,male,C03A8J,Mazda,Mazda3
130553,36,66,green,green,female,G12247,Suzuki,XL-7
130711,35,71,green,brown,female,KVL07A,Infiniti,G
130797,39,67,black,blue,female,YUVV74,Toyota,Sienna
130802,63,60,brown,blonde,female,GC35T8,Nissan,Xterra
130874,27,55,green,white,female,LSM282,Honda,Ridgeline
131022,84,58,amber,black,female,F11HG0,Lexus,IS
131193,25,79,green,red,female,261AM0,Honda,Civic
131246,18,57,brown,white,female,VOU6R8,Suzuki,Grand Vitara
131316,35,65,green,red,male,6XY025,Chevrolet,Trailblazer
131354,61,50,brown,blonde,male,EI34QG,Mitsubishi,Outlander
131546,60,63,black,green,male,D6E2NI,MINI,Cooper
131879,46,68,blue,green,female,77ZVCM,Lexus,HS
131970,73,71,brown,black,female,C5O2G4,Mercedes-Benz,SLK55 AMG
132079,28,64,brown,blue,female,8886ZC,GMC,Canyon
132088,84,82,blue,green,female,1L8435,Chrysler,Crossfire
132178,19,67,brown,blonde,male,A1FA58,Infiniti,JX
132215,25,75,black,blue,male,4NG25N,Plymouth,Voyager
132245,41,52,black,grey,female,I8ZB85,Acura,CL
132441,30,50,brown,red,male,F38U28,Mazda,RX-8
132546,54,55,blue,white,female,481PI1,Mercury,Mystique
132934,56,64,black,red,female,1J5FW3,Suzuki,Vitara
132952,51,61,amber,grey,male,QM08PK,Ford,Explorer Sport Trac
133088,62,75,amber,brown,female,F28J23,Lexus,GS
133182,52,74,amber,brown,female,83DJDT,Isuzu,Rodeo
133225,77,70,black,black,female,23RNL8,Mercury,Milan
133263,65,76,amber,green,male,YRX287,Ford,Edge
133355,43,73,green,white,female,HED0RH,Nissan,Frontier
133557,33,51,blue,red,male,EQ2V45,Bentley,Azure
133831,39,56,amber,red,male,117YA2,Mazda,Miata MX-5
133943,26,63,black,blue,female,UM8K56,Toyota,Land Cruiser
134084,54,75,brown,blue,female,L7LFS7,Scion,xB
134289,78,64,blue,blue,female,GJS0ZR,Infiniti,QX
134362,58,50,amber,green,female,2S3AZM,Mercury,Mountaineer
134397,89,73,amber,blonde,male,44OU73,Kia,Rio
134401,69,82,brown,green,female,2VU6VQ,Land Rover,Range Rover Sport
134484,27,69,black,brown,male,8F81WM,GMC,Sierra 1500
134747,37,75,green,black,male,BL6381,Buick,Rendezvous
134833,78,74,green,red,male,DX3704,Saab,9-3
134891,62,58,green,blue,male,32G1A6,Saturn,Relay
135080,45,61,amber,white,female,738I0C,Dodge,Dakota Club
135105,76,61,amber,black,male,ALK82F,Toyota,Celica
135155,54,67,amber,brown,female,1YA8EX,Audi,A4
135362,69,75,green,white,female,O80Q32,Saab,9-3
135375,42,77,green,green,female,K20M73,Bentley,Continental
135407,81,67,blue,blue,male,B8G401,Ford,Taurus
135506,19,74,blue,brown,female,5KF3XW,Infiniti,G
135545,60,78,black,white,female,FJ5I3A,Volkswagen,New Beetle
135603,88,79,amber,blonde,male,5JR520,BMW,X5
135753,62,51,blue,grey,male,1JAT37,Hyundai,Accent
135756,22,66,green,brown,male,I7ZQBP,Chevrolet,Express 1500
135786,84,61,amber,brown,female,X5ES72,Chrysler,Town & Country
135826,74,65,black,black,male,B6YDS0,Land Rover,Range Rover
135886,44,81,black,red,female,632J6T,Chevrolet,Monte Carlo
136024,33,78,black,blue,female,C65SSY,Lexus,HS
136059,59,73,amber,black,male,88P215,Toyota,Sienna
136174,55,70,green,blue,female,Y5A5X6,Chevrolet,3500
136549,84,72,amber,blonde,female,3A2BCV,Hyundai,Santa Fe
136573,66,76,blue,green,male,AKMJ1Y,Isuzu,VehiCROSS
136607,28,52,amber,blue,male,GMT651,Buick,Park Avenue
136626,68,68,brown,brown,female,1H8O74,Acura,TSX
136678,22,64,amber,white,male,K6018N,GMC,Acadia
136744,74,74,brown,brown,female,N73OI8,Subaru,Legacy
136806,30,59,brown,white,male,7C41P3,Mercedes-Benz,C-Class
136879,22,73,amber,black,male,RS10GL,Mercury,Sable
136943,43,73,green,blue,female,3K1161,Pontiac,Sunfire
136984,62,61,green,black,male,3KOEEI,Cadillac,SRX
136993,52,70,blue,grey,female,0248U3,BMW,X5
137011,30,79,brown,brown,male,26JNOK,Ferrari,F430
137105,19,75,green,blue,male,5CO4VL,Porsche,Boxster
137170,59,80,black,green,female,KQTJZC,Oldsmobile,Regency
137217,72,78,blue,black,male,2RLYVU,Jeep,Liberty
137252,59,63,black,green,male,3GEWD6,Chevrolet,Suburban 1500
137308,55,57,black,grey,female,1ED0A8,Audi,S6
137330,55,78,blue,red,female,345832,Buick,Regal
137365,76,54,blue,grey,female,YAGF60,Lotus,Esprit
137391,34,68,green,grey,male,574S7M,Suzuki,XL-7
137537,64,58,black,white,male,736VDL,Toyota,Corolla
137690,85,72,amber,white,male,5R264X,Lamborghini,Gallardo
137717,74,71,blue,blue,male,G0K3DF,Volkswagen,Passat
137807,63,54,green,brown,female,L6B1DH,GMC,Savana 1500
137919,42,60,blue,black,female,7558A4,Hyundai,Veloster
137936,41,80,blue,black,male,684WQT,Ford,E350
137987,76,72,green,grey,female,252C64,Ferrari,FF
138077,50,71,blue,grey,male,0S258T,Nissan,Altima
138095,66,60,blue,red,female,4QU5K6,Ford,F350
138108,41,52,blue,black,female,88525N,Acura,TL
138154,61,61,black,white,female,3YBBK6,Jaguar,XK
138193,49,64,green,red,male,W82RR0,Ford,Expedition
138228,83,76,green,green,male,EMZ0L1,Honda,Prelude
138335,82,63,green,grey,male,8XJ27V,Honda,CR-V
138384,65,66,brown,brown,female,6QH710,Toyota,Camry
138442,76,58,amber,brown,female,8G6PCE,Lincoln,Town Car
138462,31,81,black,black,male,Q3885U,Maserati,Quattroporte
138483,50,53,blue,grey,female,Z10754,BMW,X5
138666,61,51,brown,blonde,female,8X7V3C,Hummer,H3
138911,63,58,green,red,male,XVDYWD,Toyota,MR2
138968,82,54,amber,blue,male,3SKXX5,GMC,Sierra 1500
139116,89,52,amber,white,male,B27D40,Mercedes-Benz,E-Class
139252,79,62,black,blue,female,2P1Z7S,Aston Martin,DB9 Volante
139328,43,80,green,black,male,DGVA25,Ford,C-MAX Hybrid
139390,25,57,amber,red,female,5JL0QM,Audi,TT
139448,46,61,amber,blonde,female,RA2O54,Ford,F150
139551,84,76,brown,red,male,0FIXDW,Chevrolet,Traverse
139633,57,60,green,green,female,73M6R5,Acura,RL
139639,78,54,brown,black,male,8EN0F7,Dodge,Ram 2500 Club
139647,83,57,blue,white,male,H1B36I,Cadillac,SRX
139659,40,57,amber,green,male,WO72X2,Honda,Accord Crosstour
139696,32,80,amber,grey,male,6NCF1A,Mercedes-Benz,SL-Class
139705,72,79,green,white,female,488CYS,Honda,CR-V
139912,77,78,green,blonde,male,WP376Z,Kia,Carens
139921,19,51,black,blonde,female,1X8UJ5,Toyota,Prius
140048,78,73,amber,black,female,BCYH74,Mercedes-Benz,CL-Class
140209,56,67,amber,brown,male,JYYO1G,Audi,A8
140743,45,54,green,green,female,PQKR70,Chevrolet,Suburban 2500
140799,75,51,green,brown,male,5G8C6O,Mercedes-Benz,M-Class
140809,35,62,blue,brown,female,ZLF1U6,Audi,A4
140810,25,55,amber,grey,male,YK3G14,Bentley,Arnage
140828,19,76,brown,red,female,108IR8,Cadillac,Escalade ESV
140880,53,57,black,grey,female,1T8Z4A,Mercedes-Benz,M-Class
140890,58,52,green,green,female,222W0S,Lexus,RX Hybrid
140891,27,68,black,blue,male,1147G2,Mitsubishi,Pajero
140937,51,62,black,blue,female,5FRBDE,GMC,Yukon XL 2500
140981,44,73,black,red,female,63SALJ,Ford,F250
140997,79,78,brown,red,female,2M23YD,Audi,S6
141011,27,52,black,red,male,1304OS,Ferrari,599 GTB Fiorano
141182,41,60,amber,brown,male,7K8NZJ,Mitsubishi,Mirage
141220,18,70,green,blue,male,215AK2,Lexus,LX
141227,37,52,brown,blue,female,FOWMSM,Porsche,Carrera GT
141484,81,51,amber,white,male,61S07S,Honda,CR-V
141487,51,78,green,white,male,80L3E8,Mercedes-Benz,R-Class
141509,31,75,green,black,female,BX88EU,Ford,Econoline E350
141544,58,62,green,black,male,1DC5KC,Dodge,Durango
141588,47,70,green,red,female,8613I6,Volvo,XC70
141609,54,52,green,black,female,1ENJT0,Cadillac,CTS
141659,79,79,brown,grey,male,YF14N2,Subaru,Legacy
142073,89,78,blue,blue,female,M1J1J7,Nissan,Altima
142076,38,61,black,green,female,1KEW61,Toyota,RAV4
142084,70,74,amber,grey,female,04KMRW,Ford,F350
142108,57,58,amber,blue,female,4YP5WK,Chevrolet,Silverado 1500
142168,33,53,green,blue,female,Z111SV,Chevrolet,Avalanche
142204,83,55,green,brown,male,18GD28,Lincoln,Continental
142284,29,81,green,blue,male,FB7Z8C,Toyota,Matrix
142413,50,78,amber,green,male,LMTC00,Audi,S4
142920,78,72,brown,grey,male,H24VYV,Chevrolet,Express 1500
142931,42,51,blue,brown,male,7BJL37,Mercury,Sable
142976,50,64,black,grey,female,17ZQJG,Lexus,IS-F
143134,27,54,brown,grey,male,58TL2B,Chrysler,300M
143160,70,82,brown,blonde,female,758680,Audi,Q7
143216,31,79,amber,brown,male,AKV8U1,Toyota,Celica
143382,28,71,amber,blonde,female,1A43XQ,Dodge,Magnum
143489,46,68,amber,white,male,00WPAW,Mercedes-Benz,S-Class
143544,88,64,green,brown,male,CJSZ2R,GMC,Yukon XL 1500
143697,81,68,brown,black,male,5G4A2J,Chevrolet,Volt
143765,42,71,blue,white,male,0G633V,Subaru,Legacy
143946,72,78,black,black,male,5X2QF1,Daewoo,Lanos
143964,54,79,blue,white,female,0317H1,Audi,R8
143993,54,80,black,green,female,M3I306,Toyota,FJ Cruiser
144030,32,68,black,brown,female,1GLJN1,Toyota,RAV4
144111,30,65,green,brown,male,I13771,Chevrolet,S10
144191,34,52,green,green,male,JBP6MI,Mercedes-Benz,CLS-Class
144214,66,58,brown,white,female,86VGDA,Chrysler,Sebring
144356,85,76,green,red,male,752DVA,Dodge,Dakota Club
144391,50,59,black,blue,male,N2NG4M,Hyundai,Veracruz
144501,50,72,brown,grey,male,FH5MP6,Lexus,SC
144561,34,80,green,red,male,38QT8G,McLaren,MP4-12C
144614,63,62,black,green,female,06P77W,Dodge,Ram 1500
144697,74,67,black,blue,female,DG6SV1,Toyota,Camry
144866,65,56,brown,white,male,18P0K6,Ford,Mustang
144896,51,69,amber,black,female,6P06Q8,BMW,1 Series
144952,73,64,brown,grey,female,RS5061,Chevrolet,Cavalier
145029,66,54,green,blue,female,306105,Dodge,Durango
145119,72,50,brown,green,male,RXBM2E,Chevrolet,Suburban 1500
145188,64,67,brown,blonde,male,8M05Y8,Dodge,Dakota
145284,49,52,green,white,male,O6UQR0,Nissan,Murano
145301,51,56,blue,green,female,48562X,Cadillac,Escalade EXT
145329,60,50,black,brown,female,2DR580,Isuzu,i-Series
145356,75,63,brown,green,male,1R7UN0,Maserati,Spyder
145460,25,74,brown,blue,female,285AZZ,Hyundai,Entourage
145606,75,68,black,brown,male,GBE005,Pontiac,Grand Am
145709,62,69,blue,blue,male,ZX037R,Lexus,ES
145756,53,57,green,black,female,4NMV6L,Land Rover,LR4
145776,77,63,brown,black,male,E8G431,GMC,Savana 1500
145861,48,52,green,black,male,3FCC44,Jaguar,XK Series
145898,52,57,brown,grey,female,3178MW,Toyota,Prius
146075,48,72,amber,brown,male,Q3EJ3J,Mercury,Grand Marquis
146097,71,55,black,blue,male,6X380R,Land Rover,Discovery
146111,23,58,blue,red,female,P746G2,Chevrolet,Express 1500
146165,20,81,green,green,male,3W688H,Acura,TL
146234,66,55,amber,grey,female,757X1Q,Toyota,TundraMax
146313,33,51,amber,green,male,UUKOKC,Hyundai,Sonata
146315,43,62,amber,brown,male,S0563K,Nissan,Quest
146439,32,63,amber,white,male,48SO2Y,Kia,Rio
146454,88,53,blue,brown,female,323YY4,Porsche,Boxster
146495,85,69,blue,green,male,1UNG8I,Chevrolet,Express 2500
146629,84,55,green,red,male,J736WP,Dodge,Dakota
146641,73,70,brown,green,female,L6001U,Nissan,200SX
146796,89,70,green,brown,female,3T36QX,Nissan,Sentra
146817,51,63,brown,white,female,FM170F,Lexus,RX
146892,19,50,green,brown,male,6VQ78W,BMW,645
146980,38,56,brown,red,male,H2D11M,Honda,Fit
147014,36,82,blue,green,male,2Z33P8,Audi,RS 4
147044,42,67,black,red,male,6M5F67,BMW,3 Series
147051,82,64,black,white,female,C64553,Jeep,Wrangler
147062,57,50,amber,blue,male,7K1E4D,Jaguar,XJ Series
147279,85,63,amber,black,male,H6450E,Land Rover,Freelander
147347,82,78,green,grey,female,MS67M4,Lexus,LS
147476,69,58,amber,blonde,male,VK28Y4,Saab,9-5
147498,78,68,green,white,male,5MP06V,Mazda,626
147514,33,71,brown,brown,male,0FNF51,Jeep,Wrangler
147534,65,53,blue,red,female,S5TM3B,Dodge,Durango
147651,50,66,amber,green,female,30O28N,Ford,Excursion
148107,65,51,brown,red,female,5470I8,Toyota,Corolla
148129,69,76,black,white,female,8K3034,Toyota,Sequoia
148175,50,65,amber,grey,male,2Q2HUI,Aston Martin,V12 Vantage
148208,41,82,amber,green,male,MVZQZW,Mercury,Villager
148488,42,66,amber,blonde,female,UUQ2N5,Mercedes-Benz,C-Class
148556,47,69,brown,grey,female,TW084H,Acura,RSX
148655,66,61,blue,blue,male,A3VMEO,Audi,A8
148698,73,51,green,blonde,female,741V4G,Infiniti,G35
148712,63,64,green,green,male,040H2C,Ford,F250
148775,89,79,brown,green,male,H8G8OS,Honda,Odyssey
148870,86,80,green,black,male,8HVKFB,Land Rover,Discovery Series II
148885,55,60,green,green,female,V27ZW7,Acura,RL
149124,59,50,blue,black,male,I7H5TX,Jeep,Wrangler
149232,64,51,blue,blue,female,67Y606,Daewoo,Nubira
149365,73,78,brown,white,female,1GX5AO,Chevrolet,Venture
149427,21,67,amber,grey,female,14407H,Ferrari,430 Scuderia
149508,61,59,black,white,female,I1DT1K,Mitsubishi,Lancer Evolution
149661,29,73,amber,white,male,3O701C,Rolls-Royce,Ghost
149682,30,68,black,blue,male,YH1KB0,Land Rover,Discovery
149838,45,60,amber,blue,female,8O4RK5,Infiniti,QX56
149902,38,68,black,white,male,8JNQC1,Volkswagen,GLI
150059,21,74,green,blonde,male,GP4YVJ,Mazda,Mazda3
150092,24,71,blue,brown,female,113260,Lexus,GX
150152,20,72,blue,blonde,female,T6A1K8,Ford,Ranger
150192,52,52,green,green,female,D6W5I1,Mazda,RX-8
150390,79,59,amber,blonde,male,B40AEW,Hyundai,Elantra
150427,43,57,amber,green,male,S5WI60,Volkswagen,New Beetle
150510,49,62,blue,grey,female,63CVNG,Chevrolet,Camaro
150590,43,75,blue,blonde,male,G50D05,Suzuki,XL7
150904,60,77,green,green,female,L0YP2X,Chevrolet,Metro
151013,23,67,blue,brown,male,RA7U5W,BMW,Z8
151048,37,62,blue,blue,male,D8B3RY,Subaru,Forester
151103,52,55,blue,red,male,T30MH8,Cadillac,STS
151148,72,64,black,brown,male,V3B0T2,Hyundai,Tiburon
151367,68,61,amber,green,male,018R70,Chrysler,300M
151532,61,57,black,blue,female,21228Q,Chrysler,200
151797,83,57,brown,blue,male,3KN22D,Lexus,ES
151798,55,51,brown,black,male,4IT663,Hyundai,Santa Fe
151858,59,81,green,red,male,130SPL,Jaguar,XJ
152187,29,81,blue,white,male,2QP3R1,Chevrolet,Volt
152272,23,68,green,green,male,CFOYJK,Scion,tC
152330,78,65,black,white,male,01J145,Toyota,Avalon
152393,38,74,brown,white,female,760OXP,Lexus,ES
152449,40,62,brown,blue,male,O443FL,Bentley,Continental GT
152517,26,73,amber,black,male,4B5DWU,Chevrolet,Equinox
152534,80,73,brown,grey,female,DZ682Y,Mercedes-Benz,G-Class
152536,60,55,blue,grey,female,4SZB37,Acura,RL
152751,66,57,blue,black,male,6CS205,Volvo,V70
152753,81,57,amber,red,female,81M8T1,Chrysler,Pacifica
152843,19,72,blue,black,female,IR0315,Hyundai,Santa Fe
152848,18,58,brown,blonde,male,4Y00IK,Mazda,Millenia
152910,40,79,green,blonde,female,5M814J,Chevrolet,Avalanche 1500
152911,86,55,amber,brown,female,63N14P,BMW,3 Series
152919,61,82,brown,brown,female,0M2XBS,Mercedes-Benz,SLK-Class
153016,57,82,green,green,male,2ATZU8,Porsche,Boxster
153120,81,57,black,blonde,female,6Y78X3,Infiniti,JX
153186,88,64,black,red,female,4N340I,Mitsubishi,3000GT
153224,24,74,brown,blonde,male,K61DNC,Chevrolet,Equinox
153352,85,60,amber,blonde,male,ME76UB,Chevrolet,Express 1500
153375,48,52,blue,white,female,QB312N,Honda,Odyssey
153600,59,72,green,grey,male,87UVR7,Chevrolet,Blazer
153636,67,70,blue,brown,male,6CB538,Mitsubishi,Challenger
153761,44,75,blue,red,female,EI3Q4G,Ford,Taurus
154072,47,68,brown,black,male,B65F86,Ford,Expedition EL
154132,87,55,amber,blue,male,5XGVV2,BMW,Z3
154159,28,77,brown,black,female,CRU01G,Cadillac,DTS
154429,38,69,brown,red,female,EL1150,Volkswagen,New Beetle
154532,22,72,brown,brown,female,11AYA8,Suzuki,XL-7
154983,66,58,amber,blue,male,4WQ7S5,Ford,F350
155199,40,74,amber,white,female,D28PUF,BMW,M3
155275,58,57,green,grey,male,6V38I5,Suzuki,Reno
155290,41,66,black,blonde,female,07WGKH,Acura,TSX
155526,20,67,amber,blue,female,RE71H5,Acura,RDX
155662,59,55,brown,black,female,4MOH5J,Mercedes-Benz,CL-Class
155674,23,70,brown,blue,female,K3556M,Dodge,Ram Van 3500
155747,78,76,amber,white,female,L2V3UG,Ford,F-250 Super Duty
155754,31,78,black,grey,male,644S6Q,GMC,Acadia
155759,65,80,green,brown,female,1226X8,Ford,Escape
155775,53,68,brown,blonde,female,UXDIIV,Honda,Pilot
155818,76,54,amber,black,female,548O46,Kia,Sportage
156135,36,68,black,red,male,SM3HTJ,Buick,Century
156151,19,78,amber,blonde,female,ZNSPS3,Buick,Lucerne
156244,23,68,black,white,male,V33XKE,Lexus,SC
156245,28,65,green,blonde,female,JC184H,Hyundai,Santa Fe
156246,53,76,brown,red,female,H6Z880,GMC,Yukon XL 1500
156265,48,78,amber,grey,female,611C13,GMC,Sierra 1500
156429,62,66,amber,white,male,676521,Subaru,Tribeca
156448,25,68,black,black,male,7B5053,Mercury,Grand Marquis
156493,79,63,amber,brown,male,X4X5VD,Cadillac,DTS
156597,65,65,amber,grey,female,52035V,Toyota,Matrix
156703,48,82,blue,brown,female,HGP051,GMC,Sierra 2500
156812,45,59,green,blonde,male,DI5XLL,Jeep,Wrangler
156845,41,78,black,grey,female,C74FCO,Honda,Civic Si
156861,49,67,blue,black,female,EKLWC3,Buick,LeSabre
157024,61,64,blue,red,female,W56GM0,Bentley,Continental Super
157078,64,72,brown,grey,male,WY87W8,Jeep,Commander
157254,42,68,green,black,male,QU0M4P,Toyota,Sequoia
157352,34,80,green,red,female,633A31,Chevrolet,Silverado
157431,69,59,amber,brown,male,7I6WJ2,Chrysler,Town & Country
157563,71,53,black,black,male,8P5A1G,Tesla,Roadster
157702,33,57,brown,blonde,female,51286M,Hummer,H2
157835,88,52,brown,brown,male,R541TF,Nissan,Cube
157853,21,69,green,blonde,female,K0N542,GMC,Yukon
158015,20,73,black,white,female,05WM31,Chevrolet,Cruze
158017,36,74,amber,green,male,GW8XWW,Toyota,Tacoma
158095,64,69,brown,grey,male,18C724,Volvo,C70
158159,32,78,black,black,male,23Z6KX,Mazda,MPV
158191,64,55,blue,blonde,female,6A4RZN,Chevrolet,Silverado
158311,52,61,amber,red,male,PO7713,Kia,Amanti
158433,54,70,green,green,female,Q43HU1,Chevrolet,Cruze
158457,35,75,brown,blonde,female,K34TU4,Ford,F450
158590,54,63,amber,red,female,Q0AT3S,Acura,RL
158876,81,54,amber,white,female,37JUJD,Mazda,RX-8
158889,88,78,black,grey,male,O5KO0O,Kia,Soul
158932,47,81,black,blue,female,I67710,Toyota,Avalon
159239,22,76,green,red,female,QRTN0W,Chevrolet,Tracker
159466,70,77,brown,white,male,N5537U,Infiniti,QX
159522,63,62,black,green,male,7624W3,Cadillac,SRX
159556,68,71,green,blonde,female,8AU75M,Suzuki,XL-7
159822,71,70,amber,black,female,074A1B,Toyota,Corolla
159831,63,76,blue,blue,female,BU68A3,Kia,Optima
159904,40,56,amber,grey,female,T4Z1V5,Mercedes-Benz,SLK-Class
159921,32,72,black,black,female,B4052Y,Lexus,LX
159990,39,69,blue,red,male,44C0WZ,Kia,Sedona
160116,41,64,black,black,male,5NQU36,Chrysler,300M
160151,18,67,blue,grey,female,O1G724,Mitsubishi,Montero
160364,76,77,amber,grey,female,MXFNT7,Mercedes-Benz,M-Class
160405,31,54,blue,red,female,L1651D,GMC,3500
160781,31,74,brown,black,male,YWYM1C,Ford,Excursion
161106,39,62,blue,blue,female,GN2F1L,Mazda,Mazdaspeed6
161543,30,69,black,brown,female,AGBX67,Audi,R8
161579,51,67,green,grey,female,V6527E,Mazda,626
161598,78,76,green,green,female,5IEPH0,Mercury,Monterey
161768,32,50,blue,grey,female,2UZTO1,BMW,525
161851,83,57,brown,green,female,J0473S,Toyota,Avalon
161860,50,67,green,blue,female,35B8T4,Jaguar,XJ
161881,68,75,green,red,male,3VB30N,Chevrolet,S10
161915,54,70,blue,red,male,71S43S,Acura,CL
161977,79,73,amber,white,male,C0V520,Infiniti,G
162019,88,55,amber,green,female,48E4Z3,Jeep,Wrangler
162167,21,54,amber,white,female,63P53X,Kia,Soul
162197,45,74,black,blonde,female,2KV110,Chevrolet,Silverado 1500
162236,36,56,brown,grey,male,E1158F,Bentley,Arnage
162293,22,80,blue,black,female,47JFVZ,Lexus,RX
162495,30,60,brown,blue,female,5M65PR,Volkswagen,Passat
162663,28,61,amber,green,male,B7E8H7,Chevrolet,Equinox
162702,77,59,brown,black,female,Z7IOV2,Isuzu,VehiCROSS
162910,44,58,brown,green,male,VGN46F,Toyota,RAV4
162976,89,56,green,blonde,female,QMO2WN,Nissan,Titan
163125,24,64,brown,white,male,4N8ZGI,Hyundai,Santa Fe
163186,82,60,blue,red,male,D634MY,Toyota,Yaris
163261,27,74,black,brown,female,1HM3WI,Nissan,Armada
163305,83,65,black,grey,male,726ON2,Kia,Optima
163383,59,58,amber,white,female,B26A38,Bentley,Azure
163614,73,59,black,red,female,X3Q45U,Volkswagen,Rabbit
163846,28,62,black,brown,female,OVGK5J,Infiniti,IPL G
163961,75,62,black,red,male,87K1Z6,Lexus,IS
164200,39,57,amber,blonde,female,13VAF0,Honda,Element
164233,59,76,amber,green,female,0UTUJF,Dodge,Ram 1500
164241,75,77,amber,black,female,825807,Ford,Escape
164423,47,52,amber,black,male,8ADRJY,Dodge,Grand Caravan
164427,63,68,blue,blonde,female,A8318I,Ford,Explorer Sport Trac
164522,65,74,black,black,female,K05IG2,Mercedes-Benz,SL-Class
164631,18,53,amber,black,male,5NYGT4,Land Rover,Range Rover Evoque
164708,51,64,amber,brown,male,7TJBUD,Jeep,Compass
164711,37,59,black,blue,female,051LDO,Toyota,RAV4
164735,78,55,brown,green,male,U143OI,Buick,Regal
164925,57,79,blue,red,male,14ZX3U,Mitsubishi,Lancer
165013,68,51,brown,grey,male,74X506,Chevrolet,Express 1500
165053,70,73,green,blue,male,L2KJ1M,Infiniti,IPL G
165060,53,54,amber,green,female,FX7X64,Volvo,V70
165070,77,77,brown,blonde,male,JJ5F5U,Maybach,57
165094,57,54,green,black,male,XJI4KC,Lexus,LX
165105,28,68,brown,white,female,JPX38G,Suzuki,Reno
165845,40,65,green,blonde,female,VDM37E,Dodge,Ram 1500
165864,85,76,blue,blue,female,8ICHTZ,Oldsmobile,Bravada
165889,29,81,brown,red,female,3D86C4,Saturn,Astra
165907,31,77,brown,brown,male,D527R4,Acura,Integra
165928,48,66,brown,blue,female,LXQ240,Volkswagen,Golf
166247,30,59,blue,blue,female,3Q42DW,Dodge,Ram Van 3500
166386,56,81,green,red,male,4D3O7W,GMC,Sonoma Club Coupe
166496,78,50,black,green,female,4C12KG,Audi,A6
166525,45,81,green,blue,male,65S4KC,Jaguar,XF
166556,67,67,brown,black,male,3A016S,Lotus,Elise
166573,35,71,amber,grey,male,TCQJ44,Volkswagen,New Beetle
166701,23,66,blue,green,male,K6687A,GMC,Savana 1500
166767,38,66,green,black,male,W7WMGP,BMW,Z4 M
166830,62,72,black,brown,female,K00DH8,Acura,RL
166957,84,66,green,grey,male,SV7L4Y,Saturn,Aura
166997,71,68,blue,blonde,female,1L14F8,Jeep,Cherokee
167105,30,76,green,blue,male,3R1O8T,Lamborghini,Diablo
167151,61,81,black,green,female,YC8EIA,Hummer,H3
167165,61,51,amber,blonde,male,88S6LW,Jeep,Liberty
167192,37,56,blue,white,female,W4VM6W,Ford,Explorer Sport Trac
167321,41,82,black,blonde,female,6CV6EM,Nissan,Altima
167393,46,75,black,grey,female,E5J05W,Rolls-Royce,Phantom
167434,65,50,brown,brown,male,64D4K4,Buick,Park Avenue
167462,35,81,black,green,male,XU8M6Q,Ford,Ranger
167623,19,79,amber,blonde,male,N18P8J,Chevrolet,Cavalier
167648,49,74,amber,blonde,male,6GS5J1,Aston Martin,V8 Vantage
168022,62,76,amber,white,female,234Q55,BMW,Z4
168157,87,67,blue,grey,female,61JQEI,Spyker,C8 Spyder
168319,41,71,green,grey,male,607UK5,Lexus,GX
168444,74,50,black,blue,female,KDA111,Chevrolet,Aveo
168751,28,77,green,grey,female,8V5M5Z,Toyota,Corolla
168834,71,56,black,red,male,SIL6Z5,Infiniti,FX
168965,44,56,blue,green,female,436PTF,Hyundai,Santa Fe
169041,77,79,blue,white,female,XC87TC,Lincoln,MKZ
169075,75,71,green,white,male,EULOOD,Oldsmobile,Alero
169094,51,80,blue,blonde,male,5S457H,Cadillac,Escalade EXT
169181,78,68,blue,grey,female,43Q26F,Maybach,57
169188,26,51,amber,brown,female,581TN6,Toyota,4Runner
169208,57,53,black,black,male,22H8EB,Lexus,GS
169258,21,71,black,brown,female,3PK27X,Kia,Sephia
169306,45,51,black,brown,female,R26644,Jaguar,XK Series
169469,19,82,amber,grey,female,21JIME,Dodge,Caravan
169598,75,59,green,black,female,2UFC24,Suzuki,Verona
169759,40,63,amber,brown,female,FV32R1,Mazda,Miata MX-5
169780,30,52,green,black,male,J1VR4J,Toyota,Tacoma Xtra
169857,59,76,brown,green,female,7356YC,Suzuki,Forenza
169935,67,59,green,green,female,V2NQ1B,Nissan,Pathfinder
170022,58,65,brown,white,female,26SS0M,Chevrolet,Express 1500
170150,75,58,amber,red,female,B85XPE,BMW,X6
170156,76,82,black,blue,male,8E824Z,Hyundai,Accent
170177,30,74,brown,blonde,female,0MU5FK,Lexus,IS
170234,84,55,blue,blue,female,V3L456,Audi,RS 4
170263,49,58,black,red,female,5268P7,Infiniti,M
170331,28,51,black,blue,female,KRM05E,Dodge,Viper
170405,30,59,brown,grey,female,0AQSZU,Toyota,Land Cruiser
170574,22,50,brown,grey,male,5WNL4F,Mazda,Miata MX-5
170767,62,55,brown,white,female,6K5PP2,Ford,Windstar
171021,53,58,black,blonde,male,G540K1,Aston Martin,DBS
171150,45,77,blue,grey,male,032B52,Mitsubishi,Diamante
171166,83,55,blue,red,female,57ZHB8,Dodge,Grand Caravan
171209,46,81,black,white,male,GAB8OH,Audi,RS 4
171309,56,56,black,brown,female,87W25W,Acura,RL
171352,53,72,amber,white,male,TL4XAT,Dodge,Grand Caravan
171497,50,59,blue,blue,female,G7LVX4,Pontiac,Trans Sport
171508,56,51,black,grey,male,6S51FI,Volvo,C70
171555,34,52,brown,red,male,2822R1,Chevrolet,Classic
171794,64,65,black,red,male,CF501D,Hyundai,Santa Fe
171841,51,82,blue,white,female,OF860J,Dodge,Avenger
171902,67,67,brown,blonde,male,53IV06,Dodge,Intrepid
171921,59,72,blue,brown,female,76GX2F,Acura,TL
171971,48,71,brown,blue,female,P85YY2,Subaru,Legacy
172094,59,72,brown,green,female,8L5KH1,Cadillac,Escalade ESV
172160,81,65,brown,brown,male,RA83IF,Ford,Escort
172161,72,72,blue,blue,male,JE614X,Toyota,MR2
172250,36,75,brown,white,female,26IJF4,Volvo,XC60
172302,56,56,blue,blonde,female,HEH36U,MINI,Cooper Countryman
172362,85,82,black,blonde,male,0Q1057,Ford,Explorer Sport Trac
172384,66,66,amber,brown,female,62WM5A,GMC,Savana Cargo Van
172658,24,76,black,black,male,N10586,Honda,Passport
172724,47,80,brown,grey,male,GRIBFA,Aston Martin,Rapide
172725,57,53,blue,green,male,EQT5O6,Chevrolet,Silverado 3500
172728,89,77,amber,grey,male,743X7A,BMW,X5
172741,46,72,amber,brown,male,C155H3,Dodge,Caravan
172768,50,61,brown,red,male,CNAC3Y,Buick,LeSabre
173029,73,52,blue,red,female,7308E4,Jaguar,XK
173114,72,60,brown,blonde,female,OJFP7J,Mazda,CX-7
173220,20,78,brown,black,female,P32T50,Acura,Integra
173453,79,71,blue,blonde,female,55WQ65,Lincoln,Navigator
173550,59,61,green,black,female,RC8F42,Chevrolet,Cruze
173568,24,57,blue,green,male,VKCFUU,Spyker Cars,C8
173595,50,52,blue,red,female,WF4W7K,Toyota,Venza
173637,83,78,green,brown,female,S01AN1,Rolls-Royce,Phantom
173644,73,60,black,brown,female,8Y7KD2,Honda,CR-V
173673,38,68,black,black,female,1X628F,Land Rover,Range Rover
173714,38,50,blue,black,female,55ERID,Volvo,V70
173984,43,67,green,red,male,3Y8UC5,Pontiac,Firebird
174152,49,82,blue,blonde,female,D6MMUT,Mercedes-Benz,C-Class
174295,20,54,amber,blonde,female,ZMA8RC,Cadillac,DeVille
174303,72,74,black,green,female,CBO3W3,Mercedes-Benz,CL65 AMG
174422,35,66,black,green,male,R448V6,Nissan,Sentra
174497,60,55,black,brown,female,U6I1JB,Mazda,Mazda2
174688,88,62,blue,brown,female,5E5B3N,Bentley,Continental Super
174891,25,50,blue,black,female,1C554R,Volvo,XC90
175084,63,53,amber,black,male,Z32Z8R,Oldsmobile,Bravada
175107,57,78,black,blue,male,O712KX,Lexus,LS
175240,62,51,green,white,male,54VD68,Jeep,Liberty
175254,43,52,black,red,male,5QE35Z,Toyota,Tacoma Xtra
175354,28,76,blue,blonde,female,MEEZ70,Infiniti,QX56
175369,33,58,green,blue,male,E6O3O8,Bentley,Continental Flying Spur
175378,29,75,green,red,female,411Q8O,Chevrolet,Suburban 2500
175527,31,53,black,brown,male,N0Y4TW,Mercedes-Benz,CLK-Class
175720,52,74,green,brown,male,8AJ4NB,Chevrolet,Avalanche 1500
175826,18,68,blue,blonde,female,0R1WVG,Volkswagen,Passat
175935,27,74,black,brown,female,SZSYL6,Kia,Sportage
175952,76,60,brown,blonde,female,777W3K,Maybach,57
175979,78,72,brown,blonde,male,NJR015,Cadillac,Escalade ESV
175996,26,78,brown,red,female,IHSGO8,Suzuki,XL7
176124,53,79,amber,blonde,female,2SH7HU,Nissan,Maxima
176139,64,68,green,red,male,P1J1IT,Dodge,Ram Van 2500
176354,75,63,blue,brown,male,3PW754,Cadillac,SRX
176376,80,60,brown,black,male,32EGLZ,Chevrolet,Suburban 1500
176541,23,68,amber,brown,male,I0S3Z1,Lincoln,MKT
176656,70,79,blue,blue,male,65GT40,Hyundai,Veracruz
176946,42,64,amber,black,female,076J40,Toyota,Sequoia
177122,66,75,black,white,male,3TI120,Lexus,IS-F
177140,87,52,blue,red,female,S3K2C5,Ford,F450
177371,75,57,blue,brown,female,8K58IL,Toyota,Corolla
177580,37,76,green,blonde,female,HF57X2,Ford,Freestyle
177629,34,72,blue,blue,female,G45544,Volvo,C70
177668,61,70,green,brown,female,B384D0,Mercedes-Benz,C-Class
177793,75,73,green,green,female,4JQX32,GMC,Envoy
177827,62,81,blue,brown,female,K248XA,Porsche,Cayenne
177945,49,76,green,blue,male,55EF0W,Chevrolet,Express 2500
177994,89,71,brown,black,male,DO50Z8,Suzuki,SX4
178027,81,78,green,brown,female,4HLWIA,GMC,Savana 2500
178061,84,53,brown,black,male,18LQU2,Chevrolet,Express 3500
178075,53,55,brown,blonde,male,7J431N,Subaru,Outback Sport
178205,54,73,black,brown,male,CXG3T4,Honda,Odyssey
178229,48,64,amber,blonde,male,D60661,Jeep,Grand Cherokee
178313,58,55,black,red,female,707AV7,Pontiac,Montana SV6
178460,61,80,amber,brown,male,65J276,Honda,Insight
178543,44,57,brown,blonde,female,7M7774,Kia,Spectra5
178585,72,52,amber,black,female,2D54GK,Mazda,B-Series
178683,76,79,green,black,female,1YZ4SX,Mazda,Mazda6
178719,69,60,brown,blonde,female,GYH134,BMW,Z4 M
178787,73,56,blue,brown,male,58XNO1,Lamborghini,Gallardo
178807,75,69,black,white,female,7L5XRO,Chevrolet,Express 1500
178952,75,67,black,brown,male,7KR81Q,Pontiac,Sunfire
178965,58,53,amber,blue,female,53O1M2,GMC,Yukon XL 2500
178992,58,66,amber,blonde,male,Z4GSJX,Toyota,Tacoma Xtra
179004,23,58,green,black,female,48325G,Chevrolet,Monte Carlo
179081,59,56,green,grey,female,70SSRA,Chevrolet,Suburban 2500
179199,55,79,blue,white,male,SB1V0H,Toyota,Prius Plug-in
179286,38,81,amber,green,female,1FQH1X,Volkswagen,Touareg
179317,19,52,black,white,male,G5IQ1I,Chevrolet,Blazer
179398,29,71,brown,red,female,6I1AOV,Mazda,CX-7
179401,45,69,amber,black,female,3T406C,BMW,X5
179451,87,51,black,red,male,3F0L23,Nissan,Maxima
179467,65,58,amber,blonde,male,ZD36E1,Chevrolet,Express 2500
179559,88,66,amber,blue,female,U1R70O,Kia,Sorento
179617,60,65,blue,green,female,5SGOW5,Mercedes-Benz,CL-Class
179756,33,55,amber,blonde,male,RL02H3,Mercedes-Benz,SL-Class
179779,68,76,brown,red,female,C1ZO42,Mazda,Miata MX-5
179844,67,58,blue,brown,male,8A1NGS,Isuzu,Rodeo
179921,87,73,amber,brown,male,0828J8,Mercury,Villager
180400,68,80,brown,brown,male,55GPW1,Honda,Element
180454,72,67,green,blue,female,66NJK3,Honda,Odyssey
180661,46,64,brown,blue,male,57W7W7,Infiniti,FX
180672,53,50,brown,blue,female,4320ZM,Lexus,ES
180747,74,66,brown,blonde,female,273GQW,GMC,Envoy XL
180772,60,59,green,red,male,38FXXF,Dodge,Challenger
180952,64,76,green,red,female,3D1UUM,Nissan,Altima
181031,30,65,green,blonde,male,1DE2RG,Ford,Th!nk
181038,83,82,blue,grey,male,2NMF5O,Lexus,GS
181089,74,80,green,green,female,G0UC7Q,Isuzu,Rodeo
181122,25,71,blue,green,female,481IMJ,Dodge,Ram 1500 Club
181127,32,68,blue,blonde,female,IX44CO,Lincoln,Town Car
181202,82,65,amber,red,female,20LE34,Chevrolet,Express 2500
181274,32,78,brown,grey,male,ZX2075,Honda,CR-V
181291,22,78,green,blue,female,H864YT,Lincoln,MKT
181359,47,50,black,brown,male,QU7T23,GMC,Acadia
181528,28,82,blue,black,male,VAL0W6,Oldsmobile,Alero
181538,40,53,black,grey,female,258XD5,Buick,Rendezvous
181558,71,78,blue,white,female,P2QI61,Toyota,Yaris
181622,32,67,green,red,male,46ABPN,Acura,RDX
181690,85,81,brown,white,female,X040S2,BMW,525
181777,74,69,green,white,male,O6E05G,Chevrolet,Aveo
181825,82,52,green,blonde,female,2U183Q,Chevrolet,Cobalt SS
181895,82,65,brown,red,female,84460H,Nissan,Maxima
182061,40,58,amber,grey,male,81CAQX,Cadillac,DTS
182149,50,55,black,blonde,male,M2E35A,Pontiac,Grand Am
182158,59,79,amber,blonde,female,N3U2X7,Subaru,Impreza
182187,80,54,green,red,male,UCU8ZN,Audi,Q5
182298,34,62,green,red,female,Z8YAWW,Isuzu,Rodeo
182420,61,60,blue,red,male,1Q53A3,Chevrolet,Metro
182515,75,76,brown,green,male,00J2W7,Saab,9-2X
182686,29,69,blue,white,female,P684BT,HUMMER,H2
182774,25,67,black,brown,male,AZL0UW,Audi,Allroad
182885,57,80,brown,white,female,M16VOX,Mercedes-Benz,E-Class
183024,27,64,amber,white,female,104J11,Chevrolet,Cobalt SS
183061,41,68,green,red,male,IQ2MZC,Mazda,Protege
183096,50,59,blue,grey,male,8P823T,Acura,MDX
183245,22,57,brown,blonde,male,WIK6B7,Mitsubishi,Montero
183340,64,54,blue,blonde,female,8TNO06,Ford,Five Hundred
183427,29,62,blue,blue,female,R1YWMV,Buick,Skylark
183439,89,61,blue,blue,female,7IZ6F2,Spyker,C8 Laviolette
183555,88,82,amber,white,female,015XE3,Chrysler,Cirrus
183602,77,72,black,blue,female,6474U7,Dodge,Caravan
183671,40,60,amber,black,female,3L515J,Jaguar,XK Series
183779,21,65,blue,blonde,female,H42W0X,Toyota,Prius
183883,68,63,black,blue,female,0Q85SC,Toyota,Land Cruiser
183898,79,55,amber,green,male,52UFW0,Buick,Lucerne
183956,26,75,black,green,male,W553OO,Chevrolet,Suburban 1500
184274,63,79,blue,blonde,male,Z54HUP,Hyundai,Tiburon
184346,43,63,amber,blue,male,MA3ZF8,Mercedes-Benz,CL-Class
184401,73,71,black,blue,male,E53R23,Land Rover,LR2
184529,57,59,amber,blonde,female,UQKAUR,Chevrolet,Metro
184532,77,70,green,grey,female,54Y7JE,Audi,Allroad
184557,23,68,green,blue,female,O31SO6,Mazda,Mazda6
184605,77,77,brown,white,male,FGYKVJ,Acura,RDX
184652,23,70,blue,red,male,M61Q01,Lincoln,MKX
184655,68,81,black,white,female,FPRCF7,Volkswagen,Jetta
184665,66,57,brown,green,female,BZH715,BMW,X5 M
184777,65,64,black,black,male,0HNY7G,Mercedes-Benz,G55 AMG
184852,52,73,amber,green,female,L10XBO,BMW,330
184885,73,81,blue,green,male,15NW1P,Honda,Element
184965,63,70,black,brown,male,75K68Y,BMW,6 Series
185004,86,60,green,white,female,SU0G04,Audi,A4
185077,51,72,amber,white,male,O05YEF,Nissan,Rogue
185100,72,68,amber,white,female,7HSOQ7,Honda,Passport
185184,45,65,brown,brown,male,60PX42,Chevrolet,Trailblazer
185205,85,67,blue,blue,female,W7X805,Honda,Civic
185367,23,55,brown,blonde,female,3XMB4R,Land Rover,LR2
185608,71,76,brown,grey,female,3G0W40,Pontiac,Vibe
185669,26,50,brown,green,male,8K3QSO,Nissan,Rogue
185981,60,66,blue,green,male,3ELJF3,Mercedes-Benz,SLK-Class
186067,50,76,black,blue,female,6TZGOJ,Lexus,ES
186478,30,69,black,green,female,B8F1F3,Mercedes-Benz,CLS-Class
186503,52,53,blue,brown,female,M0J7O0,Mercury,Sable
186633,21,68,green,green,female,4C8411,Toyota,Camry Hybrid
186636,86,53,blue,red,male,LI4DZD,Volkswagen,Jetta
186717,72,50,green,grey,female,ZD4V2T,Ford,Taurus
186866,28,65,blue,black,male,JHDO8D,Ford,F-Series Super Duty
187074,51,65,green,blonde,male,71W7Z8,Ford,F250
187163,62,65,brown,blonde,female,57X6N5,Mercedes-Benz,S-Class
187240,33,73,black,red,female,K863XY,Buick,Enclave
187284,73,59,amber,green,female,5TNRRS,Hyundai,Sonata
187323,57,61,brown,blue,female,O4322Q,Volkswagen,GTI
187338,77,56,brown,green,male,463INV,Dodge,Grand Caravan
187507,89,70,blue,green,male,716HZ2,Kia,Sorento
187586,35,69,blue,blonde,female,4R0PZ0,Cadillac,Escalade
187595,26,67,amber,black,male,23JG23,Mercedes-Benz,SLS AMG
187653,71,73,brown,blonde,male,71XW80,HUMMER,H1
187680,77,59,blue,black,male,155QHO,Land Rover,Discovery
187981,28,54,amber,blonde,female,M34K30,GMC,Yukon XL 1500
188173,48,67,black,brown,female,UIMN3Y,Nissan,Maxima
188198,74,71,blue,white,female,VNRW57,Dodge,Caravan
188235,89,77,green,blonde,male,B3IZEU,Mercedes-Benz,CL65 AMG
188663,29,68,brown,blue,female,TD45FM,Toyota,Avalon
188697,55,50,black,white,male,TO5N8M,Volkswagen,Cabriolet
188785,27,50,amber,blue,male,036ND7,Buick,Lucerne
188814,63,50,blue,white,male,1JH522,Honda,Civic
189131,89,79,green,white,female,74T56J,Kia,Optima
189149,66,74,blue,white,female,606JT8,Isuzu,i-280
189336,48,58,amber,green,female,1H2QPA,Nissan,Sentra
189545,41,70,blue,grey,male,365I42,GMC,3500
189658,66,72,blue,white,female,UDCLEO,Lexus,GX
189671,71,61,brown,green,female,IH52F7,Pontiac,Trans Sport
189720,70,71,black,black,female,4M64A0,Audi,S8
189766,25,57,black,white,female,36LGS4,Infiniti,M
189847,65,63,blue,blue,female,210XFT,Ford,Fusion
189869,24,69,green,green,male,AVN7W6,Cadillac,Escalade
189880,67,60,blue,blonde,male,SQQL2Z,Infiniti,QX
190176,75,56,green,red,male,S54EME,Lexus,LX
190471,56,75,black,grey,female,061340,Chevrolet,Suburban 1500
190490,86,68,black,green,male,2MP6VV,Suzuki,Esteem
190764,72,65,blue,green,male,67R878,Nissan,Altima
190873,36,52,black,red,male,7MF4SB,Buick,Park Avenue
190944,65,76,brown,black,male,E6Z8GF,Dodge,Grand Caravan
190950,40,78,green,blue,female,A0Q600,Dodge,Caravan
191020,32,74,blue,white,male,N3GO8W,Dodge,Ram Van 3500
191113,68,63,black,green,male,MW64G6,BMW,X5 M
191141,26,64,black,brown,female,O3X68P,Jeep,Grand Cherokee
191165,24,79,green,black,male,PU666C,Mercedes-Benz,G-Class
191218,83,77,green,red,female,387I22,Chevrolet,Malibu
191261,44,65,black,black,male,W4IT26,Volkswagen,Tiguan
191302,36,69,green,red,male,M2A561,GMC,Yukon
191405,36,74,black,red,female,S0246P,Ford,E-Series
191723,82,72,green,white,male,400DO5,Cadillac,Escalade
191726,86,57,green,white,male,340KFS,Chrysler,Sebring
192142,29,56,brown,blue,female,3O35V5,Dodge,Caravan
192226,87,64,black,black,male,6PI85Y,Hyundai,Sonata
192232,19,60,green,red,female,M37068,GMC,Sierra 2500
192294,55,58,black,brown,female,04MZ10,GMC,Yukon XL 2500
192325,73,70,black,red,male,3W2QYE,Dodge,Ram Van 3500
192495,29,52,black,black,female,2HXQW2,Mercedes-Benz,M-Class
192556,66,81,amber,blue,male,Z0NPIE,Volkswagen,New Beetle
192648,71,80,green,white,male,7D1543,Cadillac,CTS
192676,41,71,black,red,female,42TR74,Ferrari,California
192794,36,51,amber,brown,male,842034,Mitsubishi,Lancer
192831,34,64,amber,white,female,QO3LNC,Toyota,Tundra
192994,49,70,black,green,female,M0H725,Infiniti,QX56
193121,65,57,brown,white,female,Q2Z385,Chrysler,Sebring
193136,77,71,amber,brown,male,3H8JFP,Buick,Park Avenue
193223,60,71,black,blonde,male,8L0E25,Daewoo,Lanos
193249,38,70,black,blue,female,75XB72,Mazda,B-Series
193327,44,75,black,green,female,06N4N2,Buick,Rainier
193332,82,82,blue,brown,female,F61031,Mercedes-Benz,CL-Class
193423,40,70,amber,black,male,MZ3H2R,Volvo,XC60
193571,86,69,green,brown,female,11J416,GMC,EV1
193796,32,75,green,green,male,YKB1OC,Toyota,Echo
193822,26,62,brown,grey,male,V6G4NQ,Cadillac,CTS-V
193903,20,64,black,grey,female,8Q3614,Kia,Sorento
193933,56,67,amber,black,female,6DIVVD,Nissan,Versa
194004,20,74,brown,blonde,female,CHMN0T,Porsche,911
194095,64,50,amber,brown,female,B02S2D,Ford,Explorer
194291,26,54,brown,red,female,71E65Z,Dodge,Dakota
194299,27,55,green,brown,female,40HP8B,Volkswagen,Jetta
194430,49,71,amber,grey,female,5P3M71,Ford,F250
194452,78,77,amber,brown,female,852PF5,Plymouth,Prowler
194458,83,65,green,brown,male,Z8B8MU,Scion,xD
194594,33,70,black,grey,male,8L66IU,Lexus,RX Hybrid
195013,44,57,blue,grey,male,3KBE1E,Mercury,Monterey
195028,70,61,blue,blue,female,DJT3ZM,GMC,Safari
195062,41,81,blue,green,male,2M4GV3,Scion,tC
195100,62,67,blue,green,female,5M20YI,Lotus,Esprit
195262,65,76,brown,white,male,O83KZT,Subaru,Legacy
195352,44,82,amber,grey,female,NAD246,Infiniti,EX
195519,45,69,blue,black,male,348SHP,Chrysler,PT Cruiser
195663,33,75,amber,blonde,female,Y8U21Y,BMW,Z4 M
195691,81,53,amber,blonde,female,RLS2UL,Mazda,Mazda6
195759,50,55,blue,grey,female,EDR57D,Maybach,57
196000,78,56,brown,red,female,15023R,Audi,riolet
196079,44,63,blue,white,female,1V5MZC,Mazda,Mazda5
196081,78,64,amber,blue,male,OK5468,BMW,5 Series
196216,25,58,black,black,female,76TX35,Dodge,Ram 2500
196256,40,60,blue,blue,male,8HNHZ7,Lincoln,Town Car
196312,27,60,blue,grey,female,NFF0AK,Honda,Odyssey
196401,55,55,blue,green,female,AU3633,Subaru,Legacy
196606,22,51,amber,brown,male,MW12MS,Infiniti,M
196703,28,70,green,red,male,UQK1E5,Toyota,Tacoma
196902,22,54,blue,grey,female,20YGFX,Buick,Terraza
196942,78,70,amber,white,female,87AGGS,Hyundai,Santa Fe
196973,41,62,amber,grey,female,1378U0,GMC,Savana
197052,82,53,amber,green,male,8JM830,Pontiac,G5
197095,69,52,brown,brown,male,HL6K1B,Mazda,Tribute
197150,80,60,amber,brown,female,7RR778,GMC,Sierra 1500
197211,51,62,black,red,male,1WP66O,Cadillac,Escalade ESV
197305,82,72,brown,black,female,04O8PT,Chevrolet,G-Series 3500
197377,66,67,brown,red,male,I1LR7Y,Ford,E350
197418,66,79,brown,white,male,0G2EIX,GMC,1500 Club Coupe
197612,56,79,brown,white,female,8R83FS,Ford,Taurus
197817,55,58,amber,brown,male,1CF2H0,Nissan,Maxima
197890,63,80,amber,black,female,78653A,Lincoln,Aviator
197909,38,73,brown,red,female,4QGNAR,BMW,530
197923,85,82,amber,grey,male,FDZ313,Land Rover,Discovery
198041,66,66,amber,grey,male,7E2QGF,Saturn,Sky
198145,75,67,blue,brown,male,48MS12,Bentley,Continental Super
198297,81,68,amber,white,male,0I0SCA,Ford,Taurus
198532,27,68,blue,blue,female,I7808E,Chrysler,PT Cruiser
198550,20,77,blue,white,male,0IN551,Ford,Ranger
198711,81,53,brown,blue,male,173N7A,BMW,760
198833,27,68,blue,black,female,HQ555D,Hyundai,XG350
198976,58,74,blue,red,female,618AI1,Ford,Freestyle
199054,24,56,amber,blonde,male,4YB2T5,Saab,9-5
199118,72,59,amber,grey,female,18310M,Nissan,370Z
199182,43,65,blue,brown,male,W2FL3F,Ford,Freestyle
199210,84,81,brown,blue,male,C1043C,Pontiac,Sunfire
199332,86,72,black,black,male,20XF4D,Chevrolet,Monte Carlo
199352,53,54,amber,green,male,M20QM7,Hyundai,Sonata
199455,23,63,blue,green,female,4112MZ,Lexus,RX
199720,36,77,green,green,female,2D6J7P,Jaguar,XF
199893,86,54,amber,grey,male,W6O01Q,Cadillac,CTS
199975,59,66,amber,black,female,8H2VG6,Chevrolet,Monte Carlo
200042,69,73,brown,green,female,74D1DQ,Ford,Crown Victoria
200143,28,74,green,brown,female,428R26,Toyota,Solara
200184,66,77,blue,black,male,05FWL1,Ford,F150
200197,50,82,green,blue,male,FQ6ALU,Lexus,GS
200277,39,66,amber,black,female,K73VO7,Mercury,Cougar
200479,55,58,black,brown,female,D13A51,Hyundai,XG350
200482,40,59,brown,green,female,733UN7,Volvo,S70
200692,78,58,amber,brown,female,OVT6SP,Ferrari,458 Italia
200734,84,54,blue,blonde,male,I01KZ7,GMC,Sonoma
200761,65,60,amber,blue,male,J5T53D,Hyundai,Santa Fe
200795,51,77,black,blue,female,1K5Z57,Audi,TT
200905,23,70,amber,green,male,38Y244,Nissan,Altima
201011,29,50,brown,blonde,male,FT5AOZ,Chevrolet,Monte Carlo
201019,62,65,black,blonde,female,0S508Z,Dodge,Neon
201027,86,72,blue,green,male,507AUQ,Chevrolet,Silverado 2500
201126,21,68,amber,red,female,345C65,Volvo,S40
201158,89,76,brown,black,male,4GZM4R,Ford,Econoline E250
201258,49,63,blue,red,female,8VD0U4,Chevrolet,HHR
201325,79,50,green,black,female,58U1CJ,Mercedes-Benz,GL-Class
201334,33,66,green,grey,male,01670A,Chevrolet,Silverado
201425,69,80,blue,blonde,male,4603X3,Lexus,GS
201636,33,81,blue,blonde,male,I08PXD,Lotus,Elise
201995,40,66,brown,green,female,3QXN08,Mazda,Mazda6
202022,42,65,green,red,female,RVN73C,Bentley,Arnage
202280,83,51,brown,green,male,5URFRS,Audi,R8
202298,68,66,green,red,female,500123,Tesla,Model S
202461,46,54,amber,brown,female,C1277Z,Audi,Q5
202759,65,62,amber,white,female,85200Y,Chevrolet,Malibu
203045,64,57,black,green,male,08B01R,Suzuki,XL-7
203050,29,78,blue,red,male,PK6HDC,Dodge,Nitro
203101,31,65,blue,green,male,1LCN85,Jeep,Wrangler
203162,59,74,black,blue,male,WS78L6,Maybach,57
203168,77,68,brown,grey,female,408231,Ford,E250
203217,31,57,black,white,female,J4SXY0,Chevrolet,Silverado 3500HD
203261,83,65,green,grey,male,33P318,Dodge,Ram 3500
203342,78,72,brown,blue,female,8JN4K7,Ford,E-Series
203434,78,59,green,green,female,15QS1U,Lincoln,Continental
203664,75,76,black,green,male,434147,BMW,745
203726,27,63,blue,brown,female,4Y7L42,Porsche,911
203827,36,50,brown,red,male,30BU8U,GMC,Savana 1500
203946,41,71,brown,blonde,female,M8B2C0,BMW,X3
203971,31,78,green,red,female,1NK5KC,Mercedes-Benz,S-Class
203992,46,56,amber,brown,male,2XE6FU,Acura,RDX
203993,69,71,black,blonde,female,LU4U7G,Isuzu,i-Series
204018,76,62,amber,white,male,X102ZT,Volvo,C70
204245,50,80,brown,grey,female,1HIRXJ,Ford,Thunderbird
204533,79,80,amber,black,female,5E520O,Lincoln,MKS
204670,46,75,amber,red,male,4EOU6V,Cadillac,STS
204860,46,51,amber,blue,female,48YX5Q,Cadillac,STS
204935,73,58,brown,red,female,0582AY,Audi,A8
205009,84,70,blue,grey,male,LS0846,Nissan,Maxima
205246,81,71,amber,white,female,ZJ43B5,Audi,S4
205438,36,59,blue,blonde,female,HD4FY8,Mazda,Miata MX-5
205713,32,63,green,black,female,4E5WIW,Ford,Ranger
205867,53,62,green,red,male,FMQE65,Suzuki,Grand Vitara
205884,72,50,black,green,male,284567,Mercury,Mariner
205885,51,75,brown,grey,male,01661O,Honda,Accord Crosstour
205903,58,59,green,red,male,3BL725,Peugeot,207
205976,62,76,black,blonde,female,1DK323,Toyota,Matrix
206023,74,60,blue,red,female,A247NI,Chevrolet,Malibu
206052,29,53,brown,green,male,7584XC,Subaru,Forester
206067,43,69,green,white,female,KIT0VD,Lexus,RX
206354,22,66,amber,blonde,female,DF437O,Mercury,Sable
206405,23,55,green,black,male,J6JCQN,Volvo,C30
206420,88,77,black,brown,male,A3FD6Y,Audi,A8
206506,62,77,black,black,female,1C83JV,Lexus,RX
206586,48,62,blue,blue,female,0I7BJZ,Porsche,911
206712,53,77,amber,red,male,GU8521,Mitsubishi,Endeavor
206717,41,62,black,black,female,RA73S7,Toyota,RAV4
206790,49,54,brown,white,female,2666H6,Lexus,ES
206884,33,55,black,grey,female,1KVY28,Mitsubishi,Tundra
207085,77,73,blue,blue,male,LZ527O,Lexus,IS
207090,42,74,amber,red,female,7MLF5U,GMC,Savana 2500
207190,50,80,green,white,male,S7GMSF,Subaru,Forester
207209,79,69,amber,blonde,female,1YG580,Nissan,Sentra
207214,74,60,blue,blue,male,EJ2SI8,Spyker,C8 Spyder
207221,22,63,black,red,female,VPEV3A,Cadillac,DeVille
207247,68,67,blue,blue,female,4LYBIM,Dodge,Charger
207422,64,68,blue,grey,female,EXZH0G,Cadillac,DeVille
207712,28,77,amber,blonde,male,54SB35,Nissan,Maxima
207789,86,75,black,blonde,male,7HINPJ,Suzuki,Reno
207790,54,81,brown,white,male,WF7AR1,Infiniti,QX
207830,30,76,amber,brown,female,3P5L6R,Toyota,Land Cruiser
207868,80,68,blue,white,male,W3BPQI,Subaru,BRZ
208220,42,73,green,grey,female,V268Y2,Mercury,Mountaineer
208246,36,61,black,brown,female,3P5311,BMW,330
208370,88,54,amber,red,female,38S1X6,Chevrolet,Suburban 1500
208427,67,65,blue,blonde,female,EMPGR7,Acura,RSX
208753,19,67,amber,black,male,7851Y6,Ford,F-Series
208872,28,71,brown,green,female,7DRU55,Ford,Mustang
209044,88,71,green,red,male,45A250,Chrysler,Voyager
209060,89,63,blue,white,male,7HG76C,Audi,Allroad
209080,18,74,brown,white,female,0X4628,Lexus,IS F
209120,46,63,blue,blue,female,IG143I,Chevrolet,Impala
209145,23,55,black,brown,male,048TC0,Mitsubishi,Outlander
209292,58,65,amber,blonde,male,R55EKJ,Maserati,GranSport
209296,78,51,amber,red,male,SB64EA,Toyota,Prius Plug-in Hybrid
209312,31,66,blue,brown,male,0R0VPH,GMC,Savana 2500
209345,19,50,black,white,female,L2RXT0,Chevrolet,HHR
209391,84,69,black,red,male,YY54P5,Land Rover,Range Rover
209426,66,62,green,red,male,74UJ83,Audi,RS 6
209468,72,74,green,white,female,03Q11L,Lexus,LX
209533,28,65,green,green,female,TRDEJM,Maserati,Gran Sport
209803,86,58,blue,black,male,F14L17,Nissan,Sentra
210127,68,57,blue,white,female,035URG,Smart,Fortwo
210332,70,74,green,blue,male,P01SK8,Audi,A8
210341,51,67,green,brown,male,L66773,Dodge,Caravan
210401,27,67,green,white,male,6UQ6XB,Audi,A3
210464,21,78,black,blonde,male,XLY11S,Suzuki,Grand Vitara
210539,84,61,green,brown,male,V377R5,Dodge,Caliber
211047,80,68,green,white,female,28L4IK,Nissan,Pathfinder
211066,36,75,brown,grey,male,0MKMSO,Ford,E-Series
211174,68,52,green,red,female,745DCT,Nissan,Versa
211192,72,73,blue,red,male,R3E4J6,Jeep,Compass
211290,63,81,brown,grey,female,E7ZM62,Acura,MDX
211322,22,59,green,red,male,8Y50V2,Toyota,RAV4
211324,33,81,blue,green,female,16048L,Saturn,Outlook
211358,45,58,blue,grey,female,116B53,Bentley,Continental GT
211376,89,71,green,blue,female,07033R,Chevrolet,Express 3500
211464,40,79,black,green,female,GLS2VA,Mercedes-Benz,Sprinter 2500
211483,39,77,black,white,male,0GRZ5R,Mercedes-Benz,E-Class
211486,31,56,amber,blue,male,G06KA8,Infiniti,G37
211491,63,68,brown,white,female,R20M5Q,Chevrolet,Camaro
211515,67,57,amber,grey,male,XL0NMF,Aston Martin,Vantage
211604,41,80,blue,white,female,P7O571,Chevrolet,Cobalt
211737,22,73,blue,white,male,W551MI,Ford,F-Series
211951,89,61,green,blonde,male,A78CTJ,Ford,Expedition
212080,47,73,brown,brown,male,2E16OI,Lexus,GX
212127,28,81,brown,black,female,2NZ3PD,Ford,Fusion
212199,75,68,brown,brown,male,O86QQF,Ford,F250
212240,58,75,green,brown,female,B8601F,Hyundai,Accent
212306,58,63,black,brown,male,44SB5P,Nissan,Armada
212463,63,69,green,grey,female,8G6T4E,BMW,Z4 M
212513,82,75,amber,grey,male,0A2N3J,Nissan,Murano
212606,68,51,amber,red,female,HLC1N5,Hyundai,Genesis
212672,76,54,amber,black,male,QNX07A,Chevrolet,Suburban 1500
212750,67,61,amber,black,female,XRDLEX,Mercury,Mountaineer
212885,88,74,blue,white,female,181UZ0,Toyota,Tacoma
212936,29,77,amber,red,female,4062O2,Subaru,Outback
212986,42,65,brown,black,male,E0I46D,Jeep,Liberty
213059,54,61,brown,red,male,27TKF1,Cadillac,CTS-V
213172,52,71,blue,white,male,20WLRS,Mazda,Millenia
213251,20,77,blue,brown,female,44V5KE,GMC,Savana 3500
213775,47,52,green,white,female,FZMT32,Scion,xD
213808,84,64,green,brown,male,52778U,Toyota,MR2
213909,56,54,blue,black,female,0D256G,BMW,5 Series
213929,51,76,amber,grey,male,R08363,Volkswagen,GTI
213960,78,72,black,grey,female,D7C266,Mitsubishi,Pajero
214018,72,60,blue,grey,male,5ABPU3,Buick,Lucerne
214139,38,78,black,brown,male,R81325,Infiniti,I
214186,89,63,black,red,female,0T6TY6,Lexus,GS
214235,72,68,brown,brown,male,ZE66H1,Hyundai,Veracruz
214367,53,56,green,red,female,CD42V8,Volkswagen,Golf
214473,86,70,black,red,female,80404H,Chrysler,Prowler
215020,58,61,blue,green,female,16PCB5,Ford,F350
215072,19,60,blue,blonde,male,LQT03R,Volvo,V40
215126,67,75,amber,white,male,0N2723,Mercedes-Benz,SL-Class
215146,45,73,brown,white,female,EU37V8,Toyota,Camry
215264,28,55,amber,black,male,61A7NX,Chevrolet,Prizm
215341,27,54,amber,green,male,526SFG,Toyota,Sequoia
215414,78,75,green,blue,female,573584,Volvo,S40
215601,61,82,green,red,male,8E15M5,Toyota,Highlander Hybrid
215733,66,77,blue,black,male,GZ17VB,Volkswagen,Jetta
215736,68,61,blue,white,female,3B27W6,Jeep,Grand Cherokee
215785,54,79,blue,brown,female,F4O3PJ,GMC,Savana
215824,27,59,amber,green,female,M1BKM6,Ford,Taurus
215868,43,80,blue,blue,female,43X3A5,Cadillac,Escalade
216014,49,55,amber,brown,female,217VM1,Mercedes-Benz,SLK-Class
216046,36,72,blue,green,male,17G7GF,Mercury,Monterey
216277,33,66,amber,brown,female,Q22DSV,Kia,Optima
216279,86,54,amber,blue,male,T6B0EG,Buick,Regal
216289,71,57,black,grey,male,W67TBW,Chevrolet,HHR
216294,18,50,amber,white,male,HD36IH,Dodge,Charger
216365,51,79,brown,brown,female,W237W8,BMW,5 Series
216405,52,80,blue,white,male,S1UKO6,Chevrolet,Impala
216520,45,60,black,white,male,IUJ7LY,Chrysler,Crossfire Roadster
216566,58,63,green,green,male,KKF037,Chevrolet,Camaro
216625,74,59,blue,grey,male,3M527M,Ford,Expedition
216689,56,69,brown,brown,male,GPX6AK,GMC,Yukon Denali
216706,39,55,blue,white,male,673XX3,Mazda,MPV
216713,87,62,amber,blue,male,O3THDD,Mitsubishi,Diamante
216826,70,80,green,green,male,2A7D51,Mercedes-Benz,CLK-Class
216914,75,81,brown,blonde,female,WME57J,Chevrolet,Silverado 2500
217039,84,82,amber,brown,female,141SBJ,Honda,Fit
217218,87,63,black,white,male,YG4WTE,Chevrolet,Avalanche 2500
217286,69,57,black,brown,male,M581U7,Ford,Mustang
217298,55,68,brown,red,male,L66R4T,Mitsubishi,Eclipse
217422,27,77,amber,blue,male,Q2Y078,Dodge,Stratus
217493,30,74,brown,blue,female,48GH6U,Cadillac,SRX
217573,26,51,black,red,male,F8D4CE,MINI,Countryman
217622,27,82,brown,black,female,HBAKYV,Pontiac,G6
217682,87,82,blue,black,male,78W531,Lincoln,MKZ
218012,74,62,blue,green,male,J8J61W,Mercedes-Benz,SLK-Class
218037,68,65,black,blonde,male,R1N8B6,Buick,Park Avenue
218052,84,53,green,blonde,male,3RY2G2,Subaru,Impreza
218173,24,81,green,black,male,EG8BO3,Ford,F250
218235,70,67,amber,black,female,Q7S435,Chevrolet,Express 2500
218323,77,74,black,brown,female,XNQPKJ,Ferrari,458 Italia
218511,31,76,blue,blonde,female,2027R0,Kia,Rondo
218534,50,67,brown,grey,male,TQ806P,Buick,Regal
218566,44,51,green,grey,female,Y530KN,Saab,9-3
218694,38,57,amber,blue,female,CS6K81,Land Rover,Range Rover Sport
218871,44,58,amber,grey,female,01Q8RM,Ford,Escort
218900,85,73,black,white,female,LS20T3,Hyundai,Sonata
219016,58,53,blue,green,female,360746,Saturn,Sky
219130,80,69,brown,blue,male,66C41O,Dodge,Dakota Club
219149,85,67,green,black,male,5P0L73,Toyota,Land Cruiser
219221,71,53,brown,red,female,K2Z316,Lincoln,Navigator
219317,34,71,blue,green,male,3O1P00,GMC,Savana 3500
219417,81,70,amber,red,female,BEXBNQ,Mitsubishi,Montero
219432,44,79,brown,grey,male,D87EAB,Mercury,Mystique
219475,26,77,blue,white,male,6BVO4P,BMW,Z3
219507,73,62,green,blonde,female,N3S052,Chrysler,PT Cruiser
219555,52,51,brown,white,female,2RVD8R,Suzuki,Kizashi
219650,65,78,amber,green,female,77A7E7,Chevrolet,Colorado
219662,36,56,brown,green,female,NAG72Y,Mazda,RX-8
219935,35,82,amber,blonde,female,E8SHV5,Hyundai,Elantra
220122,68,55,blue,black,male,662M6N,Toyota,Tacoma
220205,45,67,brown,green,male,V3K1MU,Pontiac,Grand Am
220238,58,75,green,white,female,75BNM2,Ford,Econoline E150
220274,30,80,black,green,female,GVSOQP,Dodge,Intrepid
220380,56,81,brown,white,male,Z8UW0A,Suzuki,Equator
220461,44,67,brown,green,male,2Q244W,Lexus,RX
220527,44,60,brown,grey,male,Z7R454,GMC,Yukon
220569,21,82,green,black,female,3QCOH1,Isuzu,Rodeo
220851,61,57,blue,brown,female,3M8WR3,Nissan,Frontier
220909,73,57,amber,red,male,20082Q,Audi,S6
220952,43,57,amber,green,male,MMGTC0,Infiniti,M
220978,84,50,green,blonde,male,P52517,Nissan,Armada
220985,41,81,black,grey,male,4X0YF5,Mercedes-Benz,SLR McLaren
221110,40,55,brown,blue,male,MGXGZ3,Mitsubishi,Galant
221115,52,72,black,white,female,4CFYJQ,Ford,Freestar
221380,75,66,black,blonde,female,CQP337,Jaguar,XJ
221465,67,62,green,blue,female,T64758,Isuzu,Trooper
221559,88,61,amber,brown,female,UIB621,Saab,9-5
221683,65,65,brown,brown,male,HT0V5V,GMC,Yukon
221713,23,57,amber,green,male,8O71JC,Lexus,LS
221769,69,60,brown,black,male,5K7M20,Mitsubishi,Outlander
221885,27,66,blue,grey,female,76FZA5,Honda,S2000
221958,66,77,brown,white,female,V6S78A,Mazda,Mazda3
222191,22,61,black,white,female,0C3553,BMW,5 Series
222248,49,75,amber,red,male,GY34U2,Pontiac,Grand Am
222337,74,56,blue,white,male,XE86D6,Scion,xB
222395,59,57,black,blonde,male,64A257,Kia,Rio
222441,22,65,blue,grey,male,OCWNHZ,Honda,Civic
222842,19,78,blue,white,female,0Z8Z4R,Mazda,Mazda5
222884,53,68,amber,white,male,USN7VF,Acura,TL
222953,74,79,blue,green,male,0AK466,Mercedes-Benz,SLR McLaren
223124,44,68,amber,black,male,2132TN,Acura,MDX
223262,65,70,brown,green,female,IKACA4,Lamborghini,Aventador
223531,58,59,brown,grey,male,X2MFPH,Pontiac,Grand Am
223624,29,74,brown,brown,male,D75YDZ,Audi,S6
223767,20,55,green,blue,male,7QT72Z,Chevrolet,Suburban 1500
223787,76,76,amber,green,female,887II6,Ford,E-Series
224132,47,61,black,blonde,male,321FKV,Land Rover,Range Rover
224299,49,51,amber,blue,male,30FY67,Ford,Escort ZX2
224334,82,72,blue,white,male,7273LG,Toyota,Highlander
224648,19,52,black,blonde,female,41S8QL,Audi,S5
224833,63,76,brown,green,male,O337S6,Ford,Focus
224850,29,54,green,black,male,SNF74K,Dodge,Ram 1500 Club
225019,67,75,amber,red,female,54TX7B,Pontiac,Montana
225055,76,76,black,black,male,2ET631,Nissan,Armada
225150,51,53,amber,black,female,7830CK,Lexus,RX
225189,58,61,blue,black,male,6E1FT6,Cadillac,CTS
225269,43,68,green,brown,male,HWBA6R,Honda,Civic
225289,45,60,blue,red,male,WF7T32,Oldsmobile,Silhouette
225303,58,64,blue,grey,female,18YW7P,Ford,Fusion
225456,22,75,blue,green,female,01Z2CH,Kia,Spectra
225458,35,80,green,blonde,female,X00Q60,Infiniti,M
225577,26,56,green,grey,male,0OF0QQ,Chevrolet,Lumina
225649,40,75,amber,green,female,W4E60Z,Aston Martin,V8 Vantage S
225653,57,69,green,black,female,003HI5,Mercedes-Benz,CLS-Class
225716,45,78,green,blonde,female,5005Y7,Jaguar,XJ Series
225759,79,80,amber,grey,male,D83578,Chevrolet,Tahoe
225831,69,81,black,grey,male,24HP5E,Lexus,IS
225993,83,65,brown,blonde,male,A4J5SE,Volkswagen,New Beetle
226011,46,52,brown,blue,female,4M60J1,Toyota,Prius
226145,22,80,blue,brown,female,CHL60Z,Toyota,4Runner
226183,41,80,amber,grey,male,44R8XC,Mercedes-Benz,Sprinter 2500
226248,78,50,black,blonde,female,06KV2N,Mazda,Miata MX-5
226278,66,59,brown,blonde,female,X0F1S0,Nissan,Cube
226283,83,55,brown,brown,male,N7HZ2J,Dodge,Ram 1500 Club
226287,67,52,blue,grey,female,KW0W66,Dodge,Intrepid
226396,87,82,black,brown,male,DVQM12,Honda,Element
226480,69,62,brown,green,male,JN56B4,Chrysler,Concorde
226524,64,56,amber,grey,male,HAK416,Nissan,Titan
226600,68,65,black,blonde,female,YX02O7,Dodge,Ram
226733,41,59,black,red,male,67EEL3,Mazda,CX-9
227166,76,72,blue,black,male,N2110Q,Volvo,XC70
227213,28,51,brown,blue,female,3Q1QM8,Kia,Spectra
227267,75,61,brown,green,male,1331F0,Ford,Escort
227458,18,80,brown,white,female,6J426L,Lexus,LX
227547,37,66,amber,white,female,X0F884,Nissan,Xterra
227814,38,52,blue,red,male,83W518,Daewoo,Nubira
227827,37,50,brown,black,female,7G6XZ7,Dodge,Viper
227998,77,56,green,white,male,J433F7,Chevrolet,Cavalier
228252,83,63,brown,blue,female,87C7L1,Volkswagen,Tiguan
228313,61,60,green,brown,female,1D151H,Jeep,Compass
228375,89,63,amber,grey,male,A0TLV6,Mitsubishi,Lancer
228399,69,71,green,blonde,female,MAOP56,Pontiac,Aztek
228432,85,76,amber,blonde,male,4L60K7,Ford,E-Series
228443,84,53,amber,black,female,UT2J2B,Chrysler,Concorde
228566,51,66,green,green,female,C25161,Nissan,Xterra
228602,35,53,black,green,female,1T823R,Lexus,GX
228647,21,74,amber,grey,female,64SV07,Maybach,62
228714,85,79,blue,brown,female,2TA835,Toyota,Camry
228747,34,80,blue,blonde,male,8IJF5K,Bentley,Continental GT
228906,71,69,blue,red,male,WBQXD5,Mitsubishi,3000GT
229141,89,53,green,brown,male,BFA54C,Toyota,Solara
229149,61,73,brown,grey,female,L2IN8X,Nissan,Pathfinder
229180,25,58,black,blonde,female,P632MM,Ford,F350
229401,53,60,blue,green,female,7017RF,Nissan,Sentra
229509,70,55,brown,red,male,4B8AJP,Lincoln,Aviator
229692,30,51,green,red,male,7YXK1C,Mercedes-Benz,M-Class
229752,36,60,black,green,female,MUQQR7,Toyota,RAV4
229811,61,76,brown,black,male,H110K0,Jeep,Wrangler
230021,29,61,black,white,male,66ADBD,Mitsubishi,Montero
230142,51,82,black,red,female,G8UEGY,Toyota,Land Cruiser
230208,49,50,green,blue,male,N72S5K,Bentley,Continental
230274,88,52,green,red,female,NA71VE,Toyota,FJ Cruiser
230401,58,65,amber,black,male,5S22Q8,GMC,Sierra 3500
230437,78,75,black,black,female,YVH3MJ,Mercedes-Benz,G-Class
230542,43,74,brown,grey,female,0X8OP7,Hyundai,Veloster
230597,41,62,black,blue,female,05C20L,Audi,RS6
230615,27,56,amber,black,female,44K47F,Audi,A3
230626,56,54,green,blue,male,T7270Z,BMW,7 Series
230638,75,72,green,brown,female,348J0E,Buick,LeSabre
230822,44,57,blue,white,female,N1AF75,Mercedes-Benz,CL-Class
230931,67,64,green,red,female,7S25KO,Mercury,Grand Marquis
230933,82,58,brown,blonde,male,V44EAH,Cadillac,XLR
231014,37,66,amber,blue,female,LR771O,Land Rover,Discovery
231055,42,76,amber,blonde,female,815FV1,Chevrolet,Cavalier
231082,51,81,amber,red,female,V28TIN,MINI,Clubman
231106,57,53,brown,blonde,female,QWCHF7,Kia,Optima
231153,84,70,blue,green,male,I21Z4Z,Lamborghini,Gallardo
231247,88,78,black,white,male,6N28ON,Mitsubishi,Lancer
231319,87,76,green,grey,male,K63PI6,Pontiac,Firebird
231336,47,56,black,red,female,S86I2Z,Subaru,Legacy
231345,56,51,green,green,female,C82C51,BMW,X5
231504,51,69,blue,green,male,GCJS8K,Dodge,Charger
231505,57,59,brown,red,female,403K3I,Mitsubishi,Endeavor
231758,24,78,amber,grey,male,8083S0,Acura,TL
231760,53,61,blue,blonde,male,ATWIM1,Subaru,Legacy
231907,36,66,black,red,male,5B2Q81,Mazda,Tribute
231914,47,80,black,grey,female,3KR255,BMW,X6
231943,75,64,black,green,male,X65F73,Land Rover,Discovery
231955,41,63,black,blue,female,J7C7ID,BMW,X5
232054,28,70,black,white,female,BV2FU8,Infiniti,EX
232075,59,57,amber,white,female,TMA257,Toyota,Solara
232164,41,66,green,blue,female,22X628,Suzuki,Grand Vitara
232476,45,67,black,green,male,WAMMPT,Infiniti,Q
232580,78,70,black,red,male,RK6PF1,Toyota,Avalon
232668,35,76,black,red,male,RX3314,Hyundai,Sonata
232750,30,56,blue,black,female,46V53G,Nissan,Xterra
232759,75,82,brown,red,male,JJYI8F,Chevrolet,Silverado 3500
232814,48,57,brown,blue,female,6617MV,Cadillac,SRX
232922,62,67,black,grey,female,845LQ7,Dodge,Caliber
233030,22,59,amber,white,male,BPK11Y,Maybach,57
233048,28,76,black,green,female,06604O,Mercedes-Benz,S-Class
233201,48,64,black,green,male,GU1Y31,Subaru,Legacy
233260,37,52,black,brown,male,8V3AOJ,Ford,E-350 Super Duty
233295,24,60,blue,white,female,12RD6M,Lamborghini,Diablo
233560,57,50,black,black,male,Y6W804,Lexus,GX
233750,66,57,brown,brown,male,8V44ZJ,Isuzu,i-Series
233867,44,78,brown,blue,male,56L244,GMC,Yukon XL 2500
233903,24,52,blue,blonde,male,TQKNUJ,Chevrolet,Express 1500
234065,36,52,brown,brown,female,U6ML73,Honda,Odyssey
234066,20,74,black,grey,female,VT8Y35,Hyundai,Veracruz
234140,89,69,brown,grey,female,3ZIQWT,Acura,TL
234553,45,50,blue,brown,female,JQI8Y0,BMW,X3
234562,70,59,black,white,female,2W8C30,Aston Martin,DBS
234619,20,54,blue,blonde,female,KWT3E1,Lexus,SC
234751,27,53,black,grey,female,V71JCS,Volvo,S90
234773,37,52,brown,black,female,M5T607,Ford,E250
234935,76,77,blue,blonde,female,EL3I8E,Nissan,Rogue
235131,85,62,black,brown,female,5XR51G,Saab,9-3
235321,65,52,amber,blue,male,LSBVQI,Suzuki,Swift
235534,83,52,blue,red,male,3126L3,Mercury,Grand Marquis
235543,58,69,brown,white,male,P15065,GMC,Envoy
235572,36,79,black,black,female,J00K0Z,Infiniti,EX
235640,31,80,blue,red,male,047GSJ,Audi,riolet
235880,19,65,amber,white,female,6SQHT2,Ford,F250
235946,36,64,brown,red,male,66176O,Suzuki,Reno
235990,85,76,brown,white,male,1656U7,Toyota,Matrix
236103,42,68,brown,brown,female,K185T7,Suzuki,Grand Vitara
236255,47,66,green,brown,male,3V8I10,Kia,Amanti
236450,40,58,blue,green,male,67E867,Land Rover,Range Rover Sport
236541,86,79,brown,blue,female,71US8J,Maserati,Quattroporte
236668,46,77,black,red,female,7VD002,Lincoln,Town Car
236851,78,62,amber,blue,male,UDIS00,Nissan,GT-R
236928,54,81,brown,black,female,I1I0BR,Porsche,Cayenne
236952,45,72,black,red,male,6854EL,Toyota,Celica
236971,73,63,black,black,female,3R364U,Kia,Rio
237122,47,66,amber,brown,male,3NKD58,Chevrolet,Silverado 1500
237209,83,53,brown,black,female,ZJ6N1L,Ford,Taurus
237251,40,63,blue,black,male,7B56IT,Volvo,XC70
237270,32,64,black,blonde,female,672ZW4,Rolls-Royce,Phantom
237423,29,50,amber,blue,female,Z5551A,Toyota,Land Cruiser
237474,32,71,brown,grey,female,FOU2HC,Honda,Civic GX
237602,80,76,blue,blonde,male,1G500L,Dodge,Avenger
237654,80,76,blue,green,male,NC113I,Land Rover,Freelander
237847,81,57,amber,blue,male,60XJ8Z,BMW,5 Series
237854,32,66,blue,red,female,I8U5A5,Mazda,Tribute
237952,29,54,green,blue,female,0X1ZM5,Ferrari,FF
238061,52,79,black,grey,female,2QCFT8,Hyundai,Accent
238172,88,63,blue,green,male,1583NU,Aston Martin,Vanquish S
238290,55,63,green,white,male,7L8846,Kia,Optima
238318,45,57,green,grey,female,571YRW,GMC,Savana 2500
238574,58,67,amber,blue,male,CQK574,Mercury,Sable
238665,32,62,black,blonde,female,RRSMVQ,Nissan,Sentra
238666,54,66,amber,brown,male,7I6I8A,Chevrolet,HHR
238685,55,69,blue,red,female,V3F01K,Plymouth,Grand Voyager
238712,55,78,blue,black,female,MH5V05,Chevrolet,Avalanche 2500
239146,78,53,green,blonde,female,706R68,Audi,S5
239258,50,56,brown,white,male,MN8CD2,Saab,9-3
239318,72,67,brown,brown,female,44511S,Pontiac,Grand Prix
239375,42,68,amber,brown,male,T2S681,Maybach,57
239551,71,66,green,blonde,female,L08U32,Chevrolet,Corvette
239564,43,51,brown,blue,male,8DZ7WS,BMW,650
239799,18,73,amber,red,female,0TOC58,Audi,R8
239897,78,78,amber,white,female,AQ108M,BMW,6 Series
239913,82,74,brown,white,male,8233SB,Plymouth,Neon
239952,39,52,brown,green,female,14G8DN,Jaguar,XK
239959,45,82,black,red,female,4Y33TW,Honda,Odyssey
240310,82,66,brown,black,male,2RVY07,Ford,Ranger
240377,71,71,brown,green,male,2UJ3K0,Mercedes-Benz,SLS-Class
240485,19,80,brown,blue,female,6512AR,Hyundai,Veracruz
240498,82,62,blue,blue,male,WL01OP,Cadillac,CTS-V
240519,69,53,blue,green,female,X2IG10,Mazda,B-Series Plus
240613,73,78,black,red,male,2FE188,Chevrolet,Suburban 1500
240643,76,70,blue,green,male,JH8JUS,Chevrolet,Avalanche
240653,33,59,green,green,female,O56S66,Lamborghini,Murciélago
240834,64,56,green,blue,male,277F0P,Mitsubishi,Eclipse
240863,77,66,green,blonde,male,SCNO1K,Lincoln,Town Car
240932,37,68,black,green,male,N8M237,Pontiac,Firebird
241119,86,82,black,white,male,2OK4M7,Volvo,C70
241148,52,63,brown,black,female,W50MMN,Jeep,Patriot
241223,60,72,green,brown,male,2N28X1,Saab,9-5
241264,45,54,black,red,male,RC1XO6,Cadillac,DeVille
241666,59,64,black,black,female,2UAYWA,Aptera,2e
241708,30,55,black,blonde,male,203MT0,Toyota,Tundra
241767,34,82,green,blue,male,2L87MW,Honda,Fit
241821,82,53,green,brown,male,F24T12,Chevrolet,Malibu
241889,43,77,black,white,male,IA6H5Q,Oldsmobile,88
241914,82,75,green,red,male,A71ORZ,GMC,Savana 3500
242083,53,67,amber,black,male,M13DM2,Chevrolet,Blazer
242261,89,75,brown,red,male,U131ZP,Pontiac,Montana
242403,67,76,amber,white,male,E7218M,Mercedes-Benz,CL-Class
242442,38,71,green,blue,male,16ISXH,Buick,Regal
242509,35,63,brown,green,male,ZS503O,Kia,Sephia
242649,37,68,amber,red,male,H072LL,Lexus,ES
242757,18,72,blue,red,female,6R166H,Chevrolet,Suburban 2500
242787,32,57,brown,black,male,N6VRK1,Volvo,XC90
242870,76,55,amber,blonde,male,NVE2RM,Kia,Sorento
242941,51,75,brown,red,female,33RBC4,Chevrolet,Suburban
243004,69,66,amber,green,male,8C26Z7,Acura,NSX
243044,68,60,brown,blue,female,SKK6H8,Saturn,VUE
243188,73,50,blue,black,male,6DA2AU,Hyundai,Genesis
243353,19,72,amber,blue,female,2W02I4,Mazda,MX-5
243368,69,62,amber,brown,male,01I7EE,Ford,GT500
243406,48,62,brown,red,male,SNO645,Buick,Enclave
243542,26,67,green,brown,male,U62NXC,Suzuki,XL-7
243575,82,68,blue,blue,male,JK18NZ,Chevrolet,Express 1500
243912,87,63,blue,blue,female,3114ON,Ford,E350
243973,20,59,blue,blue,male,FTCGLO,Cadillac,CTS
244125,22,67,amber,blue,male,B0XJ50,Chrysler,Concorde
244187,89,67,black,black,female,KI22VG,BMW,7 Series
244194,35,60,brown,green,male,4N3B2S,Aston Martin,V12 Vantage
244247,58,79,black,white,female,606BH1,Lotus,Esprit
244364,50,80,green,white,female,VC81DB,GMC,Savana 1500
244407,31,51,black,brown,male,1R12QS,Acura,MDX
244846,19,51,brown,red,male,RQ3PDR,Land Rover,Range Rover
244886,53,63,green,black,male,AIFW1S,MINI,Cooper Clubman
245062,61,61,brown,blonde,female,K5IF2E,Volkswagen,Golf
245078,24,52,blue,red,female,S1FVH7,Toyota,Echo
245236,69,50,blue,blonde,male,5D47MA,Honda,Civic
245357,34,56,brown,white,male,Y1O03X,Pontiac,Grand Am
245423,84,68,amber,blonde,female,8EIRE4,Ford,Focus
245471,55,76,black,blonde,female,030QL0,Volvo,S40
245589,60,80,blue,black,female,I57B8Z,Chevrolet,Colorado
245787,43,76,black,grey,female,372QBN,Audi,S8
245835,29,66,black,white,female,TJIX0I,Ford,Crown Victoria
246038,53,69,brown,green,male,D6BZ27,Oldsmobile,Intrigue
246093,71,78,blue,blonde,female,2UTCI2,Infiniti,G
246142,65,66,black,blue,female,4L641Z,Ford,Windstar
246171,35,74,brown,red,male,SZJST2,Toyota,4Runner
246216,62,51,black,grey,female,1H54MT,Toyota,MR2
246239,44,69,brown,grey,male,3K8WL8,Kia,Rio
246483,32,72,black,blue,female,65TW8U,Kia,Rio5
246502,42,68,black,blonde,male,X0FP42,Mercedes-Benz,R-Class
246742,18,67,black,grey,male,R8JK18,Chevrolet,Corvette
246823,82,80,amber,grey,male,8K2WCG,Chevrolet,Suburban 1500
246854,80,52,green,blonde,male,LFZD6R,Ford,E-Series
246900,32,51,blue,white,male,F43G63,Mercedes-Benz,R-Class
247091,36,62,amber,red,female,I527HE,Audi,R8
247209,46,57,blue,black,female,B0IMUO,GMC,Safari
247300,47,56,black,grey,female,V1IV4I,Lincoln,Zephyr
247337,52,70,green,white,male,7UV10B,Toyota,Sequoia
247344,75,80,green,brown,male,P5COG6,Chrysler,Cirrus
247361,74,73,blue,white,female,62PJ7Q,Toyota,MR2
247439,51,73,brown,green,male,1HI317,GMC,Sierra 2500
247514,87,56,brown,grey,female,Y168T5,Jeep,Compass
247571,77,76,black,white,male,U5S7E2,Toyota,Highlander
247701,61,72,black,green,male,288CO4,Chevrolet,Malibu
247757,37,73,blue,black,female,X6P4GA,Ford,Excursion
247782,85,50,green,grey,female,ZT0X6F,Suzuki,XL-7
248270,23,68,blue,brown,male,0770PF,BMW,1 Series
248419,46,50,blue,brown,male,B2EWL6,Audi,RS 6
248426,75,76,brown,blue,female,474FC4,Infiniti,IPL G
248444,88,52,brown,blonde,female,VLG44A,GMC,Savana 3500
248480,60,50,green,blonde,female,Y7A5EY,Mazda,626
248553,56,53,green,blue,female,4SCN6L,Chevrolet,3500
248559,39,50,black,red,male,1OA5YO,Pontiac,Bonneville
248578,37,51,amber,red,male,RJLT63,Dodge,Dakota Club
248636,86,52,black,white,male,15P57Z,Chrysler,Crossfire
248739,42,80,brown,grey,female,4QGV4P,Toyota,Camry Hybrid
248764,47,73,amber,black,male,ENJV3Z,Volvo,V70
248771,43,68,amber,blonde,female,425S0X,Ford,Thunderbird
248868,36,77,amber,black,female,I35371,Nissan,Quest
249034,27,60,brown,white,male,SWQIGU,Kia,Carens
249096,64,70,black,green,male,PEKT6T,Hyundai,Elantra
249414,51,68,amber,blonde,female,G4ATFP,Toyota,Tundra
249445,27,81,brown,black,female,ETY1AF,Aston Martin,V12 Vantage
249542,51,58,blue,green,male,X7611V,Maybach,57
249543,50,50,black,black,female,05NH3L,Toyota,Highlander
249601,33,72,black,blonde,female,Y8D13V,Mercedes-Benz,S-Class
249722,55,78,blue,green,female,1N487D,Volkswagen,Tiguan
249753,45,72,blue,blue,male,5AZ5RR,Acura,RDX
249758,43,65,black,brown,male,K4TYWM,Nissan,350Z
249833,43,61,blue,white,female,754TCQ,Toyota,Tundra
249886,67,51,blue,grey,female,1XF8UL,Aston Martin,Vantage
249962,50,55,amber,white,male,5714PT,Ford,Five Hundred
250134,54,76,green,black,female,25H5F8,BMW,X5
250190,20,55,black,blue,male,05R238,Audi,A4
250366,69,65,black,blonde,female,5LQ400,Oldsmobile,Alero
250571,47,63,green,blue,female,I5UO2E,Isuzu,Trooper
250613,86,53,amber,white,female,H4CK86,Smart,Fortwo
250772,40,64,amber,red,male,BYQ2E7,Dodge,Ram 3500
250959,50,65,blue,white,male,031YJX,Pontiac,Bonneville
251014,78,59,blue,green,female,208MTW,Jeep,Liberty
251078,22,52,amber,red,female,7H1G2V,Chrysler,Sebring
251082,31,55,blue,black,female,56254O,Cadillac,STS
251105,21,74,amber,brown,male,0IU380,Ford,E-Series
251182,58,76,blue,red,female,F33YR3,Ford,Expedition
251280,79,58,amber,blonde,male,B2276C,Mercedes-Benz,GL-Class
251330,46,79,amber,grey,female,ATQSPZ,Volkswagen,Passat
251350,66,61,blue,blonde,male,CJ2QC2,Buick,LaCrosse
251582,51,60,brown,blonde,male,0YZ0X1,Toyota,Corolla
251666,25,50,green,green,female,WOMUOV,GMC,Savana 3500
251727,26,81,blue,black,female,658VE3,Honda,S2000
251760,85,77,black,green,female,UP863Z,Lexus,SC
251772,70,72,brown,green,male,N75TJN,Hyundai,Elantra
251803,72,54,amber,blue,female,EM7717,Lexus,GS
251810,73,72,amber,white,female,P665E3,BMW,745
251845,25,62,amber,red,male,563RWY,Acura,NSX
251947,48,73,black,brown,female,63N13A,Chevrolet,Express
252132,67,66,blue,blonde,female,4L5B32,BMW,6 Series
252158,35,60,amber,brown,male,8SX2VX,Porsche,Cayman
252180,74,78,brown,blue,female,J3863X,Chevrolet,Cavalier
252181,41,65,amber,brown,female,435DWQ,Acura,NSX
252261,61,66,brown,brown,female,5GAWF4,Hyundai,Tiburon
252349,22,77,amber,white,female,I2SLU2,Subaru,Outback
252575,60,78,brown,grey,male,B4124Z,Ford,Escort ZX2
252637,89,64,green,red,female,5V4A4A,GMC,Sonoma
252983,61,61,brown,blonde,female,52BQSW,Ford,Mustang
252996,69,61,brown,white,female,IM500B,Mercury,Grand Marquis
253075,64,68,brown,white,male,1O2XM0,GMC,Sierra 2500
253302,22,51,green,brown,female,074XNW,Pontiac,Grand Prix
253306,37,82,blue,grey,male,3XCR5Y,Mercedes-Benz,SLS-Class
253355,30,62,blue,green,male,U33H51,Toyota,Avalon
253368,83,81,blue,grey,female,8G85W1,Aston Martin,DB9
253689,72,82,green,grey,female,XZKQX5,Saturn,VUE
253800,29,53,green,green,female,U658J5,Lamborghini,Gallardo
253855,87,66,brown,brown,female,DL5F30,Suzuki,XL7
253892,50,81,brown,blonde,female,BQ0IGN,Chrysler,300
253913,75,73,brown,blonde,male,GDXYUR,Volkswagen,CC
254252,86,65,amber,green,male,34YQ8O,Audi,TT
254319,50,62,black,black,female,WB2BXF,Chevrolet,2500
254760,19,71,amber,blonde,male,UEX266,Chevrolet,Suburban 1500
254801,69,62,green,blue,male,W63C8T,Toyota,Tacoma
254803,58,54,brown,white,male,3P60JS,BMW,M6
254910,69,71,amber,black,male,ND5Y1C,Chevrolet,Suburban 1500
255104,31,57,amber,green,female,41IQJG,Hyundai,Genesis Coupe
255365,76,68,black,grey,female,73LZ6L,Bentley,Continental GT
255436,72,80,green,red,female,EEZ8TX,Suzuki,Reno
255504,59,51,brown,red,male,6Z6L35,Volvo,V70
255588,60,52,blue,grey,female,QAA365,BMW,3 Series
255610,72,82,blue,red,male,71F3LX,GMC,Canyon
255684,74,67,brown,brown,female,S2UBB7,Dodge,Charger
255686,29,75,green,brown,female,M1PB0Y,Pontiac,Bonneville
255768,72,77,brown,green,female,7UOW8T,Chevrolet,1500
255770,21,51,blue,white,female,38KWM4,Dodge,Ram Van 3500
255912,53,61,brown,black,male,RG3Q52,BMW,Z4
256116,25,63,blue,black,male,IF87T0,Chrysler,Crossfire
256280,87,52,amber,white,female,6C781R,Acura,RL
256297,81,70,brown,red,female,W770CR,BMW,M3
256306,42,61,black,blonde,female,2EIBDC,Toyota,TundraMax
256457,89,64,brown,brown,female,26F676,Toyota,RAV4
256481,62,62,black,brown,female,5F01NQ,Maybach,57S
256535,22,70,black,black,female,XM7BAC,Toyota,Solara
256544,71,72,black,white,female,5L1QK1,Chevrolet,Silverado 2500
256604,83,57,green,white,male,R86UU4,GMC,Sierra 1500
256631,51,77,green,grey,female,K6J1KU,Chevrolet,Metro
256848,52,81,amber,blonde,male,DRPEN2,Toyota,Tercel
256983,59,79,blue,black,male,G57D4R,Toyota,Sienna
257087,77,61,brown,black,male,LBIWS6,Maserati,GranTurismo
257214,39,56,brown,white,female,Z628MB,Toyota,Supra
257315,21,50,amber,blonde,male,QWS54H,BMW,Z4
257325,41,58,brown,grey,female,5VZS50,Chrysler,300M
257367,33,58,green,grey,male,XVIMD3,Daewoo,Lanos
257411,49,80,brown,grey,male,0Z6FUN,Porsche,911
257671,59,55,green,blue,male,42FH04,Maybach,62
257810,79,78,amber,grey,female,5Y6WMP,Mitsubishi,Mirage
257968,53,76,amber,blue,female,20Z0S0,Honda,CR-V
257979,47,54,black,green,male,786E6O,Volkswagen,Touareg
257981,65,64,black,red,male,I0883T,Infiniti,QX
258108,33,60,brown,brown,male,7A85I8,Dodge,Ram
258154,20,75,black,blue,female,3N5TKZ,Cadillac,Eldorado
258172,82,80,blue,black,male,W33XSJ,Mercedes-Benz,SLR McLaren
258220,76,64,green,blue,female,R430OZ,Cadillac,SRX
258248,55,56,amber,blue,male,G34K6K,Infiniti,Q
258307,26,76,green,black,male,4HKA26,Cadillac,Escalade EXT
258329,75,63,amber,white,female,3TB2KK,Mercury,Grand Marquis
258458,84,51,green,green,female,3M77ET,Toyota,Tundra
258612,56,52,blue,red,female,KF1UQ1,Dodge,Ram
258674,36,81,brown,blonde,female,D03OW2,Hyundai,Sonata
258679,44,60,green,grey,male,ZEL3RO,Nissan,Maxima
258739,76,71,amber,blue,male,336N82,Subaru,Legacy
258814,80,56,brown,grey,female,C556FA,Ford,F-Series
258846,72,57,amber,brown,male,7K482X,Saab,9-3
258907,34,73,amber,brown,female,067P5R,Chevrolet,Suburban
258923,59,53,green,black,male,V6E4CZ,Toyota,Land Cruiser
259002,45,72,green,grey,female,O082U0,Dodge,Viper
259059,47,64,black,white,female,S767U0,Volkswagen,New Beetle
259141,88,63,green,black,male,D160KZ,Cadillac,Escalade EXT
259166,88,74,amber,red,male,0Z40GI,Mercedes-Benz,E-Class
259203,63,78,green,blonde,female,QE3EW3,Ferrari,612 Scaglietti
259254,42,78,amber,white,female,C1J8KY,Subaru,Baja
259419,63,50,blue,blonde,female,B05615,Chevrolet,Corvette
259519,43,63,blue,black,male,B3J282,Toyota,Avalon
259578,36,71,amber,grey,male,VXVW0P,Acura,MDX
259678,59,73,green,black,female,X10250,Isuzu,Hombre Space
259905,30,63,black,grey,male,V75E0B,GMC,Savana 2500
259999,40,75,brown,black,female,5ZX41N,Chevrolet,Express 2500
260023,31,72,amber,green,female,P27WHW,Kia,Sorento
260364,61,67,amber,red,male,2X5420,Buick,Lucerne
260421,23,54,amber,black,male,M831SG,Ford,F350
260824,75,58,blue,blue,female,4WXS62,Mercedes-Benz,SLK-Class
260885,62,68,brown,red,male,G8P86E,BMW,3 Series
260957,82,59,blue,brown,female,TAV732,Ferrari,599 GTB Fiorano
261067,70,72,brown,red,male,N0I5L0,Volkswagen,GTI
261383,73,80,amber,brown,female,QDYAHF,Pontiac,Torrent
261424,20,76,green,brown,female,2D51VF,Chevrolet,Cavalier
261443,74,78,black,green,female,78SPCK,Mercedes-Benz,M-Class
261550,18,63,green,white,male,UDL42H,Chrysler,Crossfire
261563,77,66,black,green,female,8WT04G,GMC,Jimmy
261726,80,56,blue,brown,male,AF8A8C,GMC,Yukon XL 1500
261798,60,68,brown,black,male,Q4G47R,GMC,Savana 3500
262654,78,61,brown,brown,female,1608YK,Acura,MDX
262810,81,80,brown,red,female,2J7DO5,Nissan,Murano
262814,51,65,blue,blonde,female,6D5X25,Honda,Pilot
262874,51,50,brown,black,male,TP08S2,Volkswagen,New Beetle
262944,21,50,brown,black,male,TL0N26,Chevrolet,Colorado
263073,44,80,blue,grey,male,B7YM44,Volkswagen,GTI
263345,19,63,black,blonde,female,O68621,Mitsubishi,Challenger
263348,29,72,black,grey,female,O4GPWW,Aston Martin,V8 Vantage
263493,39,79,brown,black,male,6F5FL2,Kia,Rondo
263533,54,73,black,green,female,ADJK12,Volvo,S80
263558,32,65,green,red,female,SNAO0S,BMW,X5 M
263817,50,65,black,grey,male,S81Z63,Ram,2500
263855,48,67,blue,blonde,male,050244,Chevrolet,Malibu
264005,19,51,brown,grey,male,8P21MP,GMC,Envoy XL
264081,42,59,green,brown,male,6GY808,BMW,7 Series
264111,88,77,brown,brown,female,FN7F60,Mercedes-Benz,SL-Class
264191,32,57,brown,blonde,female,1566XJ,Dodge,Dakota Club
264236,28,69,amber,red,male,G7036J,Chevrolet,Avalanche
264464,34,64,blue,white,female,P71TZR,Lexus,LFA
264519,59,63,brown,red,female,DGJHQY,Lincoln,Continental
264672,68,65,green,white,male,NGJHG3,Toyota,Celica
264734,64,82,brown,brown,male,S4VY76,Mitsubishi,Pajero
264907,78,80,black,blue,female,V5YI23,Suzuki,Vitara
265188,68,78,green,green,female,1X47H5,Pontiac,G8
265441,77,75,amber,blue,female,O6Z2C5,Dodge,Neon
265570,57,59,brown,blue,male,87RF43,Subaru,B9 Tribeca
265633,73,66,blue,brown,female,4V8314,Mitsubishi,Outlander
265639,83,70,blue,red,male,C023J4,Lexus,IS F
265713,31,74,black,red,male,DD1282,Mitsubishi,Montero
265774,88,53,blue,blonde,male,HGA837,Nissan,Sentra
265845,87,60,brown,grey,female,YQ1GQW,Honda,Civic
266040,82,52,amber,blonde,female,JCPRU7,Cadillac,Escalade ESV
266093,60,59,amber,brown,male,5ZP6P6,Ford,Fusion
266102,41,55,brown,white,male,AM2OEB,Toyota,Highlander
266528,52,51,brown,green,male,E8XV0X,GMC,Yukon
266786,62,72,green,blonde,female,18I4B4,Chevrolet,Lumina
267084,61,57,green,blue,male,68E18O,Chevrolet,Suburban 1500
267100,60,75,amber,blue,female,667D41,Plymouth,Breeze
267134,22,50,brown,grey,male,H263X6,Ford,Taurus
267154,63,54,amber,blue,female,7E7TWF,MINI,Cooper Clubman
267419,76,71,blue,grey,male,82E0MR,Lexus,ES
267503,88,64,black,blue,female,3I6U00,Kia,Optima
267779,43,64,blue,grey,female,61O833,Cadillac,DeVille
267824,58,76,amber,black,female,ILLD4R,Kia,Sedona
267828,57,60,black,black,male,B6BKFR,BMW,X5
267882,68,58,green,blue,male,CIU254,Scion,xB
267924,58,56,green,white,male,04M72N,Volvo,S60
267927,69,54,blue,black,female,FNNPZ8,BMW,Alpina B7
267972,81,60,green,white,female,1T3777,Cadillac,DTS
268139,34,74,black,red,male,BL1070,Hyundai,Tiburon
268209,59,58,brown,white,female,F3O5D5,Honda,Civic Si
268430,19,54,brown,red,female,54TH2S,Pontiac,Grand Am
268545,85,62,amber,green,female,PQ45J6,BMW,5 Series
268564,19,76,green,blonde,female,W3BSN1,Acura,MDX
268675,51,70,amber,black,male,E5UA33,Chevrolet,Silverado 2500
268783,84,71,black,blue,male,I70H44,BMW,5 Series
268889,68,73,blue,black,male,SFL033,Subaru,Forester
268925,21,72,black,green,male,BRXE2R,HUMMER,H1
268935,44,73,brown,green,female,5552ER,Dodge,Caliber
268943,54,81,green,brown,female,23FY8C,Saab,9-3
269000,86,70,black,black,female,57PT6M,Honda,S2000
269007,18,60,black,white,female,G1SEU5,Chevrolet,Astro
269208,20,56,green,green,male,144U87,Nissan,Armada
269486,83,81,green,blonde,female,0LF88Q,GMC,Suburban 1500
269778,30,71,blue,green,female,842OA1,Acura,Integra
269855,73,79,amber,green,female,6KVGK1,Ford,E-Series
269885,33,62,blue,grey,male,Y7LQLS,Aptera,Type-1h
270043,24,62,blue,brown,female,Z0E363,Mitsubishi,Galant
270063,87,80,green,red,female,3ZS22X,Land Rover,Discovery
270097,68,56,black,brown,female,H8EOGS,Ford,Expedition
270112,79,70,amber,blonde,male,7N05M1,Dodge,Grand Caravan
270114,61,77,green,blonde,female,72773B,Lexus,ES
270202,30,56,blue,white,male,D84076,Mitsubishi,Galant
270260,36,61,green,grey,female,I48GT2,Chevrolet,Avalanche 1500
270291,40,52,black,red,female,71ZQ17,Ford,Fiesta
270433,50,76,green,green,male,2K3717,Hyundai,Veracruz
270494,54,67,black,red,male,O55JJ8,GMC,Envoy
270529,61,78,green,black,female,4K2414,Ford,F350
270536,74,77,black,green,female,7A473P,Pontiac,G6
270792,66,64,black,green,female,IDD1PZ,Dodge,Stratus
270828,36,67,blue,green,male,8825I2,Mercedes-Benz,M-Class
270913,59,66,amber,black,male,N8PG36,Ford,F-250 Super Duty
270967,77,70,brown,brown,female,8667S1,Ford,Escape
271075,20,50,blue,blue,male,B58532,Hyundai,XG300
271094,77,81,brown,grey,female,61NZ70,Nissan,370Z
271124,48,52,blue,blue,female,X64L58,Mercedes-Benz,R-Class
271157,42,64,brown,blonde,male,YFEIAH,Scion,tC
271162,62,51,green,brown,male,116TW3,Ford,Transit Connect
271166,26,62,blue,white,female,77Q75N,Mercedes-Benz,CL-Class
271198,67,82,black,brown,male,1GYIE2,Buick,Lucerne
271301,53,77,black,brown,male,7CF7Q1,Cadillac,Escalade ESV
271643,32,58,amber,blonde,male,LP5J21,Mercury,Tracer
271749,80,52,black,blonde,male,Z515W8,GMC,Safari
271762,36,51,amber,grey,female,6LJBM1,Mazda,MPV
271763,30,79,blue,blue,female,XN0460,Mazda,CX-9
271885,83,69,black,brown,male,77C877,Chevrolet,Blazer
271902,20,59,black,grey,male,6ZY5N6,Saturn,L-Series
271955,66,52,brown,grey,male,D5I57E,Jeep,Patriot
272018,89,60,brown,red,female,YY0P4R,Pontiac,Grand Prix
272059,49,75,brown,black,male,U5T458,Honda,Insight
272087,22,75,blue,red,male,7DY285,Volkswagen,Cabriolet
272157,61,70,blue,blue,male,164828,Cadillac,DeVille
272187,34,72,brown,red,male,OHWXFN,Audi,A4
272225,68,79,brown,red,male,SZOX25,Lotus,Esprit
272244,30,64,black,red,male,41M241,Toyota,Sequoia
272261,42,68,brown,blue,male,H4S07B,Chevrolet,Metro
272263,31,53,blue,brown,male,6D7PG5,Ford,E150
272365,61,76,black,black,male,JX7D3V,Maybach,57
272495,58,60,amber,brown,male,Y23V73,Saturn,Aura
272529,82,61,black,brown,male,470UB0,Buick,Park Avenue
272535,47,81,amber,blue,male,8D7348,Honda,Ridgeline
272570,70,60,blue,white,male,5214Z4,BMW,7 Series
272800,35,69,amber,blue,female,H407Q1,Kia,Rondo
272928,46,69,amber,green,female,C4AD12,Scion,xD
273161,35,51,black,red,female,16M5Y8,Suzuki,Daewoo Magnus
273305,67,76,green,brown,female,UL31Y8,Isuzu,Trooper
273382,28,51,brown,green,female,00BJJN,Nissan,Sentra
273403,79,67,black,brown,male,E3ZA8D,Maybach,62
273410,63,55,black,red,female,JN01F0,BMW,5 Series
273437,50,58,brown,black,female,1RNO74,Mitsubishi,Pajero
273541,62,53,black,white,female,7SKG2A,Mercedes-Benz,M-Class
273549,85,69,brown,grey,male,OFG2TQ,Mazda,Protege
273733,68,79,brown,blue,female,55827X,Porsche,Panamera
274050,46,64,black,grey,male,CO58RH,Mazda,RX-8
274323,73,60,black,blue,female,34043R,Mercedes-Benz,SLK-Class
274427,26,55,green,blonde,female,3O06O3,Ford,Explorer
274462,89,75,black,blue,male,EO1728,Morgan,Aero 8
274472,68,61,blue,red,female,8NSCZ3,Suzuki,Daewoo Lacetti
274530,36,73,blue,grey,male,3TJ15P,Dodge,Caravan
274556,66,75,blue,green,female,5VL11G,Dodge,Neon
274567,83,70,green,green,male,T46A56,Mercedes-Benz,CL-Class
274574,54,56,brown,white,female,OUN883,Ford,E150
274709,55,59,brown,blonde,male,T15P31,Dodge,Dakota
274710,42,60,black,red,female,BY8S6K,Porsche,Cayman
274713,35,65,green,black,male,V01X4J,Cadillac,Escalade ESV
274813,37,59,brown,green,male,L017RA,Audi,A7
274939,53,53,brown,brown,male,223ZG0,GMC,Savana 2500
274976,22,59,amber,brown,female,2Q4SP5,Maserati,GranTurismo
275007,80,77,blue,white,female,GTP3U4,Audi,A6
275018,26,64,green,blonde,female,5XL4O7,BMW,1 Series
275073,58,52,black,grey,female,44VSP5,Mazda,MX-5
275107,37,82,amber,blue,female,L2EWNT,Lamborghini,Murciélago
275242,59,82,green,brown,male,Z063H5,Nissan,Quest
275317,67,52,blue,blue,male,2LS1W6,Mazda,CX-9
275361,51,74,brown,red,female,RTUX68,Cadillac,SRX
275457,81,79,blue,white,male,IRHD8K,GMC,Acadia
275482,36,73,amber,black,male,2VW6Q8,Chevrolet,Aveo
275725,67,50,amber,brown,male,20F0MN,Jaguar,XJ Series
275758,35,82,black,brown,male,LPO165,GMC,Safari
275831,26,79,green,brown,male,7DK86O,GMC,Yukon XL 2500
275844,74,75,brown,blue,female,YI25QE,Suzuki,Reno
275847,79,73,black,red,female,PI7OM2,GMC,Sierra
276078,82,72,black,blonde,female,N48P12,Mazda,Mazda3
276102,54,61,brown,grey,male,N1F4Y5,Aston Martin,Virage
276245,79,65,black,blonde,female,8XEZYY,Cadillac,SRX
276397,30,57,black,white,male,73H08X,Cadillac,Escalade ESV
276413,29,81,brown,blue,female,33GO53,Mazda,B-Series
276473,37,54,black,black,female,7E7TVK,Lincoln,MKZ
276555,52,64,blue,green,female,JSXUO6,GMC,Sonoma
276672,79,72,blue,red,female,U1P2O8,Suzuki,Daewoo Magnus
277132,76,72,black,blue,female,828PX4,Mercury,Tracer
277270,88,65,green,brown,male,7H8H2I,Saab,9-3
277310,56,50,brown,blonde,male,F0AX0S,Toyota,Prius
277341,55,68,black,red,male,FU51RI,Chevrolet,3500
277467,78,52,amber,black,male,21WG0O,Lexus,SC
277599,82,64,green,grey,female,BK5VV3,Mitsubishi,Diamante
277697,38,73,green,brown,male,V4271Z,Toyota,Land Cruiser
277698,20,72,green,black,male,CF6A46,Chrysler,300M
277761,43,75,blue,grey,male,553W7H,Subaru,Legacy
278056,32,78,black,red,female,FQS1O6,Mazda,B-Series Plus
278151,87,54,black,blue,male,0F3B3Z,Pontiac,Grand Am
278161,36,81,brown,brown,female,2351S7,Bentley,Azure
278269,60,74,green,grey,female,WR44NB,Ford,Windstar
278310,35,69,blue,blonde,male,FT5782,Toyota,Highlander
278353,85,61,amber,green,female,I62K61,Pontiac,Solstice
278506,65,81,black,green,male,0YC04H,Daewoo,Nubira
278593,75,58,green,brown,female,781IF7,Volkswagen,Jetta
278654,55,67,green,black,female,6JQ4MP,Chevrolet,Silverado 1500
278763,32,54,green,grey,female,35F7Q4,Aston Martin,DB9
278803,25,60,brown,green,male,1O3CS6,Suzuki,Daewoo Lacetti
278814,74,58,amber,blue,female,JR46DT,Mazda,Mazda5
278833,75,67,blue,blonde,male,N3YX2F,Isuzu,i-370
278852,74,54,black,red,male,J1J76Y,Porsche,Cayman
278866,62,71,green,blue,male,1Q2TQ2,Maybach,57
279162,78,55,amber,blonde,female,UL3PRP,Cadillac,SRX
279338,43,74,blue,white,female,1135EV,Ford,Five Hundred
279503,43,61,green,blue,male,US877X,Plymouth,Voyager
279856,82,66,green,grey,female,H37807,Lexus,LS Hybrid
279952,35,65,brown,black,male,LMHXW1,GMC,Savana
279993,50,51,blue,blue,male,C012IS,Nissan,370Z
280163,40,77,blue,black,male,U83J1K,Land Rover,Defender Ice Edition
280229,23,71,black,white,female,7OL327,Volvo,V40
280299,52,73,amber,green,female,64X22U,Volkswagen,Golf
280489,84,53,black,black,female,TI2W3D,Spyker Cars,C8
280503,21,60,black,brown,male,E8600D,Saab,9-3
280614,85,58,brown,white,male,UL86AA,Porsche,Carrera GT
280678,47,77,amber,green,female,26D56L,Mercury,Sable
280818,34,52,blue,blue,female,307K75,Mercedes-Benz,CLS-Class
280840,49,72,brown,blonde,female,E5V74I,Nissan,Quest
280855,25,82,black,black,male,1O663L,Mazda,CX-9
280908,45,53,black,blonde,male,76C75A,Lexus,GX
280937,19,68,green,white,male,YQ6T65,Ford,Focus
281159,30,69,brown,brown,male,M8R04W,Honda,Passport
281162,70,64,green,red,female,61K1EP,Chevrolet,Corvette
281179,22,73,black,blonde,female,5O13T6,Buick,Terraza
281201,63,71,brown,green,male,7DTLR2,Bentley,Continental GT
281231,78,65,blue,blonde,female,34XER1,Ford,Econoline E350
281276,47,63,amber,brown,female,7DXCJ5,Mercury,Villager
281277,45,56,amber,white,male,FWZ21V,Nissan,Murano
281377,74,68,blue,white,male,HS503L,Mitsubishi,Diamante
281605,82,79,amber,red,male,65X1C7,Honda,Pilot
281664,45,80,black,green,male,B6Q4S2,Ford,Escape
281726,32,78,amber,blonde,male,34D3F3,Buick,Park Avenue
281750,69,76,amber,grey,female,7L660F,Chevrolet,Uplander
281851,43,68,blue,black,female,436B40,Nissan,Armada
282029,61,78,green,green,male,L1127N,Subaru,Tribeca
282061,60,63,brown,black,male,M2YK72,Toyota,FJ Cruiser
282063,25,81,blue,blonde,female,H3UVO6,Ford,E250
282118,56,82,amber,grey,female,N8H1H6,Toyota,Sequoia
282121,39,63,black,blue,male,70V5W3,Hyundai,Accent
282264,34,55,green,grey,male,M454QT,Lexus,GS
282343,86,81,amber,black,female,71D5WO,Nissan,Altima
282450,74,74,green,black,male,571T47,Subaru,Legacy
282712,48,58,blue,black,female,71XY33,Nissan,Xterra
282740,55,65,brown,green,female,P8M615,MINI,Cooper
282763,85,71,blue,black,female,2450IW,GMC,Yukon XL 2500
282839,44,72,blue,blonde,male,138FX8,Toyota,Sienna
282910,83,62,green,blonde,male,ZDRYL4,Cadillac,Escalade ESV
283043,45,52,brown,blue,female,0S8105,Suzuki,Vitara
283045,73,73,blue,brown,male,R1S804,Toyota,RAV4
283209,22,71,amber,brown,female,84V5RI,Mitsubishi,Lancer Evolution
283219,59,50,blue,black,female,WFRM0B,Subaru,Impreza
283294,34,75,black,brown,male,SQVT2Z,Acura,Integra
283445,43,55,blue,black,male,21NLTZ,BMW,3 Series
283512,68,82,green,white,male,376H6W,Cadillac,Escalade ESV
283683,70,64,black,blue,male,8HQ0LS,Lexus,IS F
283822,33,57,green,brown,male,51JR73,Chevrolet,Suburban 2500
283929,68,65,blue,blonde,male,05GF14,Chevrolet,Colorado
284138,54,62,blue,grey,female,DMIODE,Audi,S6
284166,58,58,blue,blonde,male,T67268,Nissan,Maxima
284172,50,81,black,white,female,0FOT0E,Isuzu,Hombre
284194,89,59,green,black,female,8MLFBF,Chevrolet,Prizm
284195,74,70,amber,grey,female,K4PHJN,Acura,TSX
284199,74,63,amber,brown,male,53X357,Chevrolet,Camaro
284283,71,59,green,blue,female,2AT1KD,Acura,RDX
284299,68,62,black,brown,female,830450,Dodge,Avenger
284354,51,55,brown,black,female,2JQ3G6,Chevrolet,Suburban 1500
284515,63,78,black,white,female,OL380K,Buick,LaCrosse
284739,59,76,brown,blue,male,WLEEF5,Jaguar,XJ Series
284814,66,74,blue,black,male,LNRK06,GMC,Sierra 1500
285122,83,82,amber,grey,male,OP71U2,Mitsubishi,Diamante
285145,40,61,blue,white,male,77KYG1,Toyota,Highlander
285181,71,72,blue,red,male,08Y2O7,Hyundai,Azera
285198,84,63,green,red,female,2S7VG0,Chevrolet,Uplander
285301,18,70,brown,black,female,HMEXA8,Dodge,Intrepid
285368,50,81,amber,grey,male,5WO57N,Acura,MDX
285494,21,61,blue,black,male,818H70,Ford,F-Series Super Duty
285623,89,64,amber,black,male,VEM532,Infiniti,G
286303,71,77,brown,white,male,61H56I,Porsche,Boxster
286482,68,77,amber,green,male,3PKLNY,Mitsubishi,Lancer
286729,75,73,blue,green,male,8375P4,Chevrolet,Cobalt
286806,63,78,black,grey,female,J6L5U7,Mercury,Tracer
286890,79,66,black,white,male,MI8538,Chevrolet,Venture
287095,18,72,amber,grey,male,IJBAD2,BMW,745
287122,54,70,brown,red,female,ZT61DQ,Toyota,Sienna
287151,71,64,black,red,female,2IF0B8,Ford,E-Series
287178,21,54,brown,grey,female,4L885O,Volvo,C70
287187,26,72,blue,grey,female,44N40A,Cadillac,Escalade
287233,75,80,black,blonde,female,7044R4,Audi,A3
287445,37,82,blue,black,male,04I2AY,Land Rover,Discovery
287567,18,69,brown,green,female,333Y2O,Mitsubishi,Lancer Evolution
287627,29,58,black,brown,female,Z784RR,Audi,S5
287643,89,56,blue,green,female,T0EPN0,Chrysler,Voyager
287647,45,65,amber,red,female,EG34DK,Honda,Accord
287679,49,54,green,blue,female,ZQONRM,Volkswagen,New Beetle
287882,25,77,green,grey,male,HKLI38,Saab,9-3
287929,46,51,blue,black,female,LBWN0L,Kia,Amanti
288117,24,65,black,white,female,Z722GA,Honda,CR-Z
288146,50,64,blue,red,female,2P6280,BMW,X3
288268,79,79,brown,red,female,44CX0E,Hyundai,Elantra
288355,57,65,green,brown,male,84S54C,Volvo,V50
288411,56,80,amber,brown,male,47Q7TQ,GMC,Safari
288470,63,74,green,red,female,D0R16F,Lincoln,Aviator
288683,82,52,blue,green,female,Y3T046,GMC,Savana 1500
288748,21,80,green,white,male,Q6VCD7,Chevrolet,Cobalt SS
288766,87,58,amber,blonde,male,M8GFC0,Ford,E-Series
288844,64,80,black,grey,male,K85867,GMC,Envoy
288922,70,56,green,blonde,male,ZZU262,Jeep,Grand Cherokee
288955,56,74,green,blue,male,1S8OT5,Nissan,Maxima
289067,80,79,green,blue,female,1AZGSR,Mazda,B2500
289187,52,71,green,black,male,3IA011,Toyota,4Runner
289273,66,68,black,brown,male,FHWM88,Chevrolet,Silverado
289436,38,70,black,white,female,T2F6LC,Ford,Econoline E250
289453,23,75,brown,blonde,female,W42L3O,Ford,Crown Victoria
289595,74,61,blue,blue,male,30SAD2,GMC,Envoy XL
289602,33,69,brown,brown,male,52357K,Honda,Passport
289632,62,64,blue,green,male,E0WXB0,Honda,Insight
289723,62,79,green,red,male,X0DV2R,Honda,Element
289810,69,65,brown,grey,female,GP5X0R,Aston Martin,DB9 Volante
289948,18,53,amber,blonde,female,GERH0Z,Dodge,Ram 2500 Club
289977,76,82,blue,white,male,E85708,Chevrolet,Trailblazer
289993,58,56,black,white,male,WMZP87,Volkswagen,Tiguan
290051,31,57,amber,blonde,female,7TB1S4,Oldsmobile,Cutlass
290072,41,80,brown,black,female,CYAJI0,Dodge,Caravan
290274,88,66,green,brown,female,K8SH3R,Lincoln,MKZ
290275,36,70,black,brown,male,KFZEB1,Ford,Taurus
290300,57,66,green,black,male,3E1N6B,Chevrolet,SSR
290391,49,66,amber,blue,male,40AD71,GMC,Savana 1500
290422,22,78,brown,black,female,C40504,Plymouth,Breeze
290457,89,57,green,red,male,DU8P78,Dodge,Dakota
290770,89,81,amber,grey,female,A5765O,Mercedes-Benz,SL-Class
290834,84,76,amber,blue,male,3K82C6,Mazda,Tribute
290855,65,51,amber,grey,male,5018R3,Toyota,Tacoma Xtra
290915,35,61,blue,blonde,female,7D525W,Eagle,Talon
291066,66,65,green,grey,male,1GQMZW,Bentley,Arnage
291137,40,66,green,green,male,O8L5AZ,Chevrolet,Avalanche 2500
291182,65,66,blue,red,female,08CM64,Tesla,Model S
291232,65,53,black,white,female,6SGB22,Cadillac,Seville
291297,44,71,black,white,male,5453UM,Lincoln,Navigator
291372,23,52,amber,brown,female,LMR7Q1,MINI,Cooper
291437,29,54,brown,black,female,V6532S,Suzuki,SX4
291569,77,63,brown,blue,female,UW546A,Ford,Mustang
291576,88,54,amber,brown,male,46JD4W,Mercedes-Benz,CLK-Class
291737,51,66,black,white,female,4F6RU3,Audi,A4
292154,83,81,blue,white,female,ZAU24E,Lotus,Exige
292166,18,69,amber,white,female,2R2R5N,Mazda,B-Series Plus
292178,58,68,brown,black,female,0N2H1Q,Lincoln,Aviator
292180,58,61,amber,green,male,TCO3Q8,Saab,9-7X
292218,51,73,brown,red,female,QEAQW3,Chevrolet,Camaro
292318,59,54,green,green,male,0NIE05,Chevrolet,Prizm
292345,73,77,green,blonde,female,R5D3H6,Ford,Explorer
292363,39,60,blue,black,female,C26P53,Ford,Ranger
292459,85,73,brown,grey,female,46253U,GMC,Sierra 1500
292620,67,78,blue,brown,female,8IUP12,Bentley,Arnage
292800,34,67,green,white,female,Y1CM61,Audi,A3
292820,39,62,brown,brown,male,83JH4J,BMW,M
292965,20,51,blue,brown,male,210VU2,Hyundai,Tucson
293107,43,63,brown,blonde,female,L0RK3Z,MINI,Cooper Clubman
293173,43,58,blue,grey,male,QWDI6H,Dodge,Caravan
293263,78,82,black,grey,male,O7331Z,BMW,X5 M
293290,33,81,brown,green,female,7OB1IU,Lexus,GS
293353,22,81,blue,green,male,E6JQE3,GMC,Canyon
293359,71,56,amber,brown,male,3M76JA,Ford,Explorer Sport
293365,18,79,black,black,female,13O80P,Dodge,Ram 3500
293437,59,67,amber,grey,female,Y112C3,GMC,Savana 1500
293467,40,78,black,black,female,FJ2KJD,Acura,ZDX
293501,87,59,black,brown,male,QZZQA8,GMC,Yukon XL 1500
293580,85,67,brown,green,female,6R3D5P,Lexus,RX
293609,24,62,amber,brown,male,CQO5H8,Chevrolet,S10
293718,40,82,blue,brown,male,2S001P,GMC,Envoy XUV
293724,55,58,brown,red,female,I6NSR1,Cadillac,XLR-V
293743,33,79,green,grey,male,1G4S7N,Chevrolet,Avalanche 2500
293804,49,65,brown,green,female,37GB56,Kia,Sedona
293858,59,65,blue,white,male,M6VXU8,Toyota,MR2
293871,27,66,black,blue,male,Q52S3H,MINI,Countryman
293897,55,71,green,brown,male,G038GY,Mercedes-Benz,S-Class
294052,43,78,black,green,male,Z4IH83,Buick,Rainier
294069,70,55,black,grey,female,7B463I,Saab,9-5
294074,22,74,brown,grey,female,20FM78,Ford,Focus
294274,89,82,amber,green,female,ZM5JDN,Ford,Five Hundred
294615,28,78,blue,brown,female,DUS282,Dodge,Stratus
294751,23,58,blue,brown,male,8J7423,Mercury,Mountaineer
294955,56,59,amber,red,female,837DLE,Isuzu,Rodeo Sport
294985,85,80,black,grey,female,0IHW6S,Lexus,HS
295045,27,69,black,blue,female,7F0851,Toyota,Land Cruiser
295099,88,74,brown,brown,female,1765SG,Toyota,4Runner
295109,53,61,brown,blonde,male,KAZ016,Mercedes-Benz,CLK-Class
295123,66,82,green,black,male,1BB247,Toyota,Prius
295230,42,59,brown,white,male,YASU3P,GMC,Sierra
295294,87,65,green,blonde,male,8JY1X2,Mercedes-Benz,C-Class
295351,55,56,green,white,female,AMQK10,Kia,Spectra
295358,35,65,amber,blonde,female,71IXY3,Toyota,Land Cruiser
295469,23,76,green,blue,female,Q6QRE0,Audi,TT
295496,71,65,amber,blonde,male,6K24AO,Audi,A3
295567,38,54,green,white,female,46E06V,Toyota,Venza
295681,28,51,black,red,female,0ND875,Lexus,ES
295765,63,72,brown,blonde,female,EN6I82,Saturn,Sky
296007,19,61,black,green,female,2NT7PV,Chevrolet,Express 3500
296008,70,75,amber,red,female,U858JV,Mercedes-Benz,M-Class
296553,85,62,amber,red,female,IZWHT2,Ford,Focus
296587,80,51,amber,blonde,male,SD5X74,Mercedes-Benz,SL-Class
297135,44,51,brown,grey,male,O8XJ20,Lexus,LX
297176,22,80,amber,brown,male,16YJFL,Chevrolet,Suburban 2500
297302,60,52,black,blonde,male,B4FKW8,Buick,Park Avenue
297328,83,60,blue,blonde,female,N6F3F2,Infiniti,QX
297349,81,51,blue,grey,female,LRBJBV,BMW,X5 M
297407,36,67,amber,green,female,0546J3,Scion,xB
297633,63,69,green,black,male,QYG233,Dodge,Caravan
297720,84,50,green,blue,male,33L10I,Mercedes-Benz,SLR McLaren
297883,18,70,blue,blue,female,5M64R1,Volkswagen,New Beetle
297960,42,70,amber,green,male,758YO2,Acura,Integra
298206,49,68,blue,blonde,male,AUIZ56,Honda,Fit
298267,34,74,black,red,male,6206Z4,Lexus,LS
298274,60,52,black,green,male,65L4ID,Ford,Taurus
298306,38,72,green,blonde,male,850274,Dodge,Dakota Club
298374,22,73,black,grey,male,547V5G,Saab,9-5
298462,64,69,green,blonde,male,4317I1,Hyundai,Santa Fe
298531,59,77,brown,black,male,RY41YN,GMC,Sonoma
298671,30,75,brown,brown,female,M3PDDC,Mercedes-Benz,CLK-Class
298804,87,57,black,grey,male,QRMF6E,Pontiac,Trans Sport
298830,41,80,blue,red,female,1CYS1Z,Volkswagen,Jetta
298866,33,70,green,green,male,T4J878,Acura,NSX
299115,64,72,brown,blonde,male,GMQ287,Subaru,Legacy
299252,38,59,green,grey,male,771385,GMC,Savana 2500
299307,66,51,brown,brown,male,IU0RVO,Mercedes-Benz,E-Class
299638,23,81,brown,blonde,male,TG7GR7,Chevrolet,Malibu
299676,56,65,blue,black,female,72W00V,Toyota,Camry
299835,58,66,blue,green,female,WSPR0W,Mazda,MX-5
299836,48,63,green,grey,female,3ZF03W,Infiniti,G
299952,53,57,black,black,female,62Y758,Mercedes-Benz,E-Class
299975,52,53,brown,white,female,K7DZB5,Buick,Rendezvous
299982,18,62,green,white,female,S61U7P,Cadillac,Catera
300070,62,50,amber,brown,male,0IJ5A1,Mazda,Mazda5
300125,23,74,amber,grey,female,2525PY,Suzuki,XL-7
300295,72,64,blue,grey,male,MWI8K6,Chrysler,Sebring
300483,20,52,green,black,female,JY58JR,Ford,Econoline E350
300522,49,54,brown,white,male,W405B7,Honda,Element
300551,83,56,black,brown,male,167I5F,Ford,Escort
300565,42,77,green,blonde,female,N0Y084,Lamborghini,Murciélago
300581,67,60,green,blonde,male,6406DJ,Pontiac,Sunfire
300777,69,71,blue,black,female,A5542B,Chevrolet,Express
300914,75,70,brown,white,male,E50G0A,Honda,Ridgeline
300932,79,70,black,brown,female,YTVG3V,Dodge,Intrepid
300945,34,66,green,grey,female,5G8QGT,Lexus,LS
300967,89,74,brown,brown,male,SAB47R,BMW,525
301014,71,64,blue,blue,male,1DUFW1,Mitsubishi,Lancer
301096,32,82,black,brown,female,86CQ45,Infiniti,QX
301196,75,54,black,green,female,7C8K6C,Cadillac,Escalade ESV
301288,73,67,amber,white,female,MB17KL,Dodge,Dakota
301329,45,55,blue,white,male,FA37I0,Infiniti,QX56
301337,50,58,brown,white,male,UF5GT8,Acura,MDX
301373,72,64,black,blonde,female,SUW7V5,Buick,Lucerne
301411,89,60,blue,brown,female,MT2W63,Ford,Fusion
301444,47,73,brown,brown,male,X075W0,Mazda,Mazda5
301631,78,62,black,red,female,BV1587,Honda,CR-V
301671,41,71,blue,blonde,female,OQT428,Chrysler,PT Cruiser
301705,18,73,black,grey,male,MYAUJ5,Saab,9-3
301722,50,78,blue,blonde,female,210OH4,BMW,X6 M
301745,52,75,black,grey,female,A0W0BN,BMW,5 Series
301758,31,61,black,red,male,47V4DD,Mitsubishi,Pajero
301760,49,81,brown,green,female,476G42,Honda,Insight
301765,87,65,blue,red,female,07THAN,Chevrolet,Metro
301783,70,67,amber,brown,male,8C6L73,Chevrolet,Silverado 1500
301806,74,69,green,black,male,UL4E18,Suzuki,Forenza
301876,48,58,brown,green,female,S1F47M,Nissan,350Z
301902,58,73,brown,red,female,FHDFUN,Chrysler,300C
301996,48,59,green,red,female,81CZ54,Nissan,Versa
302153,40,66,green,brown,male,130YAI,BMW,Z4
302500,25,56,brown,black,female,5L81N6,Suzuki,Grand Vitara
302599,21,54,black,blonde,male,48D826,Subaru,Impreza
302633,46,68,amber,grey,female,HK62HH,Hyundai,Santa Fe
302685,70,77,blue,blonde,male,2640FA,Audi,A4
302710,88,71,blue,white,male,8JC382,GMC,Yukon XL 2500
302726,70,75,amber,grey,male,RE5IJ6,Mitsubishi,Endeavor
302895,68,69,blue,brown,female,E2MA50,Dodge,Ram Van 2500
302960,65,59,blue,white,male,I7V36G,Isuzu,Rodeo
303144,30,75,black,grey,male,8HGI4O,Aston Martin,DBS
303219,76,70,blue,grey,male,15Y842,Hyundai,XG350
303231,81,76,amber,grey,male,1UAYPB,Audi,A6
303357,43,59,green,blue,male,7P5T42,GMC,Sierra 2500
303367,50,50,black,brown,female,UP4SE3,Chevrolet,Express 1500
303476,53,59,black,red,male,87LUL5,Nissan,350Z
303645,35,80,black,blonde,female,2Y40MP,Lexus,GS
303685,18,63,black,green,female,1365R7,Toyota,Tundra
303929,86,60,brown,black,male,VA546R,Honda,Insight
303993,68,65,amber,grey,male,6N0MI6,Aston Martin,Rapide
304033,56,77,black,white,male,54YRYV,Honda,Odyssey
304117,26,63,green,red,female,IVQ876,Lincoln,Town Car
304379,37,66,brown,blonde,male,HQ8K57,Chevrolet,Tahoe
304443,77,61,brown,white,male,33DJI2,Suzuki,Verona
304456,24,59,black,grey,male,5IVFV3,Dodge,Viper
304525,75,68,black,white,female,334C5H,Lotus,Exige
304535,52,52,brown,brown,male,7PW3R5,Toyota,Sienna
304591,21,82,green,brown,female,P64T62,Honda,CR-V
304731,21,82,amber,blue,male,2KA6DS,Infiniti,FX
304916,63,69,amber,blue,male,5OV0AX,Suzuki,Equator
304947,63,71,brown,red,female,G7LD27,Hummer,H2
304976,84,61,black,red,female,74RQYJ,Ford,Expedition EL
304979,73,55,amber,green,male,T24J8P,Chevrolet,Monte Carlo
305071,24,82,green,black,male,M7MXA1,Mazda,CX-7
305112,55,77,black,black,female,2Z832V,Kia,Soul
305127,44,76,blue,green,male,0WEIXD,Dodge,Avenger
305329,37,55,amber,blue,female,4MTN2N,Infiniti,G
305375,65,82,black,red,female,22OI2H,GMC,Terrain
305409,86,61,brown,white,female,U55AJ2,Mercedes-Benz,SLK-Class
305416,49,71,black,brown,male,I8OQV6,Chevrolet,3500
305468,86,54,amber,red,male,18KDM4,Mazda,Mazda5
305561,38,51,amber,blonde,male,L21BJF,Volkswagen,CC
305594,62,73,black,red,female,F348SN,Ford,Mustang
305642,80,50,brown,blue,male,HQMP30,Mitsubishi,Pajero
305669,57,57,green,blonde,male,07J7XG,Chevrolet,Express 3500
305989,78,62,blue,grey,female,50YC54,Toyota,Sequoia
306067,75,69,blue,grey,male,5BC0VL,Volvo,C30
306091,42,72,blue,white,male,4O4N8W,Isuzu,VehiCROSS
306308,72,73,amber,grey,male,343VBH,GMC,Sierra 1500
306365,67,67,black,blue,male,YZ84FM,Lexus,LS
306412,89,72,amber,black,female,50FZ0A,Volvo,S80
306416,54,64,green,grey,male,CS366S,Dodge,Neon
306439,31,74,blue,brown,male,6U468N,Kia,Optima
306536,30,55,amber,blonde,female,05E3F1,Toyota,Camry
306806,43,57,blue,red,male,O27HC4,GMC,Sierra 1500
306845,23,73,brown,white,male,2RPZ04,Ford,Focus
307477,70,68,blue,red,female,7FD5H7,Dodge,Ram 1500
307564,69,63,blue,red,male,24437K,Peugeot,207
307637,78,56,blue,red,male,2IUAP2,Oldsmobile,Silhouette
307755,51,72,amber,brown,female,7I73UQ,Chevrolet,Tahoe
307793,45,55,blue,black,male,3E8MI6,Porsche,Cayman
307960,37,68,black,green,female,3L314G,Volkswagen,GTI
308063,81,52,black,green,female,45YG5A,Cadillac,STS
308101,27,72,blue,blonde,male,8M0HY1,Nissan,Altima
308188,64,63,amber,brown,male,P66S5Y,Buick,Riviera
308195,22,82,brown,grey,male,7SQ75F,Acura,ZDX
308327,23,82,black,grey,male,GC4N64,Ford,Crown Victoria
308363,70,79,amber,green,male,N3V2C5,Ford,F350
308814,78,75,brown,grey,female,KH507C,GMC,Sierra 1500
308826,74,50,blue,green,male,M1R1WJ,Lexus,ES
308840,36,72,black,blonde,female,O610UK,Chrysler,300
309004,72,72,black,grey,male,68X5GX,Land Rover,Range Rover Sport
309151,62,72,brown,black,male,48623D,Chrysler,PT Cruiser
309250,18,65,black,brown,female,FS0LFT,Pontiac,Vibe
309372,32,61,blue,green,female,ALVD71,Mercury,Mystique
309485,88,67,amber,grey,male,7REGF3,Chevrolet,Express 1500
309515,27,76,amber,white,female,1V3121,Pontiac,Montana
309632,20,68,brown,green,male,VXM7E8,Ferrari,F430 Spider
309646,23,61,blue,white,male,LO8BMG,Nissan,Titan
309660,47,60,amber,brown,female,5522MD,Toyota,Matrix
309698,40,63,brown,brown,female,I58JJ3,Aston Martin,V8 Vantage
309723,77,72,amber,grey,female,R0SHEX,Dodge,Charger
309732,43,54,brown,green,female,EFSKDX,BMW,M3
309920,63,53,green,black,female,5YRAW3,Bentley,Continental Super
309948,29,52,brown,brown,female,024Y5D,Mitsubishi,Lancer Evolution
309961,54,73,brown,grey,male,3WM280,HUMMER,H2
310008,29,55,brown,blue,male,Y44S6I,GMC,Savana 3500
310149,38,64,black,white,female,Q2Y636,Subaru,Outback
310200,80,62,black,green,male,4CH6PL,Pontiac,Aztek
310204,34,56,black,black,male,HHTG7R,Ford,F250
310242,89,63,amber,blue,male,E0140Q,Kia,Sedona
310378,77,53,green,brown,female,3PDOUS,Dodge,Challenger
310543,38,54,black,brown,male,3JKKWR,Suzuki,Esteem
310577,70,61,black,grey,male,CL8RN1,Subaru,Outback
310732,26,52,amber,black,female,8XZPA3,Mercedes-Benz,CLK-Class
310908,23,59,black,white,male,EV77Y1,Mazda,B-Series
310922,22,78,blue,grey,female,A0XTMW,BMW,5 Series
310964,44,59,blue,green,female,20C840,Mazda,CX-9
310968,40,73,black,blue,male,P3JUF6,Porsche,Boxster
311219,73,50,black,black,female,6O741K,BMW,M Roadster
311408,26,61,black,green,male,461NX6,GMC,Yukon Denali
311458,75,69,blue,grey,male,XS5X5B,Ford,F-Series
311683,58,81,blue,grey,male,778M6R,GMC,Envoy
311724,20,68,black,brown,female,QDJEFD,Volkswagen,Touareg
311780,69,67,green,brown,male,P7407R,Chevrolet,Cobalt
311791,71,74,brown,grey,male,Q8EGTJ,Suzuki,Aerio
312030,74,51,blue,white,female,Z0R2XV,Mercedes-Benz,CLK-Class
312078,56,51,amber,grey,male,GRIDR3,Dodge,Nitro
312107,42,73,blue,green,male,764C07,Toyota,4Runner
312121,25,60,blue,grey,female,N53U57,Pontiac,Grand Prix
312300,64,77,brown,red,male,VZWB1T,Lexus,LX
312396,39,50,blue,green,female,318C17,Ford,Econoline E150
312414,27,60,black,black,female,O40213,Lexus,ES
312609,42,77,black,brown,male,782U02,Chevrolet,Colorado
312707,47,50,brown,white,female,0548R4,Ford,E350
313009,71,53,blue,blue,male,8T18J0,Chrysler,LHS
313172,64,55,brown,green,male,Y62MW3,Mercury,Mountaineer
313219,89,79,green,white,female,WC1BGL,Ford,E250
313321,38,81,brown,brown,male,MW27HA,Mitsubishi,Galant
313689,45,82,green,black,female,88B02C,Ford,F250
313757,89,82,black,white,female,86I331,Chevrolet,Silverado 1500
313815,46,76,amber,brown,female,1V188F,Pontiac,G6
313891,26,57,blue,white,female,4M8TMK,Cadillac,CTS-V
313994,21,78,amber,black,female,TTM407,Buick,Century
314320,71,70,green,green,male,1I4SKO,Mercedes-Benz,CLS-Class
314334,23,81,green,red,female,FX6C4K,Infiniti,QX56
314499,25,81,brown,blonde,male,5W65N0,Buick,LeSabre
314610,40,73,black,white,male,760I48,Bugatti,Veyron
314702,28,52,brown,red,female,83408B,BMW,7 Series
314806,75,68,black,blonde,male,163X5G,Subaru,Impreza
314880,53,68,green,white,male,AJ213B,Volkswagen,Passat
314910,28,69,blue,red,female,K0G75C,Dodge,Intrepid
314945,51,53,amber,grey,male,ZCCJ0S,Mazda,Tribute
315056,61,80,brown,grey,male,T6S672,Mercedes-Benz,S-Class
315061,64,66,blue,red,male,6T72H7,Lexus,GS
315095,55,67,blue,red,female,168XV7,BMW,7 Series
315146,36,71,green,brown,female,444QME,Mercedes-Benz,G-Class
315174,89,81,black,red,male,633A13,Toyota,Tundra
315432,77,75,blue,grey,male,8OH85C,Aston Martin,Rapide
315443,26,68,amber,grey,male,DH55R0,Lexus,GX
315531,69,73,amber,blue,female,CV2R0Y,Cadillac,Catera
315677,24,54,brown,blonde,female,1AGL4F,Ferrari,430 Scuderia
315787,31,71,brown,blonde,female,A170W5,Daewoo,Lanos
315790,89,58,black,blue,male,TI6V2V,Pontiac,Monterey
315986,37,73,green,blonde,female,3CK7S6,Aston Martin,DBS
316072,52,67,brown,grey,female,47L2DQ,Kia,Sportage
316145,83,60,blue,blonde,male,Z1V84X,Dodge,Dakota
316324,58,51,black,blue,male,TSYCWP,Lexus,HS
316342,45,77,brown,green,male,FMW0G3,Ferrari,California
316421,69,70,black,brown,female,66QI0Y,Chevrolet,Silverado 2500
316474,42,58,brown,green,female,8IE66P,Jeep,Grand Cherokee
316540,19,82,brown,grey,male,W56HB1,Aston Martin,DBS
316550,87,61,green,grey,male,8OE72M,Jaguar,X-Type
316575,52,68,black,white,male,E1PJWW,Dodge,Charger
316645,89,81,black,brown,male,K212TZ,GMC,Sierra 1500
316713,47,62,green,black,female,A4CGDV,Ford,F-Series
316751,88,81,brown,blue,male,AU2M8Q,Chevrolet,S10
316978,30,77,brown,white,female,28CGX7,Nissan,Altima
316994,49,62,amber,blue,female,07W8TR,Dodge,Dakota Club
317253,38,70,blue,red,male,U51120,Cadillac,XLR-V
317309,35,63,green,black,male,1W1MS5,Infiniti,QX
317500,26,60,brown,grey,male,8BME5P,Honda,Accord
317515,80,66,blue,blonde,male,44EVZZ,BMW,530
317650,55,55,brown,red,male,J5PPPZ,Toyota,Sienna
317678,34,70,black,blue,male,7310E3,GMC,Sierra 2500
317785,78,59,blue,white,female,FQ6715,Hyundai,Tiburon
318007,54,68,blue,red,male,882DQ3,Honda,S2000
318128,79,79,blue,white,female,68G1T4,Audi,S5
318356,71,59,green,green,male,OHPG0P,Toyota,Tacoma
318381,59,73,green,blue,female,83E65G,Toyota,Matrix
318497,25,56,green,black,female,GW5FSB,Lexus,LX
318740,69,52,brown,black,male,28GNM1,Ford,Taurus X
318819,19,74,black,blue,male,47042Q,GMC,Yukon XL 1500
318829,61,64,amber,brown,female,WBF1TR,BMW,Alpina B7
318855,59,67,green,black,male,83Y0ZL,Chevrolet,Impala
318858,72,65,brown,blonde,male,M4P44L,Ford,Crown Victoria
318955,54,52,blue,red,female,BF6640,Honda,Civic
319075,76,54,amber,blonde,male,WJGFGE,Toyota,Avalon
319150,80,67,green,blonde,female,Y3G4C1,Toyota,Prius
319608,69,57,brown,blonde,male,Y6LXAC,Volkswagen,Cabriolet
319654,76,66,green,black,female,660WEB,Toyota,Matrix
319670,30,50,black,blue,female,32PSI2,Pontiac,Sunfire
319838,24,72,amber,black,male,XT53W0,Chevrolet,Silverado 1500
319967,52,67,green,brown,female,SKB60S,Mitsubishi,Montero Sport
319983,71,55,green,black,female,MH6JIP,Toyota,Corolla
319985,42,76,black,blue,female,804020,Volkswagen,GLI
319986,84,69,green,black,female,2224J3,Chevrolet,Impala
320049,79,53,black,black,male,3JKUTH,Ford,Taurus
320057,37,55,blue,black,female,CFBSI6,Cadillac,STS
320362,23,79,blue,grey,male,W3872R,Hyundai,Equus
320449,63,78,black,white,male,N52530,Nissan,350Z Roadster
320881,74,50,green,black,female,F114YU,Mazda,Tribute
320929,81,62,green,red,male,567NXM,Lamborghini,Gallardo
321128,49,68,black,grey,female,R8VL7H,Kia,Rondo
321394,80,60,black,brown,male,RG1Z06,Volkswagen,Passat
321568,88,72,blue,blonde,male,YMML3N,Toyota,Corolla
321735,23,51,green,black,male,WUEJ13,Toyota,Tacoma
321762,67,59,amber,green,male,UD350R,Hyundai,Azera
321780,80,81,amber,brown,female,I506L2,Buick,Regal
321867,58,75,green,red,female,70IMTY,Mitsubishi,Endeavor
321995,67,82,blue,red,male,VA4GE3,Jeep,Wrangler
322472,57,74,brown,blue,female,X560D1,Chevrolet,Monte Carlo
322534,76,71,black,red,female,44140B,Bentley,Azure
322537,86,80,brown,white,female,64452O,Oldsmobile,Alero
322576,26,72,blue,brown,male,O0263R,Toyota,Land Cruiser
322761,33,77,amber,grey,female,0OCW5J,Rolls-Royce,Phantom
322772,54,80,blue,green,female,W2A12G,Ford,Explorer
322796,40,81,green,blonde,female,4345IK,Bentley,Azure
322803,80,79,brown,brown,male,XJR202,Chevrolet,Cruze
323059,46,61,green,white,male,YF4NV8,Cadillac,Escalade
323060,88,59,black,black,male,6HS5R5,Volkswagen,Passat
323191,63,69,blue,green,male,3TAWED,Isuzu,Rodeo
323240,71,79,green,blue,female,ZFI7P5,Scion,tC
323329,89,70,black,blonde,male,1Y30E8,Toyota,Corolla
323372,38,56,black,blonde,female,NAP6SO,Lexus,HS
323418,30,64,brown,brown,male,5388H8,Nissan,Xterra
323483,53,75,green,blonde,female,IY87VF,Jaguar,S-Type
323507,78,70,blue,blonde,female,KVZ7TN,BMW,M5
323530,88,80,green,blonde,male,70TM3N,Nissan,Pathfinder
323652,31,72,blue,red,female,2ZR0XE,Subaru,Legacy
323711,62,60,brown,grey,male,WC06L5,Chevrolet,Express 2500
323994,27,76,green,white,female,P83HA6,Cadillac,CTS-V
324016,73,55,blue,brown,female,AI6551,Nissan,GT-R
324019,52,61,brown,grey,female,ANN2F0,Land Rover,LR4
324050,47,67,blue,green,female,E2W23Z,Mazda,B2500
324079,23,82,green,grey,male,PSQJ5M,Ford,Five Hundred
324224,69,62,black,blue,male,PI0JIH,Nissan,Murano
324291,21,53,green,red,male,6YJ6SU,Toyota,Corolla
324378,76,57,black,green,male,A13308,Honda,Civic
324614,24,70,amber,white,male,U181XV,Mercury,Monterey
324720,64,74,brown,black,female,73436Q,Ford,Explorer Sport
324749,42,72,brown,grey,female,8B21MU,Chevrolet,Malibu
324751,86,71,green,green,male,QI0806,Suzuki,Daewoo Lacetti
324812,24,80,amber,white,female,3TC8EL,Volvo,C70
324823,36,65,green,blonde,female,56UVEJ,Dodge,Ram
324904,51,70,amber,blue,male,8221W2,Acura,TSX
324939,39,61,green,blue,male,PD1SW3,Mercury,Sable
325054,35,58,brown,black,male,6OXXSY,Isuzu,Rodeo Sport
325075,64,66,blue,white,male,HSBU55,Lexus,RX
325132,85,53,blue,blonde,male,48C583,GMC,Savana 2500
325186,46,77,amber,green,male,321KJC,Acura,TSX
325286,68,65,black,red,male,K3TQ03,BMW,745
325296,45,68,brown,brown,female,NH717Y,Ferrari,599 GTB Fiorano
325368,48,51,black,red,female,363N5H,Infiniti,EX
325395,70,71,amber,blue,female,6NI8SZ,Mercedes-Benz,CLK-Class
325561,79,51,green,blonde,female,DU8KKV,Land Rover,LR4
325603,50,56,green,black,female,531DJ7,Ford,Crown Victoria
325632,40,54,green,green,female,OQZU5T,Ford,Ranger
325685,48,58,brown,blonde,male,FZY1IV,Ford,Explorer
326033,58,61,green,black,male,4V8W2A,Aston Martin,V8 Vantage S
326057,50,76,brown,black,male,YZP418,Ford,Fiesta
326166,39,75,green,white,male,7Y27K0,Ford,Explorer Sport Trac
326230,73,67,black,brown,female,50N56M,Ford,Th!nk
326241,73,68,black,blonde,male,X3WB73,Nissan,Pathfinder
326390,32,78,blue,red,male,OV12UF,Audi,A8
326479,24,76,green,white,male,W57K66,GMC,Envoy XUV
326504,41,63,green,brown,male,ZREJ76,BMW,545
326512,75,68,amber,brown,male,D1F027,Ford,E-Series
326576,84,66,blue,grey,male,8Y3D17,Cadillac,Seville
326793,77,56,green,white,female,ICYT8Q,Chevrolet,Silverado 2500
326801,23,66,black,grey,male,018J25,Bentley,Continental
326925,22,62,green,black,male,I857LA,Dodge,Avenger
326975,75,76,blue,blonde,male,6OX024,Nissan,Maxima
327070,58,53,brown,white,female,G4Q2T2,Maserati,Coupe
327091,52,57,blue,blue,female,P5317G,Chevrolet,Classic
327170,59,63,green,green,male,2M7405,Ford,Taurus
327180,67,63,amber,blonde,male,1DVWP7,Mercedes-Benz,SL-Class
327301,18,56,blue,brown,female,2JF78L,Ford,Crown Victoria
327368,26,76,blue,red,female,K31AP6,Isuzu,Ascender
327797,63,52,black,black,female,GGBK66,BMW,M3
327815,63,58,blue,brown,female,D5G413,HUMMER,H3
327865,89,82,brown,white,female,304035,Porsche,Boxster
327999,86,73,green,green,male,Z5M678,Ford,ZX2
328080,41,62,blue,grey,male,864206,Infiniti,G
328186,44,50,green,black,female,56R26P,Subaru,Impreza
328252,79,82,black,brown,female,K73045,Mercedes-Benz,S-Class
328294,38,54,amber,blue,male,D48660,Infiniti,G
328413,75,74,green,grey,female,XB2KHN,Land Rover,Discovery Series II
328453,35,77,blue,blonde,male,DCLT47,Mazda,B-Series
328616,54,78,black,blonde,male,Y270E4,Kia,Rondo
328677,50,74,amber,red,male,KQ444Y,BMW,550
328778,34,70,green,blonde,female,70OB43,Lexus,GS
328810,40,51,green,green,female,8PYRJ3,Chevrolet,Malibu
328852,62,58,black,black,male,BC802W,Ford,Transit Connect
328942,75,55,black,blonde,female,76X3WD,Ford,Flex
328998,28,50,black,white,male,5N8E3D,Isuzu,VehiCROSS
329024,18,71,black,blonde,female,CDS86J,Toyota,Solara
329026,54,74,amber,blonde,male,6K27RC,Buick,LeSabre
329118,44,74,black,grey,male,OD3778,Saturn,VUE
329242,21,66,brown,black,female,413RLT,Chevrolet,Tahoe
329405,44,70,blue,white,female,X66C37,Bentley,Continental
329480,84,60,amber,grey,female,41YIM1,Cadillac,Escalade EXT
329546,40,64,brown,blue,female,F4246I,BMW,5 Series
329887,88,50,green,grey,female,X6ZQ3C,Mercedes-Benz,CL-Class
329939,22,77,black,blonde,female,C203B2,Dodge,Ram 1500
329971,20,75,blue,green,male,F3TY0F,Toyota,Tacoma Xtra
330107,77,51,green,brown,female,88156K,Cadillac,Escalade ESV
330296,71,61,blue,red,male,7I8RE3,Bentley,Continental GT
330348,45,69,green,blonde,female,21DX8G,Volkswagen,Tiguan
330628,60,53,amber,brown,male,4TTC4A,Jeep,Wrangler
330747,74,68,amber,black,male,342825,Dodge,Ram 3500
330792,19,71,blue,green,male,21N3OB,Ford,Econoline E250
330859,60,82,green,red,female,E7N7B2,Chrysler,300M
330998,74,56,green,blue,male,R5R735,Toyota,Highlander
330999,82,63,green,green,male,QD17J5,Mazda,MPV
331067,58,64,blue,blonde,male,H86LX6,Toyota,RAV4
331105,88,53,amber,brown,male,38U53A,Mercury,Mountaineer
331205,26,57,blue,blue,female,ENS1Q4,BMW,650
331315,30,69,black,green,male,WW0ZX5,Ford,Explorer Sport Trac
331332,30,59,blue,green,female,2OE5NG,Cadillac,CTS-V
331577,38,54,brown,green,female,E6JHN1,Toyota,Sienna
331670,89,51,black,white,male,28J530,Toyota,RAV4
331823,39,58,amber,red,female,4RK647,Audi,A6
331860,50,80,amber,blue,female,E033L4,Mitsubishi,Eclipse
331877,35,82,brown,grey,female,12G687,BMW,3 Series
331907,85,79,brown,blue,female,0A8R3F,Chrysler,PT Cruiser
332022,49,59,amber,blonde,male,854Y2G,Chevrolet,3500
332162,43,58,blue,brown,female,F70GDC,Ford,Edge
332282,32,80,amber,blue,female,P1F3L8,GMC,Sierra 2500
332287,64,68,blue,grey,male,32A7SU,Dodge,Caravan
332317,19,76,brown,black,male,6XEKS0,Toyota,Highlander
332345,21,54,blue,black,female,652R2O,Dodge,Magnum
332450,40,57,black,green,female,5351K4,Chrysler,Town & Country
332582,53,60,brown,grey,female,7O334E,Aptera,2e
332627,63,58,black,blue,female,7146LV,Suzuki,XL-7
332793,61,75,blue,blonde,female,4ESS74,Ford,E-350 Super Duty
332881,43,59,green,white,male,DJ046D,Audi,A4
333069,78,77,green,blonde,female,K25O6U,Honda,Accord
333158,39,55,black,black,female,U7M68B,Toyota,Prius Plug-in
333188,77,81,brown,black,male,NN3X2Z,Subaru,BRZ
333203,24,77,black,black,female,4Q7DTM,Chrysler,300M
333324,77,51,brown,blonde,male,41GZF0,Infiniti,QX
333459,71,79,blue,black,male,IO8P2J,Scion,tC
333465,48,61,green,white,male,REX27O,Dodge,Ram 2500
333519,86,76,black,white,female,1DN5L2,Mercedes-Benz,S-Class
333681,50,56,green,red,female,F1V1S4,Toyota,Land Cruiser
333823,36,75,blue,green,female,Q12R10,Mazda,CX-7
333889,20,74,black,red,male,448257,Lexus,LX
333893,37,57,green,blonde,female,588GXR,Audi,S4
334172,21,71,blue,black,female,KM7G7G,Ford,Flex
334395,38,50,amber,white,female,3S064M,Audi,A8
334516,37,81,black,white,female,6ORY78,Chevrolet,Express 2500
334619,22,56,amber,grey,male,72VIOM,HUMMER,H1
334761,87,51,blue,red,female,7ML835,Mitsubishi,Raider
334771,41,63,black,blue,male,420661,Hyundai,Sonata
334806,44,55,black,white,male,BK3IKE,Dodge,Sprinter
334858,63,55,green,white,female,Z8BC3O,Ford,Thunderbird
334889,36,80,brown,blue,female,528AY8,Mazda,CX-9
335013,46,64,blue,blonde,female,O82F62,Mazda,Mazda5
335069,26,55,brown,green,female,4D0563,Lexus,ES
335115,36,57,blue,green,female,JL3N7N,Nissan,Titan
335202,89,74,brown,red,male,860RZB,Kia,Sedona
335223,64,59,amber,blue,female,0NRVGG,Dodge,Stratus
335336,46,64,blue,grey,female,203SH6,Ford,Windstar
335353,36,70,brown,grey,female,FHO6EY,Lotus,Esprit
335485,66,68,brown,blue,female,77B8K8,Isuzu,Trooper
335527,64,64,blue,white,male,Y4OI05,HUMMER,H1
335540,29,58,black,blonde,male,0VJVMO,Mercedes-Benz,C-Class
335576,39,53,blue,green,female,RH14FH,Porsche,Cayenne
335620,33,60,blue,brown,female,74S33B,Honda,Pilot
335794,31,76,amber,blonde,female,Z7WWU7,Honda,Pilot
336034,40,52,blue,white,male,QN1V50,GMC,Savana 2500
336121,30,67,green,brown,male,5Q8Y61,Chrysler,Crossfire
336307,35,63,green,white,female,84U74Y,Toyota,Land Cruiser
336335,48,60,black,brown,male,355MN5,Toyota,Matrix
336397,73,63,brown,white,male,8H1337,Ford,Edge
336592,66,65,black,grey,female,U527Z5,Hyundai,Sonata
336818,23,53,black,grey,male,DV04I8,Volvo,S60
336819,20,61,blue,black,male,F273A0,Toyota,Highlander
336864,62,81,amber,blue,female,437N33,Toyota,Sequoia
336916,59,64,blue,white,female,S2I233,Mercedes-Benz,E-Class
336999,76,72,amber,blonde,male,8X1B67,Nissan,Versa
337017,28,74,amber,white,male,807517,Mercedes-Benz,M-Class
337075,23,75,green,red,female,27A5I3,Nissan,Maxima
337209,54,61,blue,white,female,60YW64,GMC,Savana 1500
337230,46,61,blue,brown,female,03TV17,BMW,Z4
337384,61,74,blue,white,male,UYC37T,Chevrolet,Avalanche
337520,39,52,amber,blonde,male,40B243,Volvo,XC70
337752,75,53,brown,brown,female,3D7BB6,Chevrolet,Tracker
337896,66,65,amber,green,female,31Z830,Dodge,Ram Van 2500
337907,69,74,black,grey,male,CLS76Z,Ferrari,458 Italia
337986,60,79,green,blue,male,07G355,Honda,S2000
338012,51,65,green,white,male,IKH561,Chevrolet,Prizm
338106,86,73,black,green,female,F46Z33,Bentley,Continental Flying Spur
338173,37,77,green,brown,female,D5PZ1B,Volkswagen,Golf
338251,79,74,amber,white,female,X7WX68,Chevrolet,Express 2500
338261,26,80,amber,black,male,U47QMS,Nissan,Sentra
338310,76,52,black,white,female,Q5QC27,Toyota,Sequoia
338497,57,50,black,grey,female,A2T30T,Chevrolet,Malibu
338573,20,77,blue,grey,female,1A877A,Ford,Ranger
338635,65,66,blue,blue,female,5YD3D7,Kia,Spectra
338709,36,51,amber,red,female,3128RY,Chrysler,Town & Country
338722,23,82,black,white,male,0Q08SA,Ford,E-350 Super Duty Van
338856,37,70,amber,black,male,UV2452,Audi,A7
338935,28,76,green,blue,male,013E4I,Toyota,RAV4
338964,89,55,blue,blonde,female,TQKSXW,Chevrolet,Cobalt
339064,78,57,blue,black,female,WC3Q7U,Subaru,Outback Sport
339123,30,68,blue,grey,male,CB2ECA,Lexus,RX
339188,39,77,green,green,male,37A6EC,GMC,Yukon XL 1500
339291,18,68,amber,grey,female,0FFS5E,Jeep,Wrangler
339341,42,60,brown,black,female,A6X421,Dodge,Ram
339404,25,68,amber,blue,female,86KMUD,Toyota,RAV4
339526,41,62,black,blonde,female,3502PN,Toyota,Camry
339570,71,50,blue,blonde,male,S862W2,Mazda,MX-5
339758,58,79,blue,white,male,7I0563,Pontiac,Montana
339985,82,72,brown,brown,male,7537ER,Rolls-Royce,Phantom
340007,29,58,brown,green,male,6ICKWI,Chevrolet,Malibu
340125,79,62,blue,green,female,1D8Z5I,Ford,Transit Connect
340154,80,68,black,red,male,76L251,Volvo,V70
340318,20,51,green,black,male,L553NU,Volvo,S80
340346,32,62,amber,blonde,male,I6IUF0,Toyota,Corolla
340479,38,54,blue,white,male,Z37UOL,Chevrolet,Impala
340523,31,74,amber,blonde,male,6Y45WQ,Mazda,Mazdaspeed 3
340579,32,73,green,green,female,GRN3XK,Mitsubishi,Eclipse
340593,60,72,brown,red,male,T31TN6,Chevrolet,Suburban 1500
340808,45,73,green,blonde,male,054NFQ,Chevrolet,Monte Carlo
340813,24,82,amber,green,female,1A18L7,Volkswagen,Rabbit
340888,38,79,brown,brown,female,R6JN48,Hyundai,Entourage
341028,43,54,amber,white,female,M02HN8,Ford,Econoline E350
341073,45,65,green,green,female,UY874D,Nissan,Sentra
341278,31,60,black,white,female,4EP44V,Chrysler,LHS
341281,49,74,green,brown,female,6GLAX1,Ford,F350
341322,27,81,blue,green,female,SBWY38,Cadillac,DTS
341435,73,58,green,green,male,45N1CJ,Mazda,Mazda2
341557,60,58,green,brown,female,2G4ZD8,Chevrolet,Monte Carlo
341561,80,72,black,green,male,77F75U,Toyota,TundraMax
341574,23,62,blue,black,male,8126EV,Pontiac,Firebird
341613,39,52,brown,brown,female,KT6WD2,BMW,Z4 M
341673,27,55,black,red,male,0QE1W3,Nissan,Titan
341689,47,64,blue,white,male,PM11M5,Suzuki,Equator
341711,84,56,blue,blonde,female,0XI6YR,Suzuki,Grand Vitara
341763,50,63,amber,brown,female,IBMX30,Toyota,Land Cruiser
341870,45,54,black,white,female,0TOS0A,Honda,Accord
341874,30,81,blue,red,female,64164O,Toyota,4Runner
341901,39,53,brown,brown,male,HN40AF,Mercedes-Benz,CLK-Class
341994,51,50,black,red,female,0XBL3R,Saturn,VUE
341997,47,62,amber,white,female,VAB0WH,Volvo,C30
342111,59,56,black,white,female,53L61L,Acura,TL
342362,61,75,green,grey,male,4D0GKH,Cadillac,Escalade
342365,29,61,blue,grey,female,W34347,Chevrolet,Silverado 1500
342538,82,80,blue,black,female,T66A1B,Ford,Edge
342637,80,57,green,brown,male,83TSQU,BMW,X6
342846,62,61,black,white,male,Z3I4F0,Toyota,Tundra
342929,50,61,black,red,female,IU60U7,Ford,E150
343300,55,71,black,green,female,0X4041,GMC,Yukon XL 1500
343405,18,58,blue,grey,male,Y0T00Y,Dodge,Ram 2500
343538,27,63,brown,black,male,F474KQ,Mercedes-Benz,SLK-Class
343659,18,60,brown,brown,female,N21I0P,Mitsubishi,Galant
343688,47,57,green,white,female,C4U1E8,Ford,E-Series
343690,30,77,black,red,male,8XPIV7,Subaru,Impreza
343766,45,72,black,grey,female,J3J5R7,Morgan,Aero 8
343924,75,73,black,green,male,CIDM32,Mazda,RX-8
344034,55,56,green,blonde,female,H07XM5,Dodge,Ram 2500
344388,45,60,amber,green,male,5JR60L,Saab,9-3
344457,54,52,amber,black,female,L3BIFO,Dodge,Intrepid
344686,49,60,black,white,male,U18GN5,Chrysler,Prowler
344759,29,77,brown,green,female,HE7KI7,Lincoln,MKX
344994,49,72,blue,blonde,male,8A7121,Infiniti,M
345118,48,52,brown,blonde,male,Q84Y7O,Ford,Explorer
345130,32,61,green,blue,female,K33UXH,Volvo,XC90
345158,74,67,blue,grey,female,10ZUNL,Chevrolet,Avalanche
345166,51,74,blue,blonde,female,U240OG,Acura,RL
345217,60,82,brown,blonde,female,38U016,Ford,E-Series
345321,32,58,green,green,female,2MG6Z4,Honda,Element
345494,79,55,green,grey,male,6ANS2M,Nissan,Frontier
345525,26,73,black,blue,female,MPC1ZM,Dodge,Dakota Club
345544,35,53,amber,blue,female,40YSA2,Toyota,Highlander
345546,83,69,amber,blonde,female,EV6588,GMC,Yukon
345590,82,80,blue,red,male,U8ZI6C,GMC,Terrain
345854,49,61,green,blonde,female,0B7R37,Acura,RL
345856,52,53,blue,green,female,A4CV31,Ford,Crown Victoria
345963,40,76,green,red,male,375752,Mitsubishi,Pajero
346013,74,57,black,blonde,female,D55N34,Audi,Cabriolet
346038,51,68,brown,brown,female,1HW456,Buick,Regal
346076,66,50,amber,black,female,81RLA2,Land Rover,LR4
346164,52,62,amber,black,male,611UEA,Land Rover,Discovery
346186,59,65,amber,blue,male,WR61FB,Isuzu,Ascender
346207,71,64,brown,blue,male,J4IH62,GMC,Savana 2500
346219,35,70,black,black,female,2QH0F2,Dodge,Durango
346382,82,63,blue,black,female,20UO45,Dodge,Durango
346520,48,53,blue,brown,female,26M1WP,Toyota,4Runner
346601,85,63,amber,blue,male,1DT7UM,Toyota,Land Cruiser
346672,62,67,brown,blonde,female,IHBA33,Mercedes-Benz,CLK-Class
346819,51,64,brown,red,male,DQ0WKN,GMC,Yukon
346948,21,70,black,black,female,21557C,Land Rover,LR2
346969,23,76,blue,white,male,172181,Chevrolet,Colorado
347042,77,53,amber,white,female,OM510Y,Oldsmobile,Bravada
347127,68,61,amber,green,male,UA7YA4,Chevrolet,Avalanche 2500
347326,50,53,black,green,male,26Y035,Ford,Escape
347338,64,64,amber,black,male,Y6F0G1,Daewoo,Lanos
347391,25,71,green,blonde,male,435208,Audi,A7
347491,25,61,amber,black,female,85A8CW,Saturn,Relay
347825,66,78,brown,blue,female,05862Y,Lincoln,Town Car
348043,55,68,brown,white,female,133MN1,Saturn,Sky
348079,55,57,green,brown,male,8M2ZE2,Suzuki,Daewoo Magnus
348409,45,82,green,brown,male,E3SQPJ,Lexus,IS F
348432,59,60,black,blonde,female,7J2045,Plymouth,Neon
348620,35,53,green,red,male,X6LG85,BMW,3 Series
348644,25,70,amber,black,female,L0YP1B,Dodge,Ram 2500
348705,35,58,blue,green,male,HT6U5O,Jaguar,S-Type
348809,45,61,green,green,male,GY58T5,Audi,A6
348946,89,66,blue,black,male,5M0W86,Buick,Park Avenue
349114,50,68,black,green,female,022474,Mitsubishi,Outlander
349214,55,72,amber,red,male,FO85H0,Chevrolet,Impala
349222,35,62,green,grey,male,GXK5RE,Honda,Prelude
349252,47,51,black,brown,male,I8WF00,Porsche,Cayenne
349366,85,63,black,brown,female,658Y6O,Chevrolet,Silverado 2500
349449,59,56,black,white,male,703850,Honda,S2000
349467,67,73,black,blonde,female,I0D87O,Ford,Taurus
349659,21,59,blue,black,male,3FRHPX,Porsche,Boxster
349948,27,71,green,blue,male,J7A4K1,Acura,ZDX
350000,83,77,black,red,female,17L8K5,Nissan,Frontier
350020,68,74,brown,grey,male,657701,Mercedes-Benz,C-Class
350065,42,64,brown,blue,male,OOM4T0,BMW,Z3
350076,21,68,green,black,male,KRQR1O,GMC,EV1
350120,26,59,amber,white,female,811I47,Hyundai,Elantra
350263,57,82,green,red,female,62AN81,Nissan,Maxima
350271,70,56,amber,grey,male,JC4308,Pontiac,Trans Sport
350569,80,67,brown,grey,male,LWFME5,MINI,Cooper Clubman
350642,32,67,black,grey,female,X341IU,GMC,Savana 1500
350658,53,76,green,green,male,LK2303,Isuzu,Amigo
350680,49,59,amber,black,female,2572FS,Kia,Carens
350769,61,61,amber,brown,female,D0643P,Infiniti,EX
350955,77,62,blue,red,female,AWGIK0,Volkswagen,New Beetle
351339,21,75,brown,white,female,6B8FIR,GMC,Sierra 1500
351443,38,55,brown,black,male,WL3CF0,Honda,S2000
351447,38,61,blue,white,female,D33J6K,Chevrolet,Express 3500
351466,80,50,blue,blonde,male,UHRM25,Dodge,Viper
351603,67,72,brown,grey,male,H76AC3,Ford,F250
351873,18,73,brown,red,female,7V1548,Buick,LeSabre
351945,50,59,amber,grey,female,6YSCH8,Mitsubishi,Challenger
352042,18,79,amber,black,male,026JWQ,Porsche,Cayman
352062,50,74,brown,blue,male,H1URDL,Subaru,Outback
352220,24,65,blue,blue,female,404JBO,Volkswagen,Eos
352291,82,53,black,brown,female,5U83ET,Ford,F450
352341,74,75,brown,white,female,K58313,Mercury,Grand Marquis
352348,40,68,amber,red,female,2V8Z34,Chrysler,Pacifica
352495,85,79,blue,blonde,female,7JOMRD,Ferrari,F430
352562,62,73,brown,blonde,female,VPEMGC,Chrysler,Town & Country
352655,55,55,black,black,male,8RE2QJ,Hyundai,Sonata
352673,73,56,black,red,male,S7Z360,Mercedes-Benz,GLK-Class
352715,57,56,brown,blonde,male,G07845,Rolls-Royce,Phantom
352725,30,68,green,red,male,4UW1P2,Ford,Focus
352791,18,76,brown,grey,female,Z67ZE0,Ford,Five Hundred
352891,72,57,black,red,female,18M41S,Isuzu,Rodeo
353122,45,53,brown,black,female,NOFFR7,Lincoln,Mark VIII
353295,60,79,green,white,female,842XZS,Land Rover,Discovery
353325,82,74,black,white,female,R8RGS1,Pontiac,Monterey
353384,48,74,amber,brown,female,7708JP,Mazda,MPV
353576,84,64,amber,grey,male,V8T52R,Buick,Regal
353834,33,52,blue,black,male,8T24E4,Toyota,Camry Solara
353842,25,60,brown,green,female,78212P,Jaguar,S-Type
353979,41,64,black,brown,female,35P57H,Maybach,Landaulet
354108,36,54,brown,grey,male,SR7418,GMC,Sierra 2500
354113,36,55,amber,grey,female,U8NL1E,Ford,Th!nk
354150,58,58,brown,white,female,64413L,Lincoln,Mark LT
354175,43,51,green,red,female,3JS0PZ,Aston Martin,V8 Vantage S
354331,83,66,green,black,female,I3P2N1,Maserati,Spyder
354374,76,73,blue,red,male,6D328B,GMC,Yukon XL 2500
354464,43,64,brown,brown,male,O3NZT2,BMW,M5
354592,36,62,brown,green,male,251873,Lamborghini,Murciélago
354714,73,69,black,brown,female,8244DI,Chevrolet,Tahoe
354792,33,72,blue,red,female,83P7D2,Chrysler,Crossfire
354822,49,75,blue,black,female,2W4H5X,Mazda,B-Series
355103,57,72,amber,grey,female,0V35G4,Mercedes-Benz,C-Class
355117,75,74,brown,green,male,G7YTY7,BMW,M3
355255,37,54,black,brown,female,OEX4KN,Ford,F250
355285,61,59,green,red,male,883HQI,Volkswagen,GTI
355414,62,75,black,green,male,7N206H,Volkswagen,Touareg
355426,39,78,green,green,female,645Q4F,Lincoln,MKX
355604,20,77,blue,red,male,2KH1C0,Lamborghini,Murciélago LP640
355639,23,53,amber,red,male,R04220,Dodge,Viper
355848,18,61,black,blue,female,AQ21Y0,Mercedes-Benz,CLK-Class
355865,42,65,blue,black,male,4F3R2F,Plymouth,Voyager
356080,28,67,blue,blue,male,6QRU41,Aston Martin,DBS
356219,18,78,blue,brown,female,7N5F4X,Volvo,C30
356252,48,73,black,black,male,T86AM6,Aston Martin,Vanquish S
356284,35,77,green,black,female,J16F50,Mitsubishi,Endeavor
356746,22,77,green,blue,female,N628U4,Mitsubishi,Pajero
356820,45,53,green,brown,female,7305NZ,Kia,Sorento
356890,22,78,black,white,female,S3UE00,Suzuki,Kizashi
357153,77,71,brown,blonde,female,2WS83U,Aston Martin,Rapide
357209,86,80,black,grey,male,5C26LM,Mazda,Mazda6
357214,65,75,blue,black,male,OL7C0F,Lamborghini,Murciélago
357268,34,82,brown,blonde,male,Y0G5B6,Cadillac,Escalade
357384,66,57,black,green,male,SJHL41,Nissan,Maxima
357410,22,78,black,green,female,OR6712,Nissan,Pathfinder
357508,18,72,black,blonde,female,0J7I06,GMC,Envoy
357679,63,76,green,red,female,1FLBR1,Lincoln,MKZ
357708,40,73,brown,white,female,J6U6A7,Chevrolet,Suburban 1500
357767,67,74,blue,white,male,K32LH4,Maserati,Quattroporte
357799,29,68,green,grey,male,35KP13,Scion,xB
357803,27,79,blue,grey,male,GB065O,Buick,Rainier
357927,29,71,brown,grey,male,O022Q5,Nissan,Quest
357953,25,65,black,grey,female,41Y464,BMW,X5
357956,31,81,blue,brown,male,CK3IJX,Mazda,Mazdaspeed 3
358019,81,63,amber,brown,male,47Q64Q,Pontiac,Grand Am
358202,24,79,brown,blue,female,4647KJ,GMC,Savana 1500
358249,45,58,black,black,female,Z43455,Lexus,LS
358264,89,50,brown,brown,female,RCJ21G,Buick,Terraza
358267,42,61,black,brown,female,S8470O,Dodge,Ram 3500
358298,52,70,green,grey,male,V41030,Mercedes-Benz,CLS-Class
358319,87,51,green,green,female,8FLC06,Honda,Element
358681,82,80,green,white,female,304WU8,Chrysler,Town & Country
358692,20,74,blue,black,female,8M1EXT,Ford,Windstar
358935,29,56,amber,blue,female,E8W8F2,Suzuki,Verona
358985,29,80,brown,grey,male,235281,Volvo,XC90
359131,87,69,amber,white,male,C1WF1Z,Dodge,Ram 3500
359405,23,62,black,blonde,male,MG6QCJ,Ford,F150
359459,26,55,amber,black,female,W1PAXJ,Bentley,Arnage
359660,39,52,green,blonde,male,BJ833A,Audi,S4
359845,87,59,brown,red,male,K7NWJ2,Hyundai,Accent
360014,43,57,amber,grey,female,GXQ07H,Ford,E350
360093,25,61,amber,green,male,G60GZ1,Dodge,Caliber
360109,63,72,green,red,male,C3TT6J,Volkswagen,GTI
360185,57,65,amber,black,male,53B172,Lotus,Elise
360327,65,68,black,red,female,OIN6S6,Jeep,Grand Cherokee
360488,62,54,blue,grey,male,BN3SIY,Mazda,RX-8
360548,42,67,blue,red,female,7RYV3A,GMC,Safari
360636,33,62,brown,white,male,725572,BMW,6 Series
360811,42,60,blue,blue,male,40TQMD,Volkswagen,Touareg 2
360925,25,72,blue,white,male,48VP38,Mercury,Sable
361149,76,60,amber,green,female,765F81,GMC,Yukon XL 2500
361179,79,63,blue,blonde,male,5AF2JN,Audi,A8
361337,87,77,green,blue,female,1F076N,GMC,Acadia
361482,56,75,amber,black,male,VQ600U,Nissan,350Z
361647,71,51,brown,red,male,IW26K7,Jaguar,X-Type
361670,59,58,green,white,male,1XW104,Dodge,Ram 3500
361698,70,62,brown,red,female,C2RW85,Volvo,XC70
361725,49,63,amber,red,male,AA4GLH,Isuzu,Trooper
361791,43,80,black,brown,male,02X00A,GMC,Savana 3500
361883,38,59,black,brown,male,57ICQ7,Chevrolet,Silverado 2500
361890,45,57,blue,black,male,604D57,Acura,NSX
361998,73,71,blue,brown,male,SCN0S6,Mazda,Mazda6
362038,45,66,black,blonde,male,4K5AI0,BMW,X6 M
362082,25,67,blue,blonde,female,3SH476,Ford,F-Series
362289,88,64,black,grey,male,282P1J,Honda,Passport
362478,81,51,green,grey,male,7G3AYB,Suzuki,Vitara
362492,56,74,brown,grey,female,3Q4382,Porsche,Cayenne
362502,89,81,amber,white,male,Y8WB1F,Audi,Q7
362507,38,65,green,blonde,male,MOOWY2,Dodge,Dakota
362590,31,67,black,grey,female,ZXVN4G,Mitsubishi,Endeavor
362737,42,63,blue,black,male,7PTX72,GMC,Savana 3500
362773,62,71,amber,white,male,5FXNCU,Ford,F350
362887,82,68,black,white,male,64H5TZ,GMC,Canyon
362922,69,50,blue,blue,female,0S345F,Ferrari,599 GTB Fiorano
362959,19,50,blue,black,male,31O70N,Suzuki,Grand Vitara
362977,85,61,brown,green,female,7YK8YI,Ford,Expedition EL
363006,85,65,brown,black,female,18Z8M7,GMC,Sonoma
363182,83,72,brown,blue,female,X70RUL,Smart,Fortwo
363197,20,56,black,grey,male,K58823,GMC,1500
363206,48,81,blue,blonde,male,6TV31Y,Porsche,Boxster
363259,83,64,black,green,male,CGEPWQ,Volkswagen,Jetta
363458,49,63,black,grey,male,B27701,BMW,7 Series
363476,80,75,green,black,female,17K80P,Chevrolet,Cobalt
363533,49,53,black,white,male,UMF0R1,GMC,Sierra 1500
363552,18,63,brown,red,male,P787M4,Cadillac,Seville
363565,28,66,black,blue,female,NLGWU4,Pontiac,G3
363628,19,61,green,red,female,H780OI,Lexus,GS
363633,27,61,black,green,female,I2Z4M0,Volkswagen,New Beetle
363730,55,60,black,red,female,2UF348,Lotus,Esprit
363840,46,82,brown,blue,male,8ZQ62K,Ford,Expedition
363907,86,61,black,white,female,75WBSO,Honda,Passport
363908,21,50,brown,blonde,male,8CSDUE,Nissan,Titan
363917,48,55,amber,blonde,female,EO27RU,Smart,Fortwo
363980,86,67,blue,white,male,328263,Jeep,Grand Cherokee
364078,38,54,black,white,female,JUT45Y,Mitsubishi,Diamante
364080,57,72,brown,white,male,ZHK6N7,Chevrolet,Malibu
364093,52,79,brown,blue,female,58OJE4,Ford,Transit Connect
364110,39,59,amber,grey,male,JCIHCS,GMC,Safari
364200,67,81,green,blue,female,5481R4,Panoz,Esperante
364213,40,51,blue,green,male,X84Q5B,Toyota,RAV4
364240,53,82,green,blonde,female,E7C1S2,Lexus,LS
364258,81,77,blue,red,female,UM82IX,BMW,1 Series
364314,89,75,blue,blue,female,3Q68CE,Hyundai,Sonata
364452,49,57,brown,red,male,OILJV4,GMC,Envoy XL
364556,23,68,brown,brown,male,M7LAN7,Chrysler,Town & Country
364559,26,63,blue,brown,female,D8K8J4,Ford,Freestar
364601,34,62,amber,blue,female,6203SC,Mercedes-Benz,G-Class
364680,72,59,brown,brown,male,UU5M3G,Lincoln,LS
364776,54,80,brown,grey,female,2MO5X1,Porsche,Boxster
364894,21,66,amber,brown,female,MDVG8C,GMC,Yukon XL 1500
364930,30,62,amber,red,male,4N0E7O,Ford,Th!nk
365089,22,80,blue,black,female,7TM5P3,Kia,Spectra
365220,22,74,amber,brown,female,XD56KH,Dodge,Charger
365234,30,68,black,brown,female,84484J,Kia,Sedona
365368,84,82,blue,green,female,2V00BW,Ford,Expedition EL
365485,41,50,blue,black,male,5ALK40,Dodge,Intrepid
365627,41,82,amber,red,male,21V8L4,HUMMER,H3T
365689,19,82,blue,grey,male,Z7W5YG,Subaru,Impreza
365895,53,74,blue,black,male,14GGOB,Jeep,Patriot
365948,65,77,brown,white,female,VWORN7,Mitsubishi,Montero Sport
366108,34,59,amber,blue,female,3M6GIT,Mercedes-Benz,E-Class
366168,77,80,green,grey,male,3GXA4A,Ford,Windstar
366290,20,69,brown,white,female,152PI1,Subaru,Forester
366393,30,68,blue,red,male,2LX2Q0,Ford,F150
366458,73,65,amber,blonde,male,C0V5EJ,Mitsubishi,Galant
366551,70,68,blue,grey,female,8055Q5,GMC,Envoy XL
366599,61,58,green,green,male,GOZLZ7,Jeep,Liberty
366650,21,79,black,black,female,08D1ST,Audi,A6
366695,41,60,amber,blonde,female,F77771,Lincoln,Town Car
366880,71,63,blue,black,female,MPE120,Porsche,Cayenne
367140,18,76,amber,blue,female,O3BSE5,Chevrolet,Tracker
367211,84,65,green,red,male,336PA7,Saab,9-5
367228,38,60,black,black,female,UUE81N,Dodge,Magnum
367303,34,82,green,white,male,3J57D0,Hyundai,Accent
367565,20,74,amber,blue,female,737KO0,Kia,Amanti
367815,18,57,green,blonde,male,XZU4J4,Panoz,Esperante
367825,21,51,black,white,female,X3MV02,Lincoln,Town Car
367852,40,63,black,grey,female,12455P,Ferrari,F430
367948,45,53,blue,black,male,F447JD,Mazda,Miata MX-5
367961,66,61,green,green,male,2E62B0,Volvo,XC90
368018,20,68,blue,grey,male,3V8F31,Volkswagen,GTI
368096,25,71,brown,blonde,female,Y6LEE1,Kia,Sorento
368160,61,66,amber,brown,male,TSDKQ0,Chevrolet,Silverado 3500
368206,60,58,black,red,male,W28SWI,Bentley,Continental
368249,64,76,green,blue,female,007UQS,Dodge,Ram 3500
368291,20,77,black,grey,female,80VDN1,Cadillac,Eldorado
368411,75,51,blue,blonde,male,2JS0TF,Maybach,57
368720,30,68,amber,black,male,6L27MF,Audi,A4
368750,25,73,green,brown,male,H52D10,Hyundai,Genesis Coupe
368774,18,76,blue,blonde,female,2I78CL,Ford,Th!nk
368825,40,63,green,blonde,female,38571P,GMC,Savana 3500
368828,57,64,black,blue,male,MD3RFA,Cadillac,Escalade
368864,64,69,black,black,male,4VL6Z6,Toyota,Solara
368931,53,60,brown,white,female,333ZGO,Scion,xA
368955,63,67,blue,green,female,LVE2TP,Land Rover,Range Rover
369076,57,65,brown,red,female,8TN5V3,Suzuki,Vitara
369208,85,68,brown,white,female,Q158P4,Ford,Contour
369225,30,79,black,red,female,12EPJ3,Chevrolet,Express 3500
369398,55,59,green,red,male,PK6K5O,Porsche,Panamera
369425,22,80,green,blonde,male,401M7H,Chrysler,Voyager
369493,73,68,amber,blonde,female,YC0458,Cadillac,STS
369587,75,52,amber,brown,male,16T33S,Mercury,Grand Marquis
369748,39,53,brown,red,female,J0V0M4,Ford,Mustang
369764,57,73,amber,red,female,VO7IH2,Scion,xD
369849,66,72,blue,black,male,65O7J1,Ford,Ranger
369913,30,81,amber,blue,female,P583NL,Nissan,Maxima
370019,59,65,brown,blonde,female,FDZQD5,Ford,E350
370170,69,56,brown,black,female,3BKA7D,Aston Martin,DB9
370382,70,63,black,grey,female,66J50Y,Chevrolet,Astro
370627,49,70,amber,brown,male,70378Q,Chevrolet,Express 2500
370668,59,51,brown,blonde,female,7LGIUC,Bentley,Azure
370939,50,65,amber,grey,female,7Z47YZ,Mazda,Miata MX-5
370973,48,68,amber,green,female,4433I8,Mitsubishi,Outlander
371034,84,51,black,blue,male,60W860,Ford,F150
371087,58,55,blue,red,male,FB8KT0,Porsche,Boxster
371273,84,56,amber,grey,female,56MB44,Chrysler,Voyager
371363,43,51,amber,red,male,8IRP51,Honda,Pilot
371454,50,54,amber,green,male,B2JIX2,Dodge,Viper
371486,71,71,blue,white,female,MZF2DQ,Mitsubishi,Lancer
371657,32,75,blue,brown,female,XK4Y8A,Subaru,Impreza
371686,49,82,green,red,female,X4226J,Suzuki,Equator
371714,25,58,amber,blonde,male,AS52O7,Scion,tC
371819,88,70,black,blonde,male,5762MN,Kia,Amanti
371889,56,58,blue,black,male,672J51,Volkswagen,Touareg
372013,18,65,black,white,male,681A06,Ford,Ranger
372020,24,71,amber,black,female,038410,Lamborghini,Gallardo
372114,71,72,black,green,female,B2E23Q,GMC,Jimmy
372175,32,75,brown,green,female,H3JLC0,Chrysler,Sebring
372195,84,57,blue,blue,female,H367N3,Subaru,Forester
372253,82,57,black,blonde,female,386PQ7,Chrysler,200
372327,21,77,amber,grey,female,WH22HW,Pontiac,Grand Am
372372,56,59,amber,white,male,3L8WKM,Oldsmobile,Achieva
372436,18,67,amber,blue,female,WLE7ZR,Audi,A3
372566,86,72,amber,green,female,053Z81,Mazda,MPV
372629,63,68,black,brown,male,F3J514,GMC,Savana 3500
372672,86,75,amber,white,male,R2RP73,GMC,Sierra 2500
372689,36,70,green,white,male,2854R5,Mercedes-Benz,GLK-Class
372809,64,56,amber,black,male,T438H0,Acura,NSX
372890,33,71,black,green,male,6S1LD4,Acura,TL
372999,53,81,brown,white,female,C617N4,Jeep,Wrangler
373022,70,70,brown,blonde,male,I4FBU4,Mazda,MPV
373145,74,80,green,grey,female,67DG42,Ferrari,599 GTB Fiorano
373204,66,57,black,red,female,3422PU,Acura,RL
373240,25,82,brown,green,male,Q8C66V,Pontiac,G8
373244,37,71,black,grey,male,W47H1V,Hyundai,Elantra
373273,56,76,green,blonde,male,J754GU,GMC,Savana 2500
373282,71,82,amber,black,female,J1VGPX,Acura,TSX
373434,41,59,blue,brown,male,7C8ZXC,Ford,Taurus X
373626,76,76,blue,white,female,RW6310,Hyundai,Sonata
373719,39,51,black,black,female,H1FVQP,Volvo,XC70
373945,52,73,blue,grey,female,DM2N5G,Audi,Q7
374009,47,80,green,white,female,B4816O,Porsche,Cayenne
374126,89,79,brown,grey,female,OA7MJO,Mercury,Grand Marquis
374132,62,70,green,blonde,female,K786VC,Mazda,Miata MX-5
374205,76,66,green,green,male,K43R27,Volvo,XC70
374235,88,51,green,blonde,female,30466I,Infiniti,Q
374405,87,52,blue,red,male,UX8FHP,Mercury,Montego
374487,65,78,brown,black,male,6615Q8,Ford,GT
374562,33,60,black,green,female,6DXPF5,Dodge,Dakota
374637,60,70,green,green,male,6EE7T1,Chevrolet,Equinox
374708,80,68,amber,brown,male,6Y3L6W,Rolls-Royce,Phantom
374718,80,81,brown,white,male,5I1477,Mercedes-Benz,E-Class
374756,53,73,black,green,female,3CBLFP,Audi,S4
374787,78,80,black,white,female,1J80T4,Infiniti,FX
374797,66,66,black,grey,female,O5A666,Aston Martin,DBS
374922,35,52,green,blonde,female,P5VN48,Chrysler,Sebring
374978,51,76,black,blonde,female,3MA0U2,Daewoo,Nubira
375040,24,61,green,brown,male,2L6R06,Dodge,Viper
375062,38,56,blue,green,female,C3ZHT1,Porsche,Carrera GT
375183,71,75,blue,blonde,male,OTW5F3,Buick,Regal
375260,26,58,amber,white,female,DJ26HF,Toyota,Solara
375704,40,74,blue,red,female,N74P4N,Audi,RS4
375807,67,53,green,white,male,ON17O4,HUMMER,H1
375883,30,72,green,grey,female,1H544G,Mitsubishi,Tundra
375910,87,72,brown,brown,female,0472PO,Toyota,Tundra
375993,58,57,brown,green,female,5D8XJB,Volkswagen,CC
376115,62,65,black,white,male,04GH12,Cadillac,Seville
376293,68,66,green,blonde,female,E314E3,Chevrolet,Express 3500
376410,30,63,brown,white,female,HC181W,Toyota,Corolla
376431,47,71,amber,green,female,Z6E224,Honda,Insight
376439,81,73,blue,green,male,57085G,Honda,Pilot
376624,71,58,blue,black,male,0V4Q8J,Jaguar,XF
376682,53,70,amber,green,female,1G1NQQ,Volvo,S80
376750,26,73,blue,white,male,2FA88X,Toyota,Matrix
376815,39,60,green,blue,female,QXD132,Suzuki,Swift
376954,21,75,blue,green,male,2FUS6Z,Ford,Freestar
377111,51,74,brown,brown,male,I408X2,Mercedes-Benz,SLK-Class
377293,67,74,blue,brown,male,1U770Q,Jaguar,XK
377393,83,52,brown,green,male,3I57UL,Cadillac,SRX
377423,83,77,blue,red,female,3EOW23,Lincoln,Navigator L
377596,34,69,green,red,female,SW8540,Aston Martin,V12 Vantage
377597,19,55,blue,grey,female,08A1UO,Jaguar,XJ
377604,47,76,brown,grey,female,1W7E84,Mitsubishi,Lancer
377664,82,62,green,brown,female,561438,Toyota,Avalon
377727,72,75,green,black,male,3K0474,Kia,Sephia
377741,35,54,blue,blue,male,0768NN,Pontiac,Bonneville
377776,75,69,amber,black,female,58MD2Y,Lincoln,MKZ
377869,44,52,brown,white,female,X6ZNYK,BMW,X5
378011,89,59,green,grey,female,MA4KHC,Panoz,Esperante
378023,27,64,green,green,male,6G38F7,Subaru,Forester
378124,71,67,amber,white,male,EH06DM,Nissan,JUKE
378144,51,52,green,blue,female,HL5LSD,Mercedes-Benz,M-Class
378175,72,56,green,black,male,X4I2Q1,Volkswagen,New Beetle
378266,67,64,black,green,female,O35SS1,Nissan,Pathfinder
378291,37,67,amber,green,male,H17JF7,Mazda,RX-8
378378,23,78,brown,black,female,IB724O,Lamborghini,Murciélago
378764,65,59,blue,red,female,460YKP,GMC,Acadia
378930,68,72,brown,green,male,42SVV7,BMW,X5
378931,45,81,brown,black,male,36OR00,Toyota,MR2
379140,80,74,black,brown,male,577J17,BMW,Z4 M
379283,57,77,brown,brown,female,J508IX,Honda,Insight
379298,32,51,green,brown,male,3Y8186,Ford,F250
379312,19,64,amber,brown,male,3KJZ8S,Acura,RDX
379313,61,81,amber,blonde,female,05V665,Infiniti,QX56
379351,46,74,black,blonde,female,BQB5O7,Suzuki,Daewoo Lacetti
379352,73,77,brown,black,male,F3U1TL,Chevrolet,Avalanche
379396,42,67,black,red,female,74FJEW,Mazda,Millenia
379442,25,57,black,brown,female,88L87P,Lexus,LS
379443,18,52,green,green,male,J5630D,Hyundai,Genesis Coupe
379511,30,68,green,grey,female,I4552K,Hyundai,Genesis
379619,77,57,amber,white,male,I5642C,GMC,Savana 3500
379716,49,50,black,green,female,HQ24DN,Infiniti,M
379717,45,67,blue,white,male,B18JP2,Pontiac,Grand Am
379922,51,63,green,blue,male,UN04NQ,Ford,Escape
379973,67,77,brown,brown,female,56PF4I,Chevrolet,Cobalt
379992,83,58,blue,blue,female,NGIX5O,Volkswagen,New Beetle
380110,26,80,amber,blue,female,16SQ4Q,Chevrolet,Impala
380120,37,81,black,blonde,male,5CM2M2,Ford,Expedition
380128,30,70,blue,black,male,T713CP,Aston Martin,DB9
380174,73,50,green,blue,female,40AH22,Cadillac,Escalade ESV
380213,70,82,green,blonde,male,24E5EJ,Chevrolet,Trailblazer
380238,84,56,brown,black,female,531GOG,GMC,Yukon XL 2500
380351,54,68,green,brown,female,P60LGK,Toyota,Land Cruiser
380567,50,81,amber,grey,female,H83A06,Cadillac,STS
380576,79,75,black,blonde,female,SZ4OLD,GMC,Jimmy
380582,30,50,black,black,female,FEN77H,Mercury,Mountaineer
380625,59,57,green,black,female,DVQB6E,Mazda,B-Series
380935,55,80,blue,blonde,male,F3XH0R,Volkswagen,Passat
380943,45,70,green,grey,female,3R703P,Hyundai,Tucson
380975,63,63,amber,blue,male,M2NG5S,Land Rover,Discovery
381068,83,51,blue,blonde,male,X010TJ,Lotus,Esprit
381160,71,65,amber,blue,female,CZ037R,Honda,Passport
381263,21,50,amber,black,male,61UDM5,Ford,Escort ZX2
381265,34,50,blue,black,female,TFK82H,Hyundai,Sonata
381503,56,67,blue,blonde,female,NRK4BE,Mazda,Mazda3
381557,26,80,black,grey,male,Z1W80O,Ford,Ranger
381664,38,79,black,blue,male,2RZ2X6,Land Rover,Discovery
381702,25,81,green,grey,male,FE6U88,Dodge,Stratus
381723,26,61,black,white,male,P80TE8,Mazda,626
381816,34,57,black,blonde,female,GM70W4,Saab,9-7X
381987,60,64,black,blonde,female,P5A86C,Suzuki,Reno
382037,25,53,blue,green,female,GRJPWU,Chevrolet,Express 1500
382087,58,82,black,red,male,GYY0L6,Mercury,Milan
382193,44,77,blue,grey,male,5IAU1G,Hyundai,Elantra
382223,42,79,blue,green,male,KF08S3,Chevrolet,Express 3500
382283,47,50,brown,blue,female,IY1NEH,Subaru,Forester
382289,85,79,brown,white,female,Q317E8,Nissan,Titan
382364,24,68,green,green,female,6I3565,Subaru,Forester
382535,35,51,blue,black,female,B2BN0C,Mercedes-Benz,M-Class
382677,60,80,black,blue,female,6331F0,Toyota,Prius Plug-in Hybrid
382715,48,80,blue,blonde,female,G1XH4T,GMC,3500
382736,69,68,green,grey,female,20GVG5,Jaguar,XK
382806,64,61,brown,black,female,E6PT0Q,Infiniti,QX
382855,65,68,brown,blonde,male,YVR40D,Isuzu,Hombre Space
382872,80,75,green,black,male,0MZX20,Subaru,Outback
383002,81,50,blue,blonde,female,G8N67N,Mercedes-Benz,M-Class
383143,87,67,green,green,female,QMBJ7C,HUMMER,H2
383343,23,59,brown,blonde,male,EE0768,Volvo,S60
383345,38,67,blue,black,male,G145MS,Mercedes-Benz,E-Class
383435,29,64,black,blonde,female,U34X7P,Aston Martin,DB9
383526,63,58,amber,brown,female,N04HIJ,Hyundai,Elantra
383535,78,64,green,white,female,38GMKH,Porsche,Boxster
383727,26,58,blue,blue,female,ZJ45W5,Infiniti,QX
383734,39,54,blue,white,female,630AE5,Chevrolet,HHR
383847,84,71,blue,white,female,4JI8K0,Hyundai,Accent
383906,70,57,blue,blonde,male,U755I5,Toyota,Tacoma Xtra
384042,56,67,amber,blonde,female,JMR8A1,Volvo,C70
384222,69,76,amber,brown,male,NKLL73,Mercury,Milan
384272,26,51,blue,black,female,IU24T2,Bentley,Continental GTC
384324,37,78,green,red,female,TXU7T4,Suzuki,Vitara
384453,74,62,black,white,female,30EV2K,Kia,Rio
384559,19,65,amber,green,female,21G1T3,Land Rover,Freelander
384661,62,53,blue,red,male,88S71L,GMC,Savana 1500
384744,35,74,green,blonde,male,G5N18D,Ford,E250
384788,78,56,amber,black,female,LPFO6X,Chrysler,Pacifica
384890,42,75,brown,white,female,2UW78J,Lexus,LS
385010,89,51,green,grey,male,0N5UH3,Toyota,Sienna
385198,73,67,amber,green,female,724Y2X,Buick,LeSabre
385291,50,65,black,white,male,HU86A1,Mitsubishi,Outlander
385336,24,79,blue,green,female,GM6Y5J,Mercedes-Benz,CLS-Class
385343,75,81,green,grey,male,S72808,Infiniti,G
385361,38,70,green,blonde,female,E552O4,Mitsubishi,Eclipse
385405,76,76,black,brown,male,0X6N0W,Chevrolet,Suburban 1500
385446,36,66,blue,green,female,ZXYFX6,Toyota,T100 Xtra
385519,70,54,brown,green,male,23O23K,Lexus,IS
385541,25,61,blue,black,male,WNA52Q,BMW,X5
385547,58,73,black,white,male,6QW51S,Dodge,Caravan
385565,43,73,brown,black,male,76Y4C6,Saturn,L-Series
385596,58,64,amber,green,female,I3O1HY,Mitsubishi,Mirage
385629,58,74,amber,brown,male,FLKF0C,GMC,Savana 2500
385812,51,72,brown,green,male,R7X7F8,Ford,F450
385817,32,64,black,red,male,34R08B,Volkswagen,Jetta
385838,43,53,black,red,female,3077G8,Cadillac,Escalade EXT
385970,57,77,amber,brown,female,02I15K,Ford,F350
386030,48,75,green,red,male,X40AJ8,Scion,xB
386142,26,74,amber,blue,male,88FY1H,Ford,Mustang
386311,18,69,green,red,female,1WZA6J,Toyota,Avalon
386406,40,50,amber,black,female,OW0B32,Mazda,B-Series Plus
386447,37,73,black,blonde,female,N136EG,BMW,X6 M
386466,44,74,black,blue,male,MG2ZCG,Infiniti,G37
386554,67,53,green,brown,female,EKFBPL,Saturn,S-Series
386674,65,78,amber,grey,female,P25P08,Bentley,Continental GTC
386708,69,71,blue,green,female,1T344S,Saturn,VUE
386717,81,57,blue,blue,female,E232H2,Acura,MDX
387038,88,57,amber,red,male,Y4RHEK,Saturn,Sky
387133,63,60,brown,grey,female,L7K8KM,BMW,6 Series
387701,75,50,green,blue,male,UX43H2,Mercedes-Benz,S-Class
387875,69,77,black,black,female,87K4F4,Audi,A8
387881,30,72,green,brown,female,U2X608,Toyota,Camry Hybrid
387882,42,76,brown,green,female,ZJK160,Oldsmobile,Silhouette
388067,29,68,blue,white,female,RLTV2D,Chevrolet,Corvette
388099,40,63,amber,black,female,6160PV,Dodge,Durango
388116,71,61,amber,brown,male,54B17Z,Lincoln,Town Car
388351,65,63,amber,grey,female,1J3135,Chevrolet,Astro
388477,88,50,brown,black,female,0LSD76,Mercedes-Benz,CLS-Class
388569,71,57,brown,grey,male,NI3SUK,BMW,7 Series
388574,84,55,brown,brown,female,4NON88,Subaru,Outback
388784,71,82,blue,grey,male,ZK86N7,Honda,Pilot
388807,25,79,blue,white,female,37YPV4,Mercedes-Benz,SLK-Class
388836,71,76,brown,black,female,Z58108,Buick,Rendezvous
388908,52,62,brown,grey,female,N24WDF,Chevrolet,Silverado 3500
388962,64,59,amber,green,male,N42E8Y,Dodge,Caliber
389025,86,81,green,blonde,male,W84NXY,Infiniti,Q
389054,47,78,brown,white,male,51IFN5,GMC,Savana 1500
389110,85,78,green,white,male,CTM6TA,Honda,S2000
389286,46,68,brown,blue,female,Q1Q801,Mitsubishi,Galant
389321,28,50,black,green,male,1F20O0,Mitsubishi,Montero Sport
389437,31,72,amber,red,male,6SO8RR,Mazda,B-Series Plus
389607,66,71,brown,black,male,8YFKF2,Audi,S8
389662,72,72,black,blonde,male,23EV60,Honda,Accord Crosstour
389678,44,66,black,black,male,D11BMX,Ford,F-Series
389999,67,75,brown,brown,male,421CLQ,Honda,Odyssey
390000,63,52,blue,grey,female,TT7U5F,Chevrolet,Aveo
390050,79,53,black,white,female,206P60,Nissan,Pathfinder
390090,40,76,amber,blonde,male,5VU618,Volkswagen,Passat
390117,53,61,brown,brown,female,PBI1C3,BMW,M
390153,48,78,black,black,male,4XI3A5,Toyota,4Runner
390155,70,80,brown,green,male,NEYFA1,Ford,Fiesta
390280,88,52,brown,blonde,male,I8MK54,Lincoln,LS
390288,83,58,blue,black,male,BLK6WW,Land Rover,Range Rover
390609,83,52,brown,brown,male,RRY22N,Chrysler,300
390628,25,59,green,green,male,PGOKI0,Buick,LeSabre
390667,76,67,green,blonde,male,385474,Chrysler,300
390704,58,72,green,red,female,KQ6SJQ,GMC,Yukon XL 2500
390866,29,59,black,grey,male,P10F8X,Nissan,GT-R
390870,29,66,brown,green,male,A3Z8SN,Volvo,C70
390902,70,76,green,brown,female,7QU4MK,Toyota,FJ Cruiser
390998,68,60,brown,blonde,female,5GW3Q1,Saab,9-3
391133,71,70,black,grey,female,N8S4V1,Honda,Civic
391502,33,58,brown,grey,female,2JI03D,Kia,Carens
391553,70,58,blue,blonde,male,84QXTP,Mercury,Monterey
391598,72,68,green,blonde,male,13A1QO,GMC,Sierra
391768,56,81,black,blue,female,7NEV56,GMC,Savana 2500
391786,23,58,black,black,male,6U5YFK,Dodge,Journey
391956,20,55,green,black,female,8H5ET4,Chevrolet,Equinox
391978,47,67,green,red,male,GUU6OT,Dodge,Caravan
392158,66,72,green,green,female,830G2Z,GMC,EV1
392162,19,72,brown,grey,male,2GA00B,Acura,MDX
392186,37,59,black,blonde,male,JGJ478,Volkswagen,Passat
392343,86,67,black,green,female,HL3GW4,Audi,A6
392488,60,69,green,blue,male,0QOE28,Saab,9-3
392529,43,69,amber,white,female,5286OA,Jeep,Wrangler
392774,66,76,green,black,female,ND2P11,Ford,Excursion
392919,32,53,amber,black,female,XGK2WL,Ferrari,F430
393016,35,55,green,grey,female,75I212,Toyota,Matrix
393111,18,60,black,white,female,2CF5TZ,Ford,F450
393292,57,71,amber,black,female,U0DDR7,Audi,A8
393620,38,55,amber,blue,female,F45NCL,Toyota,Tacoma
393669,85,60,black,grey,female,4460HM,Toyota,Highlander
393765,38,76,amber,brown,female,U0716J,BMW,5 Series
393816,20,67,brown,grey,female,K7X5M6,Mercedes-Benz,SLK-Class
393817,40,75,amber,grey,male,3SI8M6,Lincoln,Continental
393885,60,82,amber,blue,male,3YI4TR,Lexus,GX
393938,52,82,amber,green,male,NQO604,Nissan,Xterra
394011,23,80,amber,red,male,ASB72G,Porsche,911
394141,34,62,amber,white,female,7572TW,Chevrolet,Colorado
394177,84,78,black,red,female,AE16RL,Mazda,Miata MX-5
394289,65,59,green,blonde,male,T484PV,Foose,Hemisfear
394369,78,55,black,blonde,female,0Q81M3,Mercedes-Benz,SLK-Class
394499,27,51,green,blue,female,HMMN21,Chevrolet,Tahoe
394516,81,66,brown,grey,male,K3571H,Audi,A4
394520,47,73,brown,blonde,male,8MLYJH,Mercury,Grand Marquis
394860,23,82,green,blue,female,F43T70,Hyundai,Accent
395045,72,58,amber,grey,male,AAXXYH,Nissan,JUKE
395191,62,76,blue,white,female,1WKEG4,Infiniti,I
395276,43,71,brown,blue,female,27N135,Infiniti,M
395339,58,51,black,red,male,W50106,Pontiac,Vibe
395582,54,70,amber,black,female,TZ3CZG,Lamborghini,Murciélago
395734,38,79,amber,blue,female,7Y4Q2F,BMW,760
395858,33,54,amber,black,female,3ZE6Z5,Chevrolet,Trailblazer
395932,33,53,blue,blue,female,SN48L7,Mercedes-Benz,CLK-Class
395933,87,81,green,brown,male,8L27S5,Infiniti,G37
395980,35,74,brown,black,male,N217XH,Ford,E-350 Super Duty
396094,47,52,blue,blue,male,Y6BFT6,Bentley,Continental Flying Spur
396262,23,74,amber,green,male,UQ0TUS,Dodge,Grand Caravan
396268,56,71,brown,brown,female,BVAKUF,GMC,Safari
396405,22,82,blue,red,female,68SK8A,Land Rover,LR3
396461,18,74,green,grey,female,LXLB1S,Mazda,B-Series
396539,35,82,blue,white,male,DVL8KH,GMC,Acadia
396637,22,53,amber,blonde,female,162GQD,GMC,Sierra 1500
396656,36,63,brown,blonde,female,31KUY4,Chevrolet,Cobalt
396682,20,81,green,red,male,W7C201,Mercedes-Benz,G-Class
396802,69,82,green,blonde,female,UFDQ44,Mercury,Grand Marquis
396957,28,66,black,green,female,0OLC83,Mercury,Mystique
397048,36,57,green,black,female,522343,Mazda,MPV
397338,70,52,brown,blue,male,61GKH7,Dodge,Dakota
397364,74,53,blue,blonde,female,7H6FLQ,Honda,Ridgeline
397470,57,77,brown,white,female,Z0JFUI,Jeep,Liberty
397548,35,73,black,white,female,L62582,Saturn,Outlook
397562,48,77,black,brown,male,28AHJ5,Lamborghini,Gallardo
397580,80,79,blue,white,male,4Y363B,Chevrolet,Suburban 1500
397596,76,68,amber,white,male,3L51T1,Acura,TL
397674,78,74,green,black,female,QZ7N87,Infiniti,G35
397694,45,59,amber,blue,female,I0Q6KM,Kia,Sportage
397730,89,78,blue,blonde,male,A4152M,Lexus,GS
397762,85,67,green,grey,female,ONJ56Z,Bentley,Continental
397834,26,58,blue,blonde,male,DX66V5,Kia,Sedona
398368,38,55,brown,blue,male,M0G65B,Ford,Crown Victoria
398437,43,58,amber,black,female,IY267Z,BMW,X6 M
398528,72,75,black,brown,female,FJ88SO,Bentley,Continental Flying Spur
398588,74,72,amber,grey,female,45FYF8,Toyota,Avalon
398650,66,66,amber,brown,female,EGC325,Chevrolet,Suburban 1500
398675,70,56,black,black,female,3ZXKR6,Nissan,370Z
398753,58,62,brown,blonde,male,GDW0EE,Buick,Century
398778,50,63,green,blonde,female,L3KZ2A,Audi,TT
398833,33,75,black,green,male,PP82UC,Toyota,Avalon
398841,75,82,blue,black,male,M6R215,Mercury,Grand Marquis
398846,25,61,black,green,female,R00BLB,GMC,Sierra 1500
398991,60,76,brown,white,female,A776RP,Dodge,Viper
399097,23,81,amber,red,male,74EGI3,Honda,CR-V
399132,75,61,brown,red,male,3842VD,Ford,F450
399142,78,80,green,grey,male,5P8267,Ford,Mustang
399287,27,82,black,blue,male,073QWG,Mazda,MX-5
399315,44,54,amber,blue,male,FC0IYP,Jeep,Grand Cherokee
399399,76,76,black,brown,male,7TAS30,Land Rover,Range Rover
399461,61,53,blue,black,female,PD43EN,Chrysler,Sebring
399491,81,57,black,red,female,38E2PG,Chrysler,300
399575,43,75,amber,white,male,7X2L53,Buick,Lucerne
399587,26,54,green,green,male,52PQBP,Audi,A4
399644,74,64,blue,white,male,M613A7,Ford,Explorer
399651,73,63,blue,brown,male,RFB731,Nissan,Maxima
399664,37,50,blue,blonde,male,QI2E78,Nissan,Versa
399670,69,51,blue,brown,male,PA1UD6,Porsche,Boxster
399733,52,63,amber,white,female,82L72C,Land Rover,Range Rover
399740,27,77,amber,red,female,48CU21,Jeep,Commander
399764,68,61,black,red,male,6365C3,Ford,Focus
399805,48,75,green,green,female,85NVTN,Mitsubishi,GTO
399962,33,67,blue,green,male,RC1S13,Land Rover,Discovery
400422,48,66,amber,green,female,1SQ873,Toyota,Land Cruiser
400586,35,51,brown,brown,male,4ETY1W,Suzuki,Esteem
400660,87,75,amber,white,female,1W44N8,Mercedes-Benz,S-Class
400798,31,65,green,white,male,7LWWKT,Toyota,FJ Cruiser
400882,40,71,black,green,male,CLBGSZ,Maybach,Landaulet
400966,44,76,blue,black,female,3524PB,Aston Martin,V12 Vantage
401016,69,67,black,white,female,16Y3V5,GMC,Savana
401215,21,63,green,brown,female,DYVRFM,Mercedes-Benz,S-Class
401259,46,74,blue,brown,female,4845J7,Mazda,B-Series Plus
401363,49,63,black,blonde,male,G2KC37,Volvo,XC70
401394,62,60,blue,blue,female,23A704,Dodge,Ram 3500
401403,65,50,black,brown,female,F2SLR2,Volkswagen,Eurovan
401413,34,58,brown,black,female,UJE15D,Kia,Optima
401579,33,62,blue,black,female,3UL66S,Hyundai,Santa Fe
401598,37,59,black,green,male,C78314,Mercedes-Benz,M-Class
401650,67,82,green,brown,female,73EMTG,GMC,Sierra 2500
401665,57,68,blue,brown,female,H4XCEF,Chevrolet,Silverado
401700,66,53,black,red,male,Q4VSY2,Chevrolet,Traverse
402017,45,81,black,blonde,male,8MCH5R,BMW,M5
402109,50,51,black,brown,female,75608Z,Ford,Mustang
402129,35,77,green,blue,female,NVK58U,Mercedes-Benz,SLK-Class
402171,60,53,black,blonde,female,U2C66N,Ford,Expedition EL
402407,54,78,green,red,female,GC4BD4,Acura,SLX
402420,43,57,blue,white,female,4UU5YP,Subaru,Baja
402689,70,81,blue,white,female,4W5S12,BMW,5 Series
402835,66,75,green,blue,male,LDVY04,Aston Martin,Vantage
403043,37,75,amber,red,male,L524NX,Infiniti,G
403044,30,68,blue,grey,female,K5FFE7,BMW,X5
403141,88,66,black,red,female,1U0055,Lotus,Esprit
403283,31,53,blue,white,male,7A6O25,Mitsubishi,Diamante
403302,73,62,black,black,female,H6B5RL,Chevrolet,Silverado 1500
403539,45,50,blue,black,male,767VBC,Volkswagen,New Beetle
403904,18,72,blue,black,male,1FDV67,Volvo,V50
404328,60,59,blue,black,female,7Q3F7M,Chrysler,Voyager
404361,89,79,amber,blonde,female,85MM04,Dodge,Avenger
404416,60,54,amber,blonde,male,X754Y3,Ford,Explorer
404506,35,58,blue,white,female,DBKA5A,Mercedes-Benz,SL-Class
404516,24,82,brown,grey,female,I2NJBU,Oldsmobile,Alero
404590,54,62,green,blonde,female,881157,GMC,Sierra 3500
404665,54,60,blue,blonde,male,865T73,Cadillac,Escalade
404666,87,67,brown,grey,male,112P04,Jeep,Liberty
404671,27,76,green,brown,female,CSO60Q,Mazda,Mazdaspeed 3
404758,38,62,brown,black,female,5D6688,Mercury,Mountaineer
404822,63,72,amber,red,male,T487TG,Volkswagen,Eurovan
405098,53,71,brown,brown,male,JZ7143,Chevrolet,SSR
405118,47,67,amber,blonde,male,O4870H,Mercury,Mariner
405151,32,52,green,green,male,FUB03V,MINI,Cooper
405170,58,75,black,black,female,I716Y0,Tesla,Model 3
405283,59,50,black,blue,female,FPMZ86,Nissan,Pathfinder
405423,54,52,black,green,male,D11KY1,Toyota,Land Cruiser
405462,35,56,black,grey,male,R87500,Kia,Soul
405574,39,79,blue,red,female,JHK7QY,Toyota,Corolla
405883,76,53,blue,grey,male,ZTJ8CU,Toyota,Celica
405910,36,71,black,blonde,male,AY3R0I,BMW,M3
406015,58,71,blue,black,female,2WS2L7,Honda,Odyssey
406042,23,68,blue,blue,male,3O57FU,Hyundai,Tiburon
406194,29,76,green,brown,female,F102SX,Lincoln,Mark LT
406235,52,79,blue,red,male,1JY0NV,Cadillac,Escalade EXT
406323,20,77,brown,blonde,female,H6R5YH,Lamborghini,Diablo
406329,27,70,black,grey,male,1S46LQ,BMW,5 Series
406371,74,78,amber,brown,female,6DGUB3,Buick,Park Avenue
406499,36,61,green,green,female,5D3I86,Hyundai,Santa Fe
406550,67,55,black,green,female,P4L82D,Dodge,Avenger
406658,26,55,blue,grey,male,SLS3Z8,Chevrolet,Cobalt
406732,61,72,blue,blonde,female,DLOQ8Z,Kia,Rio5
406842,39,50,blue,blue,male,0O30A0,Chevrolet,Lumina
406919,79,62,blue,blonde,male,A775U6,Scion,xD
406956,62,56,brown,blonde,male,TX63KJ,Mazda,626
407121,72,81,green,blonde,female,38QG50,Acura,CL
407176,86,50,brown,blue,female,7136R5,Lexus,LS
407198,30,68,blue,red,male,YT5W3M,Chevrolet,Silverado
407377,20,54,brown,blue,male,5U8MW3,Mitsubishi,Outlander
407507,45,68,amber,black,male,L76THR,Morgan,Aero 8
407583,28,58,green,green,male,UL536T,Cadillac,DTS
407602,88,80,blue,grey,male,WYP0DA,Mazda,B-Series Plus
407837,71,70,brown,black,female,RE2G28,Nissan,Xterra
407895,48,63,amber,green,male,5KL5ZO,Toyota,Prius
407939,74,53,amber,white,male,SJRYH7,Volkswagen,Jetta
408142,22,53,amber,blonde,male,EA4I37,Ford,F250
408217,38,74,black,grey,male,AJ6U4B,Lincoln,Navigator L
408225,57,67,green,brown,female,541P37,Nissan,Murano
408253,73,79,amber,blue,male,1M8B53,Hyundai,Accent
408349,42,56,blue,brown,male,O5085F,Ford,Focus
408455,18,78,blue,green,male,5YPA4D,Buick,Enclave
408473,32,60,black,brown,male,B00Q52,Ford,Escape
408483,83,73,black,blue,female,324O8W,Honda,Prelude
408608,89,63,blue,black,female,5KXFP1,Toyota,Prius
408684,38,69,green,white,male,OCY7J2,Pontiac,Trans Sport
408892,20,50,blue,white,male,W16L17,Pontiac,GTO
408981,62,73,blue,brown,female,5I81NY,Chevrolet,Prizm
409185,37,50,brown,grey,female,10PP46,Oldsmobile,Alero
409387,25,82,brown,blue,male,P24EXE,BMW,X5
409489,55,52,brown,red,female,53G08Z,MINI,Cooper Clubman
409558,23,61,blue,grey,male,Z5G160,Chevrolet,Silverado
409600,59,68,green,grey,female,K5E408,GMC,Sierra 3500
409666,74,72,green,white,female,8D64P2,Chevrolet,Avalanche
409769,45,50,brown,red,female,O4SOPW,Ford,Flex
409894,45,73,amber,blue,female,IF5XIT,Mercedes-Benz,Sprinter 3500
409910,61,59,blue,brown,female,FEPERQ,Chrysler,Concorde
409911,83,53,green,blonde,female,V13M0Z,Dodge,Stratus
410022,36,61,black,black,female,242H8Z,Mazda,Miata MX-5
410215,32,70,green,grey,male,RN4GG0,Oldsmobile,Aurora
410323,81,56,brown,blue,male,8A87WH,Oldsmobile,Aurora
410494,59,71,blue,white,male,H6ZHY2,Buick,LaCrosse
410530,56,77,blue,grey,female,VQ6F6X,Toyota,Prius
410587,18,76,blue,red,male,22707N,Toyota,Camry
410691,85,71,black,blue,female,CVYQ00,Infiniti,G37
410796,41,70,green,red,female,0YT7D3,GMC,Sierra 3500
410799,27,61,amber,blonde,male,77L82A,Mercedes-Benz,CLK-Class
410804,80,80,black,brown,male,I50KC6,GMC,Savana 2500
410861,22,81,brown,white,male,0VY78Q,Acura,CL
410885,39,57,green,red,male,J1G82Z,Saab,9-5
410993,26,57,black,red,female,01428U,Audi,Q7
411045,76,80,amber,blue,male,O410H3,Suzuki,Forenza
411130,25,70,green,grey,female,02YBDB,Ford,E-Series
411137,26,68,blue,blue,female,8CS56A,BMW,3 Series
411157,19,62,brown,brown,female,GFWS3T,GMC,1500 Club Coupe
411196,25,67,amber,grey,male,613IQ8,Volkswagen,Golf
411419,66,66,brown,brown,male,434FUH,Dodge,Caliber
411498,46,74,amber,red,male,3GA653,Jeep,Grand Cherokee
411622,72,69,brown,red,male,W78LE0,Mazda,Tribute
411659,22,66,amber,green,female,51X77J,Chevrolet,Express 1500
411661,40,77,amber,white,female,MU224R,Hyundai,Azera
411667,24,73,black,brown,female,57QB0J,Mazda,Mazdaspeed 3
411754,32,74,green,white,female,D0WN7E,Chevrolet,S10
411927,50,75,brown,brown,male,7452JG,Land Rover,LR4
411935,89,80,blue,grey,female,678B2B,Jaguar,XK Series
411997,66,69,green,white,female,OZ7P45,BMW,7 Series
412026,27,58,blue,white,female,631178,Plymouth,Voyager
412091,63,58,black,blonde,female,2X3Q82,Chevrolet,SSR
412135,72,55,amber,blue,male,1O3074,Dodge,Stratus
412155,57,70,blue,blue,female,4N5QF6,Lexus,CT
412169,18,57,green,black,female,X103LW,Chevrolet,Colorado
412222,50,74,amber,grey,male,7ZYSR0,Dodge,Ram 2500
412237,79,54,green,blue,male,076K70,Acura,TSX
412247,32,55,green,brown,female,RE0D85,Toyota,Sienna
412261,35,73,blue,red,female,MIAM7A,GMC,Envoy
412286,47,72,amber,blonde,male,785L3Z,GMC,Savana 2500
412409,36,56,blue,blonde,male,M78CIP,Dodge,Charger
412545,42,82,brown,blue,female,218T55,Chrysler,LHS
412588,87,77,brown,black,female,58M8VT,Mercury,Montego
412602,27,78,green,grey,male,V148R6,Cadillac,Seville
412744,63,63,blue,green,male,PH16JQ,Toyota,Prius
412832,30,61,brown,brown,male,14H13P,Kia,Sephia
413216,66,57,blue,brown,female,CM6G5R,Dodge,Ram 2500
413373,27,56,amber,brown,male,A11773,Nissan,Sentra
413395,30,57,blue,blue,male,AZFOH2,Chevrolet,2500
413649,51,70,amber,brown,male,3Z4YL1,Mercedes-Benz,S-Class
413829,26,82,green,grey,female,Q1VHJW,Volkswagen,Passat
413843,73,54,blue,white,male,B4YA07,Jeep,Patriot
413876,41,80,blue,blue,female,W8D87Z,Isuzu,Rodeo
414019,78,52,blue,blue,male,74K808,Dodge,Dakota Club
414152,26,72,black,green,male,OXOAUW,Saturn,VUE
414177,25,72,amber,blonde,male,03G7W7,Toyota,Matrix
414207,72,79,green,black,male,8X170U,Toyota,RAV4
414211,89,57,green,white,female,3ZLA60,Dodge,Stratus
414248,74,66,blue,white,female,O37HR4,Ford,Explorer
414370,66,55,green,green,male,306QRW,Mazda,CX-9
414658,55,59,brown,red,male,OJY2W5,Ford,Fiesta
414728,68,66,black,green,female,C207X0,Aston Martin,Virage
414775,27,54,blue,red,male,YCO446,GMC,Yukon XL 1500
414847,33,76,brown,blonde,male,7A56QD,Dodge,Ram 1500 Club
414918,82,67,green,blonde,male,13ZNYI,Ford,Escape
414921,63,80,brown,green,female,718R58,Dodge,Viper
415067,66,77,brown,white,female,QU3K26,Volvo,C30
415172,69,69,blue,blue,male,1SV4F7,Oldsmobile,Aurora
415234,29,79,amber,grey,male,F27INT,Hyundai,Veracruz
415236,34,67,brown,black,male,F6F1SL,Subaru,Tribeca
415294,65,61,green,white,female,N46T2Y,Kia,Mohave/Borrego
415346,56,77,blue,red,male,6DS6Y6,Acura,TL
415472,88,53,amber,green,female,B5U7SL,Lamborghini,Gallardo
415806,28,73,blue,white,female,E37ZR2,Toyota,Sequoia
415969,51,75,brown,black,female,833ZE0,Infiniti,G
416032,89,51,green,brown,male,46C443,Audi,S5
416419,59,51,amber,grey,female,67L4X1,Dodge,Intrepid
416505,56,80,green,red,male,556G4X,Scion,tC
416738,38,82,amber,brown,female,KP8TF0,Acura,CL
416840,76,67,blue,brown,male,PM1657,Toyota,Corolla
416903,57,69,blue,white,female,221ZU5,Mitsubishi,Endeavor
416989,40,56,brown,brown,female,5QQ317,Audi,A4
417054,89,79,black,black,male,JAC71O,Mazda,Protege
417157,49,70,amber,white,female,FLU8Q4,Daewoo,Lanos
417227,48,79,green,brown,female,AK7240,GMC,Sierra 2500
417410,81,72,black,green,female,V811X2,Volkswagen,Jetta
417466,34,73,green,white,female,B6I6VA,Subaru,Forester
417472,47,76,black,brown,male,070MDW,Honda,Pilot
417496,76,81,green,white,male,12X0GR,BMW,325
417602,42,70,blue,black,female,NN30CN,Saab,9-5
417615,28,73,blue,blue,female,M503B2,GMC,Yukon
417624,54,63,brown,brown,male,12Z35A,GMC,Savana 3500
417643,76,78,amber,white,male,2ZRZ3U,Toyota,T100 Xtra
417663,82,74,brown,white,female,P4FG3C,Dodge,Grand Caravan
417737,77,55,amber,green,male,PEWFF6,Mercury,Monterey
417875,79,63,amber,white,female,A32W81,Lexus,GS
417922,29,53,blue,blue,female,Z38510,Volkswagen,GTI
418059,71,74,brown,red,male,2C33X0,Chevrolet,Cruze
418084,76,60,amber,white,female,6CT70J,Chrysler,Sebring
418268,55,68,green,black,male,4P6G6I,Toyota,Matrix
418438,66,56,green,red,male,B485QN,GMC,Savana 3500
418668,77,55,green,brown,female,42X381,BMW,Z4
418758,83,79,brown,red,female,73ZI71,BMW,X5
418929,71,67,green,blue,female,W56327,Buick,Terraza
418940,45,51,green,white,female,YKX15R,Bentley,Continental GT
419176,80,59,brown,white,male,3PCTWR,Mercedes-Benz,SLK-Class
419283,64,75,amber,blonde,female,UA3V4P,Ford,F150
419346,80,71,black,red,female,3PT301,Dodge,Durango
419389,86,59,green,blonde,female,H4X0WX,GMC,Yukon
419448,67,74,black,green,female,XIDI5F,Pontiac,G6
419633,23,71,blue,blue,male,3531A4,Toyota,Corolla
419710,34,80,blue,blonde,male,6JAF5H,Lotus,Elise
420060,21,82,blue,brown,female,T0SQ1N,Ram,3500
420110,45,58,amber,blonde,male,10E62G,Jeep,Grand Cherokee
420263,47,64,blue,grey,female,72057B,Honda,Ridgeline
420324,58,56,blue,red,female,64M144,GMC,Acadia
420335,78,52,blue,grey,male,QRZZ7V,Scion,xD
420349,57,54,blue,brown,male,R87236,Nissan,Maxima
420364,42,53,green,blue,male,UMIBYA,Ford,TH!NK
420403,84,50,green,brown,female,3M5742,Mercedes-Benz,SLK-Class
420436,62,62,green,red,female,Y7BC51,Daewoo,Nubira
420557,45,65,amber,red,female,3571F4,Jeep,Wrangler
420600,35,75,amber,green,male,115G44,Nissan,Quest
420630,80,57,blue,green,female,O43FMJ,Toyota,Matrix
420653,65,82,black,brown,male,630DR5,Nissan,Maxima
420703,82,78,green,white,male,L148JX,Ford,Taurus
420707,76,61,brown,grey,female,VWO10G,Toyota,Corolla
420827,67,54,green,brown,male,3T5ZO7,GMC,Savana 1500
420956,40,51,black,red,male,0U84E1,BMW,1 Series
420982,37,69,green,blue,female,6VDGHB,Dodge,Ram 2500
421043,83,66,black,blue,male,18IWJB,Mercedes-Benz,GL-Class
421185,18,53,blue,white,male,T7TC60,Ford,E150
421256,47,64,amber,blue,female,X646X1,Land Rover,Discovery Series II
421308,68,78,brown,red,female,QJR4TG,Mercury,Milan
421389,40,79,amber,black,female,AK6832,Cadillac,Seville
421403,86,53,green,green,female,L8NW7Z,Mercury,Monterey
421523,56,74,green,blonde,female,Z40O2G,Mercedes-Benz,SL-Class
421569,55,72,blue,white,male,YEN3NB,Kia,Optima
421616,57,51,amber,black,male,1214ID,Lamborghini,Murciélago
421675,52,64,black,white,female,TI6N72,GMC,Sierra 1500
421691,72,69,green,grey,female,DTQ424,Chrysler,Crossfire
421700,86,56,green,grey,female,4CZVG4,Hyundai,Santa Fe
422000,27,82,green,blue,male,YC8F41,Lexus,LS
422007,69,50,green,grey,male,8AJ4LB,Honda,Prelude
422054,54,60,brown,red,female,RUB321,Chevrolet,Tahoe
422244,80,69,amber,black,female,3MJ28K,Hyundai,Santa Fe
422269,85,77,green,white,female,T5K624,Scion,xD
422295,43,68,amber,white,female,0I07IR,Cadillac,Seville
422496,74,57,blue,black,female,TKPXXT,Porsche,911
422569,22,59,blue,white,female,52ZAK5,Mitsubishi,Montero
422929,87,79,green,black,female,1JZ8W6,Dodge,Sprinter
422951,45,63,amber,brown,male,Q26K7R,Chrysler,Town & Country
423101,24,82,black,blonde,female,5O775J,Toyota,Tacoma
423145,43,53,green,blue,female,687N5G,Audi,Allroad
423158,32,61,amber,red,female,J5YAKP,Chevrolet,S10
423208,49,73,amber,green,female,KNYL3B,GMC,Savana 2500
423316,24,54,green,grey,female,1O0120,GMC,Savana 1500
423327,30,70,brown,brown,male,0H42W2,Chevrolet,Spark LS
423556,43,80,green,grey,female,T7XGJ2,Saab,9000
423706,56,62,blue,blonde,male,BGBBX6,Toyota,4Runner
423767,20,74,green,blonde,female,N6ZN44,Acura,TL
423966,78,64,blue,grey,male,QOEIR8,Chevrolet,Corvette
424007,66,52,black,black,female,23D464,Suzuki,XL-7
424070,80,81,black,white,male,SOJKL6,Volvo,C70
424088,41,71,black,grey,male,078BW5,Chevrolet,Malibu
424150,29,78,green,green,male,3BZ05S,Scion,xA
424188,60,57,brown,blue,female,O2XW1Z,Mercury,Sable
424227,86,62,blue,red,male,SAKU87,Kia,Amanti
424594,75,73,amber,green,female,4ST07Q,Jeep,Commander
424632,73,56,brown,grey,female,70H886,GMC,Sierra 2500
424688,86,57,brown,brown,female,77GFR6,Mazda,Miata MX-5
424773,18,75,blue,blonde,female,50J04R,Isuzu,Trooper
425032,66,73,green,red,female,174LZB,Audi,A8
425096,35,70,black,brown,male,TD551D,Isuzu,Trooper
425167,38,65,amber,green,female,67HYR1,Buick,LaCrosse
425238,58,76,brown,red,female,Q688V4,Dodge,Grand Caravan
425250,55,62,brown,black,female,V1GJ51,Subaru,Impreza
425364,39,79,green,red,male,B5L41S,Subaru,Outback
425447,83,65,amber,blue,female,0RO5M7,Toyota,Sienna
425510,77,63,amber,grey,male,N476NT,Acura,TL
425554,80,61,brown,black,female,R26J5Q,Jaguar,XF
425633,21,63,black,white,male,QF0CF7,Porsche,Cayman
425737,89,62,blue,grey,female,EN5SA1,Maybach,Landaulet
425852,44,64,amber,brown,male,6OI4JG,Oldsmobile,Aurora
425936,38,52,green,blonde,male,853UL0,Pontiac,Firebird
425978,43,57,brown,grey,male,VZ4QT6,Honda,Passport
426010,89,81,green,green,female,61Q7UY,Saturn,Outlook
426027,78,75,amber,black,male,2WVELL,Chevrolet,Silverado 2500
426030,32,56,brown,white,male,2LI7VU,Mazda,Mazda3
426033,57,71,black,black,female,1288M3,Mercury,Monterey
426046,78,63,green,blue,male,026636,Lincoln,LS
426059,27,50,black,red,male,L5HFH4,Cadillac,Escalade ESV
426069,86,66,amber,brown,female,04I708,Land Rover,LR2
426258,25,68,blue,blue,male,WNW302,Oldsmobile,Bravada
426260,44,56,brown,blonde,female,RX20EL,Honda,Odyssey
426504,36,72,blue,grey,male,834V0U,Nissan,Maxima
426583,23,52,brown,red,male,KM7OOC,Bentley,Azure
426626,65,79,green,black,female,ENV4KQ,Volkswagen,Tiguan
426819,40,52,amber,brown,male,CZ3EBN,Mazda,CX-5
426998,21,81,blue,blue,male,WD70ZW,Honda,Element
427173,52,79,blue,blonde,male,4E6P1M,Chevrolet,Express 1500
427265,46,74,green,black,female,33QC4K,Oldsmobile,LSS
427323,59,78,brown,red,male,0TMPV3,BMW,Z8
427324,46,53,brown,brown,female,FJR356,Lexus,LX
427386,55,63,green,blue,female,5VRN77,Toyota,Camry Hybrid
427564,58,52,blue,blue,female,803328,Saturn,Vue
427613,65,79,amber,blonde,male,C33P55,Lincoln,Zephyr
427657,24,61,blue,blue,male,D42V36,Volkswagen,New Beetle
427790,58,72,green,grey,female,F25MRO,Hyundai,Veracruz
427820,73,78,amber,black,female,0K7G16,Volkswagen,Touareg 2
427830,28,73,amber,brown,female,81YTW1,Aston Martin,V8 Vantage
427890,39,64,amber,brown,female,1EQ8VE,Jaguar,X-Type
428001,29,51,green,black,male,34DA14,Chevrolet,Cobalt
428010,54,68,green,white,female,7I0H82,Toyota,Sienna
428139,82,75,brown,green,female,5VMF55,Hyundai,Veracruz
428265,32,56,green,blue,female,1QR3MM,Lexus,GX
428356,61,56,black,blonde,male,EX675L,Chevrolet,Impala
428410,58,66,green,black,male,XX1ZG7,Infiniti,QX56
428532,20,73,blue,grey,female,V8M2WO,Mercedes-Benz,SLK-Class
428657,40,76,blue,green,female,S24324,Subaru,Tribeca
428667,57,58,brown,green,female,48G3QR,Chevrolet,Camaro
428718,88,74,green,brown,male,DPJ45Z,Mitsubishi,Endeavor
428821,20,61,amber,blonde,male,1778SY,Lexus,LX
428859,66,59,blue,green,male,FEV3I1,Suzuki,Vitara
428871,21,55,blue,red,male,5J0WB8,Toyota,Camry Hybrid
429011,82,59,brown,red,male,0863X6,Hyundai,Accent
429196,87,74,brown,brown,female,357J62,Chevrolet,Suburban 2500
429455,34,68,amber,grey,male,5F7874,GMC,Savana 3500
429546,74,72,black,blue,male,5M1167,Cadillac,Escalade
429561,53,57,amber,blue,male,5DV8HE,Dodge,Ram 3500
429635,64,67,amber,brown,male,Z12NO0,Toyota,4Runner
429738,85,72,amber,brown,male,5DVZO8,Honda,Fit
429883,60,74,blue,grey,female,Z54840,Volkswagen,Touareg
429987,71,71,brown,white,female,34I5OM,Ford,Club Wagon
430136,73,51,blue,grey,male,CC4U24,Chevrolet,Trailblazer
430143,63,69,black,white,female,XO03GA,Chevrolet,Impala
430268,18,57,amber,red,female,V6P2J7,Chevrolet,Silverado 1500
430296,53,82,black,green,male,884506,Lincoln,MKT
430362,37,75,black,black,male,JZRHH4,Toyota,Yaris
430454,66,80,brown,red,female,Z4I54T,Suzuki,Grand Vitara
430535,69,67,brown,white,female,OC3717,Mercury,Grand Marquis
430580,26,61,green,blue,female,108EKZ,Oldsmobile,Alero
430645,46,66,blue,brown,female,E08828,GMC,Savana
430746,60,68,black,blonde,female,OCAM50,Mercury,Sable
430976,43,62,amber,green,male,S048LJ,Buick,LeSabre
430996,80,65,green,blue,female,24BVQX,Cadillac,Escalade
430998,25,77,blue,blonde,male,K2541A,Dodge,Ram 2500
431035,57,76,amber,blue,female,66160W,Bentley,Azure
431238,88,72,amber,red,female,ZY5Y22,Suzuki,SX4
431323,37,81,black,white,male,W6516A,Jeep,Wrangler
431446,24,57,amber,green,male,IL11FN,Nissan,Xterra
431479,66,51,brown,blue,male,KI2KUS,Spyker,C8 Spyder
431511,43,72,amber,grey,female,M603Q0,Chevrolet,Venture
431566,33,62,blue,black,female,NO1Q8S,Cadillac,SRX
431752,43,80,blue,blonde,female,W3Q03B,Pontiac,G5
431897,22,75,amber,red,female,461S1M,Ford,Ranger
432026,21,50,blue,white,male,5RG1QQ,BMW,Z4
432047,63,77,brown,green,female,0HYN3V,Volvo,V50
432072,74,51,brown,brown,male,3L2S0J,Volkswagen,Jetta
432083,32,68,brown,white,male,0NG1E0,Volvo,S80
432097,56,56,amber,brown,male,QJF62P,Chevrolet,3500
432134,54,61,black,black,female,40KT11,Mitsubishi,Raider
432284,32,80,green,red,female,S36210,Mercedes-Benz,CLS-Class
432611,72,75,black,white,female,0626E5,Land Rover,Discovery
432755,23,61,green,white,male,S0IPZ1,Subaru,Forester
432769,26,51,black,blonde,female,33CV41,Cadillac,SRX
432800,70,79,black,grey,male,IK0750,BMW,M6
433027,71,60,black,white,male,JP44DP,Volkswagen,GTI
433193,37,63,brown,white,female,3I20BZ,Nissan,Maxima
433294,30,56,blue,grey,male,G7W050,Nissan,Rogue
433319,77,80,amber,blonde,male,WGM80W,Kia,Sportage
433352,52,76,green,blue,male,2XXCCZ,BMW,525
433482,42,64,blue,blue,male,QL5426,Chevrolet,Suburban 2500
433737,76,81,black,white,female,M82TYG,Lotus,Elise
433758,41,50,brown,red,female,H01IP1,Subaru,Impreza WRX
433764,41,69,amber,grey,male,QYIB0R,Chevrolet,Malibu
433851,80,74,green,black,female,BLP7NZ,Chrysler,Crossfire
434295,38,79,black,grey,male,0180UN,Ford,E350
434307,48,69,amber,green,female,617CI1,Lincoln,MKZ
434338,56,56,amber,red,male,PT37XV,Ford,Taurus
434352,48,69,brown,blue,male,ZT08G4,Subaru,Tribeca
434403,27,72,brown,black,female,SXR01Q,BMW,5 Series
434443,76,77,brown,black,male,222P56,Volkswagen,New Beetle
434529,20,69,blue,blonde,male,YFD0ZM,Buick,Park Avenue
434624,69,61,brown,black,female,U2Z7YM,Chevrolet,Tahoe
434732,89,75,green,black,female,30ZZ14,Lamborghini,Gallardo
434809,19,55,green,red,male,74V635,Volkswagen,Golf
434845,52,57,brown,brown,female,7M343K,Cadillac,Eldorado
434886,80,65,green,blue,male,41P1MG,Subaru,Baja
435048,43,55,brown,white,male,GIZL0K,Oldsmobile,Alero
435130,74,54,green,blue,male,B0HRID,Nissan,Versa
435255,36,79,blue,grey,male,3B400K,Infiniti,QX56
435436,23,81,blue,white,male,M82525,Mercedes-Benz,S-Class
435471,49,66,blue,green,female,RD0DLX,Buick,Lucerne
435487,26,74,brown,green,male,H564UB,Hyundai,Equus
435541,87,67,blue,blue,female,26R831,Toyota,Avalon
435623,35,55,brown,blonde,male,2Y45L7,Volkswagen,Touareg 2
435738,55,58,amber,grey,female,AZ35FY,Mercedes-Benz,S-Class
435850,44,73,brown,black,female,0I6C2D,Audi,Q7
436013,31,61,amber,grey,male,IY6K7R,Hyundai,Entourage
436018,80,69,green,black,female,T6ASIV,Infiniti,QX56
436065,75,60,black,green,male,B4UWAD,GMC,Sierra 3500
436087,44,71,green,grey,male,I751D4,Lexus,IS
436172,60,66,brown,grey,male,7EJ0T2,Saab,9-5
436198,52,77,blue,black,male,73R0UL,Mitsubishi,Galant
436303,62,64,blue,blue,male,LW33E0,Lexus,GX
436349,30,76,blue,grey,male,55Z56S,Acura,NSX
436405,60,64,black,brown,female,O4IK7K,Ford,F-Series Super Duty
436439,23,70,amber,green,male,84560F,Chevrolet,Avalanche 1500
436470,27,57,black,grey,female,4QJJ72,Mercury,Grand Marquis
436825,44,65,green,brown,female,1S2156,Mercedes-Benz,CL-Class
436996,36,72,blue,white,male,N2XH4K,Ford,Freestyle
437247,21,69,black,white,male,V3R2IX,Jaguar,XF
437323,62,59,amber,grey,male,1N40N2,Jaguar,XK
437410,50,52,blue,blonde,female,2FK1W4,Nissan,Leaf
437490,64,52,amber,white,female,G3D012,Ford,Fiesta
437710,28,80,brown,black,female,4W8X2S,GMC,Yukon XL 2500
437774,33,75,blue,red,female,1ALB8I,BMW,X5
437881,21,75,black,white,female,PELC8M,Dodge,Durango
438064,57,60,green,red,male,EC2W20,Honda,S2000
438102,26,80,green,black,female,786O0R,Toyota,Corolla
438149,38,80,brown,white,male,S7Z182,Suzuki,Forenza
438201,79,54,blue,blue,male,Y6WUNB,Honda,S2000
438367,89,50,green,green,male,3011TB,Ford,Thunderbird
438414,88,81,brown,grey,female,MZMC10,HUMMER,H3
438521,86,73,blue,green,female,R852T6,Mitsubishi,Endeavor
438592,81,80,green,blonde,female,Z0T0OF,Lexus,LS
438595,49,80,black,black,female,CABKOD,Mercedes-Benz,CL-Class
438768,75,68,green,blonde,female,HA3K54,Saturn,L-Series
439067,34,77,amber,blue,male,785IUG,GMC,Sierra 3500
439103,19,65,blue,brown,male,7YPV7Z,Saab,9-5
439104,75,79,black,blue,male,2A573A,Infiniti,M
439184,53,74,amber,blue,male,56A4J7,Dodge,Nitro
439220,81,51,blue,white,male,4T6S3G,Volvo,S70
439385,73,69,blue,grey,female,UIGCSP,Pontiac,Sunfire
439509,56,72,blue,blue,male,35S8LN,Honda,Civic
439639,37,79,amber,red,male,KI8250,Dodge,Dakota Club
439686,30,55,brown,black,female,31U45U,Mitsubishi,Pajero
439830,60,73,brown,blonde,male,7HI386,Land Rover,LR4
439889,64,62,amber,brown,female,1C6883,Oldsmobile,Bravada
440235,32,74,blue,grey,female,652TC8,GMC,Sierra 1500
440367,33,81,green,grey,male,Z56H1N,Ford,F350
440401,49,82,amber,white,female,8D4T5I,Toyota,Corolla
440403,43,68,black,green,female,823EDT,Saab,9-3
440532,80,82,amber,brown,female,115HM4,Infiniti,I
440638,24,82,brown,green,male,Z6K8C2,Maybach,57
440773,35,71,brown,black,female,M46GR7,Chevrolet,Tahoe
440935,85,62,amber,grey,male,P8B058,Volkswagen,Jetta
440964,20,52,blue,green,female,3X861I,BMW,5 Series
440979,42,66,black,black,female,6OMWS5,BMW,Z4
441029,41,80,blue,blue,female,563E22,Chevrolet,Suburban 1500
441043,85,74,blue,blonde,male,58M4WL,Mazda,MAZDA6
441080,80,73,blue,blonde,male,84027A,Chrysler,Concorde
441139,42,67,brown,blue,male,4I8QK2,BMW,7 Series
441152,32,50,brown,brown,female,G6T614,Dodge,Stratus
441188,69,65,black,brown,female,4O8S3R,Kia,Spectra5
441211,35,76,black,blue,male,2Q4128,Lexus,CT
441304,26,60,green,black,female,N774IS,Mazda,B-Series Plus
441315,86,58,amber,white,male,1637FY,GMC,Savana 1500
441534,20,78,amber,blue,male,Z741O4,Infiniti,IPL G
441620,52,81,black,red,male,W7Q114,Bentley,Continental GTC
441927,72,55,amber,red,female,335E21,Lexus,GS
442255,85,65,green,green,female,6O1S41,Infiniti,G25
442303,51,58,blue,grey,male,P3TQP3,Lexus,LS
442548,38,59,brown,red,male,602617,Ford,Crown Victoria
442772,81,76,amber,green,male,W178A0,Chevrolet,Silverado 1500
442818,85,79,blue,red,male,F36873,GMC,Sierra 1500
442869,39,58,black,red,male,GJ5703,Hyundai,Veracruz
442930,60,54,blue,blue,female,403X2T,Porsche,Boxster
443067,37,65,blue,white,male,Q8M3JX,Audi,A5
443129,58,76,green,grey,male,D8G834,Toyota,Camry
443136,58,82,amber,grey,female,Q1T317,Toyota,Camry
443321,61,56,green,red,male,YK3HU6,BMW,5 Series
443364,44,58,green,grey,female,IX2YUE,Toyota,Highlander
443427,42,55,blue,grey,male,Q16D1E,Lincoln,MKS
443611,76,65,blue,red,male,U281CL,Chevrolet,Equinox
443715,29,80,brown,blue,male,8D734I,Dodge,Ram 3500
443828,64,76,brown,blonde,female,6GLSQK,Toyota,Tundra
443860,58,69,brown,white,male,2511SS,Subaru,Outback
443941,89,56,amber,blonde,male,UYJ13V,Chrysler,200
444002,32,60,black,brown,female,Y0PL38,Lexus,GS
444009,46,67,brown,white,male,LG78T1,Aston Martin,DB9
444018,78,81,blue,blue,female,57YNP6,Cadillac,CTS
444329,45,72,black,black,female,RS8PSZ,Lotus,Exige
444427,51,65,green,blue,female,5W61S1,Chrysler,Sebring
444440,53,62,green,blonde,female,6W1E52,Ford,Transit Connect
444523,63,73,green,brown,female,V6WBZI,Suzuki,Grand Vitara
444669,44,58,brown,white,female,ALV0TR,Lexus,IS-F
444718,36,75,black,green,male,1F57J3,Land Rover,LR4
444836,37,77,blue,green,male,863XD5,GMC,Sierra 1500
444903,26,82,green,blonde,female,1G0AOK,GMC,Sierra
444965,27,78,amber,red,male,61T423,Porsche,911
445046,40,75,brown,green,male,O4NQOM,Porsche,Cayman
445158,37,58,green,grey,female,A24QBH,GMC,Savana Cargo Van
445165,68,66,brown,blonde,female,XX57S8,Mercury,Mariner
445225,81,61,blue,brown,male,YK1B6F,Land Rover,Discovery
445275,63,65,brown,blonde,male,11SRIQ,Audi,A6
445327,86,66,black,grey,male,R2A36D,GMC,Yukon
445395,29,81,green,blonde,male,0BYRM8,Infiniti,QX
445643,58,77,green,black,male,OSG0F4,Chevrolet,Silverado 3500
445712,52,80,blue,blonde,male,413I5Z,Volvo,S80
445917,73,69,amber,red,male,G83T75,Chevrolet,Aveo
445959,66,70,black,green,male,3O0R1U,Acura,TL
445992,48,52,blue,green,female,E2AP08,Suzuki,XL-7
446020,22,70,brown,white,male,K8B3V4,Suzuki,Vitara
446048,24,66,blue,blonde,male,T68706,Volkswagen,Eurovan
446190,31,67,blue,brown,male,4URAQ7,Honda,Civic Si
446195,21,61,amber,grey,female,8CL8BK,Honda,Fit
446428,55,53,black,black,male,6TVH8C,Ford,Explorer
446546,88,72,amber,brown,female,F24H8S,Ford,Taurus X
446571,62,52,black,blonde,male,S600L7,Ford,F450
446711,67,71,black,blonde,male,0W54E1,Infiniti,QX56
446890,88,52,blue,green,female,02XC47,Oldsmobile,Silhouette
446960,44,51,blue,green,female,UHJC86,Audi,A3
447088,53,78,blue,blue,female,72DMRL,GMC,Yukon XL 2500
447141,86,68,brown,blonde,female,QOGUKJ,Scion,tC
447449,43,55,black,brown,female,CPA883,Mazda,626
447456,26,64,amber,black,male,JIR061,Kia,Borrego
447601,30,65,blue,white,male,ASO3T0,Lexus,LS
447877,77,66,green,black,female,PBZ6HC,Land Rover,Discovery
447887,37,62,blue,white,male,Z76OJY,BMW,5 Series
447990,36,81,green,brown,male,2X41F4,Mazda,B-Series
448082,63,64,amber,red,male,5033W8,Ford,F250
448204,41,61,blue,brown,female,3IHK8O,Jeep,Wrangler
448267,36,75,brown,grey,female,1PNIEM,Chevrolet,Suburban 1500
448304,23,54,green,blonde,male,K55Q4F,Subaru,Forester
448306,36,68,amber,blue,female,TZ0DC5,Bentley,Azure
448456,62,61,brown,green,male,Z1EK82,BMW,M3
448465,47,81,blue,black,female,J21I0N,Chevrolet,Cavalier
448511,44,68,black,blue,female,4EVU1C,Lotus,Elise
448523,62,65,green,white,male,446GDO,Chevrolet,Express 1500
448569,81,56,amber,grey,female,7C5YX2,Dodge,Charger
448651,44,62,black,green,female,SU1751,Honda,Insight
448718,37,53,black,grey,female,U3QQK6,Chevrolet,Silverado 1500
448962,82,58,blue,blonde,male,186QV5,Toyota,Tacoma
449327,72,51,black,grey,male,D42GNW,Infiniti,G
449378,48,64,blue,blonde,female,XBO1R0,Ford,Escort
449509,47,60,green,white,male,G18S5T,Nissan,Frontier
449573,47,76,amber,green,male,6P1115,MINI,Cooper
449740,67,78,amber,green,female,U4F245,Toyota,Tacoma
449846,61,51,brown,brown,female,F2DQ11,Lincoln,Town Car
449880,54,75,brown,grey,female,X22MX2,Ford,Ranger
449920,52,63,brown,red,male,TKS2B5,Toyota,Tacoma Xtra
449991,73,80,green,blonde,female,H18L3N,Mercedes-Benz,CLS-Class
449995,22,51,blue,black,female,U43QNW,Nissan,Armada
450052,21,54,green,green,male,684QJJ,Mitsubishi,Pajero
450095,83,57,green,grey,female,467P0Y,Audi,S6
450178,60,74,blue,brown,male,36II13,Dodge,Intrepid
450213,51,72,brown,black,female,3PJ78P,Ford,E-Series
450248,78,65,green,green,female,C4A46I,BMW,X6
450302,60,81,amber,brown,male,P0JP4D,Dodge,Ram 2500
450331,69,67,brown,red,male,41645T,BMW,M3
450424,49,76,blue,white,male,Y388T1,MINI,Cooper
450447,20,72,blue,grey,female,P162WV,Kia,Sedona
450529,49,78,black,blonde,male,631MO5,GMC,Suburban 2500
450614,88,80,amber,green,female,7T4530,Acura,ZDX
450805,48,50,black,grey,female,2I4LTN,Porsche,Boxster
450908,73,78,brown,white,male,8RC7T4,Volvo,S80
450982,66,68,blue,green,female,GTAOK1,Toyota,Tacoma Xtra
451075,48,73,green,blonde,female,P8U434,Audi,S4
451089,40,50,black,blue,female,T0YI17,Acura,RL
451213,46,70,black,black,male,D2O4H8,Mercedes-Benz,CLK-Class
451731,86,77,amber,blue,female,74VOXZ,Audi,A8
451736,89,78,blue,brown,female,463NYD,Dodge,Nitro
451757,48,62,blue,brown,male,B50C64,Lexus,GS
451764,80,54,black,black,male,42X6O6,Toyota,Prius c
451959,60,63,green,blonde,female,30CT0D,Ford,Escape
451977,24,53,amber,blonde,male,GDW274,Cadillac,Escalade EXT
452148,60,60,amber,blonde,male,2A7O1E,Buick,Lucerne
452173,69,53,brown,white,male,J38277,Hyundai,Sonata
452234,63,82,blue,blue,male,11CK7I,Jaguar,XJ
452399,73,66,amber,blonde,male,ASYO2U,Chrysler,300C
452494,87,62,black,red,male,TD6536,Audi,Allroad
452529,31,51,brown,blue,female,WO373J,Subaru,Forester
452604,55,64,blue,grey,female,C244F3,Acura,Integra
452969,25,62,blue,white,male,13IO1B,Mazda,B-Series Plus
453054,60,50,amber,red,female,PS44CV,Chevrolet,Monte Carlo
453356,31,61,brown,white,female,5GI634,Infiniti,QX
453365,51,55,brown,brown,female,616175,Mercury,Mariner
453382,71,61,black,red,male,8V24LR,Lexus,LX
453394,36,54,brown,blue,male,NO664H,Dodge,Ram Van 2500
453485,69,59,brown,blue,male,OLJ77L,Chrysler,Town & Country
453620,53,51,brown,white,male,XV51MQ,Mercedes-Benz,E-Class
453644,83,81,black,grey,female,1K2T8F,Ford,Fiesta
453658,68,58,black,blue,female,0247O6,Ford,F150
453694,56,63,black,blue,female,K7SA3S,Jaguar,XJ
453757,79,61,amber,black,male,6DU4P2,BMW,X3
453932,51,82,green,blue,male,408YZ1,Jeep,Grand Cherokee
454019,66,79,blue,brown,female,45JHFB,Suzuki,Grand Vitara
454041,82,71,black,grey,female,OIZUWF,GMC,Savana 3500
454086,44,66,black,red,male,OKS30Y,Acura,RL
454199,87,65,amber,grey,male,43XX8Z,Volvo,V50
454394,68,63,black,brown,female,O2D4XC,Kia,Optima
454467,64,81,amber,blue,female,B81KVA,Nissan,Frontier
454612,32,72,blue,red,male,BQ1BD8,GMC,Sierra 1500
454690,42,67,blue,brown,male,2O56UC,Mercury,Cougar
454755,35,77,blue,blue,male,7L578O,Kia,Sorento
454820,63,73,brown,white,female,UQRO7O,Saturn,Vue
454929,67,71,black,white,female,UJT15T,Ford,F150
454965,35,66,black,brown,male,IL08W3,Oldsmobile,Cutlass
455061,71,67,blue,red,male,28H1M6,Jaguar,XJ Series
455130,88,54,blue,green,male,Y6KED1,Mercedes-Benz,SL-Class
455264,86,73,green,blonde,female,4M11Q2,Buick,Regal
455293,65,78,brown,black,male,JP3Q2M,Saab,9-4X
455369,19,75,blue,white,male,82HTJF,Jeep,Patriot
455403,35,50,blue,red,female,DGO7DV,Ford,F-Series Super Duty
455512,55,64,blue,green,male,K27G3R,BMW,3 Series
455538,67,55,amber,grey,female,HR7N0Q,Nissan,Frontier
455804,26,68,black,blue,male,K7ZJ8B,Kia,Sportage
455969,68,81,green,red,female,3WD0M8,Mercedes-Benz,GL-Class
455975,54,70,black,red,female,F1FNG8,BMW,325
455979,88,78,amber,blue,male,1B8UH0,Cadillac,Seville
456232,42,71,amber,grey,female,KPS3U7,Volkswagen,Eos
456233,40,58,amber,red,male,8XP524,Lincoln,Continental
456343,85,78,blue,blue,male,GVZ8X2,Ford,Thunderbird
456567,81,78,blue,black,female,50VE72,Chevrolet,Suburban
456597,19,51,brown,blonde,female,DPL70U,Dodge,Ram 2500
456697,62,76,black,brown,female,MQ780Y,Saturn,Relay
456851,37,77,brown,red,female,D74FPM,Chevrolet,Suburban 1500
456853,33,58,brown,grey,female,7RA564,BMW,525
456885,46,62,brown,blue,male,VW7MPN,Acura,NSX
457056,19,50,green,brown,female,5JWZM8,Mercedes-Benz,R-Class
457195,72,80,black,blue,male,DUXJGH,Jeep,Wrangler
457203,89,71,blue,white,female,7C182N,Pontiac,Grand Am
457215,35,66,amber,blonde,male,WZS3P6,Chevrolet,Camaro
457233,79,55,green,green,male,VM2086,Volkswagen,Passat
457492,54,75,amber,grey,male,A24L23,Hyundai,Tiburon
457496,55,82,blue,white,male,400Y0K,Honda,Accord
457823,21,57,black,red,female,VE643G,GMC,Sierra 2500
457909,63,62,blue,white,male,0088J8,Ford,Econoline E250
457920,20,78,amber,brown,male,N747IX,Mitsubishi,Outlander
457927,25,68,brown,black,female,XJ6SJO,Honda,CR-Z
457986,47,67,green,blue,male,H15O8I,Chevrolet,Suburban 1500
458153,77,78,black,white,female,8G8723,Hyundai,Accent
458268,36,61,blue,white,female,86DZ6H,GMC,Yukon XL 1500
458274,78,57,amber,brown,female,017V2R,Dodge,Ram 1500
458292,58,74,amber,brown,female,416640,Mercury,Mountaineer
458399,42,55,brown,grey,female,NX3151,Mazda,Mazdaspeed 3
458606,38,70,amber,white,female,11JAX5,Mercedes-Benz,SL-Class
458643,32,62,brown,blonde,female,581KX0,GMC,Yukon XL 2500
458682,21,57,green,black,male,15C153,Toyota,Tacoma Xtra
458873,36,54,amber,white,male,G0UUL7,Nissan,Titan
458929,31,57,amber,red,female,Q00NOC,Chevrolet,Malibu
458975,28,67,amber,blonde,male,W8Q47E,Ford,Mustang
458999,35,66,brown,white,male,Z07RWM,Volvo,XC70
459039,86,57,brown,white,female,M7DBON,Ford,Contour
459041,45,74,brown,grey,male,7J0J2F,Honda,Accord
459077,79,80,blue,white,male,2DXL03,Hyundai,Genesis Coupe
459090,75,69,black,white,female,141DCQ,HUMMER,H3T
459187,49,55,green,white,male,R76I5W,Ford,F-Series
459397,47,71,amber,grey,female,D1C4S0,Toyota,Solara
459494,68,60,brown,red,male,D2ORC2,Plymouth,Breeze
459554,35,78,black,brown,female,83LGA5,Ford,Econoline E350
459734,77,73,green,blonde,female,8I6Y2U,Toyota,TundraMax
459749,34,55,blue,red,male,51P3ZP,Mitsubishi,Lancer
459873,46,71,black,blonde,female,DEGJ7J,GMC,Envoy
460088,54,70,green,grey,male,4RYVAC,Mazda,Tribute
460099,33,64,green,white,male,Z6QFJT,Chevrolet,Silverado 3500HD
460401,75,53,green,grey,female,43JFZ2,Nissan,Titan
460469,29,50,green,white,female,X0JCZ2,Ford,Taurus
460807,38,72,amber,white,male,46GC73,Chevrolet,Blazer
460941,66,73,amber,green,male,C8L535,Ford,Transit Connect
460998,24,68,brown,grey,male,6435LE,Aston Martin,DB9
461090,63,65,blue,black,male,77M3WP,Suzuki,SX4
461097,36,69,blue,grey,female,WUJTA1,Honda,Insight
461106,87,72,green,white,female,LKM26E,Lexus,IS-F
461149,76,63,brown,blonde,female,8LGHHG,Suzuki,Grand Vitara
461168,74,60,black,green,male,5W87X3,BMW,X5
461332,63,76,green,black,male,S3203M,Pontiac,Daewoo Kalos
461376,75,82,blue,blue,male,8ZZ337,Infiniti,M
461401,54,51,amber,red,male,687V7Y,Mercury,Mountaineer
461653,76,73,green,red,male,FKWD70,Chrysler,PT Cruiser
461677,68,53,brown,red,male,UV5II2,Mercury,Villager
461734,68,74,brown,blue,male,C7A24G,Ram,2500
461738,64,77,blue,blonde,male,ZP72X4,Subaru,Legacy
461757,83,59,amber,green,female,MM53EM,GMC,Yukon XL 2500
461809,81,52,brown,blue,male,V35KC5,Chevrolet,Express 2500
461845,42,68,brown,green,male,5I036K,Toyota,4Runner
461849,47,72,amber,blonde,female,861PXX,Honda,Insight
461890,30,54,blue,blonde,male,V4SZ04,Dodge,Ram Van 1500
461956,57,57,blue,black,female,1711YN,Audi,A3
462134,47,51,blue,blue,male,748474,Toyota,4Runner
462278,26,64,black,grey,female,7VLXDG,BMW,1 Series
462324,56,54,brown,grey,female,VPUF30,Chevrolet,Tracker
462389,65,59,blue,white,male,4QFMX3,Volkswagen,Touareg
462489,73,71,amber,blonde,male,JN0A62,Porsche,Cayenne
462610,89,57,blue,green,female,4M8JFW,Isuzu,Hombre Space
462623,18,64,black,white,male,745IYP,Infiniti,G
462640,27,61,amber,red,male,D2CV1A,Morgan,Aero 8
462670,48,78,amber,blonde,male,2OF427,Lincoln,Navigator
462754,41,74,amber,white,female,DJW374,Porsche,Boxster
462868,63,63,brown,black,female,55R6B4,Lexus,GS
462966,66,60,blue,red,male,642K46,Acura,NSX
463041,25,73,green,white,female,U50UAS,Lotus,Elise
463077,79,54,blue,grey,female,QB1W56,Ford,E-Series
463166,53,79,green,black,male,FHKF06,Toyota,RAV4
463218,65,55,amber,grey,female,Y2O83V,GMC,Savana 1500
463318,74,69,black,green,female,2ZP3LB,GMC,Yukon
463442,38,68,black,brown,male,OAT2VE,Nissan,Altima
463481,58,60,black,blue,male,X6HM4O,Volkswagen,Golf
463494,69,66,blue,brown,male,OQJ1S4,Dodge,Ram Van 2500
463613,42,65,brown,grey,male,Q5737T,Audi,A4
463769,47,68,blue,black,female,F5M5TK,Suzuki,Aerio
463799,67,81,brown,green,female,RV5JO5,Dodge,Avenger
463829,50,55,black,brown,male,D6I580,Chrysler,Sebring
463918,52,56,blue,brown,male,KW4GFX,Mercedes-Benz,S-Class
463950,86,57,green,brown,male,2745PF,Honda,CR-V
464065,86,66,blue,red,male,N2Y64A,Toyota,Sequoia
464086,55,77,amber,blue,male,WALO6D,Toyota,RAV4
464206,81,52,blue,brown,male,MM1X5L,Chevrolet,Avalanche 2500
464302,85,58,brown,white,female,5C61G5,GMC,Savana 3500
464422,25,61,brown,blue,male,R7L5D5,Ford,Mustang
464453,44,64,brown,white,male,AM10GM,Porsche,911
464485,77,54,green,green,male,88XM64,Porsche,911
464627,73,57,green,red,female,U3FI00,Mercedes-Benz,C-Class
464830,70,79,amber,white,male,KCI7W7,Mitsubishi,Lancer
464907,28,56,brown,green,male,IS3I0S,Isuzu,i-280
464948,76,61,blue,red,male,35DS7S,Scion,xD
465088,21,67,green,white,female,L816Z7,Chevrolet,Blazer
465245,22,57,amber,black,male,ZXEOBV,Saab,9-5
465364,55,73,blue,blue,male,63R2T6,Toyota,Tacoma Xtra
465387,26,73,blue,black,male,7FZW47,Cadillac,STS
465603,54,70,amber,brown,female,W32CV3,Mazda,CX-9
465861,63,54,blue,green,female,TH5750,Daewoo,Lanos
465958,40,63,blue,blue,female,J13Y24,Dodge,Ram 2500
465969,76,51,green,blonde,male,N56GK8,GMC,Sierra 1500
465992,86,56,amber,white,male,728457,Toyota,MR2
466030,45,67,blue,white,female,7TD81Y,Pontiac,Montana SV6
466278,73,79,brown,blue,female,UB643T,Volkswagen,Passat
466406,55,60,green,green,male,BCVN0S,Saturn,Aura
466522,84,79,brown,black,male,71ADM8,Porsche,Cayenne
466755,62,59,amber,green,female,132060,GMC,Sonoma
466906,69,58,amber,black,male,522YVV,Chevrolet,Colorado
467027,41,61,amber,black,male,7H06NX,GMC,Sonoma
467247,52,64,black,white,male,68CVAA,Saab,9-5
467282,72,73,amber,white,male,GA7883,BMW,X6 M
467401,27,53,blue,blonde,female,H1IB72,Aston Martin,Vanquish S
467480,23,52,blue,blonde,male,3NF320,Dodge,Durango
467601,40,82,black,green,female,1SYL2P,Chevrolet,Corvette
467665,71,69,green,grey,male,MP8EJ7,Honda,Element
467669,70,65,green,white,male,W528W7,Tesla,Model S
467806,41,75,blue,black,male,TGJNR5,Bentley,Continental
467823,45,55,amber,brown,female,GJHK18,Hyundai,Tiburon
467892,26,65,green,brown,female,62WEHI,Audi,S6
467958,23,50,black,blonde,male,8SA714,Nissan,Xterra
468030,71,60,amber,black,male,2XO331,Hyundai,Elantra
468041,39,77,blue,green,male,1S6Y7K,Dodge,Intrepid
468128,48,75,blue,grey,male,V1D2O1,Mercury,Mystique
468187,28,81,amber,green,female,P026A0,Volkswagen,Golf
468207,86,57,brown,black,female,870460,Toyota,FJ Cruiser
468321,72,61,blue,blue,female,OK5577,Volvo,XC70
468495,34,82,green,blue,female,RPBD4I,Nissan,Rogue
468582,83,70,green,white,female,2333QV,Jaguar,XK Series
468752,18,81,blue,blue,male,015NQ8,Mazda,Millenia
468801,45,54,black,blue,male,1G0SR1,Jaguar,XK
468851,24,66,green,black,male,V0I8B0,Jaguar,X-Type
469008,75,71,green,grey,male,24R612,Kia,Sorento
469130,79,55,green,white,male,4NBKU2,Volkswagen,Touareg
469192,62,64,blue,black,female,761K75,Dodge,Durango
469204,26,52,blue,brown,male,031461,Saab,9-2X
469214,35,61,amber,blue,male,5NBSZS,Audi,A8
469329,63,53,black,blonde,male,5I00GU,Pontiac,Grand Prix
469612,25,61,amber,brown,female,0S270D,Dodge,Stratus
469722,52,78,blue,blue,male,7XJ2G5,Dodge,Ram 1500
469792,42,63,brown,blue,male,551400,Infiniti,G
469928,19,72,brown,black,female,L5W58R,Audi,TT
470122,89,78,black,grey,female,33Y38X,Land Rover,LR3
470256,44,61,amber,blonde,female,13X2ZB,Honda,S2000
470300,68,50,amber,grey,female,AL1GW6,Toyota,MR2
470407,55,61,amber,blonde,male,O2F15M,Rolls-Royce,Phantom
470455,78,51,black,red,female,5D6I8Q,Scion,FR-S
470601,22,73,green,black,male,3GN03V,Toyota,FJ Cruiser
470630,88,59,amber,black,male,Z76I7X,Lexus,IS
470638,28,58,blue,white,female,GM8H5I,Hyundai,Tucson
470640,69,61,amber,red,male,48JKQ8,Toyota,Sienna
470702,75,60,amber,blue,female,RMR350,Jaguar,XK Series
470708,61,74,amber,blue,female,4NIV6Z,Mercedes-Benz,SL-Class
470725,81,55,black,blue,female,V6I183,Toyota,Corolla
470867,72,73,brown,brown,male,3573L3,Infiniti,QX56
470904,76,54,blue,black,female,GTO5UG,Audi,S4
471083,33,68,brown,red,female,QUCKS8,Buick,Rainier
471106,55,70,amber,grey,female,1N3K5C,Lotus,Elise
471117,44,76,black,blonde,male,180P41,Saab,9000
471202,30,59,green,red,male,A75A5N,Toyota,Land Cruiser
471331,82,50,green,brown,male,WH2I0D,GMC,Savana 2500
471360,32,51,green,red,male,0F67W5,Pontiac,G5
471412,30,56,amber,brown,male,NL57VS,Ford,Fiesta
471483,36,81,blue,white,male,P8NC1C,Cadillac,Escalade
471556,46,78,black,blue,male,LUUWBP,GMC,Jimmy
471679,72,69,brown,brown,female,W1YB58,BMW,1 Series
471747,23,59,blue,red,male,UV37V4,Ford,F350
471785,76,51,amber,white,male,07QSVW,Mercury,Monterey
471790,42,67,black,green,male,CPS5KA,Ford,F250
471902,29,73,green,green,male,US4834,Mitsubishi,Endeavor
471962,80,54,green,grey,male,FE68OL,Lexus,CT
472036,81,55,blue,black,female,PR4QG7,Mercury,Sable
472055,87,76,brown,red,female,N34IK1,Dodge,Dakota
472114,37,68,blue,blonde,male,2SN70T,Toyota,MR2
472118,34,54,black,grey,female,AG4YGG,Ford,Escape
472122,38,55,blue,brown,female,07YG16,Volvo,C30
472124,68,75,amber,green,male,Y8U763,Rolls-Royce,Phantom
472154,32,50,black,white,male,CKCLCX,Chevrolet,Corvette
472236,34,60,blue,blonde,male,4672G1,Lexus,LS
472481,53,54,black,green,female,AFN1WL,Lexus,LX
472567,58,50,brown,blue,female,G5LZO7,Lexus,RX
472574,26,66,amber,white,male,D20823,Kia,Spectra
472643,86,74,black,blonde,male,5C32YM,Subaru,Forester
472689,52,65,amber,blonde,male,75030Z,Morgan,Aero 8
472727,30,74,blue,blue,female,2M2V3T,Mercury,Mountaineer
472777,45,68,amber,green,female,074YH3,Chevrolet,Suburban
472865,59,70,brown,grey,male,Z1JH4C,Kia,Amanti
473133,31,82,brown,red,female,CR3RY7,Ford,Expedition
473277,83,56,black,brown,female,5DTN0B,Oldsmobile,Silhouette
473435,67,78,black,brown,male,V64I0K,Jaguar,XK Series
473505,51,61,amber,green,female,11018K,Subaru,Forester
473516,82,66,black,brown,male,IFRT7B,Pontiac,Vibe
473567,70,79,green,brown,male,GKB7D7,Ford,Mustang
473607,35,51,brown,blue,male,MQVF5E,Aston Martin,DB9
473671,82,68,amber,white,male,328J53,Oldsmobile,Bravada
473782,24,66,amber,black,female,G542C0,Volkswagen,Jetta
473884,76,52,amber,red,male,8Z25V3,Toyota,Land Cruiser
473886,69,58,brown,red,male,3IF0D4,Chrysler,Concorde
473904,32,54,amber,blue,male,H1M7Q7,Chevrolet,Express 1500
473919,20,78,amber,grey,male,G3G8K0,Lamborghini,Murciélago
474049,60,81,brown,black,female,8H86NC,Ford,Flex
474101,53,55,black,white,male,J1KN68,Acura,ZDX
474405,51,57,amber,red,female,RT2Q2J,Audi,A6
474434,22,82,blue,green,female,6YTW0I,Jaguar,XJ
474478,85,66,green,white,female,288NSP,Isuzu,Amigo
474733,81,64,amber,black,female,UHJEP5,Nissan,Xterra
474970,25,61,green,black,female,F5N2Z7,Porsche,Cayman
474983,24,67,black,white,female,CS0G4B,Ford,Expedition
475222,36,62,amber,blue,female,VJLL76,Hyundai,Tucson
475247,77,73,green,blue,male,VY8F16,Volvo,V40
475274,31,63,black,blonde,female,0U4MF5,Saturn,L-Series
475298,19,78,amber,blue,female,56GJQ3,Toyota,Matrix
475384,27,65,green,red,female,610078,BMW,M5
475602,59,74,amber,red,female,4KT8SE,Kia,Carens
475757,45,60,black,brown,male,3VN076,BMW,325
476029,38,65,green,black,female,02O214,Ford,Crown Victoria
476033,84,67,brown,grey,female,30134V,MINI,Cooper
476038,80,80,amber,blonde,male,U65YU5,Kia,Forte
476169,20,71,black,red,male,38SV38,Dodge,Ram 3500
476171,88,55,brown,blue,male,65ZV7P,Chevrolet,Equinox
476238,21,61,black,blue,male,1K0235,Hyundai,Elantra
476505,80,73,brown,red,male,GE1B5T,Ford,Thunderbird
476678,78,76,brown,black,female,XVK430,Infiniti,QX56
476688,63,58,green,red,male,ZM805I,BMW,Z4
476825,45,55,amber,blonde,female,HZ6E0D,Toyota,4Runner
477177,24,76,black,grey,female,BA18R2,Nissan,Armada
477327,47,58,blue,green,female,25MX28,Buick,Rainier
477471,36,80,green,red,female,3GKD4M,Ford,Focus
477653,72,82,black,blue,male,84XAB8,Ford,Explorer Sport Trac
477668,34,59,blue,white,female,0Y7M47,Toyota,Celica
477705,60,53,amber,blonde,male,NQE8GB,Oldsmobile,Alero
477825,81,50,green,grey,female,A7HU67,Mazda,B-Series Plus
477836,81,69,green,blue,male,AL0YQ4,Dodge,Journey
477982,29,54,black,black,male,M42D25,BMW,3 Series
478075,79,54,brown,green,male,8R6351,Acura,NSX
478104,89,79,blue,green,female,G5074Q,Ford,F250
478334,47,56,green,brown,male,1E782V,Lexus,LX
478446,63,54,green,white,female,78E18Q,Mitsubishi,Outlander
478450,79,55,amber,blonde,female,T6V727,Lincoln,Navigator
478535,67,58,green,green,male,RAY116,Kia,Rio
478595,58,70,green,white,male,2NNES3,Mazda,Mazdaspeed 3
478692,71,81,blue,black,female,EGE8ZM,Bentley,Continental GT
478769,35,52,green,black,male,813K1Z,Honda,Fit
478932,78,65,brown,brown,female,JF46YL,Chevrolet,Cavalier
479130,41,54,brown,blonde,female,QJT4NP,Mercury,Mariner
479142,37,65,green,grey,male,31T2IV,Buick,Terraza
479209,88,75,brown,brown,male,8N22GE,Volvo,S40
479221,69,56,green,grey,female,TR3I5H,Chrysler,Crossfire
479359,61,80,black,blue,female,MB8N12,Kia,Carens
479512,64,71,amber,white,female,XY12N3,Aston Martin,DB9
479728,26,81,green,green,male,Q18B4J,Ford,F250
479749,63,65,blue,red,female,72HR6W,Kia,Amanti
480125,49,78,amber,black,female,BZCHHU,Buick,Century
480182,29,80,amber,blonde,female,K1EBO4,Kia,Optima
480232,45,54,black,green,female,V0836X,Dodge,Ram 3500
480277,80,77,brown,white,male,573OOW,Chevrolet,Monte Carlo
480342,59,69,blue,brown,female,73Y31D,Volvo,XC60
480546,24,81,black,red,female,45Y2G3,Mazda,Miata MX-5
480569,82,72,blue,white,female,652310,Ford,Taurus
480667,26,52,black,white,female,L4T463,Mazda,Miata MX-5
480684,53,67,black,brown,male,AOJ7W2,BMW,7 Series
480807,35,80,green,green,male,B0R5UJ,Isuzu,Rodeo
481051,44,59,blue,blue,male,2V5KMU,Aston Martin,Vantage
481149,42,66,green,grey,female,C26L15,Toyota,Echo
481161,40,70,brown,red,female,ALXR08,Chevrolet,Venture
481402,54,56,green,black,female,61R2TF,Ford,F-Series Super Duty
481458,48,52,green,blue,male,6UU2O1,Ford,F-Series Super Duty
481491,43,68,green,brown,female,PP2878,Dodge,Ram Van 3500
481599,74,70,black,black,female,NW0XQ3,Dodge,Durango
481630,81,51,amber,green,male,A2SEWL,Saturn,Astra
481692,36,70,green,blonde,female,67SPQ8,Nissan,cube
481776,88,52,amber,grey,female,OWHETK,Dodge,Caliber
481930,65,79,green,brown,male,Y6SA83,Nissan,Frontier
481932,82,73,green,black,female,KA1S1S,Ford,Expedition
482014,80,73,brown,white,female,42MU15,GMC,1500 Club Coupe
482062,68,50,black,blue,female,ZV221W,Suzuki,Swift
482074,29,74,blue,blonde,female,4C85B1,Jeep,Wrangler
482095,62,52,black,blue,female,I6QQ5L,BMW,7 Series
482301,89,80,brown,black,female,NSHCE6,Lincoln,Navigator
482340,22,58,brown,brown,male,HF175P,GMC,Savana
482379,44,56,amber,white,male,1P162C,GMC,Envoy
482419,52,75,brown,blue,female,61VA7J,Saab,9-7X
482551,38,75,brown,green,male,SDFS25,Lexus,GX
482707,33,50,blue,grey,male,D3V713,Mercedes-Benz,S-Class
482793,32,53,amber,blonde,female,00JZ14,Isuzu,Ascender
482869,26,74,amber,grey,male,1K8UQ1,Chevrolet,Trailblazer
482913,74,75,amber,brown,male,1QF726,Saturn,Aura
482992,22,68,green,white,female,85U7LI,Ford,E-Series
483027,72,76,black,red,male,S85270,GMC,Savana 2500
483153,21,69,brown,blue,female,71UE86,Suzuki,Swift
483182,81,63,black,brown,female,L67XI1,Toyota,RAV4
483278,28,62,blue,red,male,40B2Y0,Maybach,62
483476,76,56,amber,blonde,male,MNE44H,Volkswagen,Touareg
483480,73,73,blue,green,male,2B000F,GMC,Savana 2500
483629,58,67,black,blonde,male,LT7QX7,Hyundai,Veracruz
483688,47,74,black,brown,female,4626SV,Chevrolet,Corvette
483823,60,56,blue,red,male,8ML8UX,Chevrolet,Silverado 2500
483912,27,54,green,grey,female,J0PN3N,Cadillac,STS
483948,63,73,brown,blue,female,33H2TP,Nissan,Maxima
483983,34,54,blue,grey,male,VS862Y,Mitsubishi,Galant
484083,68,62,black,blue,male,5IZRK0,Ford,F150
484118,83,62,amber,blonde,male,X1Y425,Lexus,GS
484203,23,54,black,brown,male,WU1Z63,BMW,550
484219,36,79,blue,blue,male,R0WDOQ,Ford,Explorer
484391,66,79,amber,red,female,UC3J2G,Chevrolet,Cobalt
484585,58,68,brown,red,male,5G56UA,Bentley,Arnage
484719,35,52,black,blue,female,160D27,Dodge,Magnum
484782,21,52,black,green,female,OG2G3Y,Mazda,CX-5
484805,25,72,brown,red,male,J00Z00,Mitsubishi,Lancer
484831,85,79,amber,green,male,X1US48,Toyota,Tundra
484917,40,65,green,green,male,B1ZUFS,BMW,7 Series
484971,27,68,green,brown,female,DDDL05,Bugatti,Veyron
485009,34,66,brown,green,male,M6V2ND,Isuzu,Ascender
485045,27,50,black,green,female,Y5NZY4,BMW,X5
485085,27,70,black,brown,female,8WEAVU,Mitsubishi,Pajero
485265,19,71,amber,white,male,DSQT4W,Chrysler,Town & Country
485608,30,61,brown,black,male,0U3P2V,Porsche,Cayenne
485652,75,50,green,grey,female,A3DP01,Audi,S8
485669,46,76,amber,grey,female,8SWO8U,Mitsubishi,Lancer
485682,40,72,amber,white,female,FEA53N,Infiniti,FX
485779,54,74,black,blue,male,V15E0R,Buick,Enclave
485805,46,78,green,white,female,1C5W00,Lincoln,Town Car
486132,87,81,brown,grey,male,YO2E6C,Lotus,Elise
486151,71,79,green,black,male,U68XQX,Kia,Sportage
486421,39,66,green,brown,female,X7626T,Lexus,RX Hybrid
486562,48,62,brown,black,male,Q767ND,Volkswagen,Golf
486685,19,51,green,white,male,5CF3GF,Audi,S4
486714,38,81,green,blue,male,144NZ3,Land Rover,Discovery Series II
486747,65,62,green,blue,female,10N1IW,Isuzu,Ascender
487027,43,67,blue,white,male,236WH8,Volkswagen,New Beetle
487126,32,59,brown,white,female,5MF42V,Mazda,MX-5
487152,59,76,green,brown,male,7N7E70,Oldsmobile,Silhouette
487171,89,68,black,red,female,HD61O3,Mitsubishi,Outlander
487395,51,76,brown,green,male,DS5CMO,Mazda,CX-7
487402,56,57,black,blue,female,82UW00,Hyundai,XG350
487458,43,73,brown,black,male,153RX7,Volvo,V70
487486,50,80,amber,green,male,6F66FT,Mazda,MX-5
487494,73,55,brown,blue,male,60K586,Hyundai,Santa Fe
487550,39,66,amber,grey,male,V0J385,Ford,F350
487598,78,74,green,green,female,267O26,Chrysler,Pacifica
487622,76,54,black,green,male,F0LSE7,Volkswagen,Phaeton
487749,34,78,black,grey,female,6K3STQ,Mazda,MX-5
487794,21,64,green,brown,male,TL3072,Nissan,Maxima
487851,58,65,brown,black,male,2ILD47,Lamborghini,Gallardo
488069,80,81,amber,grey,male,UYNRSI,Volkswagen,New Beetle
488073,50,55,amber,green,female,WRALA2,Ford,F350
488235,75,78,blue,blonde,male,3N6K21,Mercedes-Benz,E-Class
488262,32,75,green,blue,female,66K278,Land Rover,LR3
488287,37,65,black,blonde,female,DBK771,HUMMER,H1
488295,89,58,amber,grey,female,CCLK45,Ford,Explorer Sport
488330,66,63,amber,brown,female,1DD67A,Audi,S4
488498,41,58,green,green,female,B7FUM1,Lexus,LS
488550,84,62,brown,red,male,LZ63EN,Hyundai,Santa Fe
488660,73,77,brown,grey,female,K0N6S0,Nissan,370Z
488667,18,76,black,black,female,VSZ5SD,Saturn,Ion
488684,56,74,green,blonde,male,1QWM1Q,GMC,Savana 1500
488745,31,78,blue,green,female,738016,Lexus,CT
488774,49,72,black,red,male,34ME3Z,Lincoln,Town Car
489226,84,56,amber,white,female,Y2S07M,Volvo,XC70
489236,31,81,brown,green,male,355018,Chevrolet,Corvette
489286,31,65,green,brown,female,PMA372,Chevrolet,Express 3500
489322,82,52,black,brown,male,156DF8,Bentley,Continental
489335,38,62,amber,brown,female,G47NUK,Land Rover,Discovery
489471,57,79,brown,grey,female,7K5WSM,Lincoln,Town Car
489488,54,53,blue,white,female,ZW0G7C,Hyundai,Elantra
489675,53,69,amber,white,male,KQLGB6,Ford,F250
489717,57,51,black,red,female,A157K0,Lexus,IS F
489750,33,62,black,grey,female,081Z33,Chevrolet,Camaro
489888,38,51,amber,white,male,TD68QM,Audi,TT
489960,57,74,green,grey,female,U08175,Volvo,S40
490026,84,59,blue,blonde,male,A70T6D,Ford,Explorer
490034,50,72,blue,blue,male,K6V6V3,Acura,RSX
490041,75,79,black,blonde,female,6Y5036,Volvo,XC90
490082,88,59,green,green,male,4S7YJS,Pontiac,GTO
490173,35,65,green,brown,female,23AM98,Toyota,Yaris
490208,70,56,blue,red,male,1N2JK3,Porsche,911
490351,73,69,brown,blonde,male,0A682T,Volkswagen,Jetta
490433,51,63,black,blonde,female,I1H0W2,Nissan,Maxima
490517,35,75,brown,grey,male,7745QR,Chevrolet,Express 3500
490708,39,80,black,grey,female,2BA577,Suzuki,Vitara
490759,18,65,green,blonde,male,E8131E,Mitsubishi,3000GT
490773,61,59,green,white,male,UI1C51,Toyota,Camry
490923,42,64,green,blue,female,5143L4,Kia,Mohave/Borrego
490999,40,81,green,green,male,I2Y778,BMW,M5
491081,63,77,green,red,male,NU0J8D,Jaguar,XK
491160,46,53,black,red,male,B4U6H4,Jeep,Grand Cherokee
491245,41,58,brown,grey,female,50Z8E2,Chrysler,Aspen
491420,79,72,brown,green,female,083D25,GMC,Sierra 3500
491432,30,68,green,green,male,PGQ5UA,Maybach,62
491470,55,55,blue,red,female,U552PI,Honda,Ridgeline
491582,53,64,green,green,male,1PYRPJ,Ford,E-350 Super Duty
491642,78,70,blue,green,female,63OA81,Nissan,Sentra
491826,35,62,brown,blonde,female,76Q1SM,Volkswagen,Touareg
492039,86,68,amber,brown,female,31T2J0,GMC,Sierra 1500
492127,45,54,black,black,female,U8AI23,Chevrolet,Cobalt
492380,48,78,blue,white,female,7P6228,Ford,Focus
492468,52,58,blue,green,male,8B0264,Toyota,MR2
492507,43,52,blue,red,male,GWAK30,Jeep,Cherokee
492541,43,62,green,grey,female,561L84,Lexus,IS
492664,88,74,amber,blonde,female,65KLRT,BMW,X3
492684,37,55,green,blonde,female,60X6W1,GMC,Sierra 2500
492737,59,53,green,green,female,NZQSAV,Volkswagen,Rabbit
492771,40,74,blue,grey,female,NYP374,Saturn,VUE
492847,68,70,blue,red,male,ZEOQFY,Ford,Explorer Sport Trac
492862,47,53,green,blue,male,13W254,Ford,E150
493031,79,59,blue,black,male,72DBML,Subaru,Impreza
493216,70,66,green,red,male,8E15X2,BMW,3 Series
493276,62,67,green,grey,female,30H631,BMW,M5
493506,51,69,green,blonde,male,866YV3,Chevrolet,Tahoe
493524,62,63,green,brown,male,U304VP,Chrysler,Crossfire Roadster
493619,44,72,black,blonde,female,Y21W11,Ford,F350
493657,86,51,brown,black,female,618183,Morgan,Aero 8
493669,23,53,blue,black,male,J53NEV,Volvo,XC60
493703,23,75,blue,brown,female,6NG2O5,Ford,Econoline E350
493767,56,76,blue,brown,male,74F38Y,Mazda,B-Series
493827,38,70,black,grey,female,W1M8HO,Ford,F150
493839,49,73,blue,green,female,1MKSA3,Ford,Five Hundred
493974,89,68,brown,blonde,female,20OP26,GMC,Sierra 3500
494214,21,77,brown,white,male,7L4658,Acura,RL
494241,80,77,black,brown,female,EJV656,Oldsmobile,88
494260,52,56,black,grey,male,M668UO,GMC,Yukon
494266,86,54,brown,white,female,710H1F,Jeep,Liberty
494341,71,81,amber,black,male,D060B2,Pontiac,Torrent
494356,83,60,amber,green,female,TQK1J3,Audi,S6
494370,80,60,brown,black,female,38M7IE,Hyundai,Tiburon
494378,81,51,green,grey,female,J5BLN0,Maybach,Landaulet
494400,22,80,amber,blue,female,01P701,Honda,Civic
494423,57,50,black,black,male,I0P577,Audi,A4
494428,45,62,amber,black,female,VBN2S1,Maybach,57
494541,55,65,blue,white,female,25X078,GMC,Yukon
494550,23,78,amber,green,female,07YS0N,Honda,Pilot
494551,53,70,green,blue,female,N84A75,Jeep,Wrangler
494571,27,61,blue,grey,male,374WXF,Cadillac,Escalade ESV
494761,27,71,brown,red,female,WOXG84,Nissan,Xterra
494817,35,72,black,white,female,V778X5,Bentley,Arnage
494830,22,66,blue,white,female,O75V4E,Volkswagen,Eos
494848,38,72,green,blonde,female,6E4ZZO,Plymouth,Neon
494879,21,53,blue,blue,male,3J400L,Nissan,Murano
494966,61,76,green,brown,female,3GSBIM,Volvo,XC60
495058,32,57,brown,white,female,1358FQ,Hyundai,Sonata
495122,74,62,blue,blue,female,001VV7,Cadillac,Escalade ESV
495416,47,76,black,blonde,male,M1KIQL,Dodge,Ram 1500
495423,87,72,black,blue,female,G2K1V3,Mercedes-Benz,E-Class
495475,52,75,black,green,male,317TJ0,Mercedes-Benz,M-Class
495526,62,56,brown,red,male,1CG5S0,Audi,A4
495852,45,72,blue,brown,male,PY2PL3,GMC,Savana 2500
495858,81,65,green,red,male,7OG028,Dodge,Dakota Club
495897,70,68,brown,white,male,KSJZM7,BMW,M3
496028,60,59,green,brown,male,VJ4Y0Y,Infiniti,FX
496069,39,53,blue,white,male,G4NKB1,Chevrolet,Corvette
496169,33,81,blue,brown,female,BCEAKZ,Mercury,Sable
496215,82,71,green,grey,female,HR55PW,Lotus,Exige
496417,68,65,amber,blue,male,V8A378,Mercury,Sable
496461,54,75,brown,white,female,MHOT5N,Subaru,Tribeca
496469,46,74,black,black,male,2LH775,Toyota,4Runner
496485,42,73,green,red,male,5033FH,Cadillac,Catera
496519,21,72,black,blonde,female,O14N6J,Volkswagen,Rabbit
496538,38,57,green,red,female,7DS2VQ,Cadillac,XLR
496590,55,70,green,red,male,4J6SG2,Bentley,Continental Super
496685,42,72,brown,blonde,female,5EUO4Z,Mitsubishi,GTO
496703,23,60,black,green,male,AJA083,Hyundai,Accent
496704,79,58,black,brown,male,T1JSM5,Saturn,VUE
496712,36,81,amber,black,male,6CY7IQ,Audi,S8
496729,84,61,blue,grey,male,MWY5IX,GMC,Safari
496760,48,69,amber,green,female,75ES0U,Buick,Regal
496762,77,81,green,green,male,P23PJY,Dodge,Stratus
496827,78,66,black,black,female,X7255N,Land Rover,Range Rover
496888,88,53,green,red,female,QF4753,Acura,RDX
496959,84,76,green,grey,male,4885S4,Hyundai,Tiburon
496968,59,71,brown,brown,male,445R53,Volkswagen,Touareg
497065,31,75,green,blue,female,2Y7588,Volvo,C70
497116,86,66,black,red,male,Q48JGH,Volkswagen,Passat
497133,35,52,blue,brown,male,G2466E,Honda,S2000
497197,53,69,brown,white,male,68YS0N,Chevrolet,Venture
497268,72,55,green,white,female,5W5007,Chevrolet,Express 2500
497430,61,67,brown,grey,female,Y36XGG,Suzuki,Vitara
497442,40,71,blue,blonde,female,W6Z3RT,Buick,Regal
497553,74,66,blue,brown,male,22INUJ,Audi,A4
497706,83,74,black,brown,female,52HV85,Pontiac,G5
497817,87,82,black,blonde,female,N4UFO6,GMC,Yukon
497849,19,62,blue,black,male,31SSBH,Lexus,LX
497948,75,65,green,green,male,W3G8W4,Chrysler,300M
497975,20,58,amber,brown,male,2F670Z,Lexus,IS F
497980,41,50,black,blonde,male,32E751,Ford,E-Series
497992,21,71,green,white,female,74U47R,Acura,MDX
498088,72,72,blue,blue,female,XE6813,Ford,E150
498285,71,78,amber,brown,female,ANO1W4,Honda,CR-V
498359,22,73,amber,red,female,K4T7N1,GMC,Yukon
498405,52,70,blue,blonde,female,0O1633,Cadillac,Escalade ESV
498493,71,64,black,brown,female,7IR010,Land Rover,Range Rover Sport
498640,18,75,black,grey,male,7117QP,Acura,RSX
498666,31,51,amber,black,female,R0P442,BMW,X6 M
498714,32,60,green,white,female,NYMD5I,Jaguar,S-Type
498856,76,51,black,blue,male,V04521,Lincoln,MKS
498931,32,75,blue,grey,male,6401I1,Nissan,Xterra
498997,33,57,blue,red,female,L382W0,Maserati,Quattroporte
499131,83,54,blue,green,female,44616V,Toyota,TundraMax
499450,48,57,brown,black,male,4AC3BB,Dodge,Ram Van 2500
499642,85,53,black,blonde,female,4Q1YE8,Mercury,Monterey
499686,80,69,brown,grey,female,3L5677,Toyota,TundraMax
500125,84,54,blue,grey,female,221NVE,Cadillac,Eldorado
500166,52,74,amber,blonde,male,2Q66X4,Lexus,ES
500312,58,73,black,red,male,001875,GMC,Savana 1500
500394,21,70,green,black,male,J66YG7,Honda,Element
500447,37,59,brown,green,male,VFFEP1,Kia,Rondo
500515,52,50,brown,grey,female,3EIQMF,Ford,Focus
500585,23,78,brown,white,female,B6JJ8C,Mazda,MX-5
500649,66,58,black,white,male,2J5246,Toyota,Celica
500658,44,67,brown,blonde,female,DB5Z21,Mercury,Milan
500799,72,69,amber,black,male,V0X1H7,Mercury,Mariner
500831,25,66,green,grey,female,6L83M6,Honda,CR-V
500899,42,67,brown,blonde,female,6VL3J5,Mitsubishi,Lancer Evolution
501101,27,58,black,blue,female,3F780O,Ford,F250
501194,71,50,green,grey,female,D56Y2R,Subaru,Baja
501289,52,74,green,blue,male,F85222,Volkswagen,Golf
501622,60,81,amber,red,male,HF6R44,Chevrolet,Suburban 1500
501736,62,80,brown,grey,female,SS84P7,Mitsubishi,Tundra
502049,41,71,green,blonde,female,IO4CPT,Audi,RS6
502060,50,62,black,green,female,045C7D,Nissan,Xterra
502148,65,59,brown,white,male,I0XSCH,Chevrolet,Lumina
502177,80,71,black,blue,female,T8QDCE,Mercedes-Benz,SLS-Class
502419,88,57,blue,white,male,O53MXN,Honda,Prelude
502426,23,79,blue,green,female,AD2W3D,Hyundai,Veloster
502433,70,80,blue,grey,male,ME5CW7,Mitsubishi,Outlander
502557,37,79,brown,brown,male,NAJ17H,Suzuki,Esteem
502571,19,82,green,brown,male,3N344O,Isuzu,Ascender
502638,83,59,brown,red,female,QJ87SN,Maybach,62
502786,59,68,green,white,male,KFH255,Dodge,Ram 3500
502807,45,80,brown,black,female,X733H8,Scion,xB
502875,30,63,green,white,male,PAJ604,BMW,Z4 M
502900,86,60,green,blue,female,4GW30N,Pontiac,Grand Am
502925,36,70,amber,red,male,8B7PO6,GMC,Envoy XUV
503012,29,68,brown,blonde,male,U05D4V,Mazda,Mazda6
503026,68,73,brown,blue,male,IHB4E4,Maybach,62
503072,45,55,black,brown,male,A73I01,Subaru,Tribeca
503090,74,66,black,brown,female,PFP522,Hummer,H3
503146,31,77,green,grey,female,N5AMS7,Toyota,Sienna
503151,88,56,blue,black,male,0RT2R4,Nissan,Altima
503280,62,52,amber,red,male,N4C86L,Bentley,Continental GTC
503396,71,54,green,red,female,0TA6MM,Ford,E-Series
503425,43,54,amber,brown,female,CQLJW4,Saab,9-3
503449,68,80,blue,brown,male,02UR2X,Audi,S6
503614,65,78,blue,red,male,6536J5,MINI,Countryman
503636,52,80,brown,grey,female,8O4KY1,Hyundai,Santa Fe
503808,58,55,green,blue,female,8GFZ5I,Nissan,350Z
503810,30,68,brown,blue,male,J5012I,Dodge,Caliber
503881,66,82,amber,black,male,0ZY2U2,Mitsubishi,Mirage
504215,57,51,black,blonde,male,E548V2,Mercury,Grand Marquis
504340,34,60,green,green,male,03HG80,Mitsubishi,Diamante
504401,24,71,black,white,female,LDD6G3,Ford,Expedition
504412,80,62,amber,brown,male,3OKWB3,Pontiac,Bonneville
504495,67,75,amber,white,male,VB6R8O,BMW,X5 M
504700,72,70,brown,red,male,1O25T7,Nissan,Sentra
504743,24,79,brown,grey,female,848GGE,Ford,Crown Victoria
505147,22,63,amber,blue,male,ZNJ2G6,Chevrolet,SSR
505310,38,73,black,white,male,UBR575,Mercedes-Benz,Sprinter 2500
505509,77,74,blue,red,female,O72TOM,Chevrolet,Tracker
505567,62,56,black,green,male,FSX4R4,Dodge,Nitro
505573,18,66,black,white,female,I3828E,Dodge,Nitro
505585,85,55,green,brown,female,O4LR51,Jaguar,X-Type
505632,58,76,black,brown,female,NE73S5,Audi,A8
505807,44,62,brown,black,female,5M6L5S,Ford,F450
505890,44,73,green,red,female,E4IW31,Jeep,Cherokee
505911,79,81,green,blonde,male,DBO08U,Chevrolet,Aveo
505953,83,66,green,brown,male,6R85F1,Honda,CR-Z
506235,89,75,amber,white,female,222V36,Chevrolet,Equinox
506406,64,55,green,black,female,IU3T5G,BMW,Z3
506521,72,55,amber,red,male,H115H6,Mercedes-Benz,CL-Class
506910,43,57,amber,green,female,YSSI5J,BMW,645
507016,18,52,amber,blue,female,08U4G5,MINI,Cooper Clubman
507043,52,54,black,white,male,4P036I,Toyota,MR2
507078,30,64,green,blonde,male,5XN361,Volvo,V50
507099,66,78,black,brown,male,UQKNP2,Volvo,C30
507169,20,81,blue,grey,female,2DNV4K,BMW,M6
507481,32,69,blue,blue,female,CL157P,Hyundai,Veracruz
507532,40,60,blue,blue,male,OIAS27,Lamborghini,Diablo
507560,28,76,black,red,female,D22026,GMC,Sierra 1500
507648,18,56,brown,red,female,0FZHP1,Lamborghini,Gallardo
507660,40,80,black,blue,female,0B8366,Saab,9-3
507792,25,66,black,grey,female,H147EF,Infiniti,G35
507917,86,81,amber,red,male,ZCVLX8,Toyota,Sequoia
508000,40,52,blue,black,female,HAZJH3,Lincoln,Continental
508212,47,78,amber,green,female,QRL83C,GMC,Sierra 3500
508328,49,75,black,blue,male,D8RGF0,Acura,TL
508546,34,56,brown,blonde,female,6QQGN2,Hyundai,Veracruz
508614,63,82,brown,blonde,male,6WCM62,Chevrolet,Cavalier
508617,70,53,black,red,female,7T3NA3,Rolls-Royce,Phantom
508853,34,59,brown,black,female,NDLMWY,Lincoln,MKS
508881,52,55,amber,black,male,F61DEJ,Dodge,Ram 2500
508891,70,65,green,blonde,male,0MIR6P,Chevrolet,Tahoe
508956,23,52,amber,brown,male,C77W74,Honda,Accord
509023,73,55,black,red,female,12BM4A,Mitsubishi,Galant
509083,37,52,black,black,female,64K6DL,Bentley,Continental
509142,74,65,blue,red,female,37511O,BMW,750
509207,56,74,brown,green,female,761733,Volvo,XC70
509316,61,64,black,white,male,V1006T,Audi,TT
509328,58,65,brown,blue,female,7Z3E68,Lexus,ES
509374,41,67,amber,grey,male,025V0F,Infiniti,I
509400,33,56,amber,blonde,female,WS4773,Mercedes-Benz,M-Class
509416,29,60,blue,grey,female,8V323I,Toyota,Land Cruiser
509418,87,51,brown,blue,male,Y88D10,Lamborghini,Gallardo
509484,78,81,black,blonde,male,A48UM8,Nissan,Titan
509539,64,77,green,green,male,MSX2ZD,Chevrolet,3500
509741,28,56,green,green,female,PH723N,Mercedes-Benz,CLK-Class
509746,65,63,brown,grey,female,748LN5,Chevrolet,Silverado
509833,85,62,black,brown,female,17BG60,Ford,E350
509848,76,75,green,blonde,female,RE025E,GMC,Jimmy
509864,37,71,blue,red,male,NM763K,Dodge,Neon
509877,23,69,black,grey,female,Q0SY3U,Jaguar,X-Type
509896,22,78,green,white,male,EV3D01,Lamborghini,Murciélago
509949,80,60,green,blonde,male,K7DK4H,MINI,Clubman
509997,84,70,green,blonde,female,1V22ZL,Chevrolet,Suburban 2500
510045,27,75,black,brown,female,77K67I,Volkswagen,Phaeton
510073,42,52,brown,black,female,HWCFSF,Ford,E-Series
510345,57,67,blue,grey,male,YRP2Y8,Kia,Sorento
510445,62,73,black,black,female,0Y1730,Saturn,L-Series
510570,70,50,blue,black,male,V448TX,Land Rover,Range Rover Sport
510825,26,75,green,white,female,P16F5Q,Cadillac,Escalade
510852,89,59,green,red,female,582EYB,Ford,Mustang
510876,84,81,green,white,female,W8LCSC,Chevrolet,Blazer
510903,84,69,amber,grey,male,WO32W2,BMW,X5
511102,80,71,brown,red,male,JK76C3,Chevrolet,Suburban 1500
511479,87,76,amber,white,male,VP1OS5,Pontiac,Grand Am
511533,28,64,amber,blue,male,D4VU84,Volvo,S60
511553,34,77,black,white,female,G800O0,Nissan,Armada
511704,70,53,brown,brown,female,74FZ78,Volvo,XC90
511803,31,56,brown,white,male,7G82E7,Suzuki,Esteem
511830,26,57,black,grey,female,AKQSXZ,Mitsubishi,Mirage
511957,54,70,blue,grey,female,XC0BQ2,Land Rover,Discovery
511960,21,63,brown,white,female,S5K4E4,Dodge,Ram 2500
512019,61,80,black,brown,female,134C72,Nissan,Sentra
512198,46,68,black,grey,female,23WRD0,Mazda,B-Series Plus
512382,85,77,amber,green,male,LNI777,Mitsubishi,Mirage
512760,66,63,blue,black,male,7JWCH4,Nissan,Maxima
512771,53,75,brown,black,female,I5REXV,Infiniti,G
512811,49,81,black,black,male,R236S6,Chevrolet,Cobalt
512835,38,53,black,blonde,female,67PQ1N,Suzuki,Esteem
512897,38,76,blue,red,female,6BK26C,Ford,Expedition
512908,44,73,green,grey,female,NZSZIH,Pontiac,Vibe
512984,42,55,brown,grey,female,181CM7,Lincoln,Zephyr
513007,69,55,amber,white,female,8730N8,Tesla,Roadster
513035,35,72,green,grey,male,7W2O1R,Chrysler,Town & Country
513042,71,75,green,blonde,male,Z2ES67,Honda,CR-V
513049,63,69,green,grey,male,0JU7O0,Pontiac,Montana
513057,44,58,brown,blue,male,51DB76,Volvo,C30
513186,26,82,blue,brown,female,8K8234,Ford,Expedition EL
513372,19,63,blue,brown,female,S0DX0E,Saturn,L-Series
513381,47,81,black,green,female,43I845,Chevrolet,Silverado 3500
513532,46,61,black,brown,female,H5WNDV,Oldsmobile,Achieva
513701,55,60,blue,brown,female,8JJW7R,Land Rover,Freelander
513836,19,60,amber,green,male,SJ0JZ7,BMW,7 Series
514123,54,73,blue,blonde,male,P3O8KH,Mazda,626
514153,51,60,brown,blonde,female,1ZG3XG,Dodge,Ram 2500 Club
514231,67,64,green,blonde,female,3L133V,Porsche,Cayman
514337,47,50,amber,black,male,8Y4J5B,Lincoln,Town Car
514452,74,72,black,blue,female,U2R1ZT,Nissan,Frontier
514486,63,56,blue,green,female,F36646,Mitsubishi,Pajero
514525,80,74,brown,grey,male,O5M0DB,GMC,Envoy
514634,65,67,amber,blonde,female,I3VT2G,Mercedes-Benz,SL-Class
514737,52,82,black,brown,male,77I7A3,Nissan,350Z
514940,46,72,amber,grey,male,JWWSHV,Audi,TT
515142,59,54,green,blue,female,GJEQ88,Land Rover,Discovery
515233,79,82,amber,white,male,KGZ1SX,Lexus,LX
515270,82,70,amber,grey,male,P317AR,Subaru,Impreza
515359,40,60,blue,black,male,V41MI8,GMC,Jimmy
515727,51,76,green,blonde,male,MABA7T,Chevrolet,Trailblazer
515771,51,64,green,brown,male,8EBM1R,Aptera,2e
515775,20,73,brown,green,male,VX21YK,Mazda,626
515892,88,72,black,red,male,Y4K3F6,Toyota,Land Cruiser
515963,50,66,black,grey,male,CH7L11,Audi,Cabriolet
516004,37,50,green,red,female,CA3311,Buick,Park Avenue
516080,27,82,green,brown,female,0Z40JV,BMW,7 Series
516211,26,65,brown,blue,female,8PR03N,Hyundai,Elantra
516259,81,61,brown,red,male,F4828I,Lotus,Exige
516290,29,59,brown,red,female,2PB371,Ford,Ranger
516311,27,52,blue,blue,male,1W006C,Mitsubishi,Montero
516317,38,65,green,grey,female,M4P7VV,Chevrolet,Suburban 2500
516464,82,58,green,blue,female,57G506,Jaguar,XJ Series
516560,54,61,blue,grey,female,5833ZP,BMW,3 Series
516767,68,76,blue,blue,female,631O73,Toyota,Corolla
516849,51,76,green,brown,male,R1VHBN,Honda,Civic
517362,78,58,blue,white,male,8NV703,Panoz,Esperante
517429,23,53,amber,white,male,28ZCHX,Kia,Rio
517834,58,75,brown,brown,female,DNNV06,Honda,Element
517930,50,76,amber,brown,female,CW355H,Kia,Rio
517943,42,76,amber,blue,male,15V1P6,BMW,M Roadster
517952,28,81,blue,green,female,5Z3U8R,Suzuki,Daewoo Lacetti
517989,82,54,black,white,female,XF5V6M,Ford,Flex
518006,18,58,green,brown,male,JCA1XZ,Cadillac,STS
518222,44,58,blue,green,male,Y81PT8,Chrysler,Sebring
518233,81,62,black,blonde,female,N4P6Y8,Isuzu,Ascender
518249,72,55,black,red,female,DJ8CT1,Ford,Fusion
518370,24,57,blue,green,male,I28L7O,Mercedes-Benz,CLK-Class
518401,73,53,amber,green,male,0J31Z4,Honda,S2000
518418,60,57,amber,green,male,556P4X,Suzuki,Verona
518496,67,80,green,black,male,Q736Y4,Toyota,Venza
518594,46,64,brown,red,female,ZV4H56,Lotus,Evora
518641,50,55,brown,blue,female,3B2O1R,Ford,Focus
518649,53,57,black,blonde,female,VOSCSB,Mazda,MPV
518704,31,73,brown,white,male,Q8JO5Y,Dodge,Ram 3500
518805,53,68,blue,brown,female,2773P6,Nissan,Titan
519063,66,57,blue,brown,female,SAYLC2,Kia,Sedona
519149,82,78,green,blonde,female,025XU3,Mitsubishi,Outlander
519154,40,51,brown,brown,female,8GH5I6,Lexus,GS
519254,83,70,green,green,female,XNW53E,Scion,xD
519383,35,69,black,white,female,8M2XUN,Ford,Explorer
519396,58,57,black,black,male,76JGP3,Acura,MDX
519487,78,63,black,blonde,male,40UPM8,Honda,S2000
519635,42,74,blue,white,male,3Z8THX,Toyota,Corolla
519752,77,67,blue,blonde,male,V3E745,BMW,M
519863,82,54,blue,blue,female,Y058K5,Chevrolet,Volt
519879,19,81,brown,white,male,6ZG443,Jeep,Commander
519903,51,62,blue,grey,female,YJ4Y5P,Ford,Ranger
520029,28,60,blue,blue,female,3I7B7B,Audi,A6
520074,54,80,black,green,female,3410L4,Chevrolet,Aveo
520081,86,62,green,grey,male,3FX1O5,Lexus,GS
520116,65,79,green,red,male,U26E6C,GMC,Savana 2500
520215,35,54,amber,blonde,male,0S1303,Dodge,Ram 3500
520367,53,80,amber,blue,female,2L3E7Y,Pontiac,GTO
520522,22,58,green,grey,male,4D3171,Lexus,ES
520523,56,78,blue,black,female,0H705L,Ford,Transit Connect
520546,55,81,black,blonde,female,G5NQVI,Mazda,MPV
520557,48,50,blue,black,female,26232Q,Mercedes-Benz,C-Class
520590,76,80,brown,blue,female,01TJ7P,Infiniti,Q
520601,33,50,blue,blue,male,N8H82X,Acura,NSX
520641,76,69,amber,brown,female,30S3P4,GMC,Envoy
520697,24,64,brown,blonde,female,6D2418,Volkswagen,Golf
520862,57,76,amber,blonde,male,WMJO2T,Ford,E-Series
521092,65,66,green,grey,female,0513HL,Subaru,Tribeca
521096,68,51,brown,white,female,46O766,Buick,Park Avenue
521122,19,59,amber,blonde,male,6CC53H,Lotus,Esprit
521172,18,82,brown,red,male,B80427,Mazda,Miata MX-5
521345,31,75,brown,brown,male,4824Y0,Pontiac,Grand Am
521405,45,70,black,blonde,male,8VU7YY,Rolls-Royce,Phantom
521527,86,74,black,black,female,8QDT0N,Nissan,Versa
521578,47,63,black,green,male,6I8UO1,Chevrolet,Impala
521721,55,68,brown,red,male,L45TX6,Ford,F150
521846,49,70,black,red,female,I3SL44,Volkswagen,Passat
521982,84,72,brown,grey,female,Q3KA34,Pontiac,Torrent
522070,33,82,amber,black,male,25DCE1,Dodge,Stratus
522094,29,58,blue,blonde,male,58ACH1,Aston Martin,DB9
522129,24,60,brown,green,male,253MZA,Panoz,Esperante
522270,56,77,blue,blue,male,H37655,Mercedes-Benz,GL-Class
522285,76,82,amber,green,female,6ZI00E,Nissan,Xterra
522438,38,67,green,blue,female,85B3Z1,Dodge,Ram Van 2500
522477,77,63,green,black,female,0YK04A,GMC,Savana 2500
522521,85,67,brown,blonde,female,61TE2T,Maserati,Quattroporte
522659,84,69,blue,grey,male,M038QX,Buick,Enclave
522685,77,72,brown,grey,female,176167,Hyundai,Accent
522768,67,51,blue,grey,female,64UQJ5,Mazda,CX-9
522949,23,64,black,green,male,TL3UN7,GMC,Sierra 1500
523203,30,67,black,white,male,K1I83V,Chevrolet,Corvette
523206,76,59,black,red,female,2M874Z,Toyota,Tundra
523240,41,58,blue,red,female,LEYU7O,Volvo,S60
523321,18,59,blue,red,male,Y286O0,Lamborghini,Diablo
523339,43,79,brown,grey,female,OD31T2,Nissan,Xterra
523404,34,50,brown,red,female,VO0UYJ,Plymouth,Voyager
523577,33,65,black,grey,male,E4A70V,Toyota,Sienna
523621,75,82,brown,red,female,C07867,Infiniti,G
523624,31,56,green,white,female,1OSN4S,Ford,F350
523749,80,68,blue,white,female,GRQU34,Hyundai,Genesis Coupe
523872,72,63,amber,green,male,C01Y80,Chevrolet,Colorado
524052,47,70,black,red,male,0567QT,GMC,Savana 2500
524232,25,52,brown,blonde,male,8CMJGP,Saab,9-5
524235,48,80,blue,red,male,Z6W4NW,Ford,Contour
524242,45,81,amber,blonde,male,0160C8,GMC,Yukon
524269,80,68,amber,white,female,00R4A8,Mercedes-Benz,M-Class
524303,56,77,green,blue,male,8H0354,Mazda,Mazda5
524323,46,75,green,red,female,650KPS,Cadillac,SRX
524351,63,56,amber,blue,male,726P55,BMW,530
524496,74,80,brown,brown,male,IF356D,Volkswagen,GTI
524499,23,60,black,green,female,NEVHKB,Dodge,Dakota
525049,26,58,amber,green,female,6L3135,Hyundai,Sonata
525068,38,75,amber,blonde,male,07E382,Toyota,Sequoia
525174,25,51,green,grey,male,6144GM,Chevrolet,Trailblazer
525186,80,59,amber,black,female,AM514Q,Oldsmobile,Bravada
525459,81,65,green,blue,female,2NAX4U,Ford,Ranger
525545,73,55,amber,white,female,E486TK,GMC,Yukon XL 2500
525590,53,58,blue,blue,female,SK88V4,Subaru,Forester
525832,48,65,green,blue,male,NE0L27,Kia,Borrego
525873,50,58,black,green,female,70KA31,Lincoln,Town Car
525955,64,79,amber,white,female,XVTAD4,Hyundai,Azera
526153,30,80,black,blue,male,VTPAXS,Suzuki,XL-7
526229,46,70,black,black,male,7D6HDM,Lexus,IS-F
526255,68,50,brown,green,female,8L7FA3,Chevrolet,HHR
526430,84,59,blue,green,female,26RRSD,Volkswagen,Tiguan
526488,72,53,blue,red,female,36V1Z3,Dodge,Sprinter
526567,49,81,brown,white,male,26U60T,Chevrolet,S10
526576,48,50,blue,white,female,8X537P,GMC,Sierra 3500
526613,72,69,amber,red,female,NG1FW5,BMW,5 Series
526635,38,76,black,grey,male,BQ7S1C,Volkswagen,New Beetle
526691,40,71,amber,brown,male,4Q1L6Z,Infiniti,I
526799,66,65,amber,brown,male,C80MY8,Lamborghini,Gallardo
526865,40,81,amber,black,female,4A51EO,Hyundai,Tiburon
526926,77,62,blue,black,female,M5UF4T,Ford,F250
527021,78,70,brown,blue,male,XP5E14,Ford,F-Series Super Duty
527057,46,76,green,black,male,C50KE7,Acura,MDX
527110,42,57,green,blue,female,7V2083,Chrysler,Voyager
527343,35,61,amber,brown,male,1LJ774,Aston Martin,DB9
527430,31,73,black,brown,female,3M87C7,Volvo,V70
527513,46,82,amber,red,female,5BH3NT,Toyota,Echo
527593,69,58,green,white,male,P4YJTF,Buick,Rainier
527611,83,82,blue,blonde,male,Y0K6KF,Volkswagen,GTI
527716,59,81,blue,black,female,0445AX,Chevrolet,Silverado
527723,64,59,blue,blue,female,74P1IA,Toyota,Echo
527745,25,75,green,brown,male,ILI5X0,Chevrolet,Camaro
527789,86,62,blue,red,female,83T66M,Toyota,4Runner
527869,42,66,amber,black,male,RR04PS,BMW,530
527949,40,64,amber,white,female,PLX76I,Ford,Crown Victoria
527958,27,53,blue,white,female,W1C33K,Chevrolet,Camaro
527995,84,60,brown,green,female,XCW6M4,Chevrolet,Blazer
528007,21,75,black,black,female,IYW6D1,Chevrolet,G-Series 3500
528142,35,77,brown,brown,male,6H6MD7,Mazda,Mazda3
528248,58,65,green,green,male,IEW57X,Mazda,RX-8
528348,88,60,brown,brown,male,5S106Y,Suzuki,Aerio
528442,54,53,amber,blue,male,621RML,Lotus,Esprit
528517,72,61,black,white,female,068H6V,Oldsmobile,Alero
528669,38,58,amber,blonde,female,81682C,Lexus,LX
528911,78,68,brown,blue,male,1405O4,Mercedes-Benz,SL-Class
528942,37,55,green,blue,male,5S57LH,MINI,Cooper
528961,67,79,black,black,female,0V1X0F,Ford,Freestar
528971,78,75,black,red,female,3DCQ86,Saturn,VUE
529376,28,61,brown,blonde,male,HIIKA5,Chevrolet,Express 1500
529420,70,79,amber,brown,male,1FJAI4,Ram,1500
529633,35,62,amber,brown,male,1WXJ30,GMC,Sonoma
529674,47,64,blue,red,female,EO7568,Ford,Explorer Sport Trac
529734,85,72,amber,blonde,female,R3QCUA,Chevrolet,Suburban
529864,30,69,blue,blonde,female,HRTQYM,Chevrolet,Prizm
529899,67,69,amber,green,male,K87X25,Ford,Taurus
529920,49,68,blue,blonde,male,80YGT5,Kia,Carens
529939,19,73,black,brown,male,CAC1VA,Pontiac,Bonneville
530065,49,60,green,green,female,GV722S,Kia,Spectra
530143,51,52,black,green,female,K0343N,GMC,Savana 3500
530192,86,50,black,green,male,EYX7H6,Cadillac,Escalade EXT
530209,82,57,green,blonde,male,NXK1RI,Ford,Focus
530240,72,64,amber,black,female,0K0X4I,Chevrolet,Equinox
530273,32,60,amber,black,male,365XYI,Subaru,Forester
530539,63,71,green,grey,male,247GV1,GMC,Sierra 2500
530759,48,63,blue,white,male,J84671,BMW,530
530907,63,52,brown,blonde,male,XK6P8S,Cadillac,DeVille
530945,65,70,blue,blonde,female,15JW30,Honda,Accord
531113,54,56,green,black,male,415O55,Aston Martin,V8 Vantage
531302,22,64,black,black,female,R2ZWFJ,Chevrolet,Impala
531368,84,60,amber,white,male,VZM178,Lincoln,MKX
531389,40,65,black,blonde,male,573XOO,Saab,9-2X
531430,55,82,blue,red,female,C5O842,GMC,Safari
531518,75,53,amber,brown,female,7VY7Z0,Honda,Insight
531711,49,64,black,white,female,IA5N4M,Land Rover,Freelander
531746,75,50,brown,white,male,D7W1QO,Dodge,Ram 3500
531768,65,71,green,blue,male,502EA6,Porsche,911
531880,28,76,brown,brown,male,3844GS,Toyota,Tundra
531984,45,80,brown,green,female,673HJ6,Honda,Fit
532116,20,64,amber,red,male,48146M,Dodge,Ram 1500
532141,36,64,brown,brown,female,4PXKMU,Ford,Edge
532151,19,70,green,white,male,W2EYZ8,Volvo,XC70
532226,68,52,black,brown,female,12N3F7,Dodge,Viper
532256,77,65,blue,grey,male,0610LL,Ford,Expedition
532308,30,75,amber,blonde,female,Q2F7EI,Saturn,VUE
532447,31,81,brown,green,female,8ZB55P,Infiniti,I
532458,73,79,blue,grey,male,F278KL,Chevrolet,Express 3500
532597,77,55,green,black,female,I8IP5B,Lamborghini,Murciélago LP640
532650,52,58,black,red,female,7T4751,Maserati,GranTurismo
532695,21,77,amber,white,male,6FAELJ,Lexus,RX
532704,81,80,brown,grey,female,485N86,GMC,Yukon
532913,66,52,black,grey,female,O8AH17,Maybach,57
532999,23,58,green,black,male,1RZ844,Dodge,Durango
533125,63,75,brown,red,female,YHIK86,Pontiac,Vibe
533165,48,65,amber,white,male,8S7353,Jeep,Liberty
533275,83,70,brown,blue,male,22B12I,Pontiac,Montana
533328,72,74,amber,red,male,CD2526,Mercedes-Benz,M-Class
533413,86,59,black,red,female,DS6D6G,Toyota,Echo
533510,69,66,brown,brown,female,83M131,Lexus,LS Hybrid
533552,81,79,blue,green,male,86SUI5,Nissan,Armada
533643,43,77,amber,blue,male,276K27,Land Rover,Freelander
533851,56,52,green,green,female,M7F7UX,Isuzu,Rodeo
533877,54,50,amber,red,male,X4XQ8U,Chrysler,Concorde
533887,24,65,amber,red,female,7EJ0FB,Chevrolet,Malibu
534232,52,59,green,blue,male,BIB5C7,Ford,Explorer
534535,71,75,amber,blonde,male,JC73HF,Toyota,Avalon
534776,73,78,green,black,male,KQ3VS0,Jeep,Wrangler
534778,21,69,amber,blonde,female,0P2TTE,Plymouth,Breeze
534806,38,82,brown,brown,female,0FJN0I,Pontiac,Torrent
534807,65,78,blue,blonde,male,60H158,Subaru,Tribeca
534898,80,68,green,red,female,443VT6,Plymouth,Neon
535089,21,65,brown,blue,male,W8UHMA,Buick,Regal
535158,47,70,black,blue,male,DH1232,Jaguar,S-Type
535181,36,58,amber,red,female,5FN3UH,Ford,Crown Victoria
535712,31,72,green,grey,male,308VUD,Maybach,Landaulet
535896,56,54,brown,green,male,8N1KK3,Toyota,Venza
535993,25,81,blue,black,male,Z44U3U,Lamborghini,Murciélago
536023,65,50,black,blue,female,438AAM,GMC,Savana
536033,49,80,amber,grey,female,SLMSD8,Ford,Focus
536140,53,70,amber,green,male,1UL0C5,Chrysler,Town & Country
536249,18,77,brown,white,male,N46Z2W,Subaru,Forester
536287,54,79,blue,white,female,RIW15F,Isuzu,Hombre
536553,46,74,blue,white,male,704H27,Ford,Escape
536600,31,55,black,brown,female,015BRE,Acura,TL
536737,34,71,blue,brown,male,5SRO2W,Chrysler,Crossfire Roadster
536838,22,73,blue,blue,male,3F862G,Chevrolet,Malibu
536886,44,72,brown,red,female,44MJI3,Infiniti,FX
536936,45,80,green,grey,male,F3W1GT,Mercedes-Benz,M-Class
536957,32,61,green,black,female,A2W000,Chrysler,Sebring
537013,23,74,brown,white,male,MK818J,Hyundai,Elantra
537111,28,82,amber,brown,female,STKNWH,Jaguar,XJ Series
537162,22,74,brown,black,female,NOIRV6,Ford,Fusion
537219,65,58,green,brown,male,1383W4,Mazda,Mazdaspeed 3
537252,60,64,green,brown,male,D43O7A,BMW,M3
537334,73,52,amber,black,male,20UD8S,Mercedes-Benz,G-Class
537373,80,73,blue,red,male,58V5O0,Lexus,IS-F
537445,20,71,blue,black,male,GNUT3J,Dodge,Grand Caravan
537467,67,80,blue,green,male,WL62HR,Chevrolet,Equinox
537477,76,77,brown,green,female,BU8PO2,Rolls-Royce,Ghost
537503,62,61,green,grey,male,Q6V658,Suzuki,Forenza
537624,87,52,brown,black,female,6C0R8X,Maserati,Quattroporte
537641,37,69,brown,green,male,7B065M,Nissan,200SX
537719,54,60,amber,black,female,5H34D8,Hummer,H2
537735,84,61,green,blonde,male,Q520I2,Mercedes-Benz,M-Class
537795,69,62,amber,green,male,41N5CV,Dodge,Caravan
537850,55,64,blue,grey,female,72U80S,Lincoln,MKX
538031,30,76,brown,blonde,male,5U5WJ6,Mercedes-Benz,M-Class
538074,39,58,amber,green,female,A072JP,Honda,Insight
538266,62,54,black,red,male,5N1841,Volkswagen,Jetta
538400,81,64,brown,white,female,T3730E,Chevrolet,Tahoe
538504,66,50,blue,white,male,816658,Lincoln,Town Car
538566,32,63,green,black,male,QP4K05,Land Rover,Range Rover
538586,32,75,black,red,male,3K2SKN,Ford,Econoline E150
538685,76,70,black,black,male,WW5841,Mazda,Mazda3
538725,69,58,amber,grey,female,6F4XN6,GMC,Yukon XL
538844,67,66,brown,black,male,4N1788,Hyundai,Tucson
538847,35,78,blue,red,male,46F82E,GMC,Savana 1500
538900,56,70,amber,white,female,18S8LV,Rolls-Royce,Phantom
538923,62,82,black,white,male,L5X0CS,Lexus,ES
539034,48,79,brown,black,male,2ES82X,Mitsubishi,Pajero
539088,85,81,black,blonde,male,YC4V1B,HUMMER,H1
539108,48,54,green,blonde,male,RZ1K12,Ford,Crown Victoria
539197,22,51,blue,white,male,14RUK6,Mercedes-Benz,CL-Class
539213,37,82,green,red,female,5RCS50,Dodge,Stratus
539245,22,81,brown,blue,female,HU7E87,Mazda,Protege
539343,75,53,brown,white,male,U1WKCX,Audi,A8
539422,64,51,brown,blue,female,ZWJ5MO,Dodge,Ram Van 1500
539461,77,60,black,brown,male,1A5GE3,Ford,Expedition
539486,72,57,brown,grey,female,P31314,Lexus,CT
539616,85,56,amber,blonde,male,KWBC85,Ram,3500
539792,49,63,brown,grey,female,F1580N,GMC,Savana 2500
539828,28,74,black,brown,male,Q06YYJ,Ford,Expedition
539834,83,74,brown,black,male,13U4J0,Dodge,Durango
539836,44,59,green,grey,female,16ONAY,Volkswagen,Eurovan
539854,60,70,blue,red,female,FSDMQC,Dodge,Ram 1500
539898,65,64,brown,green,male,WBS367,Chevrolet,Express 3500
539900,76,75,green,red,female,Z3N88Y,Honda,Odyssey
540030,30,78,brown,black,female,6Y8JB6,Mitsubishi,Endeavor
540045,60,73,black,red,female,4YAA7U,Chevrolet,Express 2500
540165,34,69,amber,red,male,67YM1X,Chevrolet,Express 1500
540196,39,57,blue,grey,female,080BSG,Dodge,Ram 1500
540286,74,72,brown,white,female,32V38L,Ford,E150
540365,56,58,black,grey,female,Q5HWUN,Mercury,Mariner
540371,62,60,brown,white,female,BZ33C0,Mercedes-Benz,S-Class
540398,82,79,brown,white,female,6E35Y4,Volkswagen,Touareg
540502,78,65,brown,blonde,female,7G40DZ,Chevrolet,Malibu
540585,53,76,brown,black,female,IVZAG0,Volkswagen,Touareg
540667,30,73,brown,blue,female,8B5Q3Y,Lexus,RX
540724,38,63,black,blonde,female,BJ56L1,Hyundai,Genesis Coupe
540744,45,57,blue,white,female,533GYO,Ford,E-350 Super Duty Van
540771,54,57,green,green,male,YAQ52E,Lincoln,Continental
540867,81,68,black,brown,female,AGV08V,Audi,A4
540898,31,69,amber,white,female,03C616,Nissan,NV1500
540910,30,81,amber,green,female,04N715,Ford,F-Series
540949,80,62,blue,blonde,female,Y32HXV,Aston Martin,DBS
541022,35,58,brown,green,female,VLE660,Maybach,Landaulet
541059,75,59,amber,green,female,404636,Dodge,Journey
541076,25,64,black,black,female,L5PZO1,Audi,A5
541247,66,63,brown,blue,male,4464T6,Acura,CL
541284,36,62,amber,brown,male,8J23ZJ,GMC,Yukon
541410,52,51,blue,blonde,female,FBSHX7,Chevrolet,Suburban 2500
541429,85,68,brown,red,male,E1YP02,GMC,Yukon XL 2500
541524,19,62,brown,red,female,CYIE86,Hyundai,Santa Fe
541569,42,81,black,grey,female,04C2T8,Chevrolet,Silverado 1500
541639,55,61,blue,blonde,female,D1NM4F,Honda,S2000
541778,26,53,brown,green,male,1O0MFC,Volkswagen,Jetta
541826,82,65,green,green,male,SH5PSA,Bentley,Azure
541864,78,51,black,green,male,338D4E,Nissan,Murano
541940,59,54,green,green,female,775VWR,Maserati,Quattroporte
541965,21,65,green,blue,male,0KP31U,Cadillac,DTS
541968,80,68,brown,grey,female,26C5OC,Hyundai,Azera
542123,32,59,green,black,male,FHJ642,Volkswagen,Jetta
542135,44,74,green,blonde,male,X622Z7,Lamborghini,Murciélago
542143,83,50,amber,blonde,female,H8H580,Mazda,Protege5
542157,40,68,green,red,female,M4776B,Ford,Windstar
542284,31,81,black,white,female,86K427,Chevrolet,Corvette
542357,83,50,amber,blue,male,0VAPVS,Dodge,Intrepid
542524,83,50,amber,blonde,female,6OD33F,BMW,7 Series
542587,86,61,blue,white,male,P7JPB7,Toyota,T100 Xtra
542595,89,71,blue,red,female,6LE2AX,Spyker,C8 Double 12 S
542807,54,60,blue,blonde,female,6E80CL,Chevrolet,2500
543145,29,76,black,red,female,R324Z2,Kia,Sephia
543195,46,51,black,red,male,7EJ725,Hyundai,Tucson
543204,28,55,amber,blonde,female,YSJ0ZT,Audi,Allroad
543246,76,73,black,black,female,AP481M,GMC,1500 Club Coupe
543264,59,68,green,black,female,DD050J,Ford,Econoline E150
543315,36,82,brown,green,female,HG7LRB,Nissan,Pathfinder
543360,60,77,green,green,female,G1H35S,Toyota,RAV4
543710,85,78,amber,blue,male,6Y441T,Pontiac,Grand Prix
543739,73,76,amber,blonde,male,3556IS,Mitsubishi,Endeavor
544138,25,69,black,blonde,female,87I5Z3,Volvo,V40
544252,46,52,green,white,female,1511OC,Tesla,Roadster
544395,79,81,green,brown,female,D64N32,GMC,Sierra 1500
544406,82,63,green,white,female,R28I38,Aston Martin,DB9
544819,60,77,blue,black,female,F0T05V,GMC,Yukon
544978,78,53,blue,blonde,male,PQ531P,Hyundai,Genesis Coupe
545115,40,73,black,red,male,PQBE8B,Ford,Transit Connect
545150,89,79,black,black,female,83Q6HJ,Mitsubishi,Galant
545286,68,75,blue,blonde,female,36R443,Honda,Ridgeline
545734,48,55,amber,brown,female,AD6OJB,Volkswagen,GTI
545916,72,78,amber,blue,female,0L028E,Spyker,C8 Spyder
545975,28,72,brown,green,female,718V2I,Pontiac,Firebird
546008,25,67,amber,green,male,VEO8Q8,Volvo,S40
546021,29,57,brown,blonde,female,12B73X,Saab,9-5
546032,50,65,amber,brown,male,F82KR3,GMC,Sonoma
546072,45,55,blue,black,female,I3EF6D,Honda,Civic GX
546132,75,61,black,blonde,female,QB5VQ0,GMC,Canyon
546176,76,54,blue,brown,male,K64D20,Cadillac,STS
546227,29,82,green,white,male,KU0CMS,Lincoln,MKX
546251,65,79,black,blonde,male,0B41IM,Toyota,Ipsum
546284,63,71,blue,white,female,BDW3CN,Saturn,Sky
546336,62,72,black,brown,male,U42HIN,Nissan,Altima
546341,71,55,blue,white,female,13TW5I,Jaguar,S-Type
546445,65,63,black,grey,male,705PGX,Isuzu,Rodeo
546497,31,73,amber,brown,male,754G3Q,Bentley,Continental Flying Spur
546526,73,60,green,brown,male,G8J41S,Maserati,Gran Sport
546691,66,55,brown,grey,male,T1PQLQ,Chevrolet,Suburban 2500
546782,80,65,amber,blonde,male,S66ZAO,Saturn,Relay
546831,58,63,blue,red,male,SN6GQO,Dodge,Viper
546924,77,50,green,blue,female,331I08,Suzuki,Esteem
546955,46,82,brown,blonde,female,CGDY6K,Chevrolet,Suburban
547130,80,68,green,brown,female,WNSZCN,Infiniti,QX
547188,52,55,amber,red,female,481168,Toyota,Avalon
547196,66,61,amber,white,male,I421IG,Ford,Fusion
547393,59,59,green,red,female,GCEL7L,GMC,Yukon XL 2500
547504,34,67,green,white,female,8Y431B,Mazda,MX-5
547657,71,60,brown,white,female,XG4DH1,Honda,Civic
547702,33,51,green,blue,female,81IQT7,Aptera,2e
547769,67,56,blue,blue,male,Z5G2L5,Lincoln,Navigator
547798,34,76,amber,black,male,185K76,Isuzu,i-Series
547861,32,64,brown,brown,female,1TJW76,Buick,LeSabre
547958,48,52,blue,grey,male,JH2605,Mazda,MX-5
547971,27,78,black,green,female,084Y68,Volvo,S60
548003,41,55,blue,blonde,male,X2B601,Ford,Flex
548133,77,53,black,green,male,430A46,Ford,E350
548208,86,61,amber,blue,female,11Q7E0,Ford,Crown Victoria
548299,63,56,brown,blonde,female,1RUL58,BMW,5 Series
548324,62,73,amber,green,female,8ZI86N,Chevrolet,Cavalier
548366,47,52,amber,brown,male,FD223D,Dodge,Ram Van 2500
548448,35,74,amber,green,female,007674,Ford,Escape
548875,58,74,blue,blonde,male,Z470BB,Lincoln,Zephyr
548884,37,65,brown,brown,female,2IAY2L,Volkswagen,GLI
548977,47,73,black,brown,male,T88KD0,Suzuki,Forenza
549082,20,77,blue,blonde,male,132TW3,Volkswagen,rio
549106,47,50,black,black,male,2E2TBP,Dodge,Intrepid
549194,53,82,black,red,male,1QX31Q,Jeep,Liberty
549311,50,55,black,blonde,female,WF2UG2,Mitsubishi,Lancer
549327,54,65,green,grey,male,13B8IK,Chrysler,Town & Country
549368,83,72,blue,brown,female,1Z8O7N,GMC,Sierra 1500
549419,34,57,green,blue,male,3V36P2,Land Rover,Range Rover
549477,65,55,amber,blonde,male,XE62V6,Audi,S4
549478,34,74,blue,green,male,57YB3E,Dodge,Charger
549486,50,50,black,red,female,26C16P,Chrysler,PT Cruiser
549508,46,77,brown,white,female,CR3I4F,Toyota,Tacoma Xtra
549514,42,81,green,blonde,male,D1KE3O,Chevrolet,Express 2500
549555,61,67,brown,brown,female,PC164T,BMW,6 Series
549678,52,62,brown,white,female,326438,Lexus,ES
549734,49,64,amber,blonde,male,1777J7,Volkswagen,R32
549873,33,73,brown,green,female,517377,BMW,5 Series
550017,50,59,amber,blue,female,5217BU,Lexus,LX
550029,72,68,blue,blonde,male,S883QJ,Mercedes-Benz,GL-Class
550327,77,77,blue,blue,female,4P3CGD,Nissan,Quest
550374,19,80,green,black,male,38322S,Toyota,Echo
550383,34,79,brown,green,female,M7052X,Ford,Explorer
550448,33,52,black,red,male,6DFW04,Mercury,Grand Marquis
550489,30,63,brown,green,female,2I2K56,Audi,A4
550509,57,74,brown,red,male,DCT858,Cadillac,Escalade EXT
550688,29,75,black,grey,male,B66Q0L,Oldsmobile,Alero
550700,18,81,green,red,female,US1WV0,Volkswagen,Eurovan
550719,84,58,black,green,female,8ZAP2D,Toyota,MR2
550761,80,51,amber,red,female,7BGZ2X,Toyota,Sienna
550826,55,70,brown,blue,male,ETFVYH,Isuzu,VehiCROSS
550834,35,71,amber,blue,female,00O5Y7,Volkswagen,GTI
550887,62,61,black,white,male,8AGR3Y,Chevrolet,Cobalt
550890,45,60,blue,black,female,8030O8,Toyota,Tacoma Xtra
550933,47,71,brown,red,male,P557T8,Chevrolet,Tahoe
550955,78,78,amber,white,male,KB4643,Chevrolet,Tahoe
550985,64,50,green,grey,male,TBB17Y,Jeep,Grand Cherokee
551069,74,80,green,blue,female,6EVT37,Volkswagen,CC
551226,76,74,green,blonde,female,0IVXK0,Chevrolet,Silverado 2500
551570,37,55,blue,red,male,P207RK,Ford,Taurus
551626,35,55,black,brown,male,106164,Buick,Lucerne
551660,54,73,green,blue,female,4GX2SB,Audi,R8
551669,28,78,blue,brown,female,7X7PQR,Hyundai,Elantra
551677,58,56,black,grey,male,810DC1,Infiniti,QX
551723,24,50,amber,red,female,68H5NB,Porsche,911
551744,79,59,black,blue,male,DPYH1T,Dodge,Dakota
551767,19,72,green,blue,female,41Y5J5,Chevrolet,Astro
551800,35,73,blue,green,female,E1N133,Chrysler,300
551827,68,68,green,grey,female,M51AU0,Ford,F450
551948,62,68,green,green,male,X831Z7,Mercury,Monterey
551992,37,71,brown,blue,female,44571W,Isuzu,Ascender
551995,19,56,green,grey,male,5AH2JK,Lexus,IS-F
552125,72,81,green,brown,female,L34VLG,Mitsubishi,Mirage
552148,36,65,brown,blonde,female,3WEN84,Chevrolet,Suburban 2500
552263,86,82,amber,white,male,527O7Z,BMW,3 Series
552345,62,71,black,grey,female,I3162U,Ford,Econoline E150
552463,41,80,blue,black,male,40645J,Infiniti,QX
552530,77,53,green,brown,male,53234P,Mitsubishi,Endeavor
552533,42,60,brown,grey,female,O8T62N,Chevrolet,Malibu
552550,20,58,black,grey,female,7PN5G4,Subaru,Impreza
552673,49,80,blue,blue,female,18YDC7,Acura,ZDX
552703,40,59,brown,red,female,E6Z75M,Saturn,Ion
552726,45,53,brown,green,female,U0B4V6,Toyota,Sequoia
552786,18,51,amber,green,male,6ULB3Q,GMC,Yukon XL 2500
552825,21,50,blue,white,male,Z4NPT5,Acura,TL
552851,41,78,blue,brown,male,0R6S0M,Subaru,Baja
552892,25,66,brown,green,female,Y71M46,Ford,Focus ST
553093,89,77,amber,blue,male,4TMH8H,Chrysler,Aspen
553132,62,73,green,grey,male,HL0TXW,Mitsubishi,Outlander
553142,26,69,brown,brown,male,220D02,Mercedes-Benz,E-Class
553171,27,66,brown,brown,female,41L313,Chevrolet,SSR
553174,38,71,brown,green,male,XF52RW,Toyota,Solara
553263,33,70,black,green,female,72ZPO8,Cadillac,Escalade
553390,55,75,black,grey,male,O303D0,GMC,Envoy
553491,27,58,brown,blue,male,GU56G0,Bentley,Continental
553503,66,72,amber,white,female,1176D1,GMC,Savana 2500
553585,37,76,black,green,male,ZDA56J,Bentley,Arnage
553651,87,70,amber,brown,female,1RW41L,BMW,5 Series
554017,32,77,amber,red,female,43S4KH,GMC,Yukon
554179,58,61,blue,white,female,04ZBZ1,Mazda,MX-5
554516,69,50,blue,white,female,16E08A,Chevrolet,Suburban 2500
554593,85,54,black,white,male,M8P0EI,Toyota,4Runner
554631,50,55,black,blue,male,5YINJ1,Honda,Pilot
554693,69,79,black,red,male,SYR084,Land Rover,Range Rover
554707,23,57,black,green,male,OLQQGL,Saturn,VUE
554730,70,62,brown,green,female,SJ7E82,Mitsubishi,Raider
554768,51,50,amber,grey,female,KRHG5M,Suzuki,Verona
554795,64,81,green,black,male,OH6Y2K,Isuzu,Axiom
554837,63,73,amber,grey,male,1P6NDW,Toyota,Matrix
554841,45,57,blue,brown,male,AY50CA,Scion,xD
554896,18,66,black,blue,male,2P5WTE,Isuzu,Rodeo
555189,42,80,blue,white,male,0I332K,Daewoo,Leganza
555320,30,57,brown,black,female,671DC5,Volkswagen,Passat
555444,52,60,green,blue,male,83OGR6,Lexus,LX
555548,80,77,brown,brown,female,0MXCZA,Jaguar,XK Series
555657,26,74,brown,green,female,6I0CUE,Bentley,Continental GT
555807,69,66,brown,green,male,K6E01J,GMC,Yukon
555810,31,67,black,brown,male,6E5851,Isuzu,i-370
555927,43,65,green,white,male,HKNBKQ,Audi,A8
556026,44,58,amber,red,female,7F7U6O,Chrysler,Pacifica
556188,62,51,amber,blue,male,V08G1W,Subaru,Legacy
556222,42,74,black,grey,male,WM348K,Chrysler,Sebring
556237,58,50,amber,blonde,male,6NG7CA,Dodge,Stratus
556313,89,67,black,blue,male,5ZA166,Land Rover,Range Rover
556362,37,75,brown,green,female,8L63TA,Nissan,Altima
556463,43,81,brown,blonde,male,0443QH,GMC,Jimmy
556490,34,76,black,red,female,02F5C5,Toyota,Land Cruiser
556518,79,69,green,brown,female,C0ZZ7Z,Volvo,XC60
556525,42,75,black,grey,female,87EY37,Ford,F250
556539,39,73,blue,green,female,L2L027,Infiniti,Q
556561,28,67,amber,black,male,311Z1Y,Chevrolet,Avalanche
556582,30,82,brown,green,female,5671A4,HUMMER,H2
556615,87,69,blue,white,female,RH0U02,Mercury,Monterey
556632,81,65,brown,grey,male,8R0787,Jeep,Liberty
556753,39,59,green,blonde,female,OV51XV,BMW,3 Series
556765,38,56,black,red,female,4303NN,Cadillac,Eldorado
556858,88,56,black,blue,male,8601XT,Cadillac,XLR-V
556928,63,66,green,black,female,M387M8,GMC,Safari
557011,43,81,brown,black,female,2YR5D4,Oldsmobile,Bravada
557219,30,74,amber,red,male,5I4152,Cadillac,XLR
557256,74,53,brown,blue,male,1M3ZPY,Mercury,Villager
557475,24,74,green,white,female,PT3ZMG,Porsche,911
557555,52,63,blue,black,male,UV35Y4,Mercury,Sable
557627,84,63,brown,blonde,female,X6CUL7,Suzuki,Swift
557673,58,50,green,grey,male,0MNH3N,Mercedes-Benz,CLK-Class
557773,32,62,blue,white,female,O435B4,Audi,S5
557774,81,62,brown,white,female,F122R8,Dodge,Intrepid
557842,89,58,brown,blue,female,5RV01R,Volvo,V40
557919,47,51,black,white,male,2LV2MK,Nissan,Maxima
557976,36,74,amber,white,male,IXQGQ2,Chrysler,300M
558031,23,76,brown,blue,female,PQ5AA7,Chevrolet,Suburban 2500
558157,37,66,blue,brown,female,PQEVW4,Ford,Econoline E350
558190,59,59,black,grey,male,I34WPF,Lexus,RX Hybrid
558246,74,68,black,blue,male,0VD1B2,Mitsubishi,Diamante
558359,36,67,black,blue,female,57PWJP,Dodge,Ram 3500
558431,74,70,amber,blue,female,R1LQYX,Mercedes-Benz,R-Class
558498,77,75,black,green,female,IKHCN7,Lamborghini,Diablo
558580,48,65,blue,brown,female,AF3H0H,Lamborghini,Murciélago
558587,87,67,brown,blonde,female,83Q243,Nissan,Sentra
558645,76,71,green,white,female,8YSR6T,Nissan,Rogue
558658,81,81,green,black,male,100SHQ,Ford,Taurus
558785,45,57,green,blonde,female,OZT083,MINI,Cooper Countryman
558818,23,59,green,blonde,male,PGEV2N,Acura,CL
558836,74,55,black,green,female,48AK52,Nissan,Xterra
558895,30,73,blue,white,female,Y4U3Q0,Ferrari,F430
559314,37,54,brown,red,female,0EWOJZ,Jaguar,XK Series
559325,46,68,amber,white,female,051I45,Daewoo,Lanos
559459,87,52,black,red,female,3N8L47,Pontiac,G6
559461,38,58,blue,grey,female,YAP4F4,Toyota,Prius
559740,40,67,brown,white,female,2WDKT6,Fiat,Nuova 500
559759,55,76,amber,red,male,847L5K,Ford,Econoline E350
559804,83,61,amber,white,female,XD88TT,Pontiac,G3
560226,43,54,brown,brown,female,55ZMOL,Dodge,Ram 3500
560360,23,65,blue,black,male,42815J,Volkswagen,Routan
560362,24,61,amber,grey,female,G0626I,Chevrolet,Express 1500
560393,40,65,green,grey,male,K2ILFW,BMW,M6
560397,74,60,black,red,male,YTC54Q,Toyota,Camry Hybrid
560402,44,64,amber,white,male,5I0O82,Mercedes-Benz,CLK-Class
560498,28,63,black,black,female,G73NUL,Lincoln,Aviator
560603,66,74,brown,blue,male,82S12D,Kia,Spectra
560677,24,59,brown,brown,female,13ORKH,GMC,Envoy
560838,56,78,black,red,male,ZBRFE8,GMC,Envoy
561286,29,79,brown,red,male,QFC7F1,Isuzu,Rodeo
561394,23,77,blue,black,female,SVGDB1,BMW,X3
561407,23,66,amber,black,female,418PN0,Mercedes-Benz,C-Class
561539,46,59,amber,blue,female,JJ2D00,Mercedes-Benz,C-Class
561602,60,65,green,blue,female,73I352,Chevrolet,Avalanche
561614,64,82,amber,blue,male,IT0126,Volvo,C70
561617,18,61,amber,green,male,1U648G,Chevrolet,Silverado 1500
561631,82,76,green,blue,female,O7472M,GMC,Yukon
561772,64,50,green,green,female,2538CM,BMW,3 Series
562023,75,81,black,white,female,58E65Z,Honda,Odyssey
562234,69,57,black,brown,female,56221X,Mercury,Grand Marquis
562332,59,58,brown,blonde,female,7R3814,Chrysler,Sebring
562346,82,66,amber,brown,female,HP76F5,Lincoln,Town Car
562615,83,76,amber,blonde,male,6JR3T4,Dodge,Ram
562685,75,58,blue,white,male,7032Y0,Saturn,S-Series
562704,37,62,black,blonde,female,UG8608,Volkswagen,GTI
562732,30,74,blue,blonde,male,XQ7D4I,Chevrolet,Colorado
562738,70,56,amber,blue,male,R45HZD,Rolls-Royce,Phantom
563010,27,53,blue,grey,male,MJ1TIO,Nissan,Maxima
563036,42,54,brown,blue,female,PLH3GI,GMC,Yukon
563130,20,66,green,grey,male,15OJ84,Mitsubishi,Pajero
563151,88,70,black,green,male,T0WZ61,Hyundai,Elantra
563180,53,73,black,brown,female,TV5DC1,Toyota,Sienna
563222,71,60,amber,blonde,male,4MK06C,BMW,7 Series
563394,25,68,brown,blue,male,O8A1D5,Hyundai,Elantra
563397,75,75,blue,blue,male,8M62IY,Mitsubishi,Pajero
563504,40,70,brown,blue,female,8IMEMY,Aston Martin,DB9
563519,45,78,brown,blue,male,552IE2,Honda,Ridgeline
563596,68,60,green,grey,male,1OIRBH,Audi,A8
563615,21,69,amber,grey,female,LS6M55,Honda,Odyssey
563635,49,66,green,grey,male,6LY38G,Cadillac,Eldorado
563643,55,53,amber,black,female,D3DMX1,Mercedes-Benz,G-Class
563649,70,56,blue,black,male,2T6KPA,Mercury,Mystique
563654,60,54,green,blue,female,4ISC6D,Hyundai,Azera
563710,30,70,amber,red,female,FPN53W,Jaguar,XK Series
563725,89,78,blue,blue,female,L0K014,Cadillac,XLR-V
563787,58,61,black,red,female,5ZLQN8,Land Rover,Range Rover
563808,82,80,brown,grey,male,J151GA,Isuzu,VehiCROSS
563940,78,60,black,red,male,7Y273X,Chevrolet,Colorado
564032,20,71,black,black,female,R6CRYD,Toyota,Tacoma
564051,81,73,green,blue,female,D7Z77P,Chevrolet,SSR
564082,72,53,brown,black,female,SMGP85,Mercury,Grand Marquis
564097,67,58,amber,white,male,JJ243X,Dodge,Dakota
564169,50,71,black,white,male,138R85,Volkswagen,R32
564174,45,75,black,blonde,male,3X8Q21,Volvo,XC90
564239,51,79,brown,black,male,MHW5W5,Toyota,TundraMax
564244,59,81,blue,blonde,female,YZD25W,Honda,Pilot
564249,71,79,brown,black,male,6E2OP5,Suzuki,Forenza
564286,77,51,black,white,female,3C2BS5,Volvo,C70
564435,44,73,black,black,male,IMKPAD,Volvo,S60
564584,62,65,amber,red,female,62007I,Dodge,Ram 3500
564639,31,70,black,black,male,D1XHAA,Toyota,Sienna
564733,44,75,brown,black,female,Z40UYX,Nissan,Armada
564860,74,55,black,green,male,V16370,Volvo,V50
565101,44,50,amber,green,female,S514J6,Volvo,V70
565102,33,76,amber,black,female,32H154,Chevrolet,Camaro
565227,56,65,green,blue,male,OK1ECC,Chevrolet,Trailblazer
565251,72,78,brown,blue,female,12KUW8,Ford,F350
565399,27,55,black,blue,male,40Y8UV,Lincoln,Navigator
565421,33,82,brown,red,male,VQ81AQ,Toyota,Tacoma Xtra
565652,80,52,black,black,female,2J212M,Chrysler,Concorde
565655,79,54,amber,red,male,8RN687,Suzuki,Reno
565734,51,55,blue,blonde,female,8P2YC1,Mitsubishi,Eclipse
565876,45,68,black,red,female,RKN13Y,Ford,E150
566010,63,67,black,black,male,K0A8UG,Suzuki,Esteem
566120,83,53,black,brown,female,152N6H,Scion,xD
566177,64,74,brown,brown,male,660XVA,Dodge,Dakota
566222,68,71,black,red,male,DRE4JL,Jaguar,XJ
566400,73,73,amber,grey,female,C144R4,Land Rover,Range Rover Sport
566458,50,64,green,blonde,female,W41AZU,Cadillac,SRX
566532,44,51,amber,blonde,female,16341O,Mercedes-Benz,CLK-Class
566538,18,72,amber,white,male,5Q22E1,Chevrolet,Silverado 3500
566616,63,56,brown,black,male,N75QDP,BMW,7 Series
566756,50,52,blue,blonde,female,WCW0K8,Toyota,Solara
566839,80,52,brown,grey,female,6CS5ZJ,Saturn,Sky
566895,39,50,green,black,female,U51K4G,Lexus,RX
566920,69,82,black,brown,male,63R1UE,Ford,Explorer
566924,64,64,black,green,male,8R4CO5,Audi,A4
566934,23,76,amber,blonde,male,LJC3FS,Chevrolet,Blazer
566947,48,68,green,green,male,M1EYT3,Nissan,Sentra
566974,32,52,brown,white,male,0802VF,Pontiac,GTO
567054,32,76,brown,blue,female,3G32GD,GMC,Yukon XL
567116,18,74,blue,blue,male,L1FZ28,Dodge,Neon
567332,80,50,amber,red,male,06HK10,Ford,Windstar
567351,81,75,blue,blonde,male,D1YZE0,Infiniti,QX
567395,80,70,black,grey,female,X063YA,Saturn,Outlook
567498,72,56,brown,red,male,81F8K4,Chevrolet,Aveo
567530,57,63,black,brown,female,3DBD4Y,Mazda,Miata MX-5
567612,63,82,black,grey,female,S424HO,Suzuki,Swift
567739,78,73,amber,grey,female,4NYK01,GMC,Acadia
567779,75,73,black,brown,male,655DBX,Volvo,XC90
567793,25,79,amber,brown,female,766D2F,Lexus,LX
567898,33,73,black,grey,male,OBG263,Mazda,Protege
567939,29,68,brown,green,female,25R4XF,BMW,M3
567953,80,69,green,white,male,XN0DD3,Audi,S4
568053,47,73,black,green,male,IVXZBG,Lexus,LX
568119,23,61,black,grey,female,Z3X47Y,Buick,Rendezvous
568163,69,75,blue,blue,female,3JX471,GMC,Yukon XL 2500
568231,59,82,blue,blonde,male,5R0U80,Isuzu,Oasis
568327,19,63,blue,grey,male,P653YY,Lamborghini,Diablo
568385,79,56,blue,blue,male,W025T4,Mazda,Miata MX-5
568485,22,68,blue,blue,male,I3X276,GMC,Jimmy
568503,44,77,blue,black,male,82B672,Cadillac,STS
568510,37,58,brown,brown,female,TBWC8F,BMW,525
568512,37,74,brown,blonde,male,4MDQ1L,Mercury,Grand Marquis
568747,68,59,blue,blonde,female,O8C010,Mazda,Miata MX-5
568748,46,71,black,blonde,female,FSUH41,Ford,Flex
568822,59,62,brown,red,female,5R2OR3,Nissan,Pathfinder
569046,25,55,green,red,female,6B67MN,Ford,Econoline E250
569084,56,68,brown,white,female,X45F2L,Ford,Escape
569122,60,54,black,red,male,5A7ZUI,BMW,530
569281,47,57,black,blue,male,O8JW73,Volvo,XC70
569410,46,76,green,blonde,female,5VXIBW,Pontiac,Grand Am
569563,64,63,green,blonde,female,84T7L1,Bentley,Arnage
569600,35,72,amber,blue,male,82MLE0,Ford,Fusion
569745,44,55,black,black,female,24774V,Lexus,ES
569819,33,64,green,blue,male,16477Q,Cadillac,CTS-V
569847,55,63,amber,black,male,X0M7MP,GMC,Savana 1500
570164,35,74,green,white,male,735R51,Chevrolet,Express 2500
570173,40,56,black,white,male,11XR5L,Mercury,Monterey
570226,24,60,green,red,male,8W05R7,Nissan,Rogue
570829,84,65,green,brown,male,NN3Q25,Audi,A3
570927,30,66,brown,blonde,male,KQ5P3D,Chevrolet,Express 3500
570939,50,64,black,white,male,N0MIY6,Acura,TL
571085,88,71,amber,green,female,30HEA7,Honda,CR-V
571223,26,75,blue,brown,male,PP4R1I,Subaru,Tribeca
571289,67,59,green,blue,female,1Z01A4,Ford,Explorer
571370,47,56,green,grey,male,8W0Y8E,Nissan,Titan
571397,67,69,brown,white,male,Y7CVF3,Lincoln,MKT
571461,36,63,black,red,male,4316LE,Isuzu,Hombre Space
571489,61,68,blue,green,male,SLNQ8Z,MINI,Clubman
571546,46,54,amber,blonde,male,ZBDO2J,Audi,A8
571574,27,52,green,grey,male,QSZ7K7,Audi,RS 4
571718,71,58,blue,white,female,H160UH,BMW,X5
571745,58,78,green,brown,female,2VCIHX,GMC,Savana 3500
571849,78,61,black,brown,male,B6LT5A,Hyundai,Elantra
571992,67,50,blue,red,female,7ANMEZ,Mitsubishi,Lancer Evolution
572148,75,81,green,black,male,R42CDQ,Chevrolet,Suburban 1500
572154,41,63,green,blue,male,5IY163,Jaguar,X-Type
572502,34,65,green,grey,female,F34D01,Dodge,Nitro
572512,29,60,black,red,male,64K766,Hyundai,Elantra
572599,65,78,blue,green,male,QJRESM,Volvo,C70
572656,79,75,green,green,male,KWTY81,Toyota,Sequoia
572693,67,66,blue,red,female,3O3AHZ,Mazda,RX-8
572712,68,52,green,brown,female,DI54XK,Acura,CL
572867,26,78,blue,brown,female,8PJTB4,Chevrolet,Venture
573007,28,72,amber,black,male,RY34OO,Honda,Prelude
573029,79,73,brown,white,female,80IP61,Mazda,Mazda3
573051,87,57,blue,black,male,FDT728,Dodge,Challenger
573061,85,79,brown,white,female,5L0X81,Ford,F-Series
573165,62,79,blue,grey,female,LR31RK,Chevrolet,S10
573254,56,61,amber,blonde,female,0831O5,Hyundai,Elantra
573427,58,54,amber,blue,male,446IZ5,BMW,X6
573441,49,51,green,blue,female,ER187T,BMW,X6
573532,55,51,amber,white,male,OG688Q,BMW,Z8
573603,46,68,black,green,male,L83405,BMW,X3
573681,24,71,brown,white,male,S7FU62,Acura,RL
573885,55,61,blue,blonde,female,2CP774,Cadillac,Eldorado
573918,49,70,blue,red,female,2F6373,Aston Martin,DBS
573935,55,79,black,green,female,33PAML,Ferrari,599 GTB Fiorano
574020,65,68,amber,blonde,male,02KZQV,Plymouth,Neon
574035,53,80,green,grey,female,1458G2,Ford,Explorer Sport
574190,54,65,blue,grey,male,E3146C,Lexus,IS
574207,32,60,blue,blue,female,XI65QF,Hyundai,Azera
574322,51,82,amber,grey,female,YY2G57,Buick,Terraza
574576,83,77,green,white,female,2XDH30,Dodge,Journey
574753,22,64,black,brown,female,N2MF7N,Nissan,350Z Roadster
575091,76,54,green,red,male,8NKO4V,Ford,E150
575170,40,66,black,green,female,HXRN2A,Chevrolet,Express 3500
575252,67,71,green,blonde,female,7S4YB0,Ford,F350
575362,75,59,amber,blonde,female,W60R16,Audi,Q7
575390,26,54,green,white,female,087312,Toyota,Corolla
575400,30,55,amber,green,female,E36783,BMW,M5
575440,72,59,brown,black,male,JW4GJ2,Honda,Insight
575499,64,77,blue,green,male,W68FQ4,Daewoo,Lanos
575510,85,51,black,grey,female,J4Y0OL,Saab,9-5
575700,20,70,green,brown,male,D6IN55,Honda,Insight
575724,75,53,blue,brown,female,04DK06,Lexus,LX
575737,78,66,brown,blue,male,836418,Mazda,Mazda3
576164,87,52,blue,grey,female,1QMHND,Oldsmobile,Aurora
576192,74,53,amber,brown,male,CZ8466,BMW,5 Series
576583,83,77,green,white,male,U0803P,Lincoln,MKX
576671,88,62,blue,blonde,male,0SRG4L,GMC,Canyon
576695,83,61,black,red,male,JA65A3,Dodge,Ram Van 1500
576923,20,51,black,black,male,0GLK05,Saab,9-3
577078,84,60,amber,blue,male,8B033L,Bentley,Arnage
577082,76,64,black,grey,female,767L8M,Toyota,Avalon
577226,59,73,amber,brown,male,7641LZ,Toyota,Sequoia
577269,86,73,blue,red,male,41Q842,Dodge,Dakota
577272,50,80,black,green,male,U0YO40,Cadillac,CTS
577297,43,64,green,brown,male,30727H,Hyundai,Elantra
577325,69,51,blue,green,male,VGIPJW,Mitsubishi,Pajero
577365,62,76,brown,blonde,male,14402M,Audi,Allroad
577443,57,55,black,blonde,male,ABCVU6,Chevrolet,Express 1500
577514,64,51,amber,red,male,RME265,Dodge,Caravan
577555,61,72,blue,brown,male,53S720,Kia,Forte
577631,69,73,brown,black,male,Y88076,Nissan,Murano
577837,46,79,brown,brown,male,KF4ULI,Ford,Taurus
577866,48,52,black,white,male,NOI3TI,Bentley,Continental Flying Spur
577934,85,59,amber,blonde,female,0K4SGI,Pontiac,Montana SV6
577997,19,81,blue,red,male,6FV1DL,Isuzu,i-280
578035,32,77,amber,black,female,OR30S2,Suzuki,Kizashi
578075,30,68,blue,blue,male,6VB433,Mercedes-Benz,SLS AMG
578168,80,64,amber,brown,female,5H604H,Audi,S8
578371,40,54,green,black,female,8347M6,BMW,7 Series
578466,47,80,amber,grey,male,571ZKJ,Mitsubishi,Outlander
578568,68,60,blue,brown,male,I813SX,Chevrolet,Malibu
578584,31,72,black,black,male,1K4SP0,Porsche,Panamera
578595,43,75,amber,black,male,1315W1,Ford,Econoline E250
578662,72,55,amber,grey,female,FQYT14,Chevrolet,Silverado 2500
578781,29,59,blue,green,male,WQY4L1,Audi,S6
578798,76,82,amber,blonde,female,8F2062,Volvo,S70
578800,49,66,black,red,male,7Y6UD1,Honda,Civic
578982,28,78,black,blonde,male,3COUC4,Chrysler,Town & Country
579003,77,77,brown,green,female,VK646K,Mitsubishi,Eclipse
579070,23,54,brown,green,male,450121,Kia,Optima
579276,39,61,blue,white,female,8K35ZB,Chevrolet,Tahoe
579329,78,75,amber,blue,male,V71141,Buick,Rendezvous
579381,21,50,amber,blue,female,P462C0,Honda,FCX Clarity
579398,33,62,green,green,male,ATW4CI,Acura,RL
579399,60,66,black,grey,male,3QWOTB,Chevrolet,Tahoe
579408,78,63,green,blonde,male,FL8F04,Buick,LaCrosse
579410,52,55,black,red,female,5Z20V4,Toyota,4Runner
579688,86,73,blue,brown,male,X1Q8ES,Buick,Rendezvous
579907,87,56,black,blonde,female,JAP82V,Volkswagen,Tiguan
580023,86,74,blue,blonde,female,0K001C,Audi,RS4
580041,53,78,blue,grey,male,LO25Y6,Chevrolet,Tracker
580081,24,69,brown,grey,female,AQFR5L,Honda,Accord Crosstour
580117,60,61,blue,brown,male,EHRR40,Lotus,Evora
580272,41,60,blue,red,female,3536AY,Dodge,Grand Caravan
580281,53,59,brown,blue,male,4ZG31N,BMW,530
580315,58,63,amber,white,female,23P0D0,Ford,Ranger
580371,58,77,brown,blue,female,6C1221,Dodge,Dakota
580607,86,66,amber,red,female,7N8B8E,Lotus,Esprit
580610,40,62,brown,blue,female,OBCIJP,Nissan,Pathfinder
580665,44,71,black,red,female,5OX7X6,Aston Martin,DB9
581017,21,51,brown,brown,female,S74MPN,Mitsubishi,Lancer Evolution
581136,31,62,blue,white,female,CT6O38,GMC,Envoy
581212,32,57,blue,green,female,38T4UW,Mazda,Mazda6
581218,30,60,blue,brown,male,Y503J4,Ford,Expedition EL
581504,18,57,amber,blue,female,O4PTIH,Cadillac,STS
581510,85,72,amber,black,male,08V3FO,BMW,M3
581533,76,51,green,red,female,22H6K8,Ford,Freestar
581565,39,69,blue,black,female,G8VUG4,Audi,S4
581585,52,60,green,brown,female,HH2SGS,Mitsubishi,Diamante
581628,53,66,blue,green,male,K652G6,Mitsubishi,Galant
581667,20,56,amber,blue,female,R4RQ5A,Toyota,4Runner
581739,26,75,green,blonde,female,2Z3LV8,Ford,Crown Victoria
581786,32,60,black,brown,female,SW6O0J,Lincoln,LS
581850,58,69,brown,red,female,22154X,Honda,Ridgeline
581855,77,52,brown,grey,female,342NXT,Mercury,Marauder
581941,43,70,black,green,male,F85723,Land Rover,Range Rover Evoque
581949,74,55,green,black,male,QI0T0U,Volvo,C30
581983,60,57,brown,brown,female,840V04,GMC,Savana 3500
582062,72,56,brown,blonde,male,651P87,Lexus,IS F
582164,79,57,brown,white,male,21T8XC,Lotus,Esprit
582191,87,73,brown,blue,female,I1LOF5,Lamborghini,Murciélago
582313,33,75,green,black,female,0H8SMK,Volvo,S80
582357,37,77,brown,blue,female,7XF3D2,Pontiac,Solstice
582399,43,63,black,red,male,6N1NN1,Panoz,Esperante
582421,34,50,amber,brown,female,Y614I2,Acura,RL
582471,36,79,black,blue,male,718271,Dodge,Charger
582767,19,51,blue,red,male,I7M44V,Nissan,Murano
582996,48,69,blue,green,male,A3GE24,Jaguar,X-Type
583273,60,71,amber,blonde,male,8S6545,Saturn,VUE
583532,73,52,amber,black,female,IX1YG6,Audi,S4
583673,73,82,blue,blonde,male,T20LK0,Dodge,Ram 3500
583746,76,66,black,blonde,male,C4DWCH,Chevrolet,Express 1500
583749,35,64,brown,red,male,4187LT,Pontiac,Torrent
583899,84,61,blue,blue,female,D3G2I8,Pontiac,Grand Prix
584055,35,56,blue,blonde,female,HJ145T,Volkswagen,New Beetle
584103,22,63,black,black,female,W8L6S2,Ford,Escort
584168,65,53,black,black,male,T1655V,Mitsubishi,Outlander
584173,41,53,green,white,male,8E63AP,Chrysler,300
584194,78,51,black,black,male,641456,GMC,Sierra 2500
584366,61,56,brown,blue,male,8SZ643,MINI,Cooper Clubman
584433,27,76,black,blonde,male,6YBACM,Hyundai,Entourage
584477,58,62,green,brown,female,SZS873,Lincoln,LS
584612,34,66,black,grey,male,Q7TAC7,Audi,A3
584643,26,50,green,grey,male,ZVAIOG,Chevrolet,Tahoe
584904,19,64,blue,green,female,33UO66,Toyota,TundraMax
584986,33,77,blue,blonde,male,UMIN82,Ford,Crown Victoria
585030,58,72,green,blonde,male,TLW4GV,Hyundai,Accent
585174,25,67,brown,green,male,LCX1W4,Ford,F150
585205,68,75,green,green,female,4W1JDE,Isuzu,Axiom
585254,28,64,brown,grey,male,5ZLPB8,Acura,TL
585318,59,57,amber,green,female,3J8SC0,Audi,S4
585344,44,60,black,blonde,female,6JS554,Hyundai,Accent
585416,43,62,brown,blue,female,A7B087,Lincoln,Aviator
585436,43,75,green,red,male,3274F2,Lincoln,Town Car
585523,71,70,blue,red,male,XUHK3F,Pontiac,Bonneville
585589,34,81,green,black,male,327T45,Hyundai,Elantra
585773,41,72,black,brown,female,KOP78H,Kia,Spectra
585848,44,82,brown,black,female,11N357,Pontiac,Grand Am
585875,54,80,blue,red,male,0T1IGV,Nissan,Altima
586143,39,64,black,grey,female,G83V4K,Ford,Explorer
586294,39,61,green,red,male,X2TN01,Pontiac,G6
586343,31,50,green,grey,male,XG76GL,Maybach,Landaulet
586491,26,80,brown,green,male,3MH10V,Mazda,Miata MX-5
586562,30,55,brown,green,male,M64P82,Lexus,GS
586623,23,66,black,blonde,female,KN25GE,Porsche,Boxster
586661,79,80,amber,white,female,MD25T2,Cadillac,Eldorado
586720,26,71,black,green,female,4PG178,Cadillac,DeVille
586838,27,64,amber,green,female,JX1YO7,Hyundai,Tiburon
586909,85,72,blue,green,female,XHMRA0,Mitsubishi,Galant
586949,41,52,amber,grey,female,3BA8S0,Hyundai,Tucson
587040,37,71,blue,blue,male,DY4ZSR,Land Rover,LR2
587284,22,73,blue,black,male,50827R,Chevrolet,G-Series 2500
587311,84,62,amber,blonde,female,65M7R2,Mitsubishi,Raider
587352,47,54,black,white,male,FB21VM,Ford,Taurus
587473,28,52,amber,green,female,TUWR53,Jeep,Liberty
587605,43,67,green,red,female,5X2L72,Dodge,Ram 3500
587723,40,57,green,white,female,3YTSU0,Buick,Lucerne
587839,68,82,black,red,female,DK2KVP,Mitsubishi,Challenger
587886,53,65,blue,blue,male,7POCJF,Ford,Windstar
588055,78,56,blue,brown,female,H563IO,Lotus,Elise
588067,56,63,black,green,male,C4W8V4,Dodge,Stratus
588073,60,50,amber,black,male,TWC42R,Mazda,Protege5
588120,73,54,black,blue,male,07TE51,Volvo,C70
588281,40,65,amber,red,male,AA4223,Chrysler,Crossfire
588377,33,53,brown,brown,male,L204P8,Lexus,RX Hybrid
588400,62,76,black,black,male,IN5LCR,Honda,Pilot
588631,56,55,blue,green,male,1L1U16,Volvo,XC90
588727,42,55,blue,green,female,87JESF,Lexus,GS
588824,24,54,black,white,female,OA5CGP,Acura,RDX
588863,33,58,black,white,female,62RBMZ,Maybach,Landaulet
588906,89,76,brown,red,male,820QHE,Mitsubishi,Pajero
588956,50,51,brown,blonde,female,2L46MI,Chevrolet,Equinox
589083,77,59,brown,black,male,6UWOQH,Ford,Transit Connect
589161,65,66,blue,green,female,Q33454,Daewoo,Lanos
589176,19,76,green,brown,female,ES5J2D,Audi,TT
589241,89,72,green,green,female,3WI766,Mazda,B-Series
589273,52,53,amber,brown,male,7L10ZF,Mercedes-Benz,SLK-Class
589304,63,72,black,green,male,WRQ61A,Pontiac,Bonneville
589313,84,61,amber,grey,female,F7C7KP,Suzuki,Swift
589371,39,58,blue,blonde,female,0G672Y,BMW,5 Series
589584,29,66,amber,brown,female,X48Z0R,Dodge,Charger
589589,20,64,brown,black,male,1NM156,Chevrolet,Suburban
589842,43,81,amber,brown,female,107V72,BMW,X5
589872,23,59,blue,red,male,7233EM,Subaru,Impreza
589917,47,61,amber,black,male,A3NW2Y,GMC,Canyon
590088,30,56,green,blonde,female,2H548K,Chrysler,300
590128,48,54,amber,green,male,YP8RK4,Volkswagen,CC
590311,58,59,black,blonde,male,D4R31R,Mercedes-Benz,S-Class
590364,27,54,green,brown,male,6GR72U,Lexus,GX
590371,25,81,black,brown,male,81EMR3,Volkswagen,Passat
590411,39,78,brown,blonde,male,8465V0,Chevrolet,Express 2500
590590,61,80,amber,red,male,DIGG6Q,Nissan,Murano
590664,89,82,green,grey,female,UX0738,Toyota,Highlander
590680,73,82,blue,green,female,A7SW3G,Ford,GT500
590793,64,58,blue,red,female,ESA8NC,Chevrolet,Silverado 3500
590832,60,70,brown,black,female,0A8410,Land Rover,Freelander
591021,53,76,blue,black,male,S03Q1Q,GMC,Yukon
591090,79,74,black,grey,female,V7314D,Honda,Odyssey
591140,89,72,green,white,male,33SF8F,Toyota,Tundra
591200,49,62,blue,black,male,2PS34W,Lexus,GX
591204,19,50,brown,grey,female,46206K,Rolls-Royce,Ghost
591762,45,79,black,green,male,DW4EY4,Kia,Sportage
592168,61,81,green,brown,male,0U32P8,Mercury,Milan
592213,18,65,black,blonde,female,8BO88T,Infiniti,G
592299,29,72,blue,green,male,HL0K71,Land Rover,Discovery
592360,43,53,black,black,male,Y6UJX3,Hyundai,XG350
592444,77,61,brown,grey,male,4V1IM4,GMC,Canyon
592484,50,81,brown,red,male,QOU65A,Mercedes-Benz,CL-Class
592533,75,70,green,white,male,U60277,Pontiac,G6
592762,58,55,green,red,male,5ZAUY3,Toyota,Yaris
592765,89,59,amber,green,male,30LO0F,Mercury,Tracer
592861,75,57,black,brown,female,3SCJ60,Mitsubishi,Endeavor
593028,65,72,blue,white,female,GMC6G2,Mitsubishi,Montero
593039,72,56,brown,brown,female,4354M4,Chevrolet,Express 2500
593146,82,63,black,blonde,male,C0Q407,Scion,tC
593180,59,63,blue,blonde,female,570M5G,Toyota,RAV4
593252,84,77,brown,grey,male,3ZY0PW,Aston Martin,Vantage
593408,57,59,green,grey,male,JZN8IO,Toyota,Tundra
593504,63,80,brown,grey,female,854S54,Honda,Ridgeline
593641,34,63,brown,grey,male,5M5JJP,Toyota,Camry
593709,45,61,brown,blue,female,G3FQE0,Toyota,Tacoma
593894,39,64,green,blonde,female,NV87IV,Dodge,Ram Van 3500
594006,29,52,amber,brown,female,VM05SS,Honda,Pilot
594043,33,65,green,white,female,2742XR,Mercury,Mystique
594067,85,82,brown,brown,female,2445DX,Chevrolet,Monte Carlo
594327,54,70,blue,black,male,QEG7KU,Chevrolet,Malibu
594347,55,70,black,blue,male,G887UC,BMW,6 Series
594414,53,60,green,blonde,female,W882ZI,Subaru,Legacy
594461,50,59,brown,grey,male,3500O8,Mitsubishi,Lancer
594582,34,67,brown,green,female,88J75M,BMW,Z4 M
594602,65,66,green,black,female,7UWW1E,Chevrolet,Suburban 2500
594818,42,63,green,grey,male,836TXB,Chrysler,Cirrus
594871,46,76,green,brown,male,PWTIY3,Chevrolet,Traverse
594996,46,74,green,brown,male,NT11W4,Jaguar,XJ Series
595082,87,67,blue,brown,male,1Y70J8,Mercedes-Benz,SLK-Class
595149,40,82,green,brown,male,HPD003,Honda,Accord
595297,86,66,amber,blue,female,P50D3C,Audi,A6
595313,26,71,black,grey,female,BYU17I,Bentley,Continental
595444,56,64,blue,grey,male,8J1B3C,Honda,Fit
595566,23,75,brown,green,female,65556M,Volvo,S70
595571,88,53,amber,green,female,05L774,Toyota,Tacoma
595597,30,64,blue,blonde,male,61BC02,BMW,760
595642,45,56,green,blonde,female,1011OW,Mazda,Mazda6
595803,32,62,brown,grey,female,K83RY4,Tesla,Roadster
595843,37,59,brown,black,female,63454B,Toyota,RAV4
595910,20,60,blue,black,female,2774MT,Ferrari,599 GTB Fiorano
595911,79,80,green,green,male,4VZ56H,Kia,Sorento
595960,39,57,brown,black,female,IC1HVW,Isuzu,Oasis
596148,46,51,blue,blue,female,MS50K2,Toyota,Venza
596234,70,81,brown,black,male,X5813P,Chrysler,Town & Country
596377,29,82,brown,red,female,26DIOZ,Nissan,Pathfinder
596423,18,78,black,blue,male,34SD8X,Oldsmobile,Aurora
596514,19,63,black,grey,male,23Q844,Audi,S4
596823,62,58,brown,white,male,3Y1KQ8,Maybach,57
597020,57,53,blue,green,female,33K518,Toyota,Highlander
597040,39,52,blue,brown,male,AL0GA5,Nissan,Maxima
597054,22,55,blue,grey,female,1HDVOX,Volvo,S40
597204,72,70,brown,brown,male,608050,Subaru,B9 Tribeca
597447,32,66,brown,grey,female,W3KQJS,Chevrolet,Impala
597545,43,72,green,black,male,5D5Y54,HUMMER,H1
597684,33,75,black,brown,female,ZP4GZ5,Spyker Cars,C8
597750,89,72,brown,brown,male,XAC6R1,Toyota,Matrix
597959,24,77,brown,red,male,006323,Lamborghini,Murciélago
598027,69,65,green,green,female,V84W8Y,Saab,9-7X
598033,30,50,brown,blonde,female,TY6A22,Suzuki,XL-7
598055,40,82,brown,grey,male,G5MG4N,Volvo,S60
598093,52,53,green,red,female,8G76YP,Infiniti,G35
598100,56,79,green,brown,female,1VPC54,Toyota,MR2
598319,63,51,black,red,female,11APEM,Honda,Accord Crosstour
598339,31,62,blue,grey,male,3Q5T8K,MINI,Cooper
598434,27,78,black,black,male,360J70,Acura,NSX
598501,79,53,brown,brown,male,N5XINC,Land Rover,Range Rover
598578,79,54,black,black,male,6W50K5,Mitsubishi,Lancer Evolution
598641,82,57,green,red,male,1XH3JP,Dodge,Ram 2500
598836,30,68,green,white,male,S18X17,Mazda,Miata MX-5
598924,33,54,amber,green,female,4K6306,Jeep,Cherokee
599105,87,60,green,blonde,male,R58H60,Ford,Explorer
599314,85,82,brown,black,female,VJ8070,Chevrolet,Corvette
599371,70,58,brown,green,male,ML6E5O,Ford,F150
599459,87,58,brown,blue,female,SRJ0LJ,BMW,Z8
599557,56,60,black,brown,male,7QK8WH,Lexus,GX
599664,32,51,black,blonde,male,B38004,Chevrolet,Corvette
599760,20,67,black,blue,male,BBW82A,Nissan,Maxima
600115,23,63,brown,blue,female,Y0MG3R,Ford,E-Series
600133,42,76,blue,green,female,R0T48Q,BMW,X3
600149,43,63,green,red,female,SXQ017,Acura,RL
600204,77,66,blue,brown,male,R2W216,Hyundai,Santa Fe
600277,34,80,black,red,male,8VILE3,Subaru,Legacy
600340,60,57,blue,grey,male,0UZX4K,Chevrolet,Suburban
600491,58,64,amber,white,male,5RG5SC,Maybach,57
600618,33,77,amber,black,female,US35F6,Acura,RSX
600631,77,73,green,grey,female,0757L1,Mazda,Tribute
600685,79,62,black,black,male,436VP7,Chevrolet,Silverado 3500HD
600756,19,74,black,brown,male,7B44M2,Suzuki,Swift
600828,79,80,brown,red,female,RPM00T,Porsche,911
601094,80,61,brown,blonde,female,RP5812,Lexus,SC
601099,34,80,amber,brown,male,O6U21O,Chevrolet,Camaro
601140,75,67,blue,brown,male,3M08DC,Mercedes-Benz,M-Class
601210,45,74,black,grey,female,RZADD3,Mazda,Millenia
601243,76,65,amber,grey,female,XRI2E6,Mercedes-Benz,SLK-Class
601305,40,77,blue,green,female,7U10WM,Toyota,Camry Hybrid
601372,19,80,brown,white,female,8Z5886,Jeep,Wrangler
601394,48,57,brown,red,female,720C8T,Mercedes-Benz,G-Class
601435,55,54,black,blue,female,2VTQH7,Volvo,C30
601648,76,74,black,red,male,O47HJE,Porsche,Cayman
601666,74,63,brown,grey,male,6E4O5A,BMW,X3
601723,26,55,green,black,female,T288KQ,Toyota,Corolla
601858,20,75,green,white,female,D203N7,Jeep,Liberty
601893,71,50,brown,white,female,UA2HTR,Mitsubishi,Diamante
602013,54,54,blue,blue,male,H5576D,Ferrari,F430 Spider
602015,82,56,brown,brown,female,LBG35Q,MINI,Cooper
602039,26,66,black,black,male,PS5111,Aston Martin,DB9
602043,77,79,black,brown,male,A3011O,Chrysler,Sebring
602106,47,78,amber,white,male,Z8P18O,Toyota,Yaris
602391,30,79,black,black,female,1R526Y,Lotus,Evora
602471,49,67,brown,blue,male,KQX40E,Kia,Rio
602492,30,76,black,white,female,6YXKT0,Chevrolet,Equinox
602501,84,68,green,brown,female,OZH3GW,Audi,A4
602669,27,53,blue,brown,male,W0KY4V,Ford,F350
602805,66,58,black,black,male,2ON238,Chevrolet,Silverado 1500
602843,41,61,blue,black,female,7D67FT,Mercury,Milan
602862,64,66,black,red,male,PJD2ZW,Mitsubishi,Eclipse
602937,26,76,brown,black,female,55GMZ4,GMC,1500 Club Coupe
603092,50,76,green,brown,male,G307JQ,Porsche,Cayenne
603161,21,68,green,black,female,Y72GPD,GMC,Sierra 3500
603229,42,69,blue,brown,male,T1038R,GMC,Jimmy
603381,67,74,brown,white,male,PZUC04,Mitsubishi,Lancer
603403,55,61,blue,blonde,male,7QSMDI,Toyota,Highlander
603405,34,78,blue,white,female,3D6181,Lincoln,Town Car
603493,53,77,brown,grey,female,WCEEEW,Cadillac,DeVille
603591,34,81,blue,green,female,11P768,Nissan,Maxima
603960,79,54,black,green,female,007OV7,Volkswagen,GTI
604197,54,82,brown,green,female,RQINDC,Mitsubishi,Eclipse
604212,46,51,green,green,male,NSF31D,Nissan,GT-R
604233,31,73,brown,black,female,138703,Ford,Excursion
604297,67,80,green,green,male,R5PK13,Audi,S4
604339,37,65,blue,green,male,75L8OX,Mitsubishi,Pajero
604413,59,74,blue,brown,female,6CV6Y5,Porsche,911
604525,86,75,black,blue,male,M82KEH,Chevrolet,Tahoe
604820,79,51,blue,red,male,T5BXQC,HUMMER,H3
604828,35,75,brown,blue,male,I82E55,Infiniti,Q
605048,36,70,brown,black,male,685873,Kia,Rondo
605053,76,77,blue,black,male,2346VG,GMC,Jimmy
605285,44,66,brown,blonde,female,1F4H67,Porsche,Boxster
605379,73,55,black,white,male,I7WR84,Chevrolet,Aveo
605387,51,51,green,blonde,male,X3484T,Chrysler,Sebring
605451,65,78,brown,blue,female,3T376Y,Volvo,S60
605460,89,65,black,black,male,F164GA,Suzuki,Grand Vitara
605617,38,69,green,red,female,6CU842,Scion,xA
605656,57,75,amber,brown,male,BY7P1P,Nissan,Altima
605718,45,58,black,blue,male,3040TU,Lincoln,MKT
605792,53,58,black,green,female,PG2BA6,Cadillac,DeVille
605869,42,55,green,black,male,B266F5,Mercury,Mountaineer
605880,75,55,green,blue,female,FP4K46,BMW,525
605892,57,63,amber,brown,male,4O7XG3,Spyker Cars,C8
606055,20,72,green,blonde,female,5EFQCH,Chevrolet,Malibu
606240,18,75,blue,green,male,E70LZC,Pontiac,Firebird
606395,39,56,black,red,male,53W642,Volvo,S70
606431,37,59,brown,grey,female,R54ZB1,Ford,Fusion
606450,18,68,black,brown,female,SJB5GX,Chevrolet,Aveo
606475,46,77,amber,blue,female,8H68N2,Kia,Sedona
606496,31,58,brown,white,female,P45140,Lamborghini,Murciélago
606802,34,65,green,white,male,SI640Q,Ford,Explorer
606829,51,68,amber,white,female,R41633,GMC,Savana 3500
606887,51,52,black,black,male,314BFJ,Chevrolet,Suburban 2500
606909,25,64,blue,green,female,7IC24R,Infiniti,Q
606928,89,55,blue,brown,female,2R1OUS,Nissan,Altima
606988,62,81,green,green,female,2646NR,Audi,TT
607069,79,75,amber,black,male,NU0C2J,Honda,CR-V
607319,88,61,green,red,male,1ZR60A,Volkswagen,Jetta
607333,59,79,brown,black,female,TO0L1B,Cadillac,DeVille
607389,84,53,brown,blonde,male,4YT884,Ford,E150
607542,26,60,amber,white,male,1NAQGR,Dodge,Dakota Club
607589,89,64,green,blue,female,X1504C,Hyundai,Santa Fe
607687,41,76,black,grey,male,S1HDHT,Mazda,B-Series
607688,43,66,amber,red,male,LWP42Z,BMW,M6
607891,46,62,black,blue,female,5W5ZD2,Jaguar,X-Type
608130,55,61,brown,black,female,8SC8U6,Mazda,B-Series
608202,34,53,blue,red,male,4MQH2Y,Toyota,Tacoma
608207,30,76,brown,white,female,I7C5P1,Lincoln,Mark LT
608217,55,61,amber,blue,male,UINB56,Cadillac,CTS
608284,26,57,green,white,female,0V4FI5,Volkswagen,GTI
608304,52,55,amber,grey,male,2K482W,Acura,TL
608336,41,82,brown,green,female,PEYDJ7,Saturn,Ion
608566,20,55,amber,black,male,0KQ7LO,GMC,Yukon
608590,66,56,black,green,female,ZIY5Z7,Volvo,C70
608672,88,82,brown,white,female,12Y4C7,Jaguar,XK
608688,48,70,brown,blonde,male,ILB168,Mercedes-Benz,E-Class
608739,86,81,black,blue,female,B1IR21,Mercedes-Benz,CLS-Class
608740,64,80,green,blue,female,Y467S4,Saab,9-5
608799,81,56,brown,green,female,M0F0TM,Porsche,Cayenne
608836,32,64,amber,white,male,562UCW,GMC,Safari
608859,29,71,blue,red,female,5L4DHJ,Chevrolet,Malibu
608934,88,80,green,black,male,43Y4OR,Audi,S4
608944,29,81,green,black,female,6HM2N3,Suzuki,Grand Vitara
609030,33,77,blue,white,male,SK2562,Maybach,Landaulet
609037,28,69,brown,blonde,male,Y37JS8,Porsche,Boxster
609088,85,66,amber,black,female,1F81UI,Kia,Borrego
609239,82,68,black,brown,female,56AA1Z,Chevrolet,Corvette
609462,44,53,blue,blue,female,B1HGB0,Jeep,Grand Cherokee
609495,40,74,green,blue,male,7L3HBH,Lamborghini,Gallardo
609523,86,54,amber,red,male,W4E0B6,Chevrolet,HHR Panel
609574,57,65,blue,red,female,H02637,Mazda,Mazda6
609620,67,82,black,brown,female,357O2E,Pontiac,Bonneville
609695,74,69,brown,white,male,M1RT8X,Scion,xA
609868,60,71,black,blue,male,BWAJLJ,Ford,E150
609889,73,71,black,white,female,5103ZA,HUMMER,H1
609970,80,82,black,green,male,UM0645,GMC,Sierra 2500
610009,85,81,green,grey,female,30FC23,Lincoln,Continental
610284,61,80,brown,green,male,20M765,Ford,Thunderbird
610452,66,73,brown,blonde,female,M4D3YU,GMC,Envoy
610489,77,64,blue,blue,male,7ZNGJI,BMW,7 Series
610494,47,72,amber,green,male,NQ6I7T,Chevrolet,TrailBlazer
610498,45,62,blue,white,male,BMKIAZ,Suzuki,Equator
610545,40,66,blue,brown,female,88EYQ6,Kia,Amanti
610730,88,70,green,grey,female,6X6FC4,Subaru,Outback
610877,59,75,black,grey,male,WJ7Q8U,Lexus,RX Hybrid
610983,51,70,green,brown,male,18FQ81,Ford,Windstar
611007,18,70,blue,grey,female,D4P5Y3,Chevrolet,Suburban 1500
611046,76,60,brown,black,female,144GOG,Volkswagen,CC
611158,39,73,blue,brown,male,5SU56M,Ford,Fusion
611163,65,70,brown,white,male,8UR1RZ,Jeep,Grand Cherokee
611219,40,51,brown,green,male,Q57MN5,Pontiac,Aztek
611287,46,57,black,red,male,7O68F6,Toyota,Tundra
611319,77,73,amber,white,female,6558JG,Volvo,XC70
611369,35,55,brown,white,female,FKA0P0,Mercedes-Benz,M-Class
611418,53,54,green,blue,female,U6BGCO,Chevrolet,Express 1500
611474,70,74,amber,blonde,female,B818NY,Chevrolet,Blazer
611482,83,67,amber,green,female,NQGLPF,Hyundai,XG350
611543,70,80,blue,green,female,21Z43Z,Honda,Odyssey
611580,25,68,blue,white,male,W0IB1G,Suzuki,XL-7
611704,25,72,green,white,female,325556,Mitsubishi,Outlander
611876,72,66,green,grey,male,HLTY17,Ford,Expedition
611892,58,81,green,white,male,6CR0T1,Plymouth,Neon
612012,89,62,amber,blue,female,8385AZ,Infiniti,G
612058,89,79,green,grey,male,V7304H,Mercedes-Benz,G-Class
612072,20,64,green,green,male,K386IM,Mercedes-Benz,SLK-Class
612354,28,55,blue,white,male,1K7615,Cadillac,Seville
612589,44,57,black,green,male,O5134X,Bentley,Continental
612675,52,63,amber,blue,male,65D7N2,Cadillac,CTS
612865,66,56,blue,blue,male,G576L0,Ford,Fiesta
612874,75,79,blue,black,female,0G412X,Bentley,Arnage
612877,60,68,green,blonde,female,2SMUYX,Volvo,S80
612974,41,72,black,black,female,HZ78ON,Mazda,Miata MX-5
613023,67,52,amber,blonde,male,R0FJCX,Ford,Expedition
613085,31,79,brown,brown,male,BQ2L68,Cadillac,Catera
613094,21,68,black,blonde,male,O601J8,Toyota,4Runner
613132,19,78,green,grey,male,0OE646,GMC,Sierra 1500
613427,63,71,amber,grey,male,DB8H46,Mitsubishi,Mirage
613493,43,53,black,white,male,IL5I33,Ford,Mustang
613563,71,80,green,green,male,451U85,Maybach,62
613621,60,75,green,red,female,OX7W66,Toyota,Celica
613765,87,71,black,blue,male,CHY80H,Dodge,Dakota
613766,59,74,brown,green,female,811O65,GMC,Safari
613942,81,72,brown,white,female,VW70X8,Honda,S2000
614252,61,55,black,white,female,BR841R,Cadillac,CTS-V
614384,31,52,brown,blue,male,A3280L,GMC,2500
614409,47,64,amber,grey,female,7N5NZ4,Lexus,ES
614441,20,57,black,white,male,F418H7,Saab,9-3
614472,30,75,black,black,male,RQ7W27,Buick,Rainier
614689,52,60,brown,grey,female,2E2TS3,Mercedes-Benz,C-Class
614705,82,75,black,blonde,male,8VO21K,Jaguar,X-Type
615129,46,75,brown,brown,male,MW40A2,Infiniti,M
615211,34,57,brown,green,female,856C3U,MINI,Countryman
615292,68,53,brown,red,female,UA7ULT,Toyota,RAV4
615431,88,59,black,white,male,W23Q4X,Toyota,Camry Hybrid
615485,82,65,black,blue,female,TXDU4O,Chevrolet,Impala
615543,54,82,blue,green,male,01GPY7,Nissan,Rogue
615625,41,59,green,red,female,H1RFLR,Lexus,IS
615657,20,71,green,grey,male,6S22KM,Scion,tC
615684,87,62,black,blue,male,FRNN6T,Porsche,911
615766,73,71,amber,brown,female,88AN64,Ferrari,612 Scaglietti
615771,19,76,brown,brown,female,TDY5VH,Chrysler,300
615875,33,55,blue,grey,male,R1T1CD,Ford,GT500
615943,81,58,green,grey,male,23XMY2,Toyota,Highlander
616006,64,82,blue,red,male,71465V,Chevrolet,Malibu
616237,30,60,black,blue,female,V188BE,Maserati,GranTurismo
616486,89,64,blue,red,female,0C2SKU,Ford,Escort ZX2
616502,37,59,black,brown,female,BM0P07,GMC,Savana 2500
616538,39,78,amber,white,female,NS7QD1,Toyota,Solara
616581,47,75,black,blonde,male,YMG47L,Mitsubishi,Tundra
616627,51,56,blue,green,male,D7EX6A,Audi,S8
616704,76,66,brown,blue,male,VNV80Z,Land Rover,Freelander
616764,59,67,blue,red,male,4DE5UI,Saturn,Outlook
616791,76,66,green,black,male,VD307C,Mercedes-Benz,S-Class
616840,26,75,blue,black,male,B5TROV,Daewoo,Leganza
616926,86,57,brown,blonde,female,224V74,Audi,Q7
617029,75,62,green,green,male,R14167,Buick,LeSabre
617219,56,63,black,blue,female,C46VE5,Mercury,Sable
617225,55,74,brown,black,male,78O7M2,Buick,Terraza
617240,31,59,green,white,female,886VN5,Suzuki,Grand Vitara
617242,88,79,amber,black,female,7TY1SC,Audi,S8
617262,30,64,black,white,female,S463B1,Toyota,Corolla
617310,65,57,blue,brown,male,CGLMHC,Mazda,MX-5
617454,38,74,blue,brown,male,Z27886,Porsche,911
617507,46,55,green,blue,female,658D4D,Mitsubishi,Eclipse
617634,31,76,green,brown,female,5R48ID,Chrysler,Concorde
617705,18,52,brown,black,female,1013HU,Ford,Mustang
617743,26,74,blue,brown,female,E6JY3F,Pontiac,Bonneville
617956,20,75,green,blue,male,1KTCYR,Mazda,Mazda5
617971,62,80,green,black,male,7DDBJ0,Chevrolet,Silverado 2500
618084,68,71,blue,red,female,TG6ZT4,McLaren,MP4-12C
618152,89,79,green,red,male,15NR34,Acura,RDX
618178,26,82,green,red,female,444O65,Lincoln,MKZ
618252,24,69,green,blue,female,1XB7F4,Nissan,Sentra
618274,79,64,brown,grey,female,8272R4,Infiniti,QX
618446,43,74,brown,green,male,ZN5A3A,Ford,Explorer Sport
618534,42,54,brown,grey,female,UD3A05,Chevrolet,Astro
618846,49,65,green,grey,male,A60S37,Ford,Econoline E250
618939,34,51,green,blue,male,B12422,Chrysler,Sebring
619002,59,50,amber,green,female,H0N672,Lincoln,Continental
619133,32,80,black,blue,male,V1HSJX,Cadillac,STS
619157,88,82,black,blonde,female,TMJ4N3,Hyundai,Tiburon
619257,21,64,black,brown,female,NC0053,Jaguar,XF
619370,51,75,brown,green,male,882G02,Pontiac,Grand Prix
619438,81,57,brown,blue,male,6G5XH5,Chevrolet,Traverse
619528,61,70,amber,white,female,W388LI,Kia,Sephia
619618,49,66,green,brown,male,MF35G1,Dodge,Intrepid
619646,34,75,amber,blonde,female,1Q0L1F,Mercedes-Benz,C-Class
619808,55,50,amber,grey,female,FUFW47,Ford,F350
619981,37,50,green,blue,female,833013,Chevrolet,Equinox
620005,18,77,brown,brown,female,V7E86H,Mitsubishi,Galant
620224,59,76,brown,blue,male,QM4UZY,Hyundai,XG300
620261,86,73,brown,black,male,14B22U,Toyota,Yaris
620275,33,74,amber,green,female,SKRQ66,Chevrolet,Corvette
620522,41,60,brown,black,female,UPL6G5,Chevrolet,Suburban
620544,88,59,amber,red,female,MR3C28,Jeep,Compass
620913,53,51,blue,black,female,3E80OI,Hyundai,Tucson
620964,72,56,brown,black,male,31888M,Isuzu,i-Series
621226,72,52,black,brown,male,G178K6,Toyota,Land Cruiser
621271,52,55,brown,red,female,1L0S1A,Mazda,Tribute
621611,32,64,brown,blonde,male,15Z885,BMW,550
621777,31,62,green,green,male,O4RMJ7,Lexus,RX
621881,74,76,brown,black,female,1THQJS,Chrysler,200
621907,78,77,blue,black,female,2HEMD3,Cadillac,Escalade EXT
621948,34,59,brown,brown,female,AF0I35,Nissan,NV1500
622018,71,76,black,red,female,O2WOB0,Chrysler,Voyager
622026,87,53,black,red,female,DPV1KD,Volkswagen,Touareg
622146,61,82,brown,blonde,male,2PJB38,Chevrolet,G-Series 1500
622283,24,72,amber,red,male,TF1K2W,Chevrolet,Silverado 3500
622386,83,68,green,grey,male,427530,Infiniti,QX
622427,60,77,blue,blonde,male,08ST24,Toyota,Yaris
622463,39,57,blue,brown,male,OFHG07,Nissan,Pathfinder
622673,27,81,blue,blue,male,40LT4E,Toyota,T100
622966,33,65,blue,white,female,WHW4W2,Mitsubishi,Endeavor
623044,83,66,brown,green,female,V50DH8,Suzuki,Kizashi
623138,28,69,blue,blonde,female,2D3E8Y,Lexus,LX
623214,34,80,brown,grey,male,6YP63U,Mitsubishi,Raider
623270,45,80,amber,black,female,U5SIIJ,Chevrolet,Monte Carlo
623338,65,63,brown,red,male,7R8P1O,Toyota,Solara
623372,59,60,amber,red,female,6768X0,Mazda,MX-5
623628,28,75,amber,white,female,68WO13,BMW,Z4 M Roadster
623715,58,55,black,black,male,E7H4QJ,Buick,Verano
623904,50,55,amber,blonde,male,7JOBQ7,Maybach,57
624331,39,57,blue,red,male,Z872I2,Hyundai,Veloster
624510,47,77,blue,grey,female,3WV4FV,Toyota,Corolla
624545,78,72,black,blonde,female,O645W0,Ford,Ranger
624580,62,69,green,brown,female,K518QQ,Dodge,Avenger
624583,56,52,green,grey,female,5F3DNJ,Kia,Sportage
624694,45,51,amber,brown,male,35VPNO,Ford,E250
624727,53,68,blue,blue,male,3056WX,Toyota,RAV4
624763,29,76,brown,grey,male,VE5B0X,Porsche,Cayenne
624806,36,56,blue,blonde,male,ID5686,Land Rover,Range Rover
625251,36,53,black,red,male,3HX2SM,Lincoln,Navigator
625323,65,50,black,red,female,78T386,Morgan,Aero 8
625357,67,68,amber,brown,male,0M8O02,Nissan,Murano
625479,78,79,amber,red,male,02W0R7,Dodge,Grand Caravan
625603,30,72,blue,grey,male,C56UAP,Chevrolet,Express
625707,83,72,blue,green,male,0F0L12,Ford,F350
626002,48,58,blue,green,male,36UI03,Chevrolet,Silverado 2500
626093,76,61,brown,grey,female,A0UNRB,Mercedes-Benz,G-Class
626113,18,76,blue,brown,male,6V5086,Audi,TT
626129,35,55,green,green,female,4010Y2,Nissan,240SX
626154,47,51,brown,green,male,O0464D,Acura,NSX
626369,41,51,green,green,male,7EES7X,Volvo,V70
626430,70,71,blue,blue,male,M8IUZW,Daewoo,Leganza
626830,57,62,green,brown,female,A37Y00,Ford,Ranger
626850,45,63,brown,blonde,female,N411A2,Hyundai,Azera
626945,80,51,black,green,male,SU1PM3,Maserati,Quattroporte
626956,88,73,brown,blonde,female,X7X52E,Chrysler,Town & Country
627131,51,61,brown,green,male,M8SSY0,Subaru,Legacy
627292,64,64,amber,brown,female,4LXD5F,Lincoln,Navigator
627396,25,70,blue,red,female,71OZH6,Dodge,Neon
627537,81,53,green,green,female,H405V5,Toyota,Tundra
627630,68,50,blue,red,female,DNQ1TE,Kia,Rondo
628136,56,69,blue,red,male,67AYWY,Oldsmobile,Cutlass
628433,43,82,green,black,male,3VIYZQ,Chrysler,Sebring
628488,29,62,brown,white,male,FF2F23,Mercedes-Benz,SL-Class
628643,70,67,amber,white,female,4016FW,GMC,Yukon XL 1500
628863,32,75,amber,green,male,UOROT3,Saturn,L-Series
629019,33,52,blue,blue,male,WCFOV3,Toyota,Tacoma Xtra
629373,53,71,amber,red,male,VGW12M,Mazda,B-Series Plus
629406,79,65,brown,white,female,N23G7T,Mercedes-Benz,SL-Class
629425,37,60,amber,green,male,484566,Jaguar,S-Type
629576,78,61,black,green,male,87N1X3,Hyundai,Accent
629834,57,58,blue,brown,female,2665N7,Dodge,Stratus
629846,76,82,green,blonde,female,3T3TH1,Infiniti,G
629979,47,62,blue,grey,male,7W3HY5,Volkswagen,Routan
629991,26,53,amber,blue,female,MGUO60,Maserati,Quattroporte
630006,25,68,black,black,female,U021OA,Hyundai,Equus
630086,50,73,blue,green,female,8CHDO3,Audi,riolet
630123,29,73,amber,brown,female,62K603,Hummer,H2
630178,50,68,brown,grey,female,7723B1,BMW,5 Series
630309,71,81,black,blonde,male,1JOX17,Mercedes-Benz,E-Class
630341,88,71,amber,red,male,732768,Nissan,Titan
630356,78,61,brown,grey,male,T2NI3S,Nissan,Frontier
630388,41,67,brown,white,male,88GZ1N,Chevrolet,Impala
630420,85,73,brown,grey,female,L8AP32,Hyundai,Sonata
630500,82,81,brown,blue,female,5KVZE7,Hyundai,Accent
631082,84,60,brown,brown,female,WQRO0F,GMC,1500
631116,34,69,amber,black,male,B3LE8C,Hyundai,Santa Fe
631149,77,61,black,black,male,J21JLG,Volkswagen,Passat
631162,68,58,blue,white,female,E3MZ2R,Nissan,GT-R
631294,32,64,brown,brown,male,0VR473,Chevrolet,Equinox
631318,70,60,brown,brown,male,40TVD3,Aston Martin,DB9
631394,80,63,black,grey,female,N07147,Buick,LaCrosse
631416,42,77,blue,brown,female,SB2OIE,GMC,Yukon XL 1500
631513,77,82,amber,white,female,1TUV5I,Ford,Taurus
631826,51,72,brown,blue,male,VUNS46,Lexus,LS
631914,33,57,black,white,male,7UA822,Chevrolet,Malibu
632041,18,73,green,blonde,male,62L6LI,Acura,RL
632082,64,72,black,blue,female,7L4420,GMC,Sierra 3500
632100,28,79,amber,green,male,F2586S,Infiniti,Q
632142,84,62,blue,white,male,BV3TNQ,Ford,E250
632186,61,72,blue,white,male,Y8C3WW,Hyundai,Tiburon
632264,85,50,green,blue,female,8311UE,Daewoo,Lanos
632287,52,81,green,blue,male,67N6W4,Hyundai,Elantra
632313,51,56,green,green,male,58BR3J,Subaru,Forester
632381,51,80,brown,blonde,female,RD8O53,Hyundai,Tiburon
632554,32,71,black,black,female,4N3PS5,GMC,Suburban 1500
632626,18,81,blue,black,male,5UA3PH,Nissan,Titan
632670,43,74,amber,green,female,887T7S,Lexus,ES
632762,54,71,brown,red,male,70074V,Ford,Explorer Sport Trac
632853,71,52,amber,blue,female,82Y754,Infiniti,QX
632974,36,50,amber,blonde,male,77C76S,Nissan,Altima
633354,58,58,green,green,male,26L420,Mercedes-Benz,CLK-Class
633381,81,52,black,blue,male,SZ152Q,Saturn,VUE
633438,19,73,brown,black,female,A405R0,Buick,Lucerne
633497,80,66,green,grey,female,2EMMK1,Mitsubishi,Outlander
633556,52,80,brown,brown,male,AP7D6D,Toyota,Tacoma Xtra
633586,71,66,amber,blue,male,AZ1BFA,Mazda,MPV
633622,26,77,blue,black,male,36FGII,Bentley,Continental Flying Spur
633689,34,52,black,green,male,6U4027,Mercury,Grand Marquis
634007,69,64,green,black,male,G40B7U,Pontiac,Grand Am
634053,24,82,amber,blonde,male,F74L1V,Cadillac,CTS
634183,78,78,blue,blue,female,6LY212,Chevrolet,Express 1500
634259,80,51,amber,grey,male,6IP712,Chevrolet,Uplander
634301,31,77,amber,blue,female,0131P0,Cadillac,STS
634308,75,79,blue,brown,female,T77TD1,Kia,Carens
634352,21,67,green,brown,female,NOMA0L,Chevrolet,Express
634466,21,60,black,black,female,NLD0HM,Ford,F450
634629,21,66,amber,black,male,115I6P,Mitsubishi,GTO
634639,81,50,brown,red,female,I0086H,Lexus,IS
634697,41,73,blue,green,male,Q4M6UD,Honda,Odyssey
634769,39,79,black,blonde,male,6081GE,Mitsubishi,Montero
634816,39,53,blue,blonde,male,2HHW67,Dodge,Avenger
634827,50,78,amber,grey,male,4B6S36,Lexus,RX Hybrid
634998,71,69,amber,black,male,OR41X4,Dodge,Ram Van 1500
635098,46,80,amber,brown,male,L7TV4Z,Chevrolet,Metro
635138,46,52,green,brown,female,V7JMLT,BMW,5 Series
635140,53,69,amber,brown,female,38N4P6,Audi,A6
635209,81,67,blue,blue,female,DE856G,Ford,Escape
635250,43,51,black,black,female,473Z1J,Ram,C/V
635267,43,69,green,black,male,RS8MJ5,Toyota,Camry
635408,56,81,amber,blue,female,Q4NVY7,Toyota,Camry Hybrid
635454,37,50,black,green,male,JG5571,Chevrolet,Cobalt
635466,33,75,blue,blue,female,V0K85G,Acura,TL
635580,53,57,blue,white,female,8Q2S7L,Infiniti,I
635604,27,82,amber,blonde,male,X675VE,BMW,M Roadster
635650,27,63,black,white,male,P0A8AL,Subaru,Legacy
635678,71,76,black,brown,female,5S0VJ6,Volvo,XC90
635733,48,72,blue,brown,female,8DF1O4,Porsche,Boxster
635792,62,66,amber,blonde,female,R287MN,Bentley,Continental GT
635899,52,64,green,brown,male,L1M831,Mercedes-Benz,CLS-Class
636014,74,81,blue,grey,male,2T66YQ,Toyota,Camry Solara
636019,28,67,black,black,female,2G0U27,Honda,Civic
636029,23,59,brown,blonde,female,VS6333,GMC,1500 Club Coupe
636072,87,54,black,green,female,Q5OHM7,Suzuki,XL-7
636083,81,77,amber,blonde,male,R1P8UZ,Mitsubishi,3000GT
636103,47,67,brown,blonde,female,1QOQG8,Volvo,V70
636135,34,82,blue,grey,male,3M4ASV,Dodge,Viper
636184,19,58,black,green,female,6F4578,Bugatti,Veyron
636197,39,58,green,blonde,male,P0FTL7,Cadillac,XLR
636340,50,60,brown,black,female,6806A2,Ford,Mustang
636425,74,59,brown,blue,female,UH5E40,Dodge,Ram 2500 Club
636561,41,77,blue,grey,male,5ASM1Z,Chrysler,Concorde
636967,41,81,amber,black,female,J1HBFX,Dodge,Durango
636971,64,77,blue,green,male,U1340U,Lexus,LS
637019,53,54,black,blue,female,42V1XG,Toyota,Sequoia
637057,53,64,black,blue,male,664EK3,Nissan,Maxima
637131,43,53,green,white,female,F256MX,Nissan,Quest
637186,77,57,amber,blonde,female,1CLY33,Volkswagen,GTI
637348,58,61,black,black,female,GCW0Y6,Toyota,Venza
637372,83,78,brown,blonde,male,KRFV4V,BMW,Z4
637433,71,50,black,blue,female,7K5U28,BMW,X3
637536,19,82,black,brown,female,F1B535,HUMMER,H1
637579,37,73,amber,white,male,1G07SG,Buick,Century
637688,32,59,brown,green,male,SY3QT8,Isuzu,Trooper
637818,73,59,blue,blue,female,1F0O77,Chevrolet,Corvette
637821,89,50,amber,white,male,Q1225C,GMC,Acadia
638063,59,72,brown,green,male,580T7P,Cadillac,SRX
638103,35,82,blue,grey,male,S1515K,GMC,Sierra 3500
638119,27,60,green,brown,female,837O58,GMC,Savana 1500
638161,33,73,amber,green,male,1626OK,Chevrolet,Avalanche 2500
638166,79,74,brown,green,male,CU75AN,Dodge,Ram 3500
638176,85,62,green,blonde,female,IN26Z3,Honda,CR-Z
638290,78,66,amber,red,female,1FMJ40,Maybach,Landaulet
638311,72,63,amber,white,male,0M846T,Tesla,Model S
638372,28,52,green,grey,female,03681J,Acura,TSX
638631,27,64,blue,white,male,O4SP18,HUMMER,H1
638802,85,62,amber,red,male,ORTNE8,Toyota,Solara
638844,76,56,brown,red,male,X1MGK7,Mitsubishi,Diamante
638914,84,57,green,grey,female,SY6CKJ,Mercedes-Benz,GL-Class
638934,51,73,blue,blonde,female,6DCAXE,Oldsmobile,Aurora
638991,84,65,green,white,male,6DNHIA,Mazda,Millenia
639141,68,78,brown,brown,female,R8L738,Lincoln,MKX
639170,54,70,amber,red,female,53WUF7,Ford,E-Series
639462,64,56,amber,green,female,02GB2N,Ferrari,599 GTB Fiorano
639757,55,79,blue,white,male,18S30Q,GMC,Savana 1500
639760,76,60,black,green,male,007P64,Toyota,Solara
639899,68,64,blue,black,male,L5HI21,Lotus,Elise
639900,56,51,brown,brown,male,2X1Y36,Cadillac,Escalade EXT
640110,22,51,blue,green,male,55CJCO,Ford,Focus
640178,75,75,green,red,male,BMYL64,Lincoln,MKS
640327,83,51,green,grey,female,11P5SZ,Mazda,Mazda5
640491,54,73,amber,white,male,PCOFDG,Lincoln,Navigator
640639,29,73,green,black,male,M0UJ01,Volkswagen,Eos
640797,27,59,green,black,male,W76TFA,Land Rover,Discovery
640818,69,57,blue,brown,male,I1734B,Kia,Rio
640848,25,69,brown,blonde,female,TI107G,Ford,F150
641141,66,69,black,red,male,VC24MD,Cadillac,XLR
641168,77,50,amber,white,female,5YFO7F,Lincoln,Navigator
641177,24,76,blue,black,male,8NE424,Acura,TL
641281,41,68,amber,blonde,male,WVHE2Q,Volkswagen,New Beetle
641333,81,74,blue,blonde,female,4B7442,Aston Martin,Vantage
641473,82,64,brown,grey,female,260Y3Q,Ford,Taurus
641546,20,80,black,blonde,female,FD6SL4,Mitsubishi,Pajero
641581,19,68,brown,white,female,4504PH,Chevrolet,Metro
641636,19,76,black,black,male,EQ5F48,Mitsubishi,Challenger
641731,75,53,amber,red,female,IUQ11C,Nissan,Maxima
641889,47,50,black,red,female,5BKA22,Mazda,MX-5
642061,45,75,amber,grey,female,8R02K2,Mazda,Millenia
642094,88,54,brown,black,male,25Z63B,Lexus,LX
642178,31,65,amber,brown,male,72VP71,Cadillac,STS-V
642280,69,61,blue,black,female,QZE88X,BMW,6 Series
642405,64,70,amber,grey,female,Z631F2,Land Rover,Defender Ice Edition
642603,83,65,brown,red,male,5EFC7O,MINI,Cooper
642816,69,74,black,white,female,5078N7,Mazda,Miata MX-5
642829,72,74,brown,red,male,S66N4V,Toyota,Corolla
642852,49,71,amber,red,female,45H088,Infiniti,I
642854,49,57,blue,green,male,572BH1,Audi,A6
642891,79,66,black,red,male,U58K73,Hyundai,Tiburon
643047,74,68,blue,white,male,3P03X1,Jaguar,XJ Series
643246,69,62,black,green,male,P71DJX,BMW,750
643274,21,70,amber,red,female,3UQPSH,GMC,Canyon
643276,41,56,blue,blonde,female,HDQ7SJ,Suzuki,SX4
643427,33,50,black,red,female,N2K7LT,Nissan,Cube
643438,61,67,brown,grey,male,GT3WGU,Kia,Sedona
643493,33,81,black,grey,female,6RQ5S6,Honda,Accord Crosstour
643530,31,60,amber,blonde,female,2KB5O3,Subaru,Legacy
643586,45,57,brown,brown,male,XYYH37,Subaru,Tribeca
643591,44,64,blue,blue,female,80U80D,BMW,X5
643725,67,75,amber,white,female,2Q60QY,Mercedes-Benz,SLK-Class
643735,67,62,blue,grey,female,52H42S,Chevrolet,Tahoe
643856,54,66,blue,white,male,4YFJE1,Dodge,Durango
643914,65,69,amber,grey,male,55023N,Ford,F250
643944,59,69,amber,blue,female,M84J4P,Pontiac,Montana
644047,60,66,brown,blue,male,64SV55,Suzuki,Vitara
644122,82,80,blue,red,male,H0W1VT,Mercedes-Benz,E-Class
644191,69,74,amber,white,male,37T34X,Volkswagen,Eurovan
644253,56,68,brown,grey,male,TA6E3W,Mercedes-Benz,G-Class
644264,30,55,green,grey,female,OW5FC1,Nissan,Titan
644286,24,66,black,grey,male,ZBE2O8,Mercedes-Benz,E-Class
644488,52,58,black,green,male,174TL0,Infiniti,Q
644852,52,80,black,white,male,YHI22W,Cadillac,STS
644878,48,67,green,blue,male,5T1Y6Z,Scion,tC
644879,77,53,brown,black,male,80578Y,Suzuki,Forenza
644885,29,51,blue,blonde,female,2W222R,BMW,X3
645003,54,70,green,red,male,T4A2CT,Toyota,Solara
645110,69,74,brown,black,female,A3M85T,Dodge,Dakota
645212,49,64,amber,green,female,WFDU4I,Mazda,MX-5
645227,34,77,blue,blonde,female,3DV5H3,Nissan,Maxima
645394,27,72,green,green,male,8KX863,Suzuki,XL-7
645625,55,78,green,blonde,male,L6YEG8,Toyota,Prius Plug-in
645696,30,65,brown,brown,male,G250EN,Audi,S5
645732,25,68,amber,blonde,male,VGL6GY,Lexus,LX
645769,18,56,black,green,male,328WCY,Dodge,Avenger
645777,69,69,brown,blue,female,834778,Nissan,Frontier
645883,55,71,brown,blonde,male,4PA25K,Chevrolet,Silverado 1500
645936,62,53,black,red,male,1R1KV7,BMW,6 Series
646055,21,62,black,grey,female,ZE425C,Chevrolet,Avalanche 1500
646098,39,80,amber,green,female,QEVE1B,Scion,tC
646148,34,62,green,blue,male,6RZ7S5,Chevrolet,Cavalier
646182,37,65,black,red,male,38847U,Jeep,Grand Cherokee
646197,42,71,brown,white,male,C3O1Y5,Lotus,Elise
646238,31,72,brown,grey,male,341PPW,Volvo,XC70
646330,35,71,brown,red,female,5U4M2A,Nissan,Altima
646380,60,56,brown,red,male,2R41IR,Volvo,XC70
646450,65,78,amber,green,male,MT06M8,Hyundai,Azera
646536,40,79,black,grey,male,A4P814,Lexus,IS F
646562,18,80,amber,green,male,L21WI5,Bentley,Arnage
646685,59,64,green,green,female,D5S7Y7,Cadillac,SRX
646726,29,75,brown,black,male,VXLPJD,Suzuki,Kizashi
646729,82,64,amber,green,male,83C833,Honda,Accord Crosstour
646981,88,67,brown,white,female,U85F5A,Buick,Century
647069,86,57,green,brown,male,7QC58D,Dodge,Ram 2500
647082,57,75,brown,blonde,female,Y0G07E,Audi,A8
647093,53,71,brown,blue,female,RU5WX2,Cadillac,XLR
647250,41,75,green,blue,male,8WHQQP,Mercedes-Benz,C-Class
647511,84,61,blue,blonde,male,DDUK34,BMW,3 Series
647803,68,66,black,black,male,0E1D16,Hyundai,Genesis Coupe
647833,34,63,amber,red,male,0K8N18,Honda,Ridgeline
648002,28,59,amber,blue,female,JI8H64,Volkswagen,GTI
648020,60,78,blue,green,male,08VV70,Lexus,GS
648075,69,59,black,blue,female,NV1S4G,Mazda,MPV
648269,75,55,blue,blonde,male,5V8BZ0,Chrysler,Sebring
648416,86,53,green,black,female,E84201,Mazda,CX-7
648435,77,81,amber,blonde,female,ABX02U,Dodge,Durango
648436,84,55,green,blue,male,M34GZ2,Lincoln,Mark VIII
648618,59,57,blue,black,male,7BO385,Toyota,Corolla
648853,69,73,black,red,female,5N4TF0,Lamborghini,Diablo
648961,41,64,black,red,female,A3G421,Toyota,Land Cruiser
649026,35,71,green,red,male,W460E6,Porsche,Cayman
649208,27,59,black,black,male,6V64A6,Suzuki,XL7
649401,31,61,amber,grey,female,DCS63V,Land Rover,Discovery
649498,50,69,brown,green,male,7C1ZZW,Isuzu,Ascender
649611,20,61,black,brown,female,6PDEZ4,Mazda,Millenia
649717,81,63,blue,grey,male,73S433,BMW,X3
649719,39,76,black,blonde,female,2G814F,Isuzu,i-370
649891,20,59,amber,green,male,0NR4D8,Dodge,Caravan
649899,78,77,green,black,female,363M3P,Land Rover,LR4
649972,42,82,green,grey,female,1V755R,Saturn,VUE
650179,85,66,amber,brown,male,2PX1O6,Jaguar,X-Type
650228,47,57,black,blonde,female,NC534X,Aston Martin,Vantage
650236,29,78,brown,blonde,male,478U24,Porsche,911
650548,53,59,brown,black,female,M86D50,Mitsubishi,Montero
650582,54,63,amber,black,male,TX7CDC,Buick,LeSabre
650903,19,52,green,blonde,female,SVG43P,Ford,Focus
650963,83,69,green,brown,female,068X2S,Saab,9-5
651018,29,59,black,white,male,KN554B,GMC,Acadia
651055,33,50,amber,white,female,3368CB,Mitsubishi,Galant
651090,44,55,green,grey,male,5Z8BZU,Subaru,Baja
651284,80,72,blue,grey,female,N27380,Lexus,IS
651413,65,77,amber,black,female,4363L2,GMC,Safari
651460,35,50,green,black,female,R42U2J,Lincoln,Mark LT
651638,88,73,green,blonde,female,I0F4SP,Chevrolet,Express 2500
651656,26,65,green,red,female,Y5BA01,Mercury,Milan
651718,61,62,brown,brown,male,R2S60F,Maybach,Landaulet
651775,78,56,amber,black,male,4C1J8I,Toyota,MR2
651948,65,76,amber,blonde,female,55UWJ0,GMC,Sierra 3500
652181,72,70,amber,white,male,PC8UA2,Hyundai,Elantra
652272,53,67,brown,black,male,6W2G35,Chevrolet,Tahoe
652509,32,73,green,blonde,female,6454Z3,Buick,Century
652538,86,71,black,white,female,7Q61AF,Ford,E150
652555,34,58,green,blonde,female,HW5C61,Nissan,Versa
652690,72,60,black,grey,male,M6W38M,Volkswagen,CC
652717,58,57,black,grey,female,H18NDQ,Volvo,S60
652976,77,58,black,white,male,R64D77,Bentley,Continental
653006,18,57,black,brown,female,1KVD4D,Mercedes-Benz,CL-Class
653086,19,63,blue,blonde,male,PJYB83,Toyota,Corolla
653251,38,82,brown,black,female,VUBF11,BMW,Z4 M
653583,34,54,blue,red,female,AHJN00,Toyota,4Runner
653668,56,74,black,red,male,GBEE2M,Pontiac,Aztek
653739,30,72,amber,grey,male,G7340T,Mitsubishi,Montero
653792,31,79,brown,grey,female,QVUW53,Mercury,Montego
653883,50,65,amber,black,male,1I1H4I,Suzuki,Aerio
653940,67,74,green,grey,male,3E8K78,Ford,F150
653947,60,57,blue,blue,female,N07MQC,BMW,6 Series
653951,62,78,brown,red,male,OCAVPZ,Land Rover,Range Rover Sport
653992,60,69,green,blonde,male,O68M43,Lexus,GS
654328,68,53,black,white,male,E6K636,Ford,Ranger
654411,78,51,blue,blonde,female,43MY32,Nissan,370Z
654514,32,73,blue,blue,male,IJ327S,Hyundai,Elantra
654525,78,73,brown,blonde,female,GD58ZH,Honda,Odyssey
654563,86,79,blue,white,male,0D1QN0,Saab,9-3
654591,59,57,black,blue,female,S7QU63,Subaru,Impreza WRX
654689,54,75,green,black,male,18X5QW,Kia,Sportage
654732,89,80,brown,blonde,male,6F4T5R,Cadillac,Escalade
654758,73,55,amber,white,female,W6G40E,Chevrolet,Silverado 2500
654876,61,52,amber,blonde,male,0LXTU8,Volvo,V40
655043,78,74,amber,brown,female,6K4NH6,Ford,F350
655075,33,75,blue,black,female,743VQ6,Jeep,Liberty
655163,32,50,brown,green,male,357X6P,Lexus,SC
655291,59,72,blue,white,male,27G516,Oldsmobile,Intrigue
655338,84,81,brown,blue,female,YFVWW4,GMC,Yukon XL 2500
655363,61,73,amber,white,female,TGTQTE,Jeep,Liberty
655413,56,67,brown,blonde,male,26P86H,BMW,7 Series
655862,58,63,green,black,male,K205O5,Rolls-Royce,Phantom
655891,40,78,green,blue,female,K582W0,Ferrari,612 Scaglietti
656088,34,57,brown,blonde,female,22E5E7,Toyota,Avalon
656120,45,50,blue,green,male,0DC0L0,Volvo,V70
656236,37,70,blue,green,male,5AV4J2,Chevrolet,Camaro
656350,80,54,black,blonde,female,464K6S,Saab,9-3
656367,50,54,blue,grey,female,C16D88,Chevrolet,Suburban 2500
656677,72,70,black,white,male,3KF6E4,Infiniti,FX
656801,75,76,blue,red,male,0877MO,Subaru,Legacy
656859,47,82,black,green,female,YC1PQB,Buick,Century
656884,70,60,brown,red,male,1776Q3,Ford,Ranger
657007,20,55,green,blue,male,686W83,Ford,Fusion
657068,25,81,black,grey,female,YNZ7SN,Smart,Fortwo
657280,75,51,blue,black,female,22FYJB,Porsche,Panamera
657344,75,66,blue,blonde,female,K81144,Kia,Sedona
657440,26,80,blue,white,male,I37ECO,Saturn,VUE
657548,70,64,green,blue,male,3P87U2,Mitsubishi,Galant
657847,31,53,brown,white,male,RE7K1B,Chevrolet,Venture
657976,41,53,green,black,male,808I08,Chrysler,PT Cruiser
658069,52,54,black,blonde,male,V0UB65,Nissan,Altima
658256,80,57,black,green,female,VQ03L2,Mercedes-Benz,Sprinter
658263,71,56,brown,black,female,575574,Mitsubishi,Montero
658669,38,67,brown,red,female,7D23F7,Acura,Integra
658687,59,55,blue,grey,male,K7G21A,Cadillac,Seville
658777,30,70,blue,brown,male,F615HM,Maybach,57
658780,74,70,green,white,male,1Z0UT7,Volvo,XC90
658793,25,66,black,red,female,XDGCZR,Lexus,LS
658812,72,50,green,red,female,077DIK,Buick,Regal
658979,29,60,blue,green,male,751C6L,Audi,S8
659003,76,79,brown,white,female,T2N6Q7,Chrysler,Town & Country
659115,25,58,brown,brown,male,0Z1418,Nissan,Pathfinder
659164,37,62,amber,white,female,K517X1,Mitsubishi,Mirage
659333,24,67,blue,grey,female,5388R5,Cadillac,Seville
659540,68,68,black,grey,female,71JP22,Scion,tC
659568,84,69,green,green,male,A74MHB,Ferrari,458 Italia
659693,46,76,brown,brown,male,ANLM4X,Honda,Pilot
659945,38,80,brown,brown,male,7QYM3A,Cadillac,STS
659994,89,54,blue,white,female,27BP36,Hyundai,Tiburon
660031,27,63,blue,blonde,female,8ZDT01,Chevrolet,Impala
660033,81,64,blue,red,male,H044K8,Chevrolet,Blazer
660072,60,68,amber,white,female,C6O6CZ,Ford,Ranger
660080,75,53,blue,green,female,5LZT62,Mazda,B-Series
660428,18,53,amber,green,male,4XTZ07,Oldsmobile,88
660587,67,51,brown,black,male,KU01SG,Nissan,Altima
660622,86,57,brown,green,female,FY1N70,Toyota,RAV4
660770,48,70,brown,brown,female,A18E0Z,Mazda,Millenia
660961,56,68,green,blue,male,020NE2,GMC,Jimmy
660989,87,76,blue,brown,male,4V7C64,Chevrolet,Colorado
661062,75,67,green,grey,female,VOD7KZ,Audi,A7
661088,52,72,black,blonde,male,8BEVHP,Honda,Accord
661151,34,71,brown,brown,female,R34040,Hyundai,Sonata
661377,88,62,amber,brown,female,625C31,GMC,Yukon XL 2500
661406,40,69,brown,red,male,3E2X81,Audi,A3
661492,87,60,green,green,male,QU2A26,Cadillac,SRX
661532,56,73,black,green,female,8BWGP0,Hyundai,Equus
661865,31,68,green,green,female,VX73TB,Chevrolet,Silverado 3500
662052,80,59,green,blue,male,03X556,Toyota,Sequoia
662153,41,62,black,black,male,DYS2E1,Dodge,Ram 1500
662168,38,59,amber,red,female,761N2Y,Suzuki,Grand Vitara
662349,74,81,green,blonde,male,31Z4R2,Chevrolet,Astro
662519,80,54,green,brown,male,MH3K47,Jeep,Wrangler
662565,40,67,brown,white,female,TD35EI,Subaru,Impreza
662584,29,51,amber,red,female,GHAYHB,Ford,Ranger
662596,60,70,blue,red,male,4W6WQT,Dodge,Ram 2500
662717,29,62,blue,black,male,3THX60,Kia,Spectra
662850,85,68,amber,white,female,1Y117C,Toyota,Sienna
662888,21,66,black,white,female,3QO1AW,Dodge,Dakota
662925,32,51,amber,brown,male,62601O,Mazda,Mazda2
663169,50,69,brown,blonde,male,KW12I2,GMC,Yukon XL 1500
663267,70,66,black,white,female,XRF655,Chrysler,Prowler
663338,57,82,amber,green,male,0STK45,GMC,Jimmy
663369,73,60,black,blonde,male,10Q42J,Dodge,Ram 3500
663423,72,77,brown,white,female,0A4I1O,Kia,Sedona
663434,43,73,amber,green,female,22M28W,Oldsmobile,Aurora
663576,20,56,green,red,female,P370X6,Mazda,Mazda6
663683,62,61,blue,green,female,B273N7,Honda,Odyssey
663694,44,67,amber,grey,male,0Z87V8,Dodge,Stratus
663746,65,56,black,brown,female,JF487H,Lincoln,MKZ
663991,41,65,green,white,male,6864T8,Lincoln,Town Car
664031,40,72,blue,black,female,24O126,Porsche,911
664055,32,70,blue,red,male,ME5G2O,Lexus,SC
664437,57,75,green,green,male,V8QQE5,Saturn,VUE
664501,54,66,amber,green,male,I12EL4,BMW,M3
664569,31,71,black,green,female,53S46G,Porsche,911
664584,33,70,amber,blonde,female,L8PO48,Lincoln,MKZ
664760,21,71,black,black,male,4H42WR,Nissan,Altima
664785,25,57,black,white,male,2YM6LB,Dodge,Durango
664790,37,80,blue,red,female,25582I,Chrysler,Concorde
664907,79,74,brown,brown,female,D61A5E,FIAT,500
664913,59,59,amber,blue,male,3YF5L4,Oldsmobile,LSS
664914,54,60,amber,grey,male,680KGQ,Mercury,Monterey
665098,50,64,black,white,male,4RMUM7,Suzuki,Reno
665118,46,74,black,blue,female,287QQV,Mercedes-Benz,E-Class
665152,25,60,blue,brown,female,28482S,Volvo,V50
665216,84,80,blue,blue,female,4OPM85,Mazda,Millenia
665259,64,80,blue,blue,male,LXRU76,Hyundai,Santa Fe
665434,19,68,green,white,female,00I68S,Ford,F150
665439,46,77,brown,red,male,58302J,Chevrolet,Sonic
665484,33,60,brown,white,female,2TW0Z5,GMC,Acadia
665631,70,79,green,white,female,OXFWKT,Nissan,350Z
665680,39,69,black,red,male,0726AJ,Plymouth,Breeze
665793,84,54,amber,blonde,male,ISE63A,Scion,xD
665801,73,66,black,blonde,male,L12884,GMC,Envoy XL
665910,79,63,amber,red,female,J628CB,Pontiac,Grand Am
666146,74,52,brown,blue,male,MWK8JU,Mercury,Mountaineer
666314,47,57,brown,blonde,female,Z76ZO6,GMC,Savana 3500
666351,57,57,brown,blonde,female,38U7N2,Infiniti,FX
666386,30,78,black,blonde,female,Q8HWRM,Mercedes-Benz,SLS-Class
666476,44,66,amber,black,female,W3U5T1,Dodge,Avenger
666662,40,56,black,white,male,I6317M,Suzuki,Equator
666680,69,77,green,green,female,T6FIBZ,Oldsmobile,Silhouette
666951,28,79,brown,red,female,UK3L8K,Toyota,Matrix
667117,77,52,brown,blonde,female,G7JS51,Toyota,Venza
667124,50,59,blue,brown,male,78X1W6,Chevrolet,Silverado 3500
667137,44,65,black,green,male,707K5M,Buick,LeSabre
667185,44,69,green,grey,female,Z4705K,Pontiac,Solstice
667198,77,60,green,white,male,4P0BPG,Mercedes-Benz,R-Class
667302,42,79,brown,green,female,P03E1P,Mercedes-Benz,S-Class
667329,58,76,blue,black,female,L64RBJ,Bentley,Continental GTC
667431,42,66,amber,red,male,627001,Chevrolet,Astro
667448,83,77,blue,blonde,female,34PLD5,Mazda,Miata MX-5
667460,67,70,brown,brown,female,8Z87B2,Mercedes-Benz,SLS AMG
667521,57,82,blue,black,female,11MZI8,Aston Martin,V8 Vantage
667528,51,56,amber,brown,female,J3680R,Ford,F150
667594,56,72,brown,blonde,male,XMSJ38,Acura,MDX
667710,45,70,green,blue,male,T08SG3,Infiniti,EX
667757,19,58,green,blonde,male,56018Z,Mazda,CX-5
667920,50,61,green,brown,female,O0YNPR,Mazda,MPV
668168,47,82,amber,blonde,male,80254I,Mazda,Miata MX-5
668488,70,81,amber,brown,female,4XS4OI,Nissan,Pathfinder
668494,23,81,green,brown,female,IH6W2G,Cadillac,Eldorado
668546,24,56,amber,grey,female,5RT252,Chevrolet,Avalanche 1500
668602,88,63,amber,brown,male,SLJJ12,Toyota,Tacoma Xtra
668612,32,64,brown,grey,female,JKTXRZ,Maserati,Coupe
668622,18,75,blue,blonde,male,7F44K2,Mercedes-Benz,S-Class
668691,23,50,blue,brown,female,372I5H,Mercedes-Benz,CL-Class
668863,54,82,amber,blue,male,4R7B2W,Mazda,Mazda3
668929,69,69,black,black,female,XDI82U,Lexus,RX Hybrid
669122,80,67,blue,green,male,E5D81O,Mitsubishi,Outlander
669177,28,65,brown,green,male,63V208,Cadillac,Seville
669252,37,72,brown,grey,female,W8YP1K,Cadillac,Escalade EXT
669253,59,59,green,blonde,female,3T21C5,Ford,F250
669449,60,71,brown,blonde,female,TB3AE8,BMW,6 Series
669453,87,68,brown,red,male,K80K3U,Chevrolet,Monte Carlo
669578,62,56,brown,grey,male,H208E2,GMC,Savana 2500
669704,61,60,brown,black,male,1T1P62,Audi,A4
669942,44,53,brown,blue,female,5UJD38,BMW,5 Series
670086,77,52,brown,brown,female,7V46V7,Isuzu,Rodeo
670120,42,76,brown,red,male,52L0Q0,Mazda,MAZDA6
670283,88,67,black,grey,male,TGMN28,Dodge,Caliber
670287,31,72,amber,green,male,58Y34Q,Honda,Ridgeline
670334,45,65,amber,white,female,WP05EB,Ford,Escort
670723,63,62,brown,green,female,SLZ6Z3,Ford,Expedition
671002,84,77,brown,blue,female,618V67,Ford,F150
671003,57,54,brown,brown,male,45VD5W,Land Rover,LR4
671084,74,61,blue,white,female,QA588B,Lotus,Elise
671102,81,79,black,blue,male,B5S7AZ,Toyota,Tundra
671117,57,69,black,blue,female,S67V55,Jeep,Wrangler
671265,82,60,brown,green,male,U2VIVM,Lexus,RX
671364,37,59,amber,white,female,VPARQ4,Mercedes-Benz,SLK-Class
671476,82,70,blue,brown,female,2L2QD3,Dodge,Ram 3500
671706,50,63,brown,black,male,6KF7Q8,Suzuki,XL-7
671742,70,82,amber,green,female,6J202Y,Ford,E150
671972,82,80,blue,white,male,2W2PA4,Mercedes-Benz,S-Class
672050,77,79,brown,white,male,63A278,Toyota,Matrix
672155,78,50,amber,red,male,F6I4IX,Chevrolet,Silverado 3500
672169,62,65,black,green,male,05XIQ6,Chevrolet,HHR Panel
672329,85,50,black,brown,female,B30Z36,Buick,Century
672354,63,61,green,brown,female,D1C4SM,Hyundai,Tiburon
672397,48,82,amber,white,male,T7402W,Volvo,S60
672459,50,63,black,green,female,R2I328,Plymouth,Breeze
672477,72,78,amber,blonde,female,UKSF68,Dodge,Durango
672523,47,51,black,grey,female,HY0O68,Jaguar,S-Type
672525,26,76,amber,grey,female,5402B6,Lincoln,Navigator
672578,54,61,black,blonde,female,73VYVG,Ford,Econoline E350
672741,61,81,blue,black,female,1K0DND,Land Rover,Range Rover
672876,81,51,black,white,male,2L0210,MINI,Cooper
672907,38,71,blue,green,male,3LK07F,Mercury,Tracer
673082,78,70,green,red,female,08W54F,Oldsmobile,Aurora
673112,85,71,green,grey,male,4GNPAL,Chevrolet,Impala
673274,24,68,brown,white,male,51ZBIM,Ford,E350
673434,42,54,green,green,male,2YLE8C,Lexus,LX
673439,58,71,green,grey,female,Y802R2,Mercedes-Benz,E-Class
673642,68,59,brown,blue,male,5G6253,Nissan,Quest
673702,39,53,black,grey,female,7T8C5M,Aston Martin,V8 Vantage
673952,49,72,blue,brown,male,4PQ7A7,Acura,CL
673960,33,61,blue,black,female,JPL271,Mercedes-Benz,SLK-Class
673973,53,56,amber,white,female,4CP3WA,Volvo,S40
674021,44,65,green,green,male,40H7C1,Bentley,Continental
674625,77,72,blue,white,male,LJ041W,Volkswagen,Passat
674766,72,74,green,black,female,E2WT4M,Chevrolet,Silverado 2500
674777,25,67,black,brown,female,0KN7IN,Saturn,Ion
675018,89,62,brown,black,female,24CFT4,Isuzu,Axiom
675066,73,61,green,red,male,OS1686,Toyota,Highlander
675110,41,55,blue,black,male,EV6UW3,Nissan,Quest
675208,65,56,blue,blonde,female,8OR6D6,Chevrolet,Cobalt
675227,52,72,blue,brown,female,Q6Z810,Land Rover,Range Rover
675519,72,79,blue,green,male,X4M61W,Chevrolet,Corvette
675546,59,62,amber,grey,female,408QT5,Lincoln,Navigator
675692,87,70,brown,green,male,VF8Q1I,Jeep,Wrangler
675808,87,78,blue,blue,male,QXTMY5,Volvo,S80
675809,62,70,amber,red,male,5HG1ES,Volvo,S40
675817,75,53,brown,blonde,female,03A7VO,Lexus,IS F
675860,40,82,amber,brown,female,X5H264,Pontiac,Montana SV6
675973,33,82,green,red,female,5CFDU5,Saab,9-3
676036,42,70,green,brown,female,U7IAB5,GMC,Yukon XL 2500
676039,71,66,black,white,male,1Q3YTY,Pontiac,Aztek
676098,75,57,green,grey,female,KN80J7,Smart,Fortwo
676111,60,56,blue,red,female,H5Q067,Mercedes-Benz,SLK-Class
676136,64,72,amber,green,male,2IC311,Buick,LaCrosse
676416,49,82,green,grey,female,8032E0,Ford,Mustang
676558,44,64,green,black,male,1VGNH2,Oldsmobile,Alero
676581,41,52,amber,green,female,VMFBMS,Buick,LaCrosse
676582,23,70,black,red,male,Z01Q67,Ford,Crown Victoria
677187,49,59,green,black,female,3QY8WE,Volkswagen,GTI
677211,46,69,brown,green,female,UM6XRB,Lexus,GS
677264,47,51,amber,grey,male,5KM74P,Lexus,IS F
677280,41,63,amber,green,female,56NMGE,GMC,Sierra 3500
677368,57,76,black,red,female,O44AFL,Toyota,Corolla
677383,18,63,green,white,female,C76272,Pontiac,Grand Prix
677451,59,60,brown,white,female,I81530,Pontiac,G6
677787,72,74,black,brown,male,XBULZB,BMW,Alpina B7
677884,18,74,amber,green,male,BWA184,Acura,TSX
677922,58,52,blue,red,male,L78A48,Mercedes-Benz,S-Class
678152,79,74,blue,green,male,LNU843,Volvo,S80
678155,72,63,amber,blonde,male,6RGKX6,Chevrolet,Avalanche
678424,81,61,brown,white,female,Y21880,GMC,Safari
678456,31,75,green,black,male,UPF53R,Toyota,RAV4
678557,72,55,black,black,male,2AI0C3,Ford,Ranger
678587,37,53,black,blonde,male,OQ8626,Saturn,Ion
678606,77,70,blue,brown,female,8YYKQ1,Chrysler,Sebring
678612,64,58,amber,grey,female,7D618K,Pontiac,Bonneville
678739,32,64,green,blonde,male,2ATUG5,Ferrari,458 Italia
678778,18,76,black,green,male,230D85,Chevrolet,Silverado 2500
678833,63,56,blue,blonde,male,CWG1IM,Cadillac,Seville
679254,86,57,amber,red,male,O71344,Toyota,Tacoma
679326,44,60,black,white,female,7RVXJ8,Mazda,RX-8
679363,64,54,amber,grey,male,AQ7AEK,Ford,GT
679460,41,60,amber,green,male,86E5NL,Hyundai,Elantra
679736,47,80,green,black,female,C5S35Z,BMW,Z3
679745,86,61,green,brown,male,0HL3BI,Nissan,Rogue
679752,47,70,black,white,female,4D8122,Honda,Insight
680022,51,59,blue,blonde,male,3K50UK,Chevrolet,Camaro
680026,46,74,brown,black,female,16WJ20,Mercury,Sable
680273,43,82,amber,black,female,637V5Z,Chrysler,LHS
680325,41,69,black,black,male,652CK1,Subaru,Tribeca
680444,82,67,brown,black,female,6M4130,Ford,Ranger
680468,24,53,green,blue,male,FJ2BC7,Hyundai,Equus
680557,20,75,green,white,female,8DBZN5,Lexus,RX
680631,88,69,green,black,female,5WTLY3,Subaru,Impreza
680665,82,57,blue,green,male,GJCBUF,Subaru,Impreza
680689,39,70,blue,black,female,Q1MOF8,Jaguar,X-Type
680724,30,65,blue,brown,male,85IG74,Lincoln,MKS
680830,46,74,black,black,female,CCOTI3,Mazda,Tribute
680931,26,69,black,white,male,A383PN,Volvo,V70
680935,89,81,black,white,male,ELDIOH,Porsche,Cayman
681020,41,74,brown,brown,female,6S3NK3,Mercury,Sable
681074,31,67,blue,blonde,female,L7MLR0,Chrysler,Town & Country
681111,68,60,amber,blue,female,636AHN,Ford,F150
681197,78,81,brown,black,male,1LM1J7,BMW,745
681227,44,79,amber,grey,female,5R8TNN,Chevrolet,Venture
681392,46,66,brown,grey,female,QEL143,Chevrolet,Trailblazer
681528,58,82,green,blue,male,4LAX1X,Ford,Explorer
681544,57,63,brown,black,male,UL46Y7,Chevrolet,Colorado
681549,82,65,brown,black,male,6SK23E,GMC,Safari
681699,61,58,brown,blonde,male,1W1245,Audi,A8
681781,45,81,black,white,female,6L7QP5,Volkswagen,Golf
681792,50,71,blue,blonde,female,4HYJ3O,Dodge,Dakota Club
681820,67,55,amber,green,female,U8S6D2,Lexus,ES
681918,46,61,black,red,female,711Y4J,Isuzu,Oasis
682005,88,69,green,brown,female,J8UZW2,Volvo,V70
682102,54,73,brown,black,female,H82B3J,Dodge,Durango
682134,35,69,amber,blue,female,VF8A63,Audi,S4
682231,51,80,green,grey,female,3Z0M62,Tesla,Model S
682395,89,79,green,green,male,455264,Volkswagen,Tiguan
682469,29,60,brown,brown,male,106EEF,Buick,Century
682610,83,57,black,green,female,Q676N3,Hyundai,Tucson
682629,85,70,black,white,male,G13VG4,BMW,6 Series
682652,39,64,brown,brown,male,2KOX3X,Lamborghini,Murciélago
682696,83,56,blue,white,female,ZR8NFN,Chevrolet,Cruze
682988,43,52,black,black,male,JE521O,Dodge,Ram 1500 Club
683100,34,65,blue,blonde,female,MWF8ZC,Lincoln,Navigator
683157,72,68,amber,black,male,X50CU3,Dodge,Ram Van 3500
683192,57,53,amber,green,male,NNKC05,Acura,TSX
683361,19,75,green,black,female,6LO3J7,Volvo,S60
683366,30,50,black,blonde,female,8O6R26,Acura,TL
683411,21,51,black,grey,male,24PC4I,Mercedes-Benz,SLS-Class
683419,41,80,green,blue,female,U2TWV7,Nissan,350Z
683606,56,50,black,blonde,male,X1B4YW,Oldsmobile,Bravada
683696,87,76,amber,green,male,8A6638,Ford,Windstar
683794,61,76,blue,blue,female,G36DPF,BMW,M5
683930,22,75,brown,black,male,WU1PC7,Subaru,Impreza
683939,61,50,green,blonde,male,XI72HN,Suzuki,Grand Vitara
684026,36,57,blue,blue,male,4CK58U,Mercedes-Benz,Sprinter 2500
684088,29,64,black,green,male,2PGRFF,Lexus,ES
684099,32,68,amber,brown,female,8N356W,Audi,A8
684148,20,78,brown,green,male,LB7GYT,Toyota,Highlander
684226,52,55,brown,blue,male,23MTY3,Mitsubishi,Galant
684242,21,70,blue,white,male,7MUT73,Pontiac,Montana
684263,67,65,green,white,female,34I3I1,Ford,Club Wagon
684322,34,69,black,white,male,VI6R56,Oldsmobile,Bravada
684384,52,50,black,black,male,QG03AH,Chevrolet,Express 3500
684398,67,78,blue,green,female,SH16S2,GMC,Sierra 1500
684438,19,56,black,green,male,4S6EH2,Mazda,CX-7
684470,32,64,blue,white,male,5162UC,Maserati,Quattroporte
684538,22,73,amber,white,female,U0321G,Ford,Taurus X
684695,40,73,blue,black,male,YS2HJ3,Nissan,Sentra
684839,23,80,amber,white,female,57A0BO,Toyota,Tacoma Xtra
684843,83,72,blue,blonde,male,2LV76K,Subaru,B9 Tribeca
684933,33,60,brown,white,male,0D1OTA,Infiniti,I
684970,65,72,amber,blue,female,N8L27V,Buick,Rainier
685173,22,67,amber,white,female,68163J,BMW,M3
685280,80,64,black,red,male,YD0732,Subaru,Tribeca
685392,25,54,blue,blue,female,86IPZ0,Land Rover,Discovery
685464,76,79,brown,blue,female,ABG2Y2,Volvo,C30
685577,60,63,amber,black,female,24K752,Mazda,RX-8
685636,50,71,amber,black,male,21MW5I,Chevrolet,Tracker
685724,83,51,amber,blonde,female,K647FE,Cadillac,Escalade
685795,20,58,blue,brown,female,IZ8114,BMW,M
685863,38,69,green,blue,male,77UCKN,Audi,A4
686121,80,74,black,brown,male,80RM35,Infiniti,M
686130,38,81,black,white,female,10BKJL,Volkswagen,Touareg
686209,64,78,brown,green,male,KTLVPK,Dodge,Stratus
686245,79,55,blue,green,male,77Z316,Cadillac,DeVille
686294,24,74,amber,blue,female,2X47CU,Saab,9-3
686299,20,54,amber,red,female,DZZI6P,Ford,E-Series
686321,83,81,black,red,female,507420,Mitsubishi,Pajero
686323,55,65,brown,red,male,B418FT,Honda,Civic
686366,51,60,brown,blonde,male,GBX4Z3,GMC,Savana 3500
686435,47,81,green,white,female,ADG7D8,BMW,530
686446,22,58,green,white,male,QUQOM3,GMC,Savana 1500
686487,84,78,blue,grey,female,PJJ8B0,Mitsubishi,Raider
686562,22,72,black,blonde,male,7NO3CU,Scion,xB
686854,18,81,amber,grey,male,1E7STW,Mazda,Millenia
687055,82,71,brown,blue,male,HT4II6,Ford,E250
687101,67,77,blue,blonde,male,2SM1K2,Mitsubishi,Montero Sport
687119,37,54,blue,grey,male,BDSMV2,Dodge,Ram
687191,26,68,blue,brown,female,3B0Y22,Saturn,VUE
687312,67,66,brown,white,male,CW4158,Honda,Insight
687650,60,59,amber,green,male,HA847W,Lincoln,Navigator
687723,54,58,blue,blonde,male,QE1J72,Nissan,Titan
687732,31,50,green,black,male,3WVV23,Ford,Flex
687786,31,72,amber,black,male,U0K0A6,Jeep,Commander
687864,74,50,green,red,male,LLCR3I,Porsche,911
687885,30,67,green,brown,male,11S1BO,Ford,F150
688023,20,77,amber,black,female,O3D2O7,Ford,ZX2
688024,43,63,green,blonde,female,M8O2Y2,Kia,Forte
688156,56,82,amber,green,male,3I30BH,Volkswagen,GTI
688197,51,55,blue,brown,female,Q0IYZU,Audi,Allroad
688253,68,53,brown,red,male,V8N141,Volkswagen,New Beetle
688398,69,80,blue,blonde,female,AA8045,Tesla,Roadster
688423,22,66,black,white,female,76S0U5,GMC,Sierra 2500
688469,28,57,brown,black,female,U13IMU,Suzuki,Swift
688488,64,50,brown,red,female,4EXKYQ,Volvo,XC70
688774,38,79,green,white,male,AS0060,Chevrolet,Corvette
688888,53,58,blue,blue,female,UZ8YJD,Chevrolet,Aveo
688930,78,73,green,blonde,female,11NEFE,Pontiac,Vibe
689158,84,64,brown,grey,male,4RUU35,Audi,Allroad
689251,45,59,black,green,female,T5ZOFP,Ford,Flex
689266,58,67,blue,grey,male,0U28P6,Mazda,Mazda6
689270,57,53,black,blue,male,KKP304,Cadillac,STS
689290,69,70,blue,blonde,male,ZW3D30,GMC,2500 Club Coupe
689322,82,59,black,blue,male,L6F6R4,Volkswagen,GTI
689354,76,80,green,green,female,Q4Y075,GMC,Yukon XL 2500
689401,63,50,blue,blonde,male,531SRE,Aston Martin,V8 Vantage S
689415,31,56,black,white,male,RT6JS0,Mazda,Mazda2
689569,70,56,blue,red,female,7M3T3X,Suzuki,XL7
689584,66,64,black,grey,male,35Y8H8,Porsche,911
689588,57,65,amber,green,male,TU4PL3,Honda,Odyssey
689634,58,74,brown,blue,female,Y11075,Volkswagen,GTI
689679,88,63,blue,grey,male,01O3JU,Lincoln,Town Car
689713,50,59,brown,grey,male,PWQK50,Oldsmobile,Alero
690167,89,58,brown,blonde,male,SDEGL6,Ford,Edge
690221,38,75,amber,white,female,3S43U2,Acura,SLX
690243,32,57,green,red,female,4P553Q,Mercedes-Benz,M-Class
690254,23,65,blue,grey,female,57T2PA,Chevrolet,Camaro
690277,89,55,brown,blonde,male,8338Z4,Toyota,Prius
690387,24,82,green,black,male,3FPZ5P,Toyota,Land Cruiser
690432,82,67,green,grey,female,U0LA61,Dodge,Viper
690583,48,63,black,blonde,male,NS5LP6,Mazda,Mazda3
690587,54,79,green,brown,female,780QQ4,BMW,530
690712,56,65,green,black,female,5NG7U1,Volvo,S40
690744,37,63,brown,blonde,male,Y162F1,Volvo,S60
690957,81,71,amber,grey,male,2Q3U6F,Acura,CL
690986,85,64,amber,blue,female,WE4F0R,Chevrolet,Cavalier
691056,47,73,amber,blonde,female,J5KP3T,GMC,Sierra 1500
691211,44,59,brown,blonde,male,HM5SGQ,Nissan,Titan
691214,62,80,amber,blonde,male,L1FI7K,BMW,745
691233,37,67,black,black,female,4LN84U,Dodge,Durango
691352,30,58,black,red,male,Q4152M,Mercury,Milan
691357,24,74,blue,black,male,82XZ7Y,Lincoln,Town Car
691374,81,70,black,green,male,BCZOE6,Audi,TT
691438,85,68,brown,brown,male,DP574S,Ford,Mustang
691486,77,80,green,brown,male,8014Y7,Smart,Fortwo
691505,28,57,black,blonde,female,D37O3W,Volvo,S40
691628,70,51,brown,grey,female,MK51IU,Volvo,S60
691716,56,55,green,black,male,444588,Porsche,Carrera GT
691847,64,68,black,blonde,female,3812FI,Audi,S5
691945,71,65,amber,blue,male,055348,Jeep,Wrangler
691983,48,59,brown,blonde,male,W64400,Mercedes-Benz,CL-Class
692005,75,53,blue,red,female,3OVR86,Acura,CL
692117,70,61,amber,blonde,female,L0Z0C8,Hummer,H2
692303,24,54,brown,black,male,18E6UJ,Mazda,MX-5
692318,60,54,green,red,female,0447NS,Nissan,350Z
692360,28,59,amber,blue,male,1Q016M,Nissan,Frontier
692382,49,60,blue,red,female,VF5BG6,Smart,Fortwo
692469,24,59,green,red,male,W81YA4,Honda,Element
692651,69,80,brown,grey,male,031N1V,Dodge,Viper
692749,72,80,amber,red,female,S2VE23,Jeep,Liberty
692897,50,61,blue,red,female,M64E16,Suzuki,Grand Vitara
692903,19,62,amber,blonde,male,85Y53M,Lexus,GS
693276,25,51,green,white,female,Y8OG2R,Toyota,Tundra
693308,73,73,black,white,male,M688S6,Land Rover,Freelander
693453,71,78,green,white,male,1T5454,Lexus,LS
693462,40,79,amber,black,male,4CJ7ZJ,Acura,TSX
693492,50,61,amber,red,female,6BK4TA,MINI,Cooper
694134,19,58,brown,blonde,female,030404,Daewoo,Leganza
694254,22,59,black,blue,male,2Y66M7,Hyundai,Tucson
694363,79,63,black,grey,female,MMHO35,Spyker,C8 Spyder Wide Body
694384,65,55,blue,red,male,0WH1AY,Hyundai,Elantra
694473,53,74,blue,red,male,884Q17,Toyota,Corolla
694538,40,67,brown,red,female,JZBZD0,Suzuki,SX4
694553,21,56,blue,white,male,245F2Z,Mitsubishi,Diamante
694570,47,78,blue,red,female,66O7GA,Scion,xB
694685,70,61,green,black,female,16LOUL,Volvo,V70
694788,78,76,green,blonde,male,ZK1TEQ,Nissan,Pathfinder
694909,20,74,brown,brown,male,NRKR28,Lamborghini,Murciélago
694987,51,59,amber,grey,female,S7A1Y2,Jeep,Patriot
695076,36,51,amber,brown,male,NE18AQ,Mazda,RX-8
695273,42,56,green,red,male,27YGF8,Chevrolet,Aveo
695355,26,62,black,brown,male,1058PG,Audi,TT
695394,56,63,brown,black,female,3J6S35,Bentley,Continental Flying Spur
695477,26,61,brown,grey,male,Y5T48M,Chevrolet,Metro
695526,43,72,blue,brown,female,YT66E1,GMC,Savana 3500
695736,31,73,black,blonde,female,5WB48D,Mazda,Millenia
695860,53,67,green,red,male,Z18600,Ford,Excursion
695913,41,76,green,blue,male,W8HA68,Volvo,C70
695950,57,54,brown,black,female,03Z7T8,Chevrolet,Traverse
696193,83,72,black,grey,male,78J4LB,Maybach,Landaulet
696432,76,82,black,white,female,018P6Y,Jaguar,XJ Series
696538,70,61,blue,blue,male,SOVZ4L,Hyundai,Sonata
696681,66,58,green,blue,female,CK742E,Chevrolet,Express 2500
696705,22,71,green,brown,male,Q3T4J3,GMC,Envoy
696714,81,73,brown,blue,female,2XSPWD,Volvo,C70
696749,62,82,black,blonde,male,V204J6,Audi,A4
696865,25,73,black,white,male,SE3114,Honda,Element
696881,22,51,brown,green,female,2RGL3K,Cadillac,Escalade EXT
697133,24,50,blue,white,male,Q682PX,Smart,Fortwo
697223,58,57,black,grey,male,SV4A6H,Chevrolet,Silverado 2500
697261,86,59,black,red,female,QUOK36,Saab,9-2X
697473,35,70,blue,red,male,43603U,Buick,Terraza
697475,34,52,amber,blue,female,N8L6S8,Subaru,Impreza
697623,34,74,green,green,female,H5ELKL,Lamborghini,Diablo
697633,61,60,green,blonde,male,CH4RX0,Land Rover,Freelander
697644,26,61,amber,blonde,female,85CIG4,Mitsubishi,Outlander
697673,32,77,amber,green,male,HP1LZW,Land Rover,Freelander
697696,38,77,blue,brown,female,0S7KC3,GMC,Envoy
697704,68,80,amber,blonde,female,RKD16G,Cadillac,STS
697824,60,76,amber,red,male,TA8S03,Dodge,Ram Van 1500
697846,31,58,green,red,male,6G8ML2,Audi,A4
698061,83,65,brown,grey,female,IA44UN,Volkswagen,CC
698542,56,82,black,red,male,F76FV1,Mercedes-Benz,SL-Class
698646,72,58,green,black,female,GGWCZQ,Mitsubishi,Pajero
698797,66,76,amber,red,female,77P426,Buick,Park Avenue
698825,28,59,brown,green,female,1VYT72,Scion,xA
699201,69,54,brown,blue,male,DQRT2J,Chevrolet,2500
699291,50,78,brown,green,male,5J35I6,Toyota,Camry Solara
699386,71,80,brown,grey,female,ZU56H7,Volvo,S60
699397,65,68,black,red,male,S3LSC0,Subaru,Impreza
699423,62,76,black,black,male,58727V,Mercedes-Benz,GLK-Class
699455,32,58,black,grey,male,H83PO3,Mitsubishi,Diamante
699679,52,64,green,red,male,DMS15D,Cadillac,STS
699702,46,53,amber,red,female,Q654H6,Pontiac,Vibe
699741,50,60,green,black,female,X1ZZ6E,Toyota,Celica
699929,26,57,green,blonde,male,3727BI,MINI,Cooper Clubman
699999,59,77,amber,white,female,D73C7T,GMC,Savana 2500
700006,50,75,black,blue,male,P6NB4F,GMC,Sierra 1500
700033,21,66,amber,blue,male,28YCN6,Honda,Odyssey
700040,45,65,blue,red,female,431F88,Isuzu,Oasis
700085,32,79,blue,blonde,female,PJ343F,Nissan,Quest
700149,23,62,blue,brown,female,86WGRI,Jaguar,XJ
700162,89,65,amber,red,female,GWRP64,Chrysler,Concorde
700335,81,54,amber,grey,male,5F1ID0,Porsche,Cayenne
700405,77,69,green,green,female,J1C38A,Lexus,LS
700455,23,61,brown,grey,female,6Z82O3,Nissan,Sentra
700466,88,82,amber,grey,female,7PWZ7P,Volvo,XC90
700514,18,54,black,red,female,T0VHN1,GMC,Acadia
700689,23,66,black,white,female,RT8162,Toyota,Land Cruiser
700933,80,61,blue,brown,female,1Q3ZQ6,Aptera,2e
700935,23,58,amber,black,female,2688J0,Lincoln,Mark VIII
701026,39,71,brown,grey,male,I50ANM,Ford,F350
701038,28,55,brown,blonde,male,8TIQ87,Ford,Explorer
701053,24,73,brown,green,female,072Y07,Porsche,Boxster
701300,72,59,black,brown,female,1UIB86,Buick,Century
701551,81,52,black,red,male,JOUK01,BMW,525
701584,83,69,brown,grey,female,5VH634,Rolls-Royce,Phantom
701643,22,51,black,brown,male,GWXX7V,Jaguar,XJ Series
701660,73,58,brown,red,female,615JGX,Lexus,LS Hybrid
701735,44,81,brown,green,female,0T17YR,Ford,Ranger
702020,32,50,black,green,female,DQ03I4,Chevrolet,Corvette
702145,41,78,black,blue,male,1XYKUY,Volvo,S40
702190,60,73,black,white,male,4AQ5QK,Mazda,Protege5
702201,67,70,brown,white,male,KCCW06,GMC,Sierra 3500
702210,21,66,black,brown,male,PDFR8F,Ford,Excursion
702266,67,57,brown,black,male,Q37540,Cadillac,STS
702403,58,78,black,green,female,C7JK6D,Chevrolet,Express
702457,75,65,amber,red,female,XCT8CN,Toyota,Camry Hybrid
702462,28,75,amber,red,male,7BJ2ZQ,Volvo,S60
702472,70,54,brown,brown,female,22I66I,Lexus,LFA
702677,45,78,green,black,male,40L8OY,Ford,F250
702740,64,67,green,blonde,female,7B4J03,Mercedes-Benz,C-Class
702763,84,60,green,brown,male,NUZ2A0,Kia,Sportage
702787,31,77,green,green,female,7DW055,Lexus,GS
702911,60,52,blue,white,male,1P11U4,Aston Martin,Rapide
702916,41,74,green,red,male,61826T,Lexus,LX
702920,18,79,black,grey,female,2RHVSE,Acura,TSX
702923,79,50,blue,blonde,male,YK7645,Ford,Focus
702965,61,74,black,red,female,K61V70,Ford,Econoline E150
703196,53,58,green,red,female,10JZS4,Dodge,Dakota
703218,40,63,brown,blonde,female,X03E8I,Acura,MDX
703242,47,61,blue,blonde,female,E02QG7,GMC,Sierra 3500
703244,64,63,brown,red,female,GVZXC5,Toyota,Sequoia
703291,24,50,black,brown,male,25W2Y1,Nissan,Quest
703364,71,69,brown,blue,female,GH3C57,Nissan,Sentra
703548,36,57,brown,blue,female,N086HN,Kia,Rio
703588,56,73,amber,grey,male,QIK61Q,Toyota,Avalon
703596,61,68,black,blonde,female,HO12W3,Lamborghini,Gallardo
703613,77,60,brown,red,female,0S6201,Mitsubishi,Montero Sport
703712,38,64,blue,blue,female,Z34X87,Ram,C/V
703761,59,74,green,green,male,QCA514,Volvo,S60
703765,47,65,brown,blue,female,5MU82B,Porsche,Cayenne
703863,74,59,brown,green,male,1L45IN,Suzuki,Equator
703977,20,63,green,red,female,M6MHIB,Mercury,Mountaineer
704040,64,55,blue,blonde,male,H48X81,Audi,S4
704159,25,75,blue,green,male,27N52F,Oldsmobile,Cutlass
704162,20,67,brown,brown,female,P0IG4F,Honda,CR-V
704267,54,77,brown,black,male,7Y0U36,Ford,Escape
704593,49,58,black,blue,male,4WO104,Lexus,LX
704615,68,58,brown,blue,male,541LPT,Isuzu,Rodeo Sport
704668,49,76,black,red,male,33IYHO,Mercedes-Benz,SLR McLaren
704724,63,57,black,blonde,female,SV7048,Toyota,Corolla
704765,32,62,black,brown,female,GM4721,Audi,RS4
704869,76,67,amber,red,female,ZLL18E,Audi,A3
704892,25,73,brown,blue,male,H40S50,Acura,MDX
704894,75,81,brown,brown,female,PJ235J,Buick,Park Avenue
704897,53,78,blue,blonde,male,X0321A,Oldsmobile,Bravada
704907,47,60,green,blonde,female,DL254T,Lexus,SC
705053,29,60,black,brown,male,7B872N,BMW,5 Series
705058,82,51,amber,blue,female,M645U7,Volvo,S60
705152,68,63,brown,blonde,female,LN16QJ,Mitsubishi,Pajero
705216,57,64,brown,red,male,5X08AO,GMC,Yukon XL 2500
705313,25,59,green,green,male,16IYCQ,Buick,LaCrosse
705315,74,54,black,grey,male,4B01HB,Audi,S5
705441,82,77,amber,white,female,N272OW,Lotus,Exige
705512,67,79,black,red,male,5HNNG6,Cadillac,Escalade EXT
705570,32,68,green,brown,male,AQN5JR,Ford,GT500
705601,39,80,blue,brown,female,36J4R3,Buick,Lucerne
705637,20,61,green,brown,male,464JAO,Lotus,Exige
705639,26,81,black,blue,female,UGRE24,Volkswagen,Jetta
705673,71,59,brown,blue,female,D52F0B,Chevrolet,Aveo
705781,39,82,amber,red,female,5XJ71H,BMW,1 Series
705887,38,68,brown,red,female,7FG065,Toyota,Matrix
705891,18,62,black,white,male,L5H450,Mercedes-Benz,CL-Class
705898,67,56,black,grey,male,V33841,Corbin,Sparrow
705976,64,68,blue,blonde,female,KDAK2D,Toyota,Sienna
706041,77,65,green,grey,female,WE5M43,Acura,TSX
706209,85,79,green,blue,male,JV0E51,Kia,Sportage
706248,77,75,brown,grey,female,Q8O057,Cadillac,Catera
706351,71,72,brown,black,female,X8367X,Rolls-Royce,Phantom
706367,73,52,black,white,male,HGQ35M,Dodge,Dakota
706407,89,69,blue,brown,female,0MHSB7,Mazda,Mazda3
706432,77,69,brown,white,male,V85K1F,Acura,MDX
706440,51,74,green,blue,female,O34O8E,Acura,RL
706484,18,66,black,blue,female,GA68S4,Nissan,Sentra
706508,32,81,black,blonde,male,2V1270,Dodge,Caravan
706516,53,60,black,blonde,female,K1LA31,GMC,Savana 3500
706577,18,54,blue,green,male,U58I24,Porsche,Cayenne
706734,51,54,brown,grey,female,3JA6DB,Ford,Escort
706735,30,62,black,blonde,male,6NSW4H,Land Rover,LR3
706837,62,71,amber,red,male,7087U2,Kia,Sedona
706846,46,80,black,white,female,0Y3GA3,Dodge,Sprinter
706862,24,57,black,red,female,6JY6ES,Aston Martin,V8 Vantage
706954,34,63,black,grey,male,YPQXRH,Aston Martin,Rapide
707082,82,51,brown,blue,male,178K48,Toyota,Tacoma Xtra
707142,36,63,black,blue,female,4K6M50,Honda,Prelude
707148,39,78,blue,green,male,4RM6A7,Nissan,Altima
707295,34,56,brown,red,male,GF0A50,Lexus,RX Hybrid
707366,49,55,blue,brown,male,TP80I5,Nissan,Rogue
707402,85,65,amber,grey,female,7CS1Q1,Chrysler,PT Cruiser
707471,70,71,green,grey,female,1K6Y7O,Volkswagen,GTI
707495,40,65,black,white,male,J41BDC,Pontiac,Montana SV6
707534,62,62,brown,white,female,3611KV,Audi,Q7
707576,55,53,green,green,female,780C65,BMW,7 Series
707686,44,52,green,brown,female,JJG3ZR,GMC,Savana 3500
707890,83,66,black,black,female,Y2OT3K,Dodge,Ram 2500
708039,82,67,brown,red,female,DZE32N,Ford,F150
708058,75,71,brown,brown,male,68NP78,Chevrolet,Astro
708087,80,61,amber,green,male,2O2SJ6,Audi,S8
708127,85,72,black,green,female,U3SL44,Mazda,Tribute
708222,34,72,brown,white,male,AV0U02,Acura,RL
708261,36,81,blue,green,female,B48ZTX,Ford,Freestar
708382,52,75,brown,grey,male,47AIJZ,Ford,Ranger
708408,28,81,green,white,male,TFW25Y,Maybach,62
708596,43,68,brown,red,female,DVU36I,Toyota,Corolla
708599,58,62,black,black,female,43KT03,GMC,Yukon
708887,82,79,amber,grey,female,B0516P,Chevrolet,Trailblazer
708912,75,65,green,white,male,3PM6IR,Dodge,Viper
708916,25,74,amber,blonde,male,F775N8,Hyundai,Azera
709123,87,62,blue,white,female,CN4ZF8,Volvo,S60
709133,23,61,amber,green,female,6PT6H8,Mercedes-Benz,Sprinter 2500
709222,47,61,green,white,male,Y87GXI,Volkswagen,Rabbit
709235,21,77,green,red,female,PP2406,Jaguar,X-Type
709290,45,77,amber,black,female,US060Q,Mitsubishi,Eclipse
709311,52,80,green,brown,female,QJAP4G,Toyota,RAV4
709359,75,58,brown,red,male,877GSD,Cadillac,SRX
709390,71,54,black,black,female,NFVIE7,Mercury,Sable
709398,34,81,black,brown,female,1M5686,Chevrolet,Express 1500
709411,38,62,green,blonde,male,A85254,Honda,Ridgeline
709703,65,78,black,black,male,U6501H,BMW,5 Series
709865,40,59,blue,red,male,37Q7D8,Subaru,Legacy
709905,20,70,black,grey,male,37481T,Maybach,62
709989,78,81,black,blonde,female,X8UNM1,Chevrolet,Malibu
710035,43,50,green,grey,female,BYZ7R3,Oldsmobile,LSS
710059,36,56,blue,black,male,FE6PWI,Pontiac,Solstice
710118,36,74,blue,black,male,W5K510,Honda,Accord
710164,58,81,black,brown,female,3A2PXI,Chevrolet,Cavalier
710286,21,54,brown,blue,female,V03C6P,Mazda,626
710517,34,61,black,red,female,W8CONV,GMC,Sierra 2500
710544,40,67,black,red,female,Y6I0PR,Chevrolet,Express 1500
710591,57,71,black,brown,female,016K6S,GMC,Yukon
710609,67,59,amber,grey,male,SEFR1X,Mercedes-Benz,R-Class
710832,71,80,amber,grey,female,4VI482,Nissan,Quest
710903,57,61,blue,blue,female,3A13D4,Ford,Ranger
710907,23,53,green,green,female,Q1VUF2,MINI,Clubman
710944,57,55,green,blue,female,15S06T,Cadillac,Catera
711406,68,65,blue,brown,male,22K647,Mercedes-Benz,SLR McLaren
711481,74,67,green,red,male,5WJVZA,Chrysler,Pacifica
711519,56,79,amber,grey,female,768004,Hyundai,Azera
711556,40,77,brown,black,female,CDW1Z5,Dodge,Caravan
711625,75,70,blue,white,female,20J1C4,Pontiac,Firebird
711645,70,74,amber,blonde,female,A2X4K6,Volvo,S80
711712,44,75,brown,blue,female,5162P1,Subaru,Outback
711741,69,58,amber,blonde,female,5132K3,Lincoln,LS
711764,82,72,green,green,male,DD4T7P,Pontiac,Grand Am
711923,45,82,brown,red,male,ME4WS3,Mitsubishi,Montero
711927,33,79,green,blonde,female,02IJBU,Ford,Windstar
711994,22,51,brown,red,female,2PCDL2,Rolls-Royce,Phantom
712075,47,51,brown,grey,female,RIM6H5,Ford,Taurus
712114,73,60,black,blonde,female,28N405,Jaguar,S-Type
712188,83,78,amber,red,female,2I1VUV,Audi,A3
712292,50,81,brown,green,female,Z5AT67,BMW,530
712635,58,78,brown,white,male,78D4T5,GMC,Sonoma Club Coupe
712647,34,53,green,blue,male,L8NH70,Chevrolet,Tahoe
712725,53,64,brown,white,male,28BPXA,Aston Martin,V8 Vantage
712824,67,65,brown,blue,female,B3H06C,Chevrolet,Monte Carlo
712880,40,77,black,white,female,8NBY0K,Lexus,LS
713041,41,67,blue,blue,female,P38LXW,Pontiac,G8
713142,47,59,amber,red,male,AARVPT,Maybach,57
713148,46,59,black,red,female,1L4XIG,Lexus,CT
713163,53,80,brown,blonde,female,5QUU83,Dodge,Durango
713164,61,69,brown,white,male,RHT387,Jeep,Commander
713177,22,60,blue,white,male,M45E57,GMC,Sonoma
713295,37,52,brown,black,male,3417TT,Oldsmobile,Bravada
713424,81,80,amber,blue,female,365TWB,Suzuki,Aerio
713481,82,70,green,white,female,7DYX25,Dodge,Ram 3500
713598,41,70,brown,brown,male,NP6T85,Audi,Q5
713674,47,75,amber,red,female,415AX7,Audi,A6
713806,27,82,green,blonde,female,871568,Mercedes-Benz,GLK-Class
713858,44,70,amber,grey,male,FL3726,Cadillac,DeVille
713877,21,72,blue,grey,female,M155GY,Infiniti,M
713885,77,73,green,grey,female,ZYB2KI,Pontiac,Grand Am
713901,72,64,brown,black,male,CVQ1DD,BMW,530
714171,78,72,blue,brown,male,PI07JG,Bentley,Continental Flying Spur
714260,86,50,green,blue,female,A74E1Q,BMW,3 Series
714521,75,57,black,grey,male,XGT0KE,Acura,CL
714712,87,53,amber,black,female,U4XB2H,Chevrolet,Malibu
714723,68,77,black,red,female,GY5QB3,Jaguar,XK Series
714811,50,53,amber,green,male,8X6DBW,Mercury,Sable
715451,66,70,black,brown,female,60ZLMF,BMW,530
715578,87,82,blue,blonde,male,K35S3K,Ford,F350
715622,59,54,brown,red,male,55X82L,Subaru,Outback
715657,74,52,brown,grey,male,24710U,Lincoln,Continental
715785,69,67,black,black,male,2VQN12,Dodge,Ram 2500
715863,84,81,blue,red,female,7271C8,Scion,xB
715978,55,76,blue,blonde,male,023253,Toyota,Camry
716169,46,74,brown,black,male,8TP8VU,Cadillac,CTS
716176,82,81,black,blue,male,E4AV8Q,Mazda,B-Series Plus
716211,21,72,green,black,female,W7R1F7,Porsche,Cayenne
716249,77,63,green,black,female,J81WD7,Toyota,TundraMax
716310,64,62,brown,black,female,3D72OZ,Subaru,Legacy
716312,86,58,blue,grey,male,86J6BE,Volkswagen,Touareg
716348,31,65,brown,red,female,T7M3BN,Lincoln,Continental
716446,29,67,amber,red,female,5JZ74H,Chevrolet,Express 2500
716481,49,77,amber,brown,male,T851BB,Dodge,Dakota Club
716516,23,58,green,grey,male,8657E6,Chevrolet,Metro
716570,53,68,blue,black,male,36RB1D,Volkswagen,Touareg
716581,20,60,brown,white,male,V8GGRA,Mercedes-Benz,M-Class
716818,68,73,blue,brown,male,8457TF,Lexus,RX
716840,78,62,amber,blonde,female,RU7DJC,Pontiac,Bonneville
716905,71,65,green,red,male,WZ6C84,Ford,Econoline E150
716926,39,56,amber,blonde,male,8D5M0R,Nissan,Quest
716937,36,50,black,black,male,5W488J,Ford,E250
717084,79,71,green,blue,female,V8DRM7,Mitsubishi,Outlander
717102,76,67,amber,grey,male,4H252S,Nissan,Frontier
717283,47,81,black,brown,male,6GCAI6,Saab,9-3
717382,89,76,black,blonde,female,MTMK0T,Volvo,V40
717451,69,80,green,green,male,K7157Q,Land Rover,LR3
717471,75,67,black,green,female,4217T3,Volvo,C70
717691,27,69,black,white,female,PJOVOE,Buick,Lucerne
717748,62,80,black,red,male,NMO8A4,Ford,Explorer Sport Trac
717903,81,58,blue,grey,male,1QI7O0,Infiniti,QX
718006,68,55,black,green,female,X16YNF,Chevrolet,Express 2500
718062,84,70,black,red,male,81RO76,Audi,A8
718254,39,72,amber,green,male,3A45U6,Toyota,MR2
718560,84,70,blue,green,male,6IY47M,Mitsubishi,Lancer Evolution
718613,41,59,brown,blonde,male,X518XY,Suzuki,Grand Vitara
718731,75,63,black,white,male,15HD47,Cadillac,STS
718864,72,79,blue,brown,female,MP8JYV,Ford,Mustang
718926,77,59,brown,blue,male,4T7YZ4,Honda,Civic
718991,31,63,brown,green,female,557U61,Chevrolet,Corvette
719004,36,64,green,black,female,276DJ2,Lamborghini,Murciélago
719033,77,56,amber,green,female,YV63V2,Toyota,Sequoia
719170,34,57,amber,black,female,DU1AUL,Saab,9-5
719199,38,60,amber,blonde,male,62J848,Chevrolet,Express
719248,28,51,brown,white,female,3VO4TL,Isuzu,Rodeo Sport
719623,19,75,amber,blonde,male,3A8HEL,Aston Martin,V8 Vantage
719656,82,76,black,brown,female,Y618A1,Toyota,Highlander
719679,25,51,black,blonde,female,ETE3JF,Chevrolet,Silverado 2500
719756,43,77,black,brown,female,2JC47G,Acura,TSX
719843,21,52,blue,blonde,female,G8YVKX,GMC,Sierra 1500
719905,71,71,blue,grey,male,PH15LT,Mitsubishi,Mirage
720072,82,76,green,black,male,CWS811,Lexus,LX
720224,85,58,brown,grey,male,6RD2V1,Ford,Taurus
720380,56,76,blue,grey,female,U5U33G,Lamborghini,Murciélago LP640
720752,48,81,black,blue,female,LOTY87,Kia,Sportage
720852,24,53,amber,blue,female,N26077,BMW,1 Series
720943,76,75,blue,blue,male,W6S263,Land Rover,Freelander
720997,25,70,amber,blue,female,7WFJJW,Oldsmobile,LSS
721035,55,54,green,blue,male,1450Z8,Cadillac,SRX
721275,31,73,amber,grey,male,E8334W,Chevrolet,Lumina
721286,89,81,blue,grey,male,37238A,Lincoln,Navigator
721332,27,69,green,black,male,KW418G,Mercedes-Benz,CL-Class
721352,81,59,black,white,male,5K1180,Toyota,Tacoma
721443,60,78,brown,brown,female,M4ENND,Isuzu,Oasis
721475,39,65,brown,blonde,male,6S636M,Lincoln,Navigator
721579,87,53,brown,blonde,female,8EC4E7,Land Rover,LR2
721591,22,73,black,black,male,X72U3N,Volvo,S80
721635,79,59,blue,green,male,131LIN,Chevrolet,Express 2500
721690,32,79,brown,blonde,female,XLUT0N,Volkswagen,Touareg
721731,19,81,amber,black,female,3G1180,Chevrolet,Suburban 2500
721870,46,58,black,black,male,6I5DED,Acura,TSX
722083,54,51,blue,blonde,female,YI3837,Toyota,Avalon
722267,56,72,black,grey,female,3O400Q,Aston Martin,DB9
722441,67,52,black,white,male,6B2KWA,Mitsubishi,3000GT
722446,63,72,brown,red,female,EB608Y,Mitsubishi,Lancer
722569,89,79,blue,blonde,male,RSD27V,Lexus,LX
722834,38,58,green,white,male,1HF5S2,Pontiac,Daewoo Kalos
722871,58,59,brown,black,male,148J5W,Chevrolet,Aveo
722941,21,63,black,blue,female,A3PHV1,Nissan,Frontier
723064,77,57,black,black,female,13RDUT,Volkswagen,Routan
723094,47,50,amber,red,female,T2JQ6Y,Buick,Regal
723254,33,56,brown,brown,female,W5KJ24,Chevrolet,Venture
723424,75,54,amber,white,female,06CL73,Volkswagen,GTI
723712,80,62,brown,black,male,X5TVM8,Hyundai,Elantra
723713,88,73,brown,brown,male,64GPP4,GMC,Yukon
723745,49,57,brown,brown,male,P58W32,Toyota,Sequoia
723803,80,65,green,white,male,A22DZ0,Hyundai,Elantra
723821,45,63,amber,blue,female,J127BC,Bentley,Continental
723844,53,59,brown,brown,male,5VKU51,Ford,Contour
723870,28,81,amber,white,male,7H23U7,GMC,Yukon XL 1500
724098,48,66,black,green,female,XZT5H8,Dodge,Neon
724113,40,53,brown,blue,male,TQPQAA,Mitsubishi,Raider
724155,78,67,black,blue,male,B0PK1R,GMC,Canyon
724216,73,54,green,grey,male,L6564J,Chevrolet,Tracker
724300,29,64,blue,black,male,A1HJGJ,Suzuki,Swift
724371,37,58,blue,brown,female,8SVH1Y,Honda,Pilot
724390,77,82,green,black,female,4W3LF5,Toyota,Prius Plug-in Hybrid
724523,54,50,brown,white,female,N32K2J,Nissan,350Z
724594,57,53,black,black,male,886C28,GMC,Yukon
724631,58,61,green,blue,female,Z2X421,Subaru,Baja
724640,60,63,blue,green,female,32DBS2,Chevrolet,Malibu
724657,79,61,amber,blonde,female,R34SKG,Mazda,MX-5
724744,37,67,black,grey,male,4EII60,Nissan,Rogue
724876,72,63,blue,brown,female,62P165,Chevrolet,Blazer
724980,28,62,blue,green,male,WRO571,Hyundai,Elantra
725125,48,74,brown,blonde,male,2412M8,Chevrolet,Express 3500
725330,64,70,blue,green,female,B1SG8N,GMC,Savana 2500
725486,46,75,black,red,female,64652I,Ford,F350
725518,80,74,amber,white,female,4KT527,Volkswagen,New Beetle
725667,54,81,amber,brown,female,N56YA8,Subaru,Baja
725731,75,61,amber,grey,male,3G42H2,Ford,F150
725748,29,67,amber,white,male,3SX405,Volvo,V70
725888,24,52,brown,white,female,GF86F7,Cadillac,STS
726052,33,76,amber,grey,male,F8MYM2,Honda,S2000
726063,20,67,green,blue,female,2B1MBV,Dodge,Challenger
726123,70,64,brown,blonde,female,MO7S26,Volvo,C30
726188,29,73,brown,white,male,8C2TV0,Kia,Sorento
726203,56,51,green,black,male,OSG5A3,GMC,Yukon XL
726459,89,54,amber,red,female,X281T8,Mercedes-Benz,C-Class
726589,36,58,green,brown,male,65Y28O,Kia,Sedona
726593,79,53,green,blue,female,7QPO4C,Volvo,C70
726702,42,66,blue,red,male,J06744,Chrysler,Crossfire Roadster
726704,72,74,black,blonde,male,32TL1S,Ram,1500
726762,88,78,black,white,male,FZO1T4,Aston Martin,V8 Vantage
726845,75,68,amber,blue,female,C523LL,Subaru,Impreza
726936,28,65,green,black,female,Y5XAPE,Maybach,62
726984,47,53,green,white,male,O8F13M,BMW,M3
727076,85,81,brown,black,female,UTUCP8,Toyota,Matrix
727196,82,51,green,blue,female,72842X,Mazda,CX-9
727312,36,67,black,brown,male,BZA34U,Mercedes-Benz,E-Class
727388,83,57,blue,red,male,7NNSV7,Toyota,Yaris
727470,52,62,blue,grey,male,LMK1FL,GMC,Yukon
727508,28,61,brown,green,female,HN86Q3,Mercedes-Benz,SL-Class
727577,38,61,amber,blonde,male,S88075,Nissan,Murano
727634,30,78,black,brown,male,FNG263,GMC,Sonoma
727636,68,66,amber,blue,female,G3BW3Z,Ford,F150
727768,41,73,brown,green,female,XID213,Toyota,Celica
727791,77,78,amber,green,male,H366TV,Ford,Escape
727828,19,71,black,white,female,MF1215,Chevrolet,Lumina
727863,68,53,amber,white,female,7BSV0D,Mercedes-Benz,E-Class
727872,49,64,brown,red,male,P6ITRR,Mercedes-Benz,E-Class
727875,71,79,blue,red,female,123KE6,Kia,Rio
727935,88,62,black,black,male,3SR0C0,Toyota,Echo
727962,77,67,green,black,male,58FBU3,Ford,Escape
728061,61,80,green,grey,male,6K5B45,Lincoln,Navigator L
728083,36,51,brown,grey,male,Y6X3P5,Plymouth,Breeze
728157,40,53,brown,red,male,X88YRR,Cadillac,CTS-V
728305,71,58,black,brown,male,8H7OUY,Nissan,Armada
728539,87,71,green,white,male,D44ORL,Suzuki,Daewoo Magnus
728609,42,80,black,black,female,EF8P5H,Mazda,Mazdaspeed6
728630,61,50,amber,black,female,85N1F0,Chevrolet,Express 3500
728651,43,59,black,blue,male,771332,Mercedes-Benz,S-Class
728713,59,55,green,grey,male,5B732I,Volvo,V70
729031,79,56,blue,brown,female,SM41B3,Subaru,Legacy
729067,21,75,black,black,male,X27123,Suzuki,SX4
729109,81,69,blue,blonde,female,61706Y,Jeep,Grand Cherokee
729389,36,78,brown,red,male,5GWQR2,GMC,Yukon
729507,70,63,brown,red,female,FNDWG1,Toyota,MR2
729514,20,74,black,blonde,female,YN2D6C,Lexus,LX
729570,78,73,brown,grey,female,TN43F4,Lincoln,Navigator
729572,84,82,amber,grey,female,137D1Z,Chevrolet,Suburban 2500
729574,74,62,black,black,male,22CAI5,Chevrolet,Monte Carlo
729644,87,54,amber,red,female,IP4UUN,Mercedes-Benz,M-Class
729647,65,66,blue,grey,male,25SPZ6,Jaguar,XK Series
729666,60,76,blue,red,male,TR2UNW,Maserati,GranSport
729757,64,50,amber,blue,male,YMY62V,Saturn,Astra
729933,77,68,amber,black,female,J283PC,Acura,TL
729976,76,67,green,red,male,66O8TX,Kia,Optima
729987,83,74,amber,blonde,female,6K364G,GMC,Yukon
729996,48,81,brown,black,male,UU52ER,Ford,Fiesta
730049,39,77,blue,grey,female,E43575,Chevrolet,G-Series 2500
730281,60,73,black,green,male,285PT4,Mercury,Grand Marquis
730302,41,75,amber,grey,male,UKEJ8F,Volvo,S40
730334,27,59,black,black,female,MW5W3I,Porsche,911
730367,62,54,brown,red,female,MW3HRP,Audi,RS 4
730378,86,63,black,blue,female,3E1888,Mitsubishi,Endeavor
730528,47,52,amber,black,female,755V4J,Porsche,Cayenne
730693,23,74,brown,blonde,male,3KWBFP,Mitsubishi,GTO
730744,58,65,blue,red,male,774OXZ,Dodge,Ram
730814,18,57,green,red,female,XV42I6,Volvo,XC90
730963,45,50,black,red,male,R3FH18,Hyundai,Tiburon
731032,52,69,green,blue,female,ZA41Z7,Honda,Accord
731042,61,51,amber,black,male,GG0E6Z,GMC,Yukon XL 2500
731068,76,73,blue,blonde,male,JVNWMT,Maybach,62
731121,21,75,green,red,female,6R4387,Dodge,Ram 1500
731221,36,74,black,blonde,female,3I05F2,BMW,Alpina B7
731265,46,51,black,white,male,AFK88P,Land Rover,Freelander
731422,76,78,brown,blue,male,RO4CA1,Honda,Passport
731564,51,58,amber,white,male,I13841,Dodge,Dakota
731592,86,65,brown,green,female,804D8M,Jeep,Compass
731594,18,82,blue,blonde,male,2F012A,Lexus,IS F
731685,60,51,blue,blonde,female,KT738O,Audi,A3
731724,77,55,brown,green,male,84362N,Chevrolet,Equinox
731742,33,51,black,black,male,2E5Y35,Ford,F150
731801,19,57,brown,brown,female,KHWMKS,Kia,Sportage
731894,88,65,amber,brown,male,XY0F7S,Jeep,Grand Cherokee
731945,30,57,green,white,male,4514AJ,Lexus,GX
732031,45,51,amber,black,female,BD524Z,Honda,Ridgeline
732109,70,70,green,blonde,male,7LGF53,Cadillac,Seville
732124,84,55,brown,red,male,OR4EQX,Audi,S5
732223,80,65,brown,black,male,38CHAU,Ford,Excursion
732228,70,78,green,white,female,NPNA28,Toyota,Tacoma Xtra
732743,18,78,green,white,female,K0AGD0,Jaguar,XK
732760,70,66,green,black,male,11H040,Rolls-Royce,Ghost
732848,81,52,black,white,female,V2OI7U,Toyota,RAV4
733092,49,63,green,blue,female,B5364F,Hyundai,Elantra
733212,56,55,brown,brown,female,8L11Q2,GMC,Sierra 1500
733323,18,60,blue,grey,female,RGA6J2,Dodge,Ram 1500 Club
733350,20,75,green,white,male,RUW501,Dodge,Ram 2500
733363,80,64,black,brown,female,860YUS,GMC,Sonoma
733466,33,58,brown,brown,female,QI7GA3,Volkswagen,GTI
733467,62,56,brown,green,male,8Z3RPP,Lexus,IS F
733478,32,61,amber,red,male,TCM36Y,Dodge,Ram 1500
733557,56,61,blue,green,female,O43IDD,GMC,Sierra 2500
733587,51,66,green,red,female,HDE345,Toyota,Land Cruiser
733666,86,58,green,red,male,O80P76,Land Rover,LR2
733915,60,57,amber,blue,male,GPDS41,Kia,Amanti
733930,78,71,black,grey,male,332A0K,Cadillac,Escalade ESV
733955,62,64,amber,green,male,7N5571,Chevrolet,Avalanche 1500
734103,19,57,blue,green,male,BET1SN,Land Rover,LR3
734180,38,72,black,brown,male,37QS0R,BMW,X3
734210,49,53,amber,blonde,male,G803SC,Porsche,Boxster
734348,88,69,black,red,female,2MX83B,Honda,Odyssey
734740,47,78,amber,brown,male,MNX5J8,Volvo,S40
734744,86,60,blue,brown,female,16QB8L,Ford,Mustang
734816,45,57,amber,green,female,7A5V53,Bentley,Continental Super
734874,23,58,amber,green,female,J4O5B3,BMW,X3
735143,76,69,green,grey,female,8LIR1Z,GMC,Terrain
735149,35,50,green,green,female,QLQ2D3,Toyota,MR2
735150,41,52,blue,red,female,U7Y8XQ,BMW,3 Series
735152,81,79,blue,blonde,male,73P874,Ford,E250
735359,37,60,black,blonde,male,627W6N,Dodge,Ram Van 1500
735368,82,81,green,red,female,J667Q8,Oldsmobile,Aurora
735415,39,71,blue,red,male,525QC1,Toyota,Supra
735459,58,64,amber,blue,male,56722Q,Cadillac,Escalade ESV
735460,57,81,blue,blue,male,1MR586,Aston Martin,DB9
735505,55,79,black,blonde,male,66E5S1,Chevrolet,Express 2500
735510,27,56,amber,blue,male,6P58JO,Audi,TT
735517,47,60,green,blue,female,36Q8GD,Mercedes-Benz,SLR McLaren
735546,74,79,amber,brown,male,2KNJ34,Ford,F150
735577,66,59,blue,brown,male,SD8X2K,GMC,Envoy
735596,60,71,black,red,female,8L4727,Cadillac,XLR-V
735604,45,68,green,green,female,38J5RA,Ford,F150
735606,65,77,green,white,female,7JOT02,Lexus,LS
735613,64,71,brown,grey,male,01TFEH,Ford,Explorer Sport
735871,77,54,green,brown,male,QRZ2D1,Toyota,TundraMax
735961,29,66,black,brown,male,EODUZG,Toyota,Camry
736011,76,55,black,brown,male,GAE2X3,Kia,Optima
736081,79,69,brown,red,male,GCAQ6Y,Tesla,Model S
736084,82,76,black,brown,female,2214N2,Maybach,Landaulet
736138,64,67,green,green,female,3C3D7U,BMW,7 Series
736198,87,64,green,white,male,066XM4,Pontiac,Trans Sport
736204,44,79,brown,red,male,O1KX21,Audi,A8
736351,81,51,amber,brown,male,65Y63P,Mazda,MX-5
736438,84,69,green,blue,female,MH5IUY,Saab,9-5
736637,85,53,brown,red,female,6872QG,Honda,Odyssey
736698,68,81,green,green,female,77BMD4,Hyundai,Elantra
736707,70,70,blue,blonde,female,A2OD5P,Ford,Taurus X
736885,39,70,green,red,female,42NK08,Dodge,Dakota
736953,86,63,blue,grey,male,58RF4B,Ford,Freestyle
736991,21,62,blue,red,female,V05TOZ,Honda,CR-V
737039,46,58,black,grey,female,5U8BG7,GMC,Yukon XL 1500
737089,76,73,black,blonde,male,56HL0Y,Jeep,Wrangler
737170,57,72,green,red,female,1703HK,Mitsubishi,Lancer Evolution
737174,39,50,brown,blue,male,VERSE6,Chevrolet,Metro
737179,68,81,green,green,male,66857V,Kia,Optima
737300,84,80,black,grey,male,Y76JX6,Lincoln,MKS
737325,23,57,black,black,male,0A3XM6,Acura,ZDX
737432,53,58,amber,brown,female,2PT8SC,GMC,Savana 3500
737494,63,69,amber,grey,female,3H7534,Dodge,Challenger
737712,57,66,blue,blonde,male,27Z544,Ford,Windstar
737732,70,77,brown,grey,female,8LEN63,Mercedes-Benz,R-Class
737740,59,62,blue,blonde,female,K18C2K,Saturn,Relay
737886,33,72,brown,white,female,0ZC1ZV,Lincoln,Navigator L
737997,18,65,green,blue,female,J7IGJW,Jeep,Compass
738041,53,64,blue,blonde,male,I8G15T,Audi,A8
738076,68,54,blue,brown,male,F84501,Cadillac,DTS
738113,75,71,blue,blue,male,3D6WEK,Nissan,Frontier
738324,83,60,black,white,female,786114,Jeep,Compass
738343,33,71,brown,green,female,FY4OWK,Ford,Mustang
738556,73,81,brown,white,male,U31154,Honda,Ridgeline
738557,66,58,blue,blonde,male,PPCNT5,Ford,Mustang
738592,29,54,brown,white,male,528461,Toyota,Land Cruiser
738634,89,54,black,black,female,G5NMF6,Hyundai,Santa Fe
738729,65,64,black,green,female,0ZR65A,Volkswagen,Passat
738802,81,70,amber,blonde,female,L137Y8,Chevrolet,Express
738854,26,56,amber,white,male,E622ZX,Morgan,Aero 8
738961,60,61,amber,brown,female,0J11ZD,Chevrolet,Equinox
739026,86,75,brown,black,male,4F4BD4,Porsche,911
739047,38,78,brown,blonde,male,745427,Nissan,Murano
739216,19,68,black,grey,female,FCQ6RQ,Chevrolet,Express 3500
739286,24,65,brown,brown,female,D4JG51,Subaru,B9 Tribeca
739390,86,77,amber,grey,male,YFUUP3,Ford,Explorer
739503,25,78,blue,brown,male,5R8427,Land Rover,Range Rover Sport
739548,52,71,green,grey,female,G68C1R,Smart,Fortwo
739651,54,58,amber,green,male,V8Q7ND,Ford,Crown Victoria
739689,22,68,black,red,male,N8F1R5,Toyota,Sienna
739774,59,81,green,brown,female,P40S4G,Kia,Sportage
739834,40,55,blue,green,female,U1A6ON,Mazda,Miata MX-5
739864,49,52,amber,red,female,31LIG0,Cadillac,CTS
739899,54,82,green,blue,female,F67864,Chevrolet,G-Series 2500
739943,36,78,brown,blue,female,Q455VB,Lincoln,MKX
739962,26,64,blue,red,female,61KZIV,Subaru,Legacy
739965,40,75,blue,green,female,3W23QJ,Toyota,Camry
740169,44,77,green,brown,female,7V6W4B,Chrysler,Prowler
740175,39,61,green,green,male,58JD6E,Smart,Fortwo
740273,42,81,brown,red,female,YIR1TM,Infiniti,QX56
740278,88,81,blue,white,female,57LX17,BMW,X5
740475,47,77,amber,black,male,26S42I,Toyota,Camry Hybrid
740685,30,55,brown,grey,female,QTJRZG,Aston Martin,V8 Vantage
740703,72,60,amber,blonde,male,07TIP3,Cadillac,CTS-V
740737,36,70,green,grey,male,OIS02O,Buick,Park Avenue
740775,25,71,black,blue,male,4MRR4E,Ford,GT500
741042,77,51,blue,blue,male,T028E0,Chevrolet,Camaro
741125,24,66,green,grey,female,0J8H64,Ford,Econoline E150
741176,66,65,green,white,male,21PDL3,Scion,tC
741177,49,74,black,white,female,64BXN3,Bentley,Continental
741243,39,68,black,green,male,P2605H,Volkswagen,GLI
741336,55,71,amber,red,male,01O023,Chevrolet,Silverado 3500
741376,53,79,amber,blue,male,3Q1421,Toyota,4Runner
741408,25,73,green,blonde,female,B4VT85,Chevrolet,Equinox
741423,52,81,brown,blue,male,12841G,Cadillac,STS
741514,59,52,green,grey,female,8J03F0,Mercury,Cougar
741581,25,55,brown,white,female,Q6LBW3,Chevrolet,Impala
741585,26,55,blue,blue,female,177110,Pontiac,Grand Prix
741782,68,62,green,black,male,V436SS,Porsche,Boxster
741870,42,76,green,grey,male,4VQ6SW,Honda,Civic
741873,52,52,amber,brown,female,4S7327,Dodge,Avenger
742107,72,63,blue,red,male,1DLQ4O,Audi,S5
742111,24,62,blue,blonde,female,GQ683V,Dodge,Caliber
742223,47,70,blue,blonde,male,4YAFH0,Cadillac,SRX
742417,30,70,amber,black,female,4HU2OU,Volvo,V70
742627,23,78,black,grey,male,N8II05,Saab,900
742679,41,81,green,blue,female,4D6625,Lexus,RX
742855,55,62,blue,blonde,male,AZI615,Porsche,Cayenne
742932,79,52,green,blue,male,388222,Dodge,Viper
742950,78,78,amber,green,female,16U77Q,Cadillac,DeVille
742998,85,53,amber,blonde,female,1CKE25,Lamborghini,Murciélago
743101,84,64,amber,white,male,HEUWUY,Kia,Sportage
743361,41,62,amber,blue,female,51256T,GMC,Sierra 2500
743364,21,56,green,grey,male,3L617I,Nissan,cube
743465,32,74,amber,green,male,W10L6X,BMW,X6 M
743623,49,58,amber,grey,male,36XYTJ,Spyker,C8 Spyder
743769,68,74,black,black,male,6F1S57,Chevrolet,Corvette
743849,58,68,green,black,female,R2CUR1,Nissan,350Z Roadster
744238,38,69,green,grey,female,H5Y127,Toyota,Highlander
744303,47,53,green,white,female,50P3CP,Oldsmobile,Silhouette
744604,45,53,black,brown,male,KJWXI1,Land Rover,LR3
744761,81,59,brown,grey,male,400047,Kia,Optima
744801,82,82,brown,blonde,male,R20848,Chevrolet,Monte Carlo
744904,79,56,brown,blue,male,5I465V,Ford,Freestar
745039,21,74,black,grey,male,2X4DJ5,Subaru,Outback
745169,76,72,blue,blonde,female,N2476K,Spyker,C8 Laviolette
745258,18,52,brown,red,female,32R62H,Oldsmobile,Alero
745488,77,78,green,blonde,female,0546IN,Cadillac,DTS
745903,55,59,green,green,female,Y36XL3,Mitsubishi,Outlander
745919,64,74,black,black,female,W31U1Y,Mercedes-Benz,G-Class
745952,22,56,green,blue,female,41U3L1,Nissan,Altima
745961,45,65,amber,black,female,K21R82,Volvo,C70
745970,54,54,blue,green,female,6Y68JA,Ford,Th!nk
746041,82,57,amber,grey,female,82T750,Dodge,Sprinter
746096,70,51,green,brown,male,7IZA72,Mazda,Protege
746148,36,69,blue,white,male,Q873CT,Chevrolet,Silverado 3500
746149,40,53,amber,blonde,female,KWPZ8S,Mercedes-Benz,E-Class
746276,24,66,green,red,male,H5Y4TA,Toyota,Matrix
746291,26,63,brown,brown,female,OA047U,Volvo,S40
746371,53,53,blue,brown,male,2D6IGE,Volvo,V50
746478,69,71,amber,blue,male,S508UY,Aston Martin,DBS
746627,75,60,blue,black,female,PE766B,Rolls-Royce,Phantom
746676,26,79,brown,red,male,5BYM1N,Lincoln,MKZ
746970,25,60,black,blonde,female,Z1TUOP,Cadillac,Escalade ESV
747226,88,55,green,green,male,0G4628,Subaru,Impreza
747249,69,82,green,blonde,female,8UBYLJ,Porsche,911
747351,25,55,green,green,male,1KUVRP,MINI,Cooper Clubman
747366,24,76,brown,white,female,O1MF15,GMC,Sierra 1500
747471,72,59,green,blue,female,23E51M,Ford,E250
747500,79,53,blue,grey,male,4QWMM1,Chrysler,Voyager
747535,39,56,blue,red,female,O1E8FP,GMC,Yukon XL 2500
747622,81,57,blue,blonde,female,I0VV10,Mercedes-Benz,Sprinter
747700,66,52,brown,grey,female,076EHW,Nissan,Quest
747768,76,73,brown,blue,female,WI5Y5Y,Acura,ZDX
747797,56,80,blue,white,male,E768IR,Volvo,S60
747912,20,53,black,black,female,4E0750,Lamborghini,Gallardo
747927,18,78,green,blue,male,BD25T2,Ford,F150
748068,51,67,amber,brown,male,03J428,GMC,Yukon XL 1500
748143,28,71,black,blue,female,R1XNN3,Honda,S2000
748217,54,56,amber,blonde,male,7511GS,Suzuki,Verona
748480,26,52,brown,red,female,Y1F5A6,Ford,Escape
748508,34,78,brown,blonde,male,1L2LJG,Mercury,Marauder
748649,22,51,green,blonde,male,XCLO80,Suzuki,Equator
748662,63,52,green,blue,male,3NQW01,GMC,Sierra 3500
748762,46,76,black,white,male,1SZ46F,Chevrolet,Silverado 2500
748810,50,76,blue,red,male,BY17LO,Subaru,Outback
748841,29,78,black,blonde,female,64QI45,Ferrari,FF
748862,62,57,brown,blonde,female,DI6EJX,Lexus,IS F
748922,45,52,brown,white,female,T6STS6,Suzuki,Daewoo Lacetti
749028,85,76,brown,blue,female,38VY63,Ford,Fiesta
749036,18,79,brown,green,female,L1B8YJ,Chevrolet,Malibu
749106,79,65,black,black,female,16MSNR,GMC,Savana 3500
749198,66,58,blue,blue,male,R4O053,Ford,Edge
749441,76,82,green,green,male,WR2Z25,Acura,RSX
749473,29,72,amber,grey,female,ULNQ1X,Land Rover,Freelander
749498,64,54,blue,black,female,SNVO0N,Ford,Mustang
749611,47,54,blue,black,male,HG178U,Subaru,Forester
749699,68,72,blue,blonde,female,HU04NH,Buick,Century
749898,85,72,green,red,male,FAJA1P,Mercury,Monterey
749998,72,68,black,green,male,13O441,Chevrolet,Monte Carlo
750115,59,55,blue,red,female,PR55Q2,Kia,Spectra
750174,83,51,amber,blonde,female,40VLS6,Mercedes-Benz,M-Class
750208,51,52,blue,brown,female,S4K86S,Mercedes-Benz,G-Class
750303,54,82,brown,white,male,7D26M6,Mazda,B-Series Plus
750304,42,59,brown,white,female,F64N1H,Infiniti,QX56
750535,87,50,amber,blonde,male,G8LNLO,Dodge,Stratus
750624,49,69,blue,black,male,B75HF3,Subaru,BRZ
750643,55,74,amber,blonde,male,S1E5TY,Mercedes-Benz,R-Class
750772,59,77,brown,green,male,4WB3YC,Lincoln,LS
750842,20,61,green,blue,male,345UH7,Lexus,LX
750879,18,76,amber,green,female,NBW0DX,Audi,A6
750971,87,76,brown,grey,male,FAQJ20,Volvo,XC90
751014,63,52,blue,green,female,831BM2,Chrysler,200
751211,48,59,green,brown,female,G7V1GF,Acura,ZDX
751214,59,71,blue,white,female,0T645Q,Volkswagen,Passat
751409,83,71,brown,grey,female,CHVV1B,Audi,riolet
751578,66,70,amber,grey,male,70QRVY,Chevrolet,Equinox
751621,35,58,amber,blue,female,ENEZ0C,Cadillac,XLR
751675,77,73,black,white,male,8N016K,Lincoln,Blackwood
751884,65,63,amber,red,female,EI43U3,Honda,S2000
751995,85,68,blue,black,male,55ABV1,Nissan,Quest
752000,33,64,black,green,male,06GTXZ,Audi,TT
752047,51,58,amber,grey,male,H27ZE3,Lincoln,MKX
752373,86,62,black,black,male,SR72AM,Hyundai,Elantra
752384,88,74,green,black,male,24N2P4,Ford,Mustang
752548,49,53,brown,black,male,7FJ45E,Ford,Excursion
752640,53,65,black,brown,female,8V107I,Pontiac,Bonneville
752807,30,51,amber,green,female,8G5G05,Mercedes-Benz,GL-Class
752925,30,61,brown,red,female,MTMR6N,Aston Martin,Rapide
753111,38,81,black,brown,female,E2A016,Dodge,Dakota Club
753205,23,61,amber,green,female,J52HFZ,GMC,Sierra 3500
753208,55,72,brown,green,male,430W7C,GMC,Yukon Denali
753402,46,74,green,red,male,G8DLTI,Toyota,Matrix
753449,87,63,amber,white,female,ODV0J5,Lexus,IS F
753463,34,61,blue,white,male,R83C3N,Infiniti,QX
753524,89,77,brown,grey,male,6YA5LT,Maybach,Landaulet
753528,29,82,brown,white,male,C4WTI4,GMC,Envoy XL
753602,68,72,blue,red,female,85SNU5,Lincoln,Town Car
753817,38,57,brown,red,male,D72WRI,Pontiac,Vibe
754168,79,77,amber,blonde,female,414275,Volvo,S40
754202,60,77,blue,white,male,Y2VW3T,Acura,TSX
754476,62,52,amber,grey,male,FO33DN,Nissan,cube
754654,51,61,blue,red,male,5GF75A,Mercury,Villager
754705,78,68,brown,red,male,85ZV6O,Volvo,S60
754818,63,66,black,black,female,1V21JF,Hyundai,Sonata
754891,53,63,blue,brown,female,60KM8O,Kia,Sorento
755026,46,64,blue,green,female,FF0SYF,Mercedes-Benz,C-Class
755127,23,58,brown,brown,female,775L2V,Pontiac,Sunfire
755166,84,75,green,brown,female,486720,GMC,Savana 3500
755253,21,67,amber,green,male,C14VX2,Ford,E250
755274,29,73,black,grey,female,4JUX8R,Porsche,911
755355,62,59,black,grey,male,1R8Z87,BMW,M3
755383,18,79,black,blonde,female,6KO181,Mercury,Montego
755580,49,52,green,grey,male,0V185X,BMW,745
755660,43,73,black,white,male,CL788V,Suzuki,XL7
755764,37,62,brown,blonde,male,L65JYH,Chevrolet,Monte Carlo
755830,34,71,black,blonde,male,3P3FOR,BMW,M
755881,25,73,black,black,female,342050,Chrysler,Town & Country
755996,39,56,blue,grey,male,7E401Y,Chevrolet,Silverado 3500
756099,86,54,brown,white,female,7T0KV4,Ford,F350
756104,79,69,blue,blonde,male,22KGV6,Volkswagen,Eos
756117,74,76,blue,blonde,male,7T525B,Mercedes-Benz,E-Class
756181,38,67,blue,black,male,258SK0,Aston Martin,DB9
756366,37,64,brown,blue,male,20YP4Y,GMC,Suburban 1500
756503,59,67,black,green,female,DV6FT4,Chevrolet,Cavalier
756518,33,76,black,black,male,L8C1K1,Ford,Focus
756594,55,68,green,green,female,6P2E1P,Lotus,Exige
756766,49,57,black,grey,male,27NG73,Saturn,Outlook
756799,52,52,black,blue,male,7MR12W,Cadillac,Escalade
756889,27,82,brown,blonde,female,ITC673,Pontiac,Firebird
756902,49,74,black,blonde,female,4TQSD3,Infiniti,G35
757366,28,82,amber,brown,female,06ZB8H,Jaguar,XK Series
757371,19,74,blue,brown,female,BD4A33,Maserati,GranTurismo
757378,78,79,amber,blonde,female,88F78H,Cadillac,CTS
757408,64,78,brown,grey,female,464FWW,Suzuki,Daewoo Lacetti
757478,20,75,blue,blonde,female,7FNOYU,Ford,F-250 Super Duty
757719,29,77,black,blue,female,43R421,Kia,Sedona
757844,59,77,brown,black,male,213RZQ,Pontiac,Torrent
757911,78,51,black,blonde,female,40YE0T,Chevrolet,Tahoe
758007,54,72,amber,green,male,RK2WFB,GMC,Savana 1500
758080,65,65,green,grey,female,741ZA8,Lamborghini,Murciélago
758190,52,57,black,grey,male,015344,Ford,Taurus
758368,77,70,green,black,male,SZS177,Ford,Flex
758376,26,80,amber,blonde,female,5N60A2,Audi,RS4
758406,77,57,blue,blue,female,70Z60C,Cadillac,Escalade ESV
758478,46,64,amber,brown,female,7RU0HM,Cadillac,Eldorado
758753,25,68,brown,black,female,1X266S,BMW,7 Series
758856,83,69,amber,white,female,DK6030,Mazda,Mazda5
758871,57,68,amber,green,male,R53O7P,Audi,A6
759106,43,67,black,blue,female,DD4C08,Cadillac,CTS
759313,48,75,brown,black,female,0M3IYZ,Pontiac,Firebird
759387,84,55,blue,blue,male,L70625,Toyota,Camry
759562,49,76,black,black,male,871L4X,Audi,A4
759875,44,74,blue,grey,male,VVSNL5,Infiniti,G
759904,28,57,amber,red,female,G84KYL,Mercedes-Benz,S-Class
760020,64,55,green,black,male,6OFFEX,Volvo,V70
760352,84,81,brown,brown,female,FFT4C4,Oldsmobile,Achieva
760432,32,75,green,brown,female,C4TCBW,Acura,NSX
760458,46,77,blue,green,female,3V2524,Toyota,RAV4
760505,67,72,amber,grey,female,CF8H0L,Toyota,Highlander Hybrid
760560,51,75,brown,red,female,MFS21I,Chevrolet,Cavalier
760603,20,80,blue,green,female,Y5H5LI,Nissan,Maxima
760627,64,63,amber,grey,male,25Q8KW,Toyota,MR2
760683,40,65,green,blue,female,M7LT22,Lincoln,LS
761021,32,71,blue,blonde,male,K1847Z,Cadillac,DeVille
761075,81,59,black,black,male,52C1J0,Suzuki,Swift
761167,57,62,black,blonde,male,0V1070,Dodge,Neon
761218,64,56,black,brown,male,JUDAJR,Pontiac,Montana
761533,56,70,black,blue,male,BW2TVM,Subaru,Outback
761727,30,50,amber,blonde,female,NWJM3U,Chevrolet,Tahoe
761779,38,78,blue,grey,male,M0G4L0,Lincoln,MKX
761873,67,64,blue,blue,male,6BOJSY,Nissan,Altima
761966,68,71,brown,black,male,E64X7I,Toyota,Sienna
762018,85,81,black,black,male,3V7P03,Toyota,Land Cruiser
762047,83,73,black,blonde,male,1K8763,Lincoln,LS
762421,80,68,brown,white,male,EN8ZQ2,Toyota,Avalon
762477,37,66,blue,brown,male,O8YIHB,Ford,Explorer
762596,57,50,amber,white,female,823048,Land Rover,Discovery
762683,72,68,green,blue,female,0I2KXB,Mazda,Mazda6 5-Door
762738,65,64,amber,grey,male,65707P,BMW,M6
762753,40,77,green,black,female,8YOI75,Chevrolet,Trailblazer
762800,23,72,green,green,female,SCJ61M,Chevrolet,Silverado 2500
763007,44,80,black,black,female,504RI6,Land Rover,LR2
763049,36,56,amber,white,female,O48RV3,Lexus,CT
763268,66,50,amber,grey,female,ZEA3GT,Cadillac,SRX
763360,22,70,amber,red,male,0XH8S1,Toyota,Sequoia
763488,40,69,amber,brown,male,O56XX8,Buick,Rainier
763608,39,64,black,red,female,8VMI0L,BMW,760
763634,38,77,green,grey,female,O03X70,Chevrolet,Suburban 2500
763675,55,74,blue,green,male,CBKHP2,Aston Martin,Vantage
763810,85,54,brown,white,female,703V3F,Bentley,Continental GTC
763863,51,79,green,white,female,P068SN,GMC,Suburban 1500
764016,53,75,blue,grey,female,3GSF18,Mercedes-Benz,S-Class
764124,46,78,amber,blonde,female,1I281J,Chrysler,Town & Country
764185,54,82,blue,white,female,MU66JS,Mazda,B-Series Plus
764218,73,67,blue,green,male,K34482,Hyundai,Accent
764251,59,53,amber,blue,female,O2Y384,Ford,Freestar
764266,42,69,brown,blue,female,38117D,Kia,Spectra
764308,22,77,brown,white,female,F8B363,Lexus,ES
764354,79,57,amber,brown,female,3X0542,Toyota,Camry
764366,48,67,amber,green,male,726P5H,Acura,RL
764468,87,62,green,blonde,male,GND4GY,Ford,Expedition EL
764757,85,52,green,black,female,4O2T3G,Mercedes-Benz,S-Class
764770,39,66,black,red,male,N4V62L,Pontiac,Vibe
764855,45,70,green,blue,female,Y1R8JK,Nissan,Murano
764914,29,56,blue,white,female,3P151G,Subaru,Baja
765056,76,77,black,white,male,URF5LF,Volkswagen,New Beetle
765171,26,71,blue,white,female,U84C63,Suzuki,Kizashi
765280,22,73,amber,black,female,KG2F83,Ford,Explorer Sport Trac
765352,54,65,black,grey,female,BBJP81,Toyota,Celica
765399,85,74,brown,green,male,3W3ST8,Suzuki,Esteem
765437,62,73,amber,grey,female,W4MO3H,Volvo,V90
765575,47,73,green,green,male,2X85A6,Chevrolet,SSR
765610,19,72,green,brown,female,WA7B6K,Mazda,Tribute
765688,69,50,black,brown,female,84K55I,Mercury,Mountaineer
765700,61,52,green,brown,female,N084N7,Acura,MDX
765828,18,53,green,red,female,V2AY1S,Chevrolet,TrailBlazer
765842,43,79,blue,blue,female,3KV4Y3,Saab,9-5
765992,66,59,blue,red,female,C311TU,Lexus,ES
766047,48,70,black,green,female,60P748,Lincoln,Town Car
766079,45,82,black,black,female,08SGIP,Mercury,Mariner
766197,24,66,black,blue,male,4Y2O6E,Suzuki,SX4
766228,88,67,black,white,female,SB6GN1,Saturn,Ion
766313,20,82,blue,white,male,R0B883,GMC,Safari
766416,36,53,black,blonde,male,57XL56,Subaru,Impreza
766506,62,74,black,brown,male,87808Z,Isuzu,Rodeo
766647,75,53,blue,red,female,1J0456,Pontiac,GTO
766666,88,69,blue,red,male,K772DP,Ford,Escape
766745,84,72,green,blue,female,83OAYD,Mercedes-Benz,GL-Class
766839,89,53,brown,brown,female,C685WN,BMW,Z3
766918,69,63,green,red,female,UC6046,BMW,X5
767128,85,60,blue,blue,male,3SQ371,MINI,Cooper
767192,68,50,amber,green,male,55O8J2,Aston Martin,Rapide
767206,50,64,green,red,female,14K3O6,GMC,Savana 2500
767227,71,74,green,grey,male,LX4S8E,GMC,Savana Cargo Van
767582,60,82,black,green,female,MWHRM1,Isuzu,Rodeo
767585,58,64,black,brown,male,3V2757,Chrysler,Town & Country
767598,43,82,black,green,female,5NM38S,Suzuki,Daewoo Magnus
767681,89,65,brown,grey,female,ZB2ISP,Audi,Q7
767901,89,77,black,blue,female,V7L877,Hyundai,Accent
767988,86,74,brown,grey,male,15H7O2,Suzuki,XL-7
768069,48,67,blue,brown,female,U07VX8,Mercedes-Benz,GL-Class
768128,34,50,amber,blonde,male,0653YR,Volvo,XC90
768156,75,60,blue,green,female,6RK5J4,Volvo,XC90
768213,26,58,green,white,male,61O007,BMW,Z4
768245,20,59,green,black,female,2D513S,Mitsubishi,Galant
768269,84,76,blue,grey,female,O3P8P0,Chevrolet,Equinox
768345,39,66,black,white,female,0XLT13,Chevrolet,Avalanche 1500
768359,55,79,brown,blue,male,7KUZD0,Ford,E250
768367,64,59,brown,grey,female,7R86R2,Chrysler,Pacifica
768410,27,51,black,white,female,23TSPR,Jaguar,XK
768531,56,78,amber,red,male,3S24N7,Lincoln,Continental
768568,67,69,amber,red,female,1AA852,Volvo,S80
768751,51,51,black,black,male,I2U33X,Chevrolet,Express 2500
768802,77,74,black,black,male,C870FJ,Porsche,911
768863,84,74,amber,white,male,K4FRL5,Toyota,FJ Cruiser
768888,84,67,blue,blonde,male,Y4T8P0,Hyundai,Tiburon
769001,81,76,brown,black,male,Q5XOT2,Ford,F250
769030,63,71,green,black,male,2TA578,Cadillac,DTS
769073,43,69,black,green,male,PPQ111,Ford,Freestar
769361,63,77,black,white,male,8CY4B8,Mazda,Mazda6 5-Door
769596,55,64,amber,brown,female,UMUCAU,Lexus,LS
769612,77,74,green,blue,male,EEQX4R,Oldsmobile,Silhouette
769834,31,67,green,green,female,45DHVR,Mazda,Mazda5
769860,28,79,amber,green,female,DZ11B4,Mitsubishi,Galant
769863,88,61,blue,green,female,3YKF4L,Nissan,JUKE
769971,43,74,green,brown,female,55OQB8,Ford,E350
770304,22,55,amber,black,male,2S51J2,Nissan,Frontier
770336,43,53,green,white,female,U05OZO,BMW,3 Series
770461,39,75,amber,blue,male,1GVLJV,Nissan,Altima
770466,76,80,blue,white,female,XOSK80,HUMMER,H2
770570,61,60,black,grey,male,35ALFN,Ford,F-Series Super Duty
770610,41,57,green,white,male,8X03U7,BMW,3 Series
770659,44,57,black,brown,male,7MI77S,Ford,Ranger
770853,78,78,green,white,male,34E515,Chevrolet,Express
770897,26,66,black,white,female,061BW4,Infiniti,QX
770962,53,56,green,grey,female,7710OS,Cadillac,Escalade
771121,84,53,blue,grey,male,L4706P,Mazda,Mazda3
771137,30,76,blue,green,male,I0EGO7,Pontiac,Grand Am
771224,35,71,black,blue,female,M7L2CC,Saturn,VUE
771334,20,76,amber,blonde,female,6Q7KIN,Land Rover,LR2
771402,80,75,black,grey,female,3W5I7S,Volkswagen,Tiguan
771502,47,62,blue,blue,female,SOG1P3,Mercedes-Benz,GL-Class
771507,88,60,blue,brown,female,6N2561,Jeep,Grand Cherokee
771649,23,65,brown,black,female,5J4N45,Mazda,B-Series Plus
772003,79,75,blue,red,female,I43CVP,Subaru,Forester
772081,25,65,brown,black,female,51N18E,Mitsubishi,Outlander
772124,72,54,green,black,female,57R1R4,Oldsmobile,Intrigue
772165,31,58,amber,blue,female,CZ820B,Isuzu,Trooper
772392,76,75,black,blonde,male,3U5TON,Ford,F350
772448,44,59,blue,blue,female,N07U5J,Chevrolet,Venture
772515,19,75,amber,green,female,SZD32B,Ford,F250
772527,21,56,black,white,female,X1KISV,Ford,Ranger
772837,31,80,brown,red,male,3THRJX,Jeep,Grand Cherokee
772899,59,77,amber,green,male,48V583,Mitsubishi,Galant
773358,71,64,black,blonde,male,6RI8NS,Mazda,Mazda6
773549,32,77,brown,black,male,U2Z333,Ford,Mustang
773582,49,64,amber,green,male,VGU665,Jeep,Patriot
773608,70,58,brown,red,male,32I72F,Ford,Crown Victoria
773641,83,76,green,blue,female,O25V0O,Acura,TL
773831,59,81,black,green,male,B601A4,Chevrolet,Suburban 2500
773846,68,61,blue,blue,female,240815,Volkswagen,Eurovan
773861,22,75,blue,green,male,20BFRY,Oldsmobile,88
773862,32,73,green,red,female,JY25MA,GMC,Yukon XL 2500
773874,53,64,black,red,male,28VQ7S,Ram,C/V
773900,46,68,amber,green,male,5UR0JP,Ferrari,F430
773942,85,67,green,white,female,YEN050,Lexus,GS
774116,88,53,green,red,female,Z67X8S,Chevrolet,Silverado 3500
774159,30,77,brown,white,male,LMWAS6,Maybach,Landaulet
774621,39,66,amber,grey,female,XJJDC6,Chevrolet,Astro
774718,84,81,amber,grey,female,AD8H1O,Mercury,Mountaineer
774729,26,62,brown,red,female,6YF0K5,Chevrolet,Silverado
774762,77,53,amber,red,male,55Y25P,GMC,Sierra 1500
774789,37,51,amber,grey,female,HZ856Z,Honda,Civic
774805,75,76,green,red,female,YUM34K,Lincoln,Town Car
774972,21,70,blue,blue,male,ONF6BH,Mazda,B-Series
775115,33,64,blue,white,male,32JF3X,Toyota,Sequoia
775172,70,72,green,red,male,B60OZ6,Dodge,Dakota
775259,22,73,green,white,female,GU5008,Mercury,Sable
775281,28,56,black,black,male,1J8C43,Isuzu,Rodeo
775284,18,63,green,white,female,AFC0DZ,Audi,S5
775289,62,81,blue,blue,female,F23BV5,Cadillac,STS
775300,27,66,black,grey,male,6U3L1G,Toyota,Sequoia
775488,40,71,brown,green,male,IJH67K,Hyundai,Santa Fe
775752,72,70,brown,black,male,18JFZW,Chevrolet,Aveo
775817,43,69,amber,brown,male,FAO1PQ,Hyundai,Elantra
775841,45,53,brown,red,female,V6KZ70,Kia,Sportage
775993,32,58,amber,blue,male,TUQVCS,Chevrolet,Express
776177,38,53,brown,black,male,48ZY15,Mercury,Grand Marquis
776213,33,70,green,green,male,L73W1D,Toyota,Tacoma
776297,29,78,amber,grey,female,W83SU2,Isuzu,Ascender
776311,42,64,amber,black,male,B8N741,Mercedes-Benz,R-Class
776338,62,67,green,brown,male,1R3F71,Mercedes-Benz,C-Class
776341,78,71,black,red,female,N281RI,Lexus,LS
776365,64,73,black,grey,male,475P7O,Audi,S8
776388,75,66,brown,grey,female,O624CH,Jaguar,XK Series
776460,71,50,blue,brown,female,7758AY,Nissan,Sentra
776714,23,80,amber,green,male,E8D6E1,BMW,7 Series
776732,60,72,black,green,female,8A7CDP,Mercedes-Benz,C-Class
776758,85,73,green,brown,male,YG5S55,Scion,FR-S
776982,63,78,green,brown,male,D6213M,Mazda,Mazda3
777014,79,63,black,brown,female,W48MHD,Chevrolet,Blazer
777112,31,74,brown,red,male,75U80W,Suzuki,SX4
777125,77,82,blue,brown,male,4Y8YN5,Ford,Focus
777126,30,68,blue,blonde,female,603567,Maserati,Spyder
777154,82,59,black,blue,male,R6J3UK,Cadillac,CTS
777235,41,75,brown,grey,female,451P83,Volkswagen,Jetta
777431,69,62,black,blonde,female,2L6ITH,Land Rover,Range Rover
777504,24,55,blue,red,female,O31D40,GMC,Savana 1500
777571,53,72,black,brown,male,ZJLIC3,Porsche,Boxster
777636,51,80,amber,grey,male,2O84N5,Mazda,Mazda5
777653,52,52,brown,blue,male,8C883Q,Mercedes-Benz,E-Class
777687,56,58,black,grey,female,QY85Z2,Dodge,Journey
777776,31,62,green,red,male,C4LQT8,Mercedes-Benz,C-Class
777792,70,81,blue,blonde,male,N718TI,Honda,Odyssey
777860,41,70,black,black,male,WW78L5,Jeep,Liberty
777881,66,66,brown,red,male,6644QA,Audi,A8
778099,73,57,black,blue,male,03P661,Cadillac,Seville
778230,58,60,blue,grey,female,8P4XKK,BMW,5 Series
778449,77,67,brown,green,male,H18X1P,Mercedes-Benz,CL-Class
778457,25,78,black,grey,female,7HYU63,Ford,Edge
778479,50,55,black,blonde,female,BS50O6,Dodge,Dakota
778781,29,51,black,brown,female,EK3KHU,Jeep,Wrangler
778811,35,63,amber,brown,female,PBD0NG,Rolls-Royce,Ghost
779002,52,64,black,blue,male,8OLS80,Lotus,Exige
779040,68,69,amber,blue,female,203YZP,Bugatti,Veyron
779166,71,60,brown,red,male,051W4J,BMW,5 Series
779250,69,71,amber,grey,male,A8N1T3,Buick,Enclave
779256,64,62,green,blonde,male,VO0488,Dodge,Avenger
779260,23,61,amber,blonde,male,G226N1,Land Rover,Discovery
779347,33,50,black,green,female,SCJG6B,Maserati,GranSport
779352,69,54,amber,grey,male,N757D0,Chevrolet,Silverado 3500
779492,75,57,green,white,female,711CP7,Porsche,911
779563,28,72,green,grey,male,1W8060,Mercedes-Benz,CLS-Class
779573,60,72,blue,white,female,0VFJ6I,Aptera,Type-1h
779640,33,54,green,brown,female,0HC6NJ,GMC,Sierra 2500
779700,49,69,blue,black,male,85J0X0,Dodge,Ram 2500
779722,46,67,blue,green,female,DP21Q5,Volkswagen,GTI
779924,82,74,blue,brown,female,CU032L,Ford,E250
780145,23,57,brown,black,female,0VX6J0,Land Rover,Freelander
780241,62,73,brown,black,female,4KW58Y,Acura,RL
780274,88,72,amber,white,female,L67P82,Hyundai,Veracruz
780289,37,50,blue,blonde,female,FK2O73,Nissan,Quest
780300,24,62,green,brown,male,0I5FE0,BMW,Z3
780363,81,80,green,brown,female,5684BQ,Toyota,Tundra
780457,39,75,black,grey,male,3Z56OQ,Toyota,Tundra
780551,74,71,black,white,female,X6F6EB,Cadillac,Escalade ESV
780635,59,72,blue,red,male,20E3V6,Lexus,RX Hybrid
780659,44,50,brown,green,male,H17GA7,Chevrolet,Express 1500
780764,49,75,brown,blue,female,NXFI75,Honda,Insight
780916,89,69,green,black,female,7JG052,Cadillac,DTS
781055,83,65,black,red,male,528V4G,Toyota,Ipsum
781164,78,75,green,black,female,4674FP,Ford,Explorer Sport Trac
781212,86,73,black,blue,female,252C7N,Chevrolet,Suburban 2500
781213,81,66,amber,brown,female,48KZ7N,Nissan,Quest
781215,40,55,black,blonde,male,830LX0,BMW,Z4
781264,55,68,blue,grey,female,8064W2,Ford,F350
781373,75,75,black,blonde,female,T1B0BE,Dodge,Ram 1500
781393,49,53,green,green,female,ZE60AZ,Lamborghini,Gallardo
781463,45,76,green,white,female,6PP6P1,Mercury,Grand Marquis
781568,66,74,amber,green,female,377543,GMC,Acadia
781583,25,58,green,blue,female,4283FC,Porsche,Cayenne
781743,26,62,amber,grey,female,XU403E,Toyota,Corolla
781794,49,52,brown,green,male,F21C0E,Jeep,Grand Cherokee
781965,59,75,black,blue,female,A8QAI5,Hyundai,Tiburon
781974,86,69,brown,brown,male,706614,BMW,M3
782001,19,78,amber,grey,male,3HYAAF,Dodge,Challenger
782223,65,64,blue,grey,female,V063F3,Ford,E-Series
782414,49,55,green,grey,male,EHFG5Y,Lexus,LS
782417,69,61,green,green,female,K7QZXH,Lexus,LX
782658,87,50,blue,red,male,G47Y5I,Chevrolet,Express 2500
782669,19,81,brown,grey,female,566MJ1,Aston Martin,V8 Vantage
782685,37,60,blue,blue,male,6NC6U0,Chevrolet,Express 2500
782857,43,53,black,red,male,I1J141,Mercedes-Benz,CLK-Class
782875,30,69,brown,brown,male,5RD3BG,Acura,RDX
783016,48,73,black,brown,female,4142F5,Kia,Amanti
783017,33,64,blue,white,male,O7730V,Dodge,Caravan
783122,42,52,blue,brown,female,U40N76,BMW,M
783183,36,72,brown,green,male,I16H4F,Lexus,RX
783253,66,67,green,blonde,male,UPFNR2,Honda,Civic
783555,78,55,blue,red,male,8GAS7I,Lexus,RX
783679,48,64,brown,green,male,Q77YI8,Mercedes-Benz,M-Class
783775,73,51,black,blonde,male,JGF6N8,Oldsmobile,Bravada
783923,60,58,amber,grey,male,5867FK,BMW,X5
783985,61,67,black,white,male,5H13IB,Volvo,S80
784034,51,54,blue,brown,male,P71M8Y,BMW,X5
784126,78,77,black,blue,female,B74AX6,BMW,760
784350,37,78,blue,grey,male,X43778,Volkswagen,New Beetle
784380,33,67,blue,black,male,W033BO,Mazda,Tribute
784418,85,52,brown,green,female,OK7I4E,Infiniti,EX
784456,77,65,black,blonde,female,I75547,Suzuki,Grand Vitara
784507,78,71,amber,green,female,U4JFEV,Chevrolet,Astro
784511,36,56,brown,black,female,GAD54G,Ford,E-Series
784553,80,75,green,white,female,1SR6Q6,Maybach,57
784633,29,74,blue,blonde,female,6F6664,Cadillac,Escalade ESV
784653,45,65,brown,white,female,16YT1W,Hyundai,Equus
785004,29,52,green,blonde,female,3VB071,Plymouth,Prowler
785158,68,64,black,grey,male,YJ43WR,Audi,A8
785407,82,60,brown,brown,female,K2P5RF,Chevrolet,Suburban
785428,32,71,brown,blue,female,L5C40A,Bentley,Azure
785515,27,68,black,black,male,V735QX,Kia,Sedona
785559,22,53,brown,white,male,124AHX,Infiniti,G
785576,79,57,black,blonde,male,H2C1N7,Chevrolet,Silverado 1500
785596,35,53,green,grey,male,5I04L7,Chevrolet,Cruze
785639,81,55,blue,blonde,female,CVILH1,Honda,Civic
785752,87,75,blue,red,male,1704PG,Mercedes-Benz,S-Class
785779,52,52,green,white,female,2P200U,Mazda,MX-5
785801,46,71,blue,red,female,U56FS3,Ford,Crown Victoria
785849,63,52,amber,blue,female,CXA267,BMW,X6
785883,20,82,amber,blonde,female,42XE45,Mercedes-Benz,S-Class
785950,86,63,brown,grey,female,8JWIWC,Maybach,57
786010,71,64,brown,brown,male,K43160,Cadillac,Eldorado
786163,89,51,black,grey,male,ALE878,Jeep,Grand Cherokee
786182,22,57,brown,red,male,0E6L31,Chevrolet,Avalanche 2500
786204,30,77,amber,brown,female,6W8B30,Oldsmobile,Intrigue
786227,29,82,brown,green,female,5YLSL6,Volkswagen,New Beetle
786319,75,53,amber,red,male,G1M64M,Dodge,Stratus
786678,62,65,blue,blue,female,LV4RM3,Ford,E-Series
786930,56,65,green,blonde,male,U05JSU,Ford,F350
787270,70,66,brown,red,female,Z746G5,Ford,Escape
787365,78,69,amber,black,female,23C0MX,Mitsubishi,3000GT
787400,80,77,black,white,male,8V233X,Audi,Cabriolet
787454,26,57,green,blonde,male,23R5X7,Lamborghini,Gallardo
787551,58,67,brown,black,male,5P5156,Kia,Rio
787557,37,82,amber,black,male,2PR0M5,Infiniti,G
787559,53,71,brown,brown,male,26FGO8,Pontiac,Grand Am
787644,43,78,brown,blonde,female,2C36ZT,Chevrolet,Express 3500
787709,48,71,blue,brown,female,G75MFI,Toyota,Sienna
787875,33,52,amber,red,male,H1JQ81,Jeep,Wrangler
787882,80,70,green,white,male,6F1KBO,Volkswagen,New Beetle
787953,49,51,blue,blue,male,YBZX31,Cadillac,SRX
788001,82,50,black,red,male,5881E2,Ford,Edge
788173,36,79,amber,blonde,male,034EO3,Dodge,Ram Van 3500
788702,19,53,green,blonde,male,4DTS74,Lincoln,MKZ
788735,32,64,black,blonde,female,S41PFB,Dodge,Dakota Club
788749,48,72,blue,black,female,3SB2WR,Chevrolet,Monte Carlo
788807,43,68,green,blue,female,1RW8D6,Dodge,Dakota Club
788837,56,80,brown,red,female,272FEO,Bentley,Continental Flying Spur
789150,62,72,amber,red,female,48B54V,Volkswagen,Jetta
789302,31,70,green,green,female,UP1LCE,Ford,Windstar
789323,29,80,black,red,male,NUE656,Chevrolet,Express 2500
789356,25,59,brown,green,female,60J412,Subaru,Legacy
789386,68,53,brown,blonde,female,BYLPNI,Subaru,Forester
789656,61,78,blue,green,female,X0LQA4,Mitsubishi,Outlander
790001,34,72,blue,white,female,O15415,Oldsmobile,88
790104,42,52,amber,blue,male,1025DA,Toyota,Camry
790315,47,51,brown,green,male,13TH7I,Mazda,Mazda6
790376,60,72,black,blue,female,M0WDH5,Ford,Transit Connect
790543,38,67,brown,red,male,O4RR60,Honda,Ridgeline
790563,67,52,amber,grey,female,21H232,Toyota,Camry
790636,80,51,blue,red,female,E57M6C,Oldsmobile,88
790637,47,73,black,black,female,78VBXU,GMC,Savana 3500
790661,43,70,amber,grey,male,7281L0,Hyundai,XG350
790695,46,60,black,red,female,18P081,Chevrolet,Express 1500
790712,76,64,blue,blonde,female,S3MOYH,Mitsubishi,Galant
790777,19,78,amber,blue,male,S3J578,Chevrolet,Prizm
790844,18,55,blue,black,male,15TSMZ,Mitsubishi,Lancer
791143,82,54,brown,grey,male,O686OB,Chevrolet,Malibu
791184,43,68,green,red,female,MW5L8V,Saab,9000
791269,70,59,green,brown,male,3ZYL8M,Ford,Taurus
791385,41,74,brown,blonde,male,VYG8M8,Infiniti,G
791446,22,59,brown,red,female,VA3JH4,Toyota,Tacoma Xtra
791450,83,54,black,green,female,33AL68,GMC,Sierra 1500
791783,79,73,brown,blonde,female,8AU60K,Ford,Edge
791807,81,61,brown,white,male,TY6CS4,Ferrari,California
791934,76,64,black,black,female,J8FL3D,Dodge,Viper
792160,71,69,green,black,female,0L0A6Y,Ford,E150
792246,73,81,black,blonde,female,06272R,Kia,Rio
792333,82,66,black,grey,male,SZ11Y3,BMW,7 Series
792359,34,72,blue,brown,male,3T40I6,Ford,Excursion
792409,23,75,brown,green,male,OAOA1L,Chevrolet,Suburban
792507,19,57,amber,blue,female,861N5Q,Lexus,LX
792697,72,52,brown,white,male,W02F2A,Pontiac,Firebird
792741,81,82,black,black,male,24I57R,Lexus,LX
792951,28,67,brown,black,male,1TRB0F,Mercedes-Benz,CLS-Class
793019,41,80,brown,blonde,male,I05O1H,Volvo,S40
793150,47,65,green,blonde,male,5Y4772,Volvo,XC90
793151,21,53,green,black,male,76H8XG,Scion,tC
793233,20,75,black,green,female,XOXG22,Lincoln,Mark LT
793318,29,58,blue,grey,male,6J73UL,Plymouth,Voyager
793509,69,82,green,black,female,O152GW,Daewoo,Leganza
793567,77,73,amber,white,male,5L117V,Mercedes-Benz,SLK-Class
793777,47,81,brown,white,female,XM8866,Mazda,Mazda3
793865,63,77,amber,brown,male,RBUX2O,BMW,525
794038,61,72,green,grey,male,0N7PXS,Mazda,MPV
794186,18,66,blue,white,female,RZL84P,Chevrolet,Express 2500
794196,67,82,green,blue,female,K5WOCA,Lincoln,Navigator
794358,78,53,black,brown,female,81FSN3,Aston Martin,Vanquish S
794388,38,77,blue,black,female,BW5FO1,BMW,X5
794481,21,76,amber,red,female,7VQCH5,Porsche,911
794483,42,75,green,blue,female,3BKG6E,Dodge,Ram 3500
794746,85,62,brown,blonde,female,HGLOWR,Mitsubishi,Montero Sport
794827,77,62,black,grey,male,CGE1X6,Mercedes-Benz,CLK-Class
794850,51,51,green,blue,female,EHUB7O,Cadillac,STS
794894,18,54,green,red,female,58C1Q3,Chevrolet,Silverado 2500
794895,28,79,brown,white,female,4L3CY5,Jaguar,XJ
794896,70,52,amber,red,male,XJVF81,Plymouth,Voyager
794922,62,62,brown,blonde,male,8TZIEW,Acura,MDX
794996,40,55,blue,blonde,female,H7QT10,Bentley,Continental GT
795030,20,66,green,grey,male,660323,Toyota,Sienna
795059,35,58,green,blonde,female,AM0LF8,Mercury,Tracer
795238,25,55,blue,green,male,80D321,Mazda,Tribute
795259,62,66,brown,white,male,2DQ021,Mercedes-Benz,S-Class
795427,85,59,green,white,male,20OURC,Ford,Econoline E150
795523,74,77,brown,grey,female,KG37WB,Chevrolet,Suburban 2500
795553,64,72,green,red,male,D738F5,Infiniti,M
795560,53,81,black,brown,male,434ONO,Mercury,Mountaineer
795840,23,50,black,blonde,male,UQYA7I,Lotus,Exige
795984,65,56,blue,black,male,1L75DF,Volkswagen,Golf
796112,23,81,brown,blonde,male,L823VB,Jaguar,XJ Series
796204,81,64,brown,white,male,032AD8,MINI,Cooper
796286,71,56,black,black,male,FLXNRM,Land Rover,Freelander
796342,49,66,black,white,female,V2TOI0,Hyundai,Accent
796383,39,69,blue,white,female,Z3CZ7R,Saturn,L-Series
796506,26,80,amber,blue,male,U5I2VC,Infiniti,FX
796513,28,55,green,white,female,41B3UL,Lexus,SC
796606,33,80,black,brown,female,KA4233,Mercury,Mystique
796792,48,50,black,white,female,V7Z64W,Pontiac,G6
796898,32,53,amber,black,male,U12TOP,Ford,Escape
796925,24,75,green,brown,male,U876IF,Toyota,Avalon
796962,77,71,blue,white,female,738038,Pontiac,G8
796968,22,81,amber,red,male,H80CN8,Mercury,Milan
797000,78,51,blue,grey,male,2706KD,Mitsubishi,Challenger
797055,75,81,amber,brown,female,T1U0SB,Jeep,Commander
797122,26,55,black,white,male,QQ1TO6,Mercedes-Benz,SL-Class
797260,87,82,black,white,female,86FJ55,Mazda,RX-8
797295,68,66,amber,black,female,O230JX,Ford,F450
797508,65,59,green,black,female,Z0HNE2,Subaru,Legacy
797549,30,54,black,red,female,QCODZ5,Volkswagen,Routan
797564,50,68,amber,green,female,00T2PB,Cadillac,Escalade
797655,31,80,blue,brown,male,1B5RBK,Chevrolet,Camaro
797689,64,68,black,black,male,X3I21M,Spyker Cars,C8
797758,55,77,blue,white,male,6136KL,Mercury,Mountaineer
797809,18,67,blue,white,female,N2H21L,HUMMER,H1
797820,35,50,blue,blonde,male,G4SP6D,Chrysler,Town & Country
797892,26,76,green,black,female,8D0LJ2,Ford,F-Series Super Duty
797940,45,64,brown,black,female,HC2NCW,Maserati,GranTurismo
798010,73,80,green,green,male,5WA1MC,Dodge,Dakota Club
798159,89,54,green,black,female,3L6GHM,Honda,Accord
798209,58,68,green,green,female,6V56Z3,Mitsubishi,Lancer
798233,22,58,amber,grey,male,F68X6A,Oldsmobile,Alero
798447,59,50,black,brown,female,EP4ZKS,Volvo,S40
798511,31,76,black,green,male,70SN3M,BMW,525
798744,80,60,amber,blue,male,X8Q445,Buick,Century
798835,65,76,green,blonde,male,I7PTO2,Volvo,S40
798936,23,74,black,red,male,6UTCFJ,Dodge,Ram 3500
798984,84,57,blue,grey,male,RV1B7N,Chrysler,Town & Country
799037,65,58,blue,red,male,W67OJ5,Jeep,Grand Cherokee
799043,72,53,black,blonde,female,4L2RVS,Dodge,Viper
799086,67,71,green,black,female,1Y0383,Chevrolet,Prizm
799110,83,72,brown,grey,female,1VH85K,Volkswagen,Tiguan
799386,79,62,blue,blue,male,168W48,Hyundai,Entourage
799562,58,74,brown,grey,female,RZ302Y,GMC,Yukon XL 2500
799703,88,78,black,blue,male,Z6ONK0,Dodge,Stratus
799705,80,71,black,red,female,KO7306,BMW,X3
799716,73,76,amber,grey,female,6ZW803,Acura,RDX
799875,63,75,brown,red,female,E0N5SG,Dodge,Caravan
799958,24,50,black,brown,male,43D510,Saturn,Outlook
799980,18,74,brown,white,male,OX5331,Chevrolet,1500
800296,41,81,green,blue,female,114563,GMC,Sierra 1500
800363,70,82,black,grey,male,SHQY6Q,Porsche,Cayenne
800371,18,72,blue,blue,female,186J8U,Bentley,Continental Flying Spur
800467,64,63,amber,blue,male,XPE51K,Ford,E150
800568,83,75,amber,white,female,HK7UB5,GMC,Savana 3500
800611,70,56,green,blue,female,5630NX,Mitsubishi,Montero
800702,84,75,blue,white,female,4JL11Y,Lexus,SC
800822,81,56,blue,blonde,male,VWA82O,Lincoln,Town Car
800897,89,73,brown,grey,female,7DJOHX,Mercedes-Benz,SL-Class
800962,29,76,black,blue,male,G3AM36,Mercury,Grand Marquis
801041,29,69,amber,green,female,7632QO,Mazda,RX-8
801133,71,53,black,green,female,NLDBS1,Ford,Econoline E250
801336,73,55,black,brown,female,6IPKEK,Lincoln,Continental
801351,26,58,amber,brown,female,3AHCCW,Volkswagen,Touareg
801387,79,55,amber,white,male,34W8NT,HUMMER,H1
801563,54,60,blue,red,female,AQ21N0,Nissan,Sentra
801570,25,74,green,red,female,611I84,Saturn,Sky
801603,27,78,amber,black,female,132GT5,Toyota,Camry
801714,59,68,blue,blonde,male,877V88,Suzuki,Grand Vitara
801735,25,56,black,blonde,female,C1U0J3,Toyota,Sequoia
801781,88,78,brown,green,male,I14W2K,Toyota,Echo
801866,83,65,amber,white,female,S8444J,Land Rover,Range Rover Sport
802003,34,64,black,green,female,30073H,Lotus,Esprit
802106,78,79,green,black,male,05AZFV,Nissan,Pathfinder
802123,22,82,amber,brown,female,526RHA,Infiniti,G37
802217,32,50,green,blue,male,SSN620,Toyota,Tacoma
802412,67,69,green,red,female,RET11J,Bentley,Continental Super
802428,24,52,green,white,male,U6YD5Q,Ford,Expedition
802511,83,57,black,green,female,3C5J37,Ford,F150
802539,73,73,brown,black,female,B441TX,Toyota,Highlander
802562,71,58,amber,white,male,280O5B,Kia,Sorento
802778,78,68,blue,blonde,male,P14Q12,Mitsubishi,Lancer
802782,33,81,brown,green,male,28USBJ,Cadillac,CTS
802897,69,62,black,white,male,6I6728,Lincoln,Navigator L
802915,61,60,amber,white,male,PR42R0,Lexus,IS-F
802987,59,70,amber,red,male,HM04R1,Jaguar,XK Series
803073,81,58,black,grey,male,82N2ML,Audi,RS 4
803179,19,77,amber,brown,male,QSE48S,Mitsubishi,Galant
803192,51,53,green,grey,female,YP1Y15,Bentley,Brooklands
803254,43,68,brown,black,female,8R084C,Hyundai,Azera
803372,48,53,blue,blue,male,Y405P5,Audi,Q5
803486,55,66,brown,green,male,8N0P7I,Dodge,Grand Caravan
803539,59,54,black,red,male,2I80UW,GMC,Savana 1500
803795,35,57,brown,white,female,1W5M7O,Toyota,FJ Cruiser
803936,56,74,green,green,male,G0A516,Bentley,Continental
803996,54,81,amber,brown,male,4ZYEQH,GMC,Sierra 1500
804068,71,62,brown,blonde,male,SG5ZO8,BMW,X5
804161,34,56,brown,grey,male,P1DG1X,Ford,Thunderbird
804222,20,62,black,brown,male,33UY7U,Dodge,Caliber
804326,36,63,black,grey,female,4U7W5W,Maybach,57
804454,66,59,black,blonde,male,RO0PD4,Oldsmobile,Silhouette
804587,21,65,black,red,female,3SKZ8L,Lexus,IS F
804618,38,82,amber,grey,male,P4N4AY,Ford,Explorer
804625,49,82,black,blonde,female,0Q2773,Mitsubishi,Montero
804769,80,68,blue,black,female,Y73T48,GMC,Sierra 1500
804830,24,68,green,green,male,F8P2ZA,Mercedes-Benz,CL-Class
804916,21,65,green,white,female,EKUU7V,Mitsubishi,Eclipse
804920,77,72,green,green,female,2042UB,Toyota,FJ Cruiser
805217,30,70,green,red,female,0TG06O,Ford,Explorer Sport Trac
805352,81,81,black,black,male,VE3U1X,Maserati,Quattroporte
805416,80,65,green,brown,male,ST10X2,Mazda,Tribute
805566,25,53,blue,blonde,female,63D3S1,BMW,7 Series
805588,58,51,blue,black,female,FJK616,GMC,Savana 3500
805946,79,55,green,blue,female,317KA0,Mercury,Mountaineer
805955,85,73,black,black,male,RI5KQ3,Acura,RL
806080,21,67,blue,black,female,62FTR5,Buick,Lucerne
806255,20,78,amber,blonde,male,7EZH4A,Honda,CR-V
806265,69,56,brown,red,female,K7P8NG,Chevrolet,Trailblazer
806616,71,74,green,blue,male,Y61QW7,BMW,Z4
806683,44,65,black,brown,male,IWRN51,Toyota,Tacoma
806813,59,58,green,blue,male,440XAG,Infiniti,QX
807330,52,63,black,green,female,75P8U3,Ford,Ranger
807388,54,77,amber,green,male,12N4R1,Hyundai,Elantra
807399,59,68,green,grey,female,53O43D,Nissan,Maxima
807436,32,52,amber,red,female,EJ0F87,Buick,Century
807477,30,65,brown,grey,female,5Y5343,Pontiac,Aztek
807589,28,58,brown,brown,male,25R30J,Buick,Park Avenue
807649,71,54,amber,green,female,AS8FT1,Toyota,Highlander
807656,57,74,amber,blue,male,P6O0ZX,Cadillac,CTS
807860,69,52,black,white,female,KC81GJ,Hyundai,Elantra
807919,83,75,blue,green,female,SZ84X0,Volvo,XC90
808163,47,72,brown,green,female,815181,Hyundai,Veracruz
808173,40,65,brown,blue,female,BU447T,Acura,RL
808271,38,66,blue,green,female,61DL85,Suzuki,XL7
808302,56,52,black,brown,male,6O3K5Y,Nissan,Frontier
808317,48,68,black,black,female,H5R4X6,GMC,Sierra 3500
808481,65,73,green,red,female,EH6Y37,Suzuki,XL-7
808745,48,74,amber,black,male,5ZWZB1,Suzuki,Daewoo Lacetti
808895,38,57,black,green,male,KX3LN6,Subaru,Impreza WRX
808914,89,74,brown,white,male,RBJC4T,GMC,Sierra
808915,88,56,brown,blonde,female,ON0U70,Mitsubishi,Eclipse
809150,26,56,blue,black,female,182EQ2,Chevrolet,Cobalt SS
809543,37,64,blue,black,male,ME181C,GMC,Yukon
809745,44,72,green,blonde,male,4734Y3,Hyundai,Accent
809950,36,78,blue,brown,female,YOJ1F8,Toyota,Celica
810017,24,78,brown,blue,female,6Z2WO7,Volvo,S80
810080,72,53,blue,blue,male,147ZR5,Mercedes-Benz,SLK-Class
810138,55,57,blue,grey,male,01X471,Isuzu,Rodeo
810148,39,77,brown,white,female,7LK48H,Lexus,SC
810441,42,60,green,white,male,P0MQBM,Toyota,Camry Solara
810558,68,79,green,brown,female,M0380U,Aptera,2e
810597,71,64,green,blue,female,D1VE7Q,Panoz,Esperante
810639,69,63,black,black,female,76G0VP,Daewoo,Leganza
810729,63,71,amber,green,female,1Y8P1Z,Toyota,Celica
811015,26,71,green,blue,male,80XQ46,Mazda,Protege5
811042,69,71,green,blue,female,118778,Jaguar,XJ Series
811121,20,53,amber,green,male,J5728U,Suzuki,Vitara
811222,78,68,brown,brown,female,U8RKTR,Cadillac,Escalade ESV
811307,81,70,blue,brown,female,EO7LTU,Chrysler,Town & Country
811402,61,78,blue,white,male,6F6463,Ford,Edge
811515,45,60,brown,blonde,male,5N2810,Ford,Edge
811549,79,74,brown,blue,male,XZ05FC,Audi,A6
811584,68,75,brown,brown,male,C3T8L0,Pontiac,Bonneville
811597,26,70,amber,red,male,R637M6,Toyota,RAV4
811697,58,61,green,blonde,male,JTJV2G,Saturn,Ion
811890,65,69,green,green,female,J03F21,Porsche,911
811919,84,62,black,red,female,57TB54,Land Rover,LR2
812161,38,50,brown,blonde,female,6FP864,Land Rover,Freelander
812330,56,78,amber,brown,female,2ZGG6Z,BMW,M5
812448,66,81,amber,white,male,7Y16Q2,Chevrolet,Trailblazer
812590,79,81,black,white,female,426QLR,BMW,745
812681,83,67,black,black,female,0J2YMB,Mercury,Villager
812736,68,80,blue,green,male,PG2KT5,Cadillac,DTS
812804,79,80,green,white,female,46G723,GMC,Envoy
812920,18,66,black,red,female,23UTMI,Scion,FR-S
812930,57,79,green,red,male,1E0567,Volvo,S70
812931,57,62,brown,grey,female,2PMNQC,Hyundai,Veracruz
812988,24,51,green,black,male,C64N65,BMW,X6
813049,26,53,brown,grey,male,0A3DUC,Audi,Allroad
813280,78,55,brown,green,male,E57041,BMW,5 Series
813395,56,79,amber,grey,male,55MB3R,Jeep,Compass
813849,18,81,black,blonde,female,FE6PH1,Ford,Econoline E250
813876,89,66,blue,blonde,male,02W01J,Chrysler,Sebring
813883,48,50,brown,brown,male,56HP3G,Acura,RSX
813913,82,75,amber,black,female,P5H55F,Volvo,V70
813929,32,73,green,black,male,W10JY0,Lexus,IS
813949,51,76,green,brown,male,JXUATP,Mitsubishi,Lancer Evolution
813984,61,50,blue,green,male,TJDTPR,Nissan,Titan
814103,48,80,green,green,male,0553BS,Honda,Fit
814156,82,77,green,white,female,202884,Infiniti,JX
814188,57,79,green,green,female,PM81Y5,Mercedes-Benz,CLS-Class
814209,61,71,blue,blonde,female,Q02C3F,Mercedes-Benz,C-Class
814242,43,57,green,brown,male,4VKJRJ,Chevrolet,Colorado
814284,82,71,green,blonde,female,3E2S72,Ford,Taurus
814333,62,63,amber,green,male,J0MONF,Chrysler,300
814343,43,57,blue,blue,female,B62358,Chevrolet,Silverado
814388,67,58,green,green,female,YF4723,Toyota,Matrix
814419,65,63,blue,brown,male,6TU74D,Dodge,Nitro
814535,73,66,green,green,female,D58C87,Maybach,Landaulet
814546,21,71,green,brown,male,YIZT45,Ford,E-Series
814596,38,81,black,blonde,female,A31HEZ,Toyota,Camry
814659,28,71,green,white,female,MEXBR6,Chevrolet,S10
814702,87,77,blue,grey,male,S46C1K,Nissan,Altima
814711,37,53,black,grey,female,JPJ28U,Mitsubishi,Diamante
814779,73,51,blue,black,female,PC71Y3,Dodge,Avenger
814814,59,55,blue,red,female,1I4DJ0,BMW,530
814818,86,50,amber,blue,male,RA58ZB,Mercury,Sable
814996,72,80,brown,red,male,KX2K8D,Chevrolet,Suburban 2500
815427,83,72,green,red,male,GS217T,Oldsmobile,Bravada
815447,67,74,green,green,male,WZINXE,Chevrolet,Corvette
815482,81,62,blue,grey,male,M1VM8E,Chrysler,Pacifica
815598,45,52,green,brown,male,1BH8B0,Mercury,Mariner
815651,83,58,blue,grey,male,6I5GR3,Audi,A6
815927,24,51,blue,white,male,0T5170,Volkswagen,GLI
815928,28,70,blue,blue,female,20345J,Suzuki,Swift
816097,68,77,amber,black,male,U3TXUU,Jeep,Commander
816224,46,50,blue,white,female,3067UY,Pontiac,Daewoo Kalos
816247,79,82,green,black,female,5RB723,Subaru,Impreza
816376,69,57,brown,grey,female,M8H50O,Ford,Focus
816724,35,69,amber,blonde,male,II5T8A,Audi,Q5
816867,73,77,green,brown,female,DLBX01,Jeep,Liberty
816919,41,77,amber,green,female,L50578,Subaru,Impreza
817036,74,56,blue,brown,female,5B6LS4,Hyundai,Sonata
817104,58,68,brown,brown,male,7B58T4,Nissan,Pathfinder
817202,42,62,blue,red,female,5H427P,Pontiac,Trans Sport
817212,61,64,black,blonde,male,6B0O78,Chevrolet,Impala
817218,46,65,blue,white,male,4R5M5Q,Suzuki,XL-7
817326,35,52,amber,white,female,85551N,Hyundai,Elantra
817372,24,74,black,red,female,UF18AY,Audi,A4
817385,21,54,green,black,female,Q32TUH,Maserati,GranSport
817588,18,69,green,brown,male,364EN6,Subaru,Forester
817739,49,65,blue,green,male,8KQ44W,Acura,RDX
817751,78,62,brown,blonde,female,WN361X,Mazda,Miata MX-5
817811,30,54,amber,blonde,male,5S6X8O,Chrysler,200
817931,59,54,brown,red,male,1M70J5,Saturn,VUE
817985,30,67,amber,blue,female,S11EEC,Lexus,ES
818067,31,56,blue,grey,female,5B5NGI,Suzuki,Reno
818162,37,71,blue,blonde,male,DS51W8,Porsche,Cayenne
818321,67,50,blue,blue,female,G23441,Volvo,C30
818336,72,64,blue,green,female,4L8B84,Lincoln,Continental
818378,22,52,amber,blue,female,RA8OH6,Toyota,Tundra
818456,27,68,blue,blue,male,D5J5B5,Buick,Century
818467,49,50,amber,grey,female,7LTD30,Pontiac,Vibe
818580,51,67,blue,grey,male,KG3236,Toyota,RAV4
818589,39,71,amber,red,male,7531EX,Chevrolet,Cruze
818845,80,75,blue,grey,female,S06K65,Mercedes-Benz,M-Class
819025,81,68,amber,black,male,DK0GO0,Chevrolet,Cobalt SS
819029,84,77,brown,white,male,FS8138,Lincoln,MKX
819062,69,81,green,white,female,S055I5,Mercedes-Benz,CL-Class
819091,60,50,blue,black,male,KG7QG7,Lexus,CT
819110,85,67,amber,blonde,male,J5Y7W3,Toyota,T100
819142,85,71,blue,blonde,female,237456,GMC,Yukon XL 2500
819181,78,74,amber,grey,male,RZM8V7,Dodge,Ram 2500
819200,27,80,black,black,male,8NK1BH,Chevrolet,Express 3500
819264,30,53,blue,red,female,CF1035,Mazda,626
819303,77,66,amber,red,female,06X12Z,Mazda,626
819386,64,82,black,grey,male,7A5B8G,Mazda,B-Series
819547,73,76,brown,green,male,MLDTV6,Land Rover,Discovery
819876,67,75,blue,black,female,PO8E7A,Mazda,MPV
819928,39,63,blue,green,female,62I44J,Chevrolet,Suburban
819944,42,59,black,white,male,XHQVYX,Infiniti,Q
819950,29,56,black,black,male,0WI2B8,GMC,Savana 3500
819986,88,56,green,grey,female,WB60HX,Cadillac,DeVille
820110,54,82,green,black,female,446P28,Volvo,C70
820130,88,72,brown,red,female,1KWRED,Volkswagen,R32
820445,29,75,green,blonde,male,2035K4,Mazda,Mazda6
820471,77,69,blue,brown,male,S7Z721,BMW,M5
820571,80,82,amber,green,male,66POH1,Ford,Expedition
820591,43,78,amber,white,male,A08HG0,Saab,9-5
820658,45,64,black,red,male,77ZH4G,Toyota,Camry
820748,56,66,blue,red,male,UH0N4K,Audi,A4
820757,81,73,amber,green,female,2Q6Q7K,Scion,tC
820920,44,76,amber,blue,male,31NYLE,Lexus,GX
821158,68,78,black,brown,female,7MG225,Jeep,Liberty
821167,53,60,brown,blonde,male,OA4B75,Audi,S4
821206,67,57,amber,brown,male,ATB6U8,Jeep,Grand Cherokee
821241,79,76,black,red,male,A2I88D,Infiniti,FX
821286,28,80,brown,green,male,8TDWK8,Cadillac,CTS
821441,22,72,green,white,male,MG2E50,Mercury,Cougar
821480,45,67,brown,black,female,88QMPG,Mercedes-Benz,CLK-Class
821565,62,70,black,green,female,827V08,Ford,Escape
821801,41,54,amber,red,female,HIRS0M,Jeep,Wrangler
821936,50,67,brown,blonde,female,67J732,Nissan,Maxima
821976,49,55,black,green,male,GZ7PS1,Mazda,Millenia
821985,45,50,black,white,female,7P61KZ,Ford,Explorer Sport Trac
822141,23,52,green,red,female,314R40,Chrysler,Pacifica
822180,58,76,black,brown,male,Z84344,Cadillac,CTS-V
822237,86,71,amber,white,male,MJ5A24,Mercedes-Benz,G-Class
822426,84,59,amber,black,male,63P31Q,Chevrolet,Tracker
822468,41,69,amber,blue,female,ZU322H,Mitsubishi,Raider
822711,67,73,black,black,female,41MD26,Mitsubishi,Montero
822739,82,59,amber,grey,female,RM5O4I,Ford,Econoline E150
822810,49,64,green,blonde,female,Q8URX4,Dodge,Nitro
822916,66,78,black,brown,female,76SNA0,Honda,S2000
823040,41,65,brown,brown,male,DTK658,Cadillac,Escalade EXT
823069,73,51,blue,brown,female,B81DDP,Volkswagen,Passat
823145,47,71,blue,white,male,34302T,Lincoln,LS
823157,20,67,black,black,female,V2VKXU,Chevrolet,S10
823207,34,76,green,green,male,C2728W,GMC,Sierra 1500
823333,46,56,blue,green,female,V1FE80,GMC,Savana 1500
823405,75,71,blue,green,male,KA136R,Ford,Escape
823588,28,82,blue,blue,female,SIMGC5,Kia,Sportage
823656,27,73,blue,red,male,1CP2K3,Maybach,57
823766,58,69,brown,blonde,male,4KTTF8,GMC,Sierra 2500HD
823791,30,65,brown,blonde,male,4L3183,Nissan,Pathfinder
823952,40,69,black,black,male,13MI23,Saab,9-3
824015,56,74,brown,blue,female,02WW2A,Lotus,Exige
824178,29,77,green,blue,male,80B61S,Plymouth,Voyager
824385,44,68,blue,white,female,TB5J45,Jaguar,XK Series
824558,41,80,green,grey,male,CGBN4C,Maserati,Quattroporte
824606,68,71,black,white,female,4J6EH2,Chrysler,Prowler
824696,58,52,brown,white,female,IJT6S5,Dodge,Ram Van 1500
824730,44,68,blue,white,male,0871Z2,Chevrolet,Colorado
824741,48,52,amber,black,female,8IR2Q7,Saab,9-7X
824742,37,52,amber,grey,male,YI0O5U,Ford,Five Hundred
824869,43,77,brown,grey,male,A0T2XA,Infiniti,FX
825005,61,70,brown,black,female,V55281,Jaguar,S-Type
825049,84,71,green,red,female,45CS3T,HUMMER,H3T
825072,40,82,black,green,male,7A4255,Infiniti,FX
825187,80,63,blue,green,female,3M861M,GMC,Yukon Denali
825265,80,77,blue,red,male,C5N2JI,Isuzu,Axiom
825370,81,71,black,red,female,6W64PX,Volkswagen,Eos
825658,51,52,blue,grey,male,RBNJH6,Cadillac,Escalade EXT
825707,42,54,green,green,female,TFZI7O,Ford,F250
825723,34,82,green,brown,female,N73ZF5,Acura,MDX
825742,34,61,black,blonde,male,375E2X,Chevrolet,Monte Carlo
825743,27,74,blue,brown,male,RRU4QT,Volkswagen,Eos
825798,39,80,green,black,female,XJ5K35,Ford,F150
825828,58,52,black,blue,male,43DZ83,Acura,NSX
825950,60,74,amber,red,male,JX4WN0,Aston Martin,DB9
825988,24,71,green,green,female,QBTZLL,Lexus,GS
826105,78,75,amber,brown,female,0O7P72,Saab,9-3
826235,74,54,brown,blue,male,P8QQG4,Kia,Spectra
826309,84,64,brown,white,female,SMSU05,Lincoln,LS
826329,54,70,brown,black,female,6DWRC1,Ford,Explorer Sport
826342,87,79,brown,red,female,3F5K50,Infiniti,Q
826500,24,80,green,grey,male,UTV440,Morgan,Aero 8
826545,81,73,brown,white,female,2LERVJ,Cadillac,Eldorado
826573,69,77,blue,blonde,male,3E27CN,Toyota,Land Cruiser
826574,83,68,green,blue,female,X61O07,Nissan,Pathfinder
826622,47,80,black,brown,male,Q843WI,Pontiac,Aztek
826666,67,80,blue,blue,male,6K8DO2,BMW,5 Series
826751,29,73,green,black,male,0L742P,Lexus,HS
826752,57,71,brown,blonde,female,1ID268,Ford,F-Series
826876,19,80,brown,blue,male,PZRN03,Jeep,Grand Cherokee
826936,66,69,green,black,female,V3HG0I,Chevrolet,Corvette
826968,58,54,black,brown,female,15QKHG,Ford,Fusion
827031,42,75,black,grey,female,XP2U78,Jeep,Wrangler
827049,67,75,brown,white,female,B8QTAH,Ford,Thunderbird
827212,86,80,blue,green,female,3U4D3I,Nissan,GT-R
827383,64,80,amber,grey,male,GL573A,Lexus,IS
827596,57,52,brown,black,male,D6BH07,Jaguar,XK
827691,25,70,black,brown,male,BMQG2K,GMC,Acadia
827738,77,62,green,brown,female,TN3VQN,Kia,Sedona
827769,78,56,blue,brown,male,2QNR1N,Mazda,Mazda3
827799,87,72,blue,green,female,YDDEXJ,Lexus,RX
828171,58,73,amber,black,female,S754V7,Nissan,Pathfinder
828326,32,63,blue,blue,male,2EHZ45,Mitsubishi,Galant
828332,87,60,amber,red,male,7GF084,Kia,Carens
828580,46,51,amber,brown,female,6X3G2L,Mazda,Mazdaspeed 3
828680,43,56,green,red,male,20567L,Ford,Explorer
828739,37,71,black,grey,female,SJ0001,Lexus,CT
828889,70,51,blue,grey,female,BK0H4X,Isuzu,i-370
828905,23,57,amber,brown,female,2UZ8II,Audi,A3
829031,39,68,green,white,male,225PPZ,Jaguar,XK
829079,21,63,green,blue,female,5156ZU,Chevrolet,Silverado
829080,22,63,blue,grey,female,DZ0F6G,Toyota,Sienna
829107,33,66,black,red,male,4E60I7,Bentley,Continental
829294,75,81,green,brown,male,775D88,Subaru,Legacy
829324,62,81,blue,grey,female,7E1P15,Mazda,MX-5
829402,70,56,brown,white,male,FN201C,Ford,Expedition
829644,56,52,amber,grey,male,034G4G,Pontiac,Vibe
829647,56,68,brown,brown,male,NT770H,Lincoln,LS
829786,70,51,brown,red,male,R3G41K,Pontiac,Grand Prix
829852,51,66,blue,blonde,female,7ZA8W2,Ford,TH!NK
829952,34,68,green,red,male,VG60E1,Cadillac,Escalade ESV
830029,41,72,brown,brown,female,EOLCQL,Dodge,Ram 2500
830163,49,63,black,blonde,female,WFV1BX,Ford,Mustang
830282,55,69,green,white,female,807V8F,Jeep,Wrangler
830376,84,82,brown,green,female,4YZ30I,Jaguar,XJ
830407,61,76,green,white,male,H55UF5,Chevrolet,Silverado 3500
830472,61,51,black,brown,female,14L1S7,Nissan,Versa
830506,83,72,brown,blonde,female,7Z8N56,Mazda,CX-7
830546,44,51,brown,brown,male,14L4BP,Chevrolet,Avalanche 1500
830608,20,82,brown,blonde,female,K6DJ0O,Land Rover,LR4
830656,36,54,black,green,female,IVP84L,Mercury,Mystique
830708,52,71,brown,black,female,Y577EN,Lincoln,Aviator
830897,41,50,amber,red,female,2P0M0X,Ford,F350
830930,30,73,green,green,female,HHXB3G,Volvo,C30
830931,81,78,brown,green,male,3GW64X,Mercedes-Benz,E-Class
830961,73,50,brown,blue,female,W7B362,Toyota,Land Cruiser
831061,86,58,amber,blue,male,7ZEEZA,Buick,LaCrosse
831310,78,57,blue,grey,female,5QJ3ZA,Mercedes-Benz,CL-Class
831357,38,80,black,blue,female,A63J52,Toyota,Land Cruiser
831370,44,72,green,red,male,020040,Land Rover,Freelander
831494,84,59,black,blue,female,8FF751,Toyota,4Runner
831553,37,59,black,white,female,20UW17,Toyota,Highlander
831634,65,69,green,grey,male,8BA837,Honda,Odyssey
831811,43,81,black,black,female,RNDWO5,Toyota,Yaris
831814,60,50,blue,black,female,H5LZ66,Chevrolet,Sonic
831854,54,60,black,green,male,8FB55T,GMC,Sierra
831969,46,79,blue,black,male,76WN67,Honda,Accord
831971,58,71,blue,black,male,3Y1FO8,Toyota,Prius
832067,54,54,amber,green,male,7C25T2,Mercedes-Benz,SLK-Class
832133,21,54,amber,white,female,O35VBH,BMW,Alpina B7
832245,69,50,green,green,female,4ZJP7A,Lincoln,Navigator
832413,20,52,blue,green,female,64600O,Chevrolet,Express 3500
832613,76,70,brown,blue,male,6HVNY6,Toyota,Celica
832624,69,75,blue,blue,female,UK8376,Dodge,Ram
832674,32,81,black,blue,male,6RJ4NB,Honda,Odyssey
832771,51,77,blue,black,male,3EGUP0,Lexus,IS F
832836,66,72,black,blonde,female,LPAW70,Ford,F-Series
833026,21,76,green,blonde,female,5C7IBM,Porsche,Boxster
833034,81,57,amber,blue,male,MU30CU,BMW,3 Series
833608,28,56,blue,black,male,IN7GQ3,Toyota,Camry
833706,19,56,black,brown,male,CNBWJ7,Lexus,RX Hybrid
833714,38,63,amber,blue,female,07L054,Dodge,Dakota Club
833736,71,60,amber,blonde,male,B8WDGZ,Audi,A6
834101,89,51,amber,white,male,61X674,Pontiac,Sunfire
834177,27,58,brown,black,female,6E4X3Q,Chevrolet,Trailblazer
834253,35,76,amber,green,female,764538,Mitsubishi,Montero
834268,33,62,amber,white,female,0GJD01,Ford,Five Hundred
834341,51,75,brown,blonde,male,36888R,GMC,Savana
834618,77,70,brown,blonde,male,I63QSJ,Jaguar,XK Series
834702,84,62,green,blonde,female,5175D1,GMC,EV1
834729,21,61,brown,red,female,KI2384,Ford,Explorer Sport
834801,76,61,brown,grey,female,CLIQR5,Mazda,Tribute
834895,79,81,amber,red,female,AK0FM5,Toyota,Land Cruiser
834903,72,81,green,brown,female,Z0W0M8,Ford,E-350 Super Duty
834935,54,51,amber,red,female,VK68E8,Audi,A8
834943,36,59,amber,blonde,female,B817ER,Ferrari,F430
835054,87,54,blue,white,male,1IDZL4,Isuzu,Hombre
835103,70,63,blue,black,male,2DDSKN,Mazda,Mazdaspeed 3
835172,49,59,blue,red,female,N80D1Z,Mazda,MX-5
835346,64,73,brown,black,male,V7Q64N,GMC,Safari
835356,18,63,blue,black,male,5NTUOD,Chevrolet,S10
835418,41,51,amber,grey,male,D3XFR8,Toyota,Avalon
835508,32,53,black,blue,male,MOIH4V,GMC,Sonoma
835511,49,56,blue,brown,male,4SEK28,BMW,M5
835514,54,64,blue,grey,female,30N605,Toyota,Sequoia
835531,88,72,black,grey,male,AA73N3,Audi,R8
835631,52,63,black,blonde,male,3E6PY2,Honda,Odyssey
835697,50,57,black,grey,female,MX1JJL,Dodge,Avenger
835773,51,77,blue,black,female,RLAGFU,Volvo,S80
836235,25,55,green,blonde,male,3EYK5E,Ford,Focus
836279,54,55,blue,black,male,M75A6D,GMC,Terrain
836416,71,80,blue,blue,male,45323V,Lamborghini,Gallardo
836468,47,57,green,red,male,PKU44C,Hyundai,Elantra
836507,62,65,brown,green,male,77FE6S,Audi,S4
836568,77,65,blue,white,female,4FB840,Mercedes-Benz,M-Class
836618,89,72,black,red,female,VIJF43,Ford,F150
836644,35,64,brown,blue,male,3D1VL4,Aston Martin,DBS
836723,66,61,blue,brown,male,08J61A,Audi,A4
836804,35,55,black,grey,female,WP4O35,Toyota,Prius
836898,39,70,amber,white,female,V3Y70K,BMW,Z4 M
836929,84,68,brown,blue,male,06CYR4,Land Rover,Range Rover Sport
836953,33,57,black,black,male,P71V14,Volvo,XC90
836975,89,71,black,blonde,female,P0RI06,Suzuki,Vitara
837022,34,63,blue,red,male,0L6ZB8,Chevrolet,Suburban 2500
837038,86,73,blue,green,male,8A786J,BMW,X5
837103,50,50,amber,red,male,2CF83M,Pontiac,G6
837113,37,61,brown,blue,female,PS86LE,Pontiac,Montana
837206,88,53,brown,black,female,742110,Saturn,Sky
837215,28,65,black,black,male,QU051D,Dodge,Ram Van 3500
837267,67,57,brown,blue,female,5BI1Z0,Volvo,V40
837337,67,58,amber,red,male,01L727,Mercury,Milan
837357,20,57,amber,brown,female,84VMRC,Toyota,Avalon
837369,34,72,black,red,female,7250HR,Acura,MDX
837437,80,71,black,brown,female,F3H868,Pontiac,Sunfire
837476,34,55,black,red,male,0XVRC4,Lexus,LS
837659,87,80,green,red,female,0418JT,Ford,F-Series Super Duty
837671,63,72,black,brown,male,W831T6,Toyota,Sienna
837703,80,53,black,blue,female,CM8QBN,Mazda,CX-9
837801,50,52,amber,white,female,BIRV1G,Isuzu,Rodeo Sport
837911,68,51,green,blonde,male,LFQE86,Infiniti,Q
838060,89,72,black,blonde,male,32JPT1,Toyota,Highlander
838065,21,57,blue,grey,male,50F17E,Buick,Enclave
838080,89,79,black,red,male,TC3FFQ,GMC,Yukon XL 2500
838140,20,51,green,red,male,473R12,Mitsubishi,Galant
838305,32,71,amber,green,male,0H2PG5,BMW,7 Series
838318,81,61,green,white,female,W02H8G,Scion,xB
838334,67,76,green,white,male,176Z05,Volvo,V70
838459,72,77,amber,brown,female,00M2NU,Dodge,Viper
838551,65,53,brown,grey,male,68U744,Mercury,Grand Marquis
838688,38,76,black,blue,male,1P1F1V,Dodge,Ram 2500 Club
838744,86,59,black,green,female,XG6NA6,Lexus,GX
839206,69,73,green,green,female,YRMK17,Ford,F250
839344,58,63,black,black,male,3Z66UP,Jaguar,XJ
839623,40,63,black,blue,female,3606LR,Chevrolet,Express 2500
839674,64,63,blue,black,male,LL6U87,Volvo,S60
839742,61,64,brown,grey,male,2L33P7,Dodge,Durango
839795,65,54,blue,brown,male,LLU474,Audi,S6
840037,36,75,black,brown,male,IL6S1L,Saab,9-7X
840041,34,53,blue,brown,male,6RQ3AH,Lexus,IS-F
840086,84,55,blue,red,female,1510W8,BMW,X6
840540,56,80,green,blue,female,3JS5C4,Mitsubishi,Pajero
840797,55,71,black,brown,male,X01428,Ford,E-350 Super Duty
840880,18,55,amber,grey,female,15HT4O,Chevrolet,Corvette
840940,69,65,brown,green,female,8PMF1R,Honda,Pilot
841221,29,59,blue,green,female,KDHKQ6,Ford,Mustang
841242,53,63,green,blonde,male,5X4125,Ford,Crown Victoria
841258,82,53,green,red,female,CX1826,Porsche,Cayman
841415,41,57,blue,white,male,4X126K,GMC,Sierra 3500HD
841492,20,67,amber,blonde,female,7R46OM,Nissan,Altima
841626,83,55,brown,grey,female,62P266,Cadillac,SRX
841639,76,50,green,brown,male,42P7P6,Oldsmobile,Aurora
841648,88,60,amber,green,female,N73Z6D,Jeep,Wrangler
841687,72,67,black,grey,female,Z1E7T4,Mazda,Tribute
841789,52,64,brown,green,female,V4OO3M,Honda,Accord
841874,33,66,green,black,female,L4Y2T1,Audi,RS4
841900,38,65,amber,blue,male,RID38S,Volvo,XC70
842091,68,81,brown,blonde,male,3NIN2Y,Chevrolet,Silverado 3500
842147,24,60,blue,black,female,21318S,MINI,Cooper
842192,81,79,black,blue,female,5AMM6J,Ford,F350
842452,88,65,green,blonde,male,B7C8TA,Chevrolet,Express 3500
842461,82,55,amber,grey,female,0X6G70,Ford,Focus
842551,26,64,amber,red,male,X6GY00,Toyota,Highlander
842590,61,82,blue,blonde,female,70X3P8,Hyundai,Santa Fe
842658,71,80,amber,brown,female,ZST742,Mitsubishi,Galant
842684,62,53,black,blonde,male,BXEJ4E,Scion,xD
842717,85,65,brown,blue,female,DF2076,Cadillac,CTS-V
842911,76,56,blue,grey,male,7I6Y64,Aptera,Typ-1
843017,57,67,amber,grey,female,O4U61R,Buick,Rendezvous
843096,61,70,blue,black,male,QG8545,BMW,3 Series
843157,38,68,green,black,male,M005J7,Volkswagen,New Beetle
843163,27,59,black,black,female,4112WP,Volkswagen,Tiguan
843241,28,69,amber,grey,male,FW787L,Mercedes-Benz,M-Class
843390,61,70,brown,green,male,DY30S6,Honda,S2000
843425,30,71,amber,white,male,2XYCZB,Acura,Integra
843476,38,75,brown,green,female,3XCOMZ,Mazda,Mazda2
843572,46,79,blue,white,male,85KRT8,Chevrolet,SSR
843654,63,50,blue,white,female,C5TRNQ,Saab,9-3
843673,23,50,blue,blue,female,JTN0F5,Ferrari,F430
843692,45,57,green,grey,female,871ZXZ,BMW,X3
843722,67,80,brown,blue,female,0AD347,BMW,3 Series
843853,62,58,brown,blonde,female,OCI511,Buick,Skylark
843873,86,56,green,green,male,ET3307,Infiniti,QX56
844000,72,64,blue,blue,female,82LH17,Mercury,Sable
844092,73,59,amber,brown,male,UK35Y5,Daewoo,Nubira
844202,88,64,green,grey,female,380F04,Nissan,350Z
844281,82,54,amber,blonde,male,SGJOK7,Mazda,Protege
844439,33,65,black,white,male,JN4THQ,Volvo,S60
844495,19,60,black,grey,female,TZ03CE,GMC,Sierra 3500HD
844498,59,60,black,blue,male,M1QT7Q,Jaguar,XK
844508,36,57,blue,red,male,L4O4GR,Jaguar,XK
844518,65,63,green,blonde,female,F88E6T,Mitsubishi,Eclipse
844809,69,55,brown,blue,male,3EKG78,BMW,X5
844873,26,77,brown,red,female,05E3CQ,Dodge,Caravan
844888,76,72,green,red,female,3UX4X1,Cadillac,Escalade ESV
845320,76,71,black,brown,female,WQ6HP3,Suzuki,XL-7
845326,27,62,brown,blue,female,U076SS,Mercedes-Benz,C-Class
845761,39,79,blue,white,female,U70N24,Honda,Element
845843,76,71,blue,grey,male,JW1F8E,Bugatti,Veyron
845897,35,54,blue,blue,female,1P15Q2,Chevrolet,Corvette
846085,40,51,amber,grey,male,Z3P3A3,Buick,Verano
846253,23,57,black,green,male,5C131S,Chrysler,Sebring
846313,24,77,black,blonde,male,6X72V1,Nissan,Frontier
846379,59,59,brown,white,female,M5Q0JB,Chevrolet,Express 1500
846406,36,66,green,blue,male,RHMLJ0,Volvo,S60
846506,44,68,green,red,female,0P5ZC8,Mazda,Miata MX-5
846621,50,54,green,blue,female,A48G7P,Audi,Q7
846642,74,65,brown,brown,male,W1T0J6,Honda,Civic
846952,45,55,black,brown,female,MQ346N,Audi,A8
846970,88,64,black,white,female,ON5473,Pontiac,G6
846977,59,70,black,blue,male,71WZD0,BMW,M Roadster
847066,54,76,black,brown,female,0U17WT,Mercedes-Benz,SLR McLaren
847218,87,74,brown,grey,male,87WPZ6,Audi,A8
847242,83,68,blue,brown,female,21F601,Nissan,Sentra
847281,76,70,brown,red,female,HL5F8T,Honda,CR-V
847351,76,50,brown,blonde,male,PDS371,Kia,Sedona
847359,41,74,blue,green,female,7AVJ76,GMC,Sierra 1500
847504,48,50,black,black,male,QMXQFE,Chevrolet,Silverado 1500
847543,45,75,black,green,female,82XMTW,Jeep,Wrangler
847705,39,62,blue,white,female,1B0LQ4,Chevrolet,Venture
847750,41,82,black,brown,male,00K41R,Mazda,B-Series Plus
847872,42,52,black,blonde,male,PQ417W,Chevrolet,Silverado 1500
847884,77,57,black,white,male,D56542,BMW,1 Series
847905,52,62,brown,black,female,FONK6D,Mitsubishi,Lancer
847909,42,60,amber,brown,female,ORHS53,Cadillac,Escalade
848252,42,51,green,red,female,M81MIM,Audi,A8
848261,63,64,amber,blonde,male,NOTF8Z,GMC,Sierra 2500
848339,80,81,green,grey,male,5ZWUC0,Audi,S5
848633,44,81,amber,grey,male,A034FP,Jeep,Grand Cherokee
848953,76,76,brown,red,male,0LTK28,Volkswagen,Touareg 2
849059,88,52,black,blonde,female,3X556H,Pontiac,Sunfire
849084,19,64,green,white,male,D5HHO5,Mitsubishi,3000GT
849123,80,63,blue,brown,female,BED10V,GMC,Sierra 3500
849155,26,51,amber,white,male,526HRX,Dodge,Ram 1500
849343,76,52,black,black,male,K51220,Lexus,SC
849346,74,68,green,black,female,M5Y7LV,Audi,TT
849440,19,81,black,brown,female,452YD1,Lexus,RX Hybrid
849639,29,70,green,brown,male,ISWM06,Volkswagen,Jetta
849692,41,54,brown,white,female,11P805,Acura,CL
849803,75,57,amber,blonde,female,R7743P,Audi,S5
850021,40,65,brown,grey,female,I4352K,Ferrari,612 Scaglietti
850053,45,80,brown,white,female,1K1YMN,Ferrari,612 Scaglietti
850085,50,54,black,black,male,O7TB3I,Ford,F-Series Super Duty
850210,79,58,green,brown,female,0164ER,GMC,Suburban 2500
850254,55,80,green,black,female,ZKTEJY,Volvo,S80
850356,29,67,green,blonde,female,362O1G,Nissan,Maxima
850397,70,67,blue,grey,male,A556MS,Mitsubishi,Raider
850593,87,81,black,red,female,C21801,Chrysler,Town & Country
850727,34,64,amber,black,male,3E410Z,Rolls-Royce,Ghost
850786,30,69,green,grey,male,07DQY0,Kia,Rio
850827,35,57,amber,red,female,WBW35I,Ford,Explorer Sport
850937,65,74,green,blue,female,VLT2Y1,Dodge,Caliber
851010,83,52,green,blonde,female,FA4I74,Mercedes-Benz,M-Class
851210,79,77,amber,black,male,MA6GJ3,Land Rover,Discovery
851248,75,61,brown,black,female,X13GOI,Honda,Prelude
851271,31,58,amber,blonde,female,B0T1J4,Chevrolet,Tahoe
851274,55,59,blue,grey,female,3H8B80,Kia,Spectra
851367,71,70,blue,white,female,6BWMB0,Nissan,Pathfinder
851529,24,63,black,blonde,male,155X70,Chrysler,Concorde
851571,63,51,black,green,male,0D136Q,Mitsubishi,Galant
851608,68,61,blue,red,female,8CLIM0,Volvo,V90
851639,78,78,brown,green,female,XLQ78K,Bentley,Continental
851841,85,80,black,blue,male,2AP2O2,Hyundai,Elantra
852000,28,57,green,black,female,77CE17,Toyota,Land Cruiser
852003,84,77,black,black,male,5FZQR4,Honda,CR-V
852076,79,81,black,white,female,Z82X8G,Plymouth,Grand Voyager
852318,57,68,amber,green,female,GQDF3P,Mazda,Mazda6
852335,69,66,amber,grey,male,0SP44M,Infiniti,G
852357,79,74,black,grey,female,U46V8H,Infiniti,FX
852368,19,54,green,green,female,EQT665,Lincoln,MKZ
852404,29,79,green,grey,female,366FO2,Bentley,Continental
852759,75,69,black,brown,female,ZI3I0H,Audi,S8
852850,68,70,black,brown,male,4435IG,Chevrolet,Cruze
852948,39,59,amber,grey,female,N35QYZ,Nissan,Quest
852987,88,63,brown,green,female,84LUTW,Chevrolet,Suburban 2500
853010,28,64,amber,grey,female,B870DW,Cadillac,Escalade EXT
853447,28,60,blue,blonde,female,2NFPFY,Ferrari,F430
853547,79,82,amber,blonde,male,HHTIFU,Subaru,Legacy
853580,42,64,amber,brown,male,JI6TFE,Oldsmobile,Aurora
853652,40,78,brown,green,female,8WMIK4,Buick,Regal
853706,37,55,brown,green,female,R16MXC,Morgan,Aero 8
853712,77,77,amber,green,female,132M8Q,Ford,Fusion
853750,53,63,black,blonde,male,GYPU15,Hyundai,Sonata
853767,75,59,blue,grey,male,4KB78B,Volvo,S40
853776,45,74,brown,green,male,12W835,Dodge,Ram 1500
853793,18,58,black,white,male,M5X13J,Mercedes-Benz,SLK-Class
853801,31,74,green,white,male,3UGC05,Jaguar,XJ
853907,35,54,green,brown,male,ME32H2,BMW,5 Series
853980,24,81,blue,grey,female,5I1BNQ,Chrysler,Town & Country
854159,56,64,amber,green,female,11SJXU,Audi,Q7
854280,64,74,brown,white,female,H4MM3D,BMW,3 Series
854488,29,75,brown,brown,female,6K30O5,Dodge,Ram 2500 Club
854634,89,65,green,brown,male,31I538,Chevrolet,Corvette
854808,27,53,blue,white,female,VJ0820,Honda,Odyssey
854928,86,70,amber,red,female,Y4I826,GMC,Yukon
854976,73,74,black,blonde,male,8SMX8N,Hyundai,Genesis Coupe
855099,81,64,amber,brown,male,50KZ1Q,Audi,A4
855157,26,53,black,brown,male,41T204,BMW,3 Series
855186,52,69,brown,black,male,7VEL30,Pontiac,Aztek
855219,88,70,blue,green,female,8346D7,BMW,X5
855251,36,68,blue,green,female,5275Y8,Volkswagen,Phaeton
855253,36,81,brown,white,male,G6X1R0,Nissan,JUKE
855354,54,59,blue,black,female,12ITZ6,Volkswagen,Rabbit
855368,51,68,green,grey,female,E8DW5Z,Mitsubishi,Galant
855447,49,80,black,green,female,IC5ET4,Mercury,Milan
855470,33,51,green,blonde,female,N2J1IN,Lincoln,Town Car
855508,57,82,brown,blue,female,VQ8816,MINI,Cooper
855521,86,68,blue,grey,female,T4L5TK,Lincoln,Town Car
855670,48,56,amber,brown,female,02W0K6,Aston Martin,DBS
855813,71,62,green,green,female,450HZ0,Ford,Econoline E250
855829,42,77,amber,white,male,2442L6,Aston Martin,DBS
855892,24,81,blue,brown,female,NRTIAK,Land Rover,Discovery Series II
855928,27,53,black,white,female,8QV0O0,Acura,RL
855963,48,54,blue,black,female,0R6SN0,BMW,530
855988,70,54,brown,blue,female,P2I5P1,Dodge,Charger
856001,81,70,black,grey,male,70DHMJ,Mitsubishi,3000GT
856011,29,72,black,blue,male,030K67,HUMMER,H1
856100,55,79,blue,grey,female,3F4N88,Mercedes-Benz,S-Class
856109,42,80,blue,white,male,DYL688,Mitsubishi,Endeavor
856182,24,59,black,white,male,R287H0,Volvo,XC70
856379,63,64,green,brown,female,38ED8X,Ford,Explorer
856383,57,68,brown,grey,male,IZY06L,Toyota,TundraMax
856459,28,73,black,blonde,male,1B30TW,Chevrolet,Silverado 1500
856512,34,73,brown,grey,male,GTQ88B,Daewoo,Nubira
856764,52,63,brown,blue,female,N7CWQB,Mercedes-Benz,CL-Class
857021,60,63,amber,green,male,DF7B1K,Chevrolet,Express 1500
857071,67,61,green,white,female,S88L1J,Buick,Enclave
857188,57,58,amber,blue,female,8453DF,GMC,Sierra 2500
857212,29,68,green,blonde,female,VFZXF6,BMW,M
857252,69,55,black,brown,female,CT13EM,Lexus,RX
857485,71,53,brown,blue,female,52M7BK,Scion,xA
857671,57,52,black,blue,female,DO10HV,BMW,X6
857846,59,68,blue,brown,male,J15I78,Lexus,LS
857901,18,68,black,white,male,0PY11N,Lexus,GS
857926,30,79,green,black,female,652K35,Honda,Accord
857954,29,76,green,red,female,0Z17OE,Toyota,Ipsum
858082,70,61,green,blonde,female,56770O,Volkswagen,Cabriolet
858090,76,58,blue,green,male,N7W017,Pontiac,G5
858127,39,74,blue,brown,female,54B3AU,Saturn,L-Series
858167,18,59,brown,blonde,male,16Z26K,Suzuki,Vitara
858393,22,69,brown,red,female,40051F,Dodge,Caravan
858762,52,79,amber,blonde,female,7XF1SO,Mitsubishi,Diamante
858806,30,75,amber,black,female,A1838D,Hyundai,Sonata
858812,39,51,brown,black,male,017UEN,Smart,Fortwo
858843,89,67,black,blonde,female,P6O1VS,GMC,Yukon XL
858887,55,60,brown,blonde,male,886QI4,Ferrari,FF
858918,21,73,blue,blonde,female,E5OTMQ,Audi,TT
858988,28,57,green,green,male,5VU145,Cadillac,Escalade
859157,69,66,brown,blue,male,A0V6J4,BMW,X5
859178,77,55,brown,white,male,TPY1B6,Acura,RL
859250,18,50,brown,black,female,3K08MO,Volkswagen,Routan
859324,53,77,brown,brown,male,1300XK,Volvo,S60
859710,63,55,green,red,female,H5HX02,Lexus,GS
859786,84,72,blue,blonde,male,8Y3VE8,Smart,Fortwo
859823,66,77,green,white,female,1480I1,Cadillac,CTS
860026,18,80,blue,white,male,4305LT,Saab,9-5
860120,88,61,blue,blonde,female,PW1V0X,Peugeot,207
860347,51,72,amber,blue,female,X2U102,Nissan,Frontier
860404,78,67,green,green,female,5YJP2J,Chevrolet,Venture
860570,83,79,green,brown,male,N6Q2H6,Chevrolet,Equinox
860642,80,55,brown,grey,male,625N15,Nissan,Titan
860959,21,72,green,blonde,male,SJG0FI,Porsche,Boxster
861118,60,73,green,red,female,Q23H16,Volvo,XC90
861151,54,79,amber,grey,female,YN5NN1,Mercedes-Benz,G-Class
861250,80,78,amber,white,male,7YIX00,Maybach,57
861382,74,81,amber,blonde,male,TG115T,BMW,X5
861414,43,61,green,blonde,female,RZ8K7J,Honda,Accord
861503,69,60,blue,blue,female,86Q2ZF,Suzuki,Equator
861521,59,57,brown,red,male,HF4Q0M,Mercedes-Benz,SLK-Class
861726,49,53,brown,white,female,M78414,Mercedes-Benz,CLS-Class
861744,48,55,green,green,male,T7230G,Mazda,Tribute
861770,61,62,amber,blonde,male,TZY7TX,Chevrolet,Silverado 3500
861785,37,53,green,blonde,male,AYX8M6,GMC,Savana 3500
861794,54,74,black,white,female,3P6DMS,BMW,M Roadster
861819,68,64,black,red,female,7V1F6L,Jaguar,XK Series
861898,32,58,brown,green,male,H2T33P,Chevrolet,Silverado
861981,18,53,green,black,male,D07UVB,Lotus,Elise
862003,39,78,green,grey,female,LMJH7H,Ford,C-MAX Hybrid
862045,34,78,black,red,female,25837C,Bentley,Continental
862062,52,59,green,blonde,male,8TMJR4,Acura,RL
862176,84,69,black,brown,male,36337J,Pontiac,Grand Am
862214,74,69,brown,black,female,004331,BMW,X6 M
862217,71,66,amber,black,female,PWQ84M,Jeep,Compass
862281,52,56,brown,blue,male,2MK4V8,Mitsubishi,Endeavor
862356,87,50,brown,green,male,71I55W,Pontiac,Firebird Formula
862428,55,73,black,grey,male,42Z057,Ferrari,430 Scuderia
862476,55,72,black,white,female,06LI1U,Chevrolet,Blazer
862489,79,75,brown,red,male,K001S8,Ford,E150
862661,78,80,green,grey,female,16551B,Honda,Pilot
862723,29,64,black,brown,female,7K8636,Smart,Fortwo
862866,85,55,green,blonde,male,7EMPB2,Lincoln,Navigator
862880,43,72,blue,green,male,217067,Suzuki,Esteem
862927,35,62,brown,green,male,7GVDVT,Ford,Explorer
862972,22,75,brown,green,female,Q5J744,Suzuki,Daewoo Lacetti
863068,21,61,black,blue,female,J60EL0,Mitsubishi,Pajero
863087,29,62,brown,grey,male,3T7HWD,Honda,FCX Clarity
863132,40,66,blue,blue,male,KR00TI,Suzuki,Daewoo Lacetti
863164,67,79,brown,grey,male,2378RA,Volvo,V70
863200,72,55,brown,red,female,Q54V88,Buick,Regal
863250,60,63,amber,green,male,NO8LIJ,Volvo,S60
863518,62,82,brown,red,female,3J7JV5,BMW,6 Series
863621,80,75,amber,blonde,male,QH247X,Volvo,S80
863767,65,53,brown,grey,female,2COCV1,Audi,A4
863815,42,52,brown,blonde,male,3287KN,Mitsubishi,Montero Sport
863880,19,73,amber,brown,male,S51P11,Chevrolet,Cruze
864038,39,79,amber,white,female,Z5881J,GMC,Safari
864169,78,63,amber,blue,female,8DXN42,GMC,Yukon XL 2500
864296,58,75,blue,blue,male,87K4U6,Chevrolet,Cobalt
864437,68,64,black,black,female,X73NU5,Hyundai,Sonata
864485,25,56,amber,brown,male,0Q4122,Chevrolet,Express 3500
864646,34,73,green,blue,female,03FX02,Pontiac,G6
864717,85,52,green,green,male,E06163,Pontiac,Grand Prix
864839,42,82,blue,black,male,8767BW,Ford,F250
864937,31,59,brown,black,male,HD61B5,Kia,Sportage
864954,65,61,brown,white,male,JVKN6I,Subaru,Baja
865517,88,51,blue,brown,male,70R83W,Ford,Focus
865610,29,79,green,blonde,male,BV7YLU,Dodge,Ram 2500
866156,39,59,green,green,female,WU6I63,Mitsubishi,Pajero
866202,66,82,black,brown,female,73J1D3,GMC,Canyon
866320,57,79,brown,black,female,47D3XP,Chevrolet,Suburban 1500
866412,60,68,green,brown,male,L4TV1O,Lotus,Elise
866530,76,82,amber,red,female,E2LRLX,Subaru,Forester
866594,88,71,green,blonde,male,37W2R5,Lexus,LFA
866716,86,57,green,white,male,56OU7F,Mazda,Mazda6
866975,27,56,green,blue,female,6GN78P,Mercedes-Benz,S-Class
866977,46,56,brown,blonde,female,224PD3,BMW,X6
867015,37,66,blue,brown,female,0A800F,BMW,Z4
867073,68,78,black,blue,male,87NT41,Hyundai,Genesis
867246,34,70,amber,grey,female,WL2IUT,Dodge,Viper
867337,53,79,blue,blonde,female,8Q70PD,Kia,Optima
867451,86,59,amber,black,male,G3LK38,Isuzu,i-Series
867565,41,50,blue,blonde,male,H6WU31,Dodge,Ram 1500
867632,38,73,amber,black,female,4V2BDL,Toyota,Tacoma
867991,39,68,black,brown,male,761RV7,Mitsubishi,Galant
868046,22,76,brown,blue,female,0I8UAI,Lincoln,Town Car
868047,65,68,brown,green,female,OGDM05,Honda,Passport
868217,51,62,blue,grey,female,R8U712,Toyota,Corolla
868237,19,65,blue,green,male,86QVW4,Toyota,Sequoia
868308,35,79,amber,red,female,M5FZ2F,Volkswagen,Jetta
868332,26,58,brown,blue,male,E28LNA,Lexus,RX
868360,18,70,blue,brown,male,F6B6AS,Audi,A4
868571,43,60,blue,grey,male,7Y6277,Bentley,Continental GT
868709,21,70,green,green,female,I42K24,Plymouth,Prowler
868735,53,73,green,blonde,female,HN228R,Chevrolet,Camaro
868787,37,59,brown,blue,male,86RB80,Ford,F350
868796,82,62,black,blue,male,2F1665,MINI,Cooper
868861,41,74,green,brown,female,3YD4C3,Dodge,Viper
868961,31,65,green,blonde,male,FHU1K5,Chevrolet,Cobalt
869172,74,72,black,black,male,50K1H6,BMW,760
869336,48,75,blue,brown,male,M0WV8T,Saab,9-3
869611,69,68,blue,blue,female,8NMT0O,Chevrolet,Express 2500
869631,18,53,black,red,male,NURN60,Chevrolet,Impala
869661,62,70,brown,black,male,M33FR3,Lincoln,Navigator L
869800,83,55,brown,blue,male,U72848,BMW,Z4
869808,36,70,blue,black,female,S41417,Toyota,Sequoia
870361,80,58,blue,black,female,BJN5KD,Chevrolet,Suburban
870738,36,80,amber,white,male,Q0V50Y,Suzuki,Swift
870773,41,57,green,green,male,G1NA78,Hyundai,Santa Fe
870777,66,77,black,grey,male,40Y373,Infiniti,G37
870786,63,69,brown,brown,male,EXRG2E,GMC,Sierra 1500
870807,41,77,green,white,female,4RQENX,Chevrolet,S10
870873,63,76,green,grey,male,ONK52G,Porsche,Boxster
870908,89,66,blue,brown,female,853D57,Kia,Carens
871005,24,72,green,red,female,52DDUZ,Chevrolet,Monte Carlo
871007,42,75,black,black,male,B60NRQ,Honda,CR-V
871410,25,50,black,grey,female,6YL270,Pontiac,G6
871481,35,59,amber,brown,male,8OXAA1,Dodge,Challenger
871529,39,55,amber,brown,female,MYF106,Ford,Taurus
871580,67,62,brown,red,male,137Z7A,Kia,Spectra
871597,42,80,blue,black,male,0X5005,Dodge,Ram
871916,42,68,amber,red,female,5M23L0,Honda,Insight
871962,78,69,black,brown,female,T0E302,Buick,LaCrosse
872390,32,51,brown,green,male,8054JS,Saturn,L-Series
872431,40,74,blue,black,female,7XI78T,Dodge,Dakota
872432,35,66,green,black,female,E58YRA,Chevrolet,Cobalt
872441,75,69,green,black,female,4G1O81,Chevrolet,Express 1500
872459,45,55,black,red,female,SS606J,Lamborghini,Gallardo
872617,69,61,green,brown,female,A65FC2,Dodge,Ram 2500 Club
872648,20,67,blue,red,female,02Y8OC,Volkswagen,Eurovan
872714,27,76,brown,blonde,female,375VZV,Aptera,Type-1h
872936,25,77,brown,blonde,male,R3S567,Ford,E150
873066,50,80,amber,blonde,female,3AH632,Dodge,Stratus
873108,70,63,brown,brown,male,25476X,Lexus,LS
873175,34,80,black,blonde,male,6O8Q4W,Toyota,Land Cruiser
873243,56,50,amber,green,male,X8LO72,Ford,Fusion
873611,30,61,blue,red,male,360810,Jaguar,XF
873612,50,53,amber,white,female,481XL7,Dodge,Grand Caravan
873710,27,56,green,red,male,HW753W,BMW,Z4
873791,46,70,blue,brown,female,GL3YMZ,Mitsubishi,Galant
873842,31,63,brown,blue,male,IB8715,Mazda,RX-8
874127,74,74,blue,red,female,GQQ54I,Jeep,Commander
874200,30,57,black,brown,male,57C8ML,Daewoo,Nubira
874202,59,56,green,blonde,female,3P45KO,Dodge,Viper
874230,62,73,green,brown,male,7F46KU,Jeep,Patriot
874437,35,65,black,green,female,XO668T,Toyota,Sequoia
874446,27,50,green,grey,female,BJLL5W,Dodge,Charger
874481,88,74,amber,red,female,007NU2,Nissan,Quest
874590,19,64,blue,white,male,3GLZY8,Dodge,Ram Van 1500
874602,28,74,black,grey,female,860RD8,Ford,F250
874764,82,80,green,white,female,425683,GMC,Jimmy
874836,21,54,brown,brown,male,PH8G2Z,BMW,M3
874844,69,63,amber,red,female,0ALHFC,Nissan,Sentra
874855,45,68,blue,white,male,15Q3XD,Honda,Accord
874910,37,50,black,green,female,35751K,Cadillac,SRX
874911,66,81,amber,red,female,31ZU83,Dodge,Sprinter
874941,57,70,brown,brown,male,NSIW7V,Mercedes-Benz,C-Class
874942,47,65,brown,grey,female,8728AJ,Audi,A3
874946,78,82,amber,green,female,L8BKO6,Audi,A4
875089,21,65,brown,blue,female,3JRX7L,Oldsmobile,Cutlass
875135,63,58,amber,blue,male,X8N8R4,Mitsubishi,Pajero
875179,81,81,green,red,female,K74IQ8,Lexus,LX
875265,18,65,brown,white,male,77UZ54,Jaguar,XJ Series
875298,70,68,blue,blue,female,105S07,Pontiac,Firebird
875383,29,75,blue,grey,female,NP0N8Y,Ford,F250
875723,65,68,brown,blue,male,T63674,Honda,Element
875731,64,52,black,blonde,male,I2FN68,Chevrolet,Express 3500
875774,25,55,blue,green,male,55P2T6,Chevrolet,Suburban 2500
875790,78,82,amber,blue,male,188VPN,Jaguar,XK
875882,48,64,brown,red,male,7YQXE1,Jeep,Patriot
875925,40,61,amber,grey,male,A27L21,Ford,E150
876025,41,56,blue,grey,male,A2X38M,Lamborghini,Murciélago
876030,29,54,black,green,male,175010,Chevrolet,Silverado Hybrid
876051,52,72,blue,green,male,UMN1Q5,Cadillac,DeVille
876054,60,52,amber,red,female,E8151P,Pontiac,GTO
876056,24,58,brown,red,female,F34063,Chevrolet,Equinox
876151,29,58,brown,blue,female,MU2743,Saab,9-7X
876197,46,60,amber,white,male,L68W72,Suzuki,Daewoo Lacetti
876238,71,72,blue,red,male,O4LCL4,Chevrolet,Avalanche
876413,80,53,green,black,female,7J886V,Chevrolet,SSR
876520,48,71,amber,brown,male,6L5F12,Dodge,Neon
876565,79,63,amber,blonde,female,HT2C7B,Chevrolet,Silverado 3500HD
876582,49,62,brown,red,male,4JF501,Lexus,LX
876591,69,59,black,grey,female,P8Y007,Acura,TL
876713,62,67,blue,blonde,male,P88MC0,Porsche,911
876726,30,52,amber,red,female,LX2R23,Chevrolet,Silverado 1500
876818,47,65,blue,grey,male,Z35MKX,Buick,Regal
877130,51,71,brown,black,male,M4MFPU,Volvo,XC90
877197,42,82,green,brown,female,31B330,Buick,LeSabre
877202,65,73,black,white,female,201R6P,Chevrolet,Suburban
877235,84,63,amber,white,female,H7BK0Y,Saab,9-3
877317,68,57,black,green,male,T68KZ4,Porsche,911
877408,79,64,brown,brown,female,QE708M,Toyota,Tacoma
877445,27,52,black,blue,male,WKAT34,Honda,S2000
877680,81,80,amber,brown,female,K4X48Y,Nissan,Frontier
877846,69,81,amber,black,male,RWOV0K,Volvo,S80
878088,33,59,amber,blue,female,254116,Toyota,Tacoma
878131,18,56,black,white,male,F554K4,Mitsubishi,Eclipse
878209,49,75,black,grey,female,I53K18,Dodge,Ram 3500
878227,50,78,blue,red,female,F68P21,Pontiac,Grand Prix
878242,44,58,black,brown,male,A4LC02,Volvo,C30
878564,46,52,amber,brown,male,446H40,Pontiac,Montana
878593,69,61,blue,black,male,5NVA05,Honda,Odyssey
878687,54,74,brown,blue,male,0ZQ43K,BMW,Z4 M
878756,35,56,brown,black,male,487258,Ford,F250
878944,31,74,amber,blonde,male,5JP7ST,Mitsubishi,Raider
878950,78,75,brown,red,male,SVIF70,BMW,X3
879058,51,58,black,black,female,52TQGO,GMC,Canyon
879107,73,64,blue,green,female,R1D753,Honda,Accord
879123,28,81,blue,black,female,JYA2YG,Acura,RL
879181,85,80,brown,green,female,C0HYB6,Lexus,HS
879475,25,55,brown,green,male,25H87C,Nissan,Pathfinder
879505,89,63,green,black,female,4A024H,Chevrolet,Silverado 1500
879535,36,55,brown,blonde,female,1X14G7,Chevrolet,Silverado
879610,29,55,green,black,male,JC1128,Ford,Escape
879679,51,54,brown,grey,female,EEYRTY,Pontiac,Solstice
879713,50,63,blue,blonde,female,46P7P0,Hyundai,Santa Fe
879875,37,69,black,blue,female,2PFE7J,McLaren,MP4-12C
879888,83,53,black,blue,female,B1E76G,Nissan,350Z
879895,73,72,black,red,female,T63305,Land Rover,Discovery
879992,36,80,amber,red,female,470U0E,Acura,MDX
880079,86,61,green,grey,male,D5BPZF,Saturn,S-Series
880475,78,69,amber,white,male,R8PR34,Mitsubishi,Lancer
880597,72,50,black,red,female,028IFW,Hyundai,Elantra
880682,62,75,brown,red,male,818URX,Volvo,XC60
880706,62,59,black,red,male,QVU4E6,Chrysler,Town & Country
880721,19,61,brown,white,female,5DG7RV,Chrysler,PT Cruiser
880831,25,79,amber,white,male,QXK6T3,Infiniti,G
880983,46,66,blue,brown,male,II3F25,Mercury,Grand Marquis
881189,19,82,brown,black,female,ME4KVB,Bentley,Continental GTC
881262,21,80,green,brown,female,N52NPY,Lexus,ES
881415,47,69,blue,green,male,7QH23V,Ford,Crown Victoria
881421,60,66,green,blue,male,0K00FU,BMW,M5
881484,52,71,black,brown,male,8B5RW8,Toyota,Sequoia
881541,79,55,brown,blonde,male,AD637W,Toyota,Solara
881691,86,77,amber,white,female,HV18C4,Chevrolet,Impala
881743,86,56,amber,green,male,Y62O1V,Subaru,Legacy
881859,76,63,black,grey,female,3GL3S7,Audi,Allroad
881885,69,82,green,blonde,male,7QW1H3,Mercedes-Benz,SL-Class
881946,61,55,amber,grey,male,117302,Suzuki,Forenza
882003,71,77,blue,black,female,50KK4N,Porsche,911
882114,88,55,amber,grey,female,ML0872,Audi,Q7
882115,57,75,black,white,male,I3W46N,Hyundai,Tiburon
882129,84,56,black,red,female,EF5SS3,Suzuki,XL-7
882164,70,60,amber,brown,female,6C122N,Ford,F-Series
882176,26,81,black,red,male,B11836,Ford,Explorer Sport
882536,18,54,green,grey,female,EOO1FI,Acura,ZDX
882582,55,62,black,brown,female,5444O3,Maserati,Spyder
882593,49,50,black,blue,male,D1EI00,GMC,Sierra 3500
882705,65,61,blue,red,male,N0NY17,Nissan,Xterra
882825,45,55,black,blue,male,B2V8V0,Acura,ZDX
882873,24,76,black,green,male,TN7LWZ,GMC,Sierra 1500
882924,83,66,blue,grey,male,Q03WK1,Mercury,Grand Marquis
882990,29,76,blue,white,male,74C443,Toyota,4Runner
883064,76,58,brown,black,female,21GD46,Buick,Lucerne
883070,27,51,amber,white,female,340ELD,Land Rover,Discovery
883192,66,66,black,black,female,O7X21J,Nissan,NV2500
883346,88,72,green,black,male,6K500S,BMW,3 Series
883433,58,58,blue,green,female,85OF83,Hyundai,Sonata
883611,66,63,brown,blonde,female,GLV46T,Nissan,Sentra
883686,72,73,green,blue,female,88146I,Nissan,Altima
883793,44,66,amber,green,female,2J5IMS,Lexus,GS
883916,29,51,green,grey,female,804BX3,Suzuki,Grand Vitara
883924,79,63,green,red,female,705R64,Kia,Amanti
883993,75,80,brown,brown,female,XS06H3,GMC,Yukon
884012,35,58,green,red,male,0YLZ5G,Chevrolet,Express 3500
884024,56,56,brown,red,male,A3KK8N,Saturn,Ion
884031,65,74,black,blue,male,137YXO,Mazda,Mazda3
884223,39,79,black,brown,female,8KY88S,Morgan,Aero 8
884279,66,76,brown,blonde,female,6I6Y0I,Ford,Explorer Sport
884358,45,74,black,black,female,DMV338,Isuzu,i-280
884738,85,61,green,red,female,4G5CIM,Spyker Cars,C8
884791,61,70,blue,grey,female,DF2AWU,Lincoln,Navigator L
884823,74,69,amber,blue,male,VQ57WD,Chrysler,Cirrus
884989,29,58,amber,green,female,0N36G5,Subaru,Legacy
885000,86,82,black,red,female,Z14XIT,Chevrolet,Silverado
885032,76,51,black,green,female,L5824I,Oldsmobile,Bravada
885033,56,75,brown,brown,female,432828,Volvo,S40
885045,74,79,brown,brown,male,GNQ2X3,Volkswagen,GTI
885368,32,53,green,black,female,182287,Chrysler,Town & Country
885559,65,69,amber,red,female,6OC27F,Dodge,Durango
885718,75,66,blue,blue,male,73LQBG,GMC,Savana 3500
885866,43,62,blue,grey,female,F65833,Lotus,Exige
885915,55,77,amber,blue,female,DFHIH1,BMW,M5
886103,85,77,black,green,male,J7ON8S,Mercedes-Benz,GLK-Class
886146,80,82,green,white,female,E4S21S,Mitsubishi,Lancer Evolution
886204,26,67,green,white,female,01O218,Ford,Crown Victoria
886448,49,79,blue,white,male,C5H4U7,Mazda,Miata MX-5
886533,29,80,black,black,male,H7C3MD,Ford,Mustang
886756,76,81,green,white,female,HG5M61,Honda,S2000
886944,68,59,amber,grey,female,5T782E,Volkswagen,Cabriolet
887096,25,61,brown,red,female,K6UIH1,Subaru,Legacy
887256,82,57,black,green,female,7C21VV,Mercedes-Benz,SL-Class
887262,41,61,blue,red,male,J1SP84,Subaru,Impreza WRX
887356,68,70,blue,red,male,C7203L,Dodge,Ram 1500 Club
887446,21,76,blue,grey,female,SG480X,Lincoln,Mark LT
887521,37,74,black,blonde,female,470JQ0,Lotus,Esprit
887656,37,54,amber,green,male,6D522V,Volkswagen,GTI
887794,34,58,green,brown,male,AUME08,Volvo,V40
887825,81,65,blue,green,male,0S786R,Chevrolet,Silverado 2500
887942,38,58,green,white,female,N22613,Suzuki,Grand Vitara
887996,84,64,blue,green,male,JXCM35,Toyota,Prius
888155,60,75,blue,green,male,H50LMP,BMW,X6
888290,53,79,green,white,male,O513Q2,Hyundai,Tiburon
888312,62,74,brown,blonde,male,52E2PW,Chevrolet,Impala
888331,77,53,green,blonde,female,N4POPT,Infiniti,FX
888337,33,60,brown,red,female,XLQYX4,Mazda,B2500
888433,59,56,amber,grey,female,I45172,Nissan,Frontier
888517,62,73,black,grey,male,U65Q7T,Mercedes-Benz,GLK-Class
888668,21,80,blue,green,male,8I78K5,Cadillac,DeVille
888710,84,68,blue,blue,male,IC2EA5,Mitsubishi,Pajero
888734,82,55,amber,brown,female,U4G2K7,Lincoln,Zephyr
888745,19,80,black,red,female,H072K3,Scion,xA
888899,56,58,green,blonde,male,1H6P1X,GMC,Savana
889001,51,51,blue,grey,male,U4C54C,Ford,Mustang
889015,75,57,blue,black,female,P1X124,Buick,Regal
889044,50,54,amber,blue,female,0S0I7D,Land Rover,Range Rover
889234,44,81,blue,blue,female,YSZI4J,Pontiac,Bonneville
889292,78,53,amber,brown,male,BJ08EI,Lexus,IS-F
889370,83,78,brown,blonde,male,051WS7,BMW,M
889372,33,56,brown,red,male,ZF4526,Chrysler,Concorde
889373,75,67,amber,white,male,DI3806,Chevrolet,Avalanche
889374,85,59,black,white,male,1564DQ,Toyota,Matrix
889407,52,53,blue,grey,female,648JAW,Kia,Sorento
889589,27,72,green,black,female,02PZ75,Pontiac,Bonneville
889715,30,77,brown,black,female,1IA0T7,Suzuki,Aerio
889774,25,68,amber,red,male,06V062,Porsche,Boxster
889795,45,68,green,brown,female,MO81H1,Pontiac,Bonneville
890063,59,73,amber,black,male,O5D6OA,Toyota,Sienna
890361,62,74,blue,white,female,8UW513,Chevrolet,Suburban 2500
890431,77,52,amber,white,male,AZZA24,Lincoln,LS
890477,28,52,green,brown,male,M331Y2,Ford,Expedition
890505,34,80,black,blue,male,3PQU6F,Daewoo,Lanos
890597,47,67,black,white,female,FTSC54,Hyundai,Sonata
890636,57,55,blue,blue,female,SXZ02V,Chevrolet,Silverado 1500
890643,69,52,green,white,male,577W78,Volkswagen,Tiguan
890656,26,66,blue,red,female,1AZ386,GMC,Jimmy
890722,60,61,green,brown,female,SVGR5N,Audi,TT
890730,34,60,brown,brown,female,R340KW,BMW,7 Series
890819,21,65,brown,red,female,PBVCZJ,Honda,Insight
891016,37,52,green,red,female,8K26C3,Ford,E350
891119,36,61,brown,brown,female,X017MK,Volkswagen,Routan
891228,84,82,brown,red,female,54H6HK,Lexus,SC
891284,22,69,brown,blonde,female,0Y3IUO,Mercedes-Benz,Sprinter
891563,80,62,brown,black,female,JU032X,Aston Martin,DBS
891620,73,72,blue,blue,female,2314BM,Volkswagen,Routan
891632,73,53,blue,green,male,M602W3,Cadillac,Eldorado
891739,41,64,amber,grey,female,U520EU,Mercedes-Benz,G-Class
891801,78,78,brown,grey,female,630KIS,Maserati,Coupe
891857,23,52,green,black,male,Y7IH4X,Ford,E250
891877,38,70,black,grey,female,SI70GC,Toyota,RAV4
891952,77,51,black,grey,male,3H52DQ,Volkswagen,Golf
892048,45,80,black,white,female,Z6B1YK,Audi,A8
892095,73,67,green,red,female,44K3Q6,Acura,ZDX
892097,32,55,blue,green,male,XLTHWN,Lexus,IS F
892112,57,50,black,white,male,65Q45S,Mitsubishi,3000GT
892116,79,68,amber,green,male,04OV72,BMW,530
892132,72,78,amber,grey,female,5Y3K01,GMC,Yukon XL 2500
892181,33,73,brown,blonde,female,BU732I,Hyundai,Accent
892268,74,53,blue,red,female,DXW405,Buick,Regal
892299,18,79,amber,blue,female,2SN117,Toyota,TundraMax
892332,87,61,blue,green,female,K10372,Volkswagen,Jetta
892498,78,82,black,brown,female,MYZ775,Dodge,Ram
892636,80,64,green,black,male,QRY1UK,Mercedes-Benz,M-Class
892897,89,77,brown,white,female,763668,Dodge,Charger
893028,78,53,blue,red,female,F3238F,Land Rover,LR4
893099,22,69,brown,blue,male,X0A5M7,BMW,325
893106,77,68,brown,brown,male,M4815O,Toyota,Camry Solara
893139,20,77,green,red,female,8LUEFW,Nissan,Sentra
893175,36,55,amber,grey,female,Z8G680,Suzuki,Equator
893282,53,65,brown,grey,female,5K6IEI,Land Rover,Discovery
893312,60,66,blue,white,male,4H8U72,Ford,Th!nk
893318,71,70,black,blue,male,03QCMG,Hyundai,XG350
893393,25,59,brown,grey,male,4IY2P1,Toyota,Prius
893410,72,54,black,grey,female,KR7DBP,Mazda,B-Series Plus
893482,26,73,amber,grey,male,DZ833P,Mercedes-Benz,M-Class
893484,71,51,brown,white,female,1BE41W,Chevrolet,Suburban 1500
893557,58,79,black,green,female,82556Q,GMC,Savana 3500
893627,56,78,amber,brown,female,SL0H63,Mitsubishi,Eclipse
893672,86,55,blue,black,male,N41JE3,Infiniti,IPL G
893675,31,79,amber,green,male,068K16,Pontiac,Sunfire
893705,28,80,green,white,male,2AA005,Mercedes-Benz,SLK-Class
893783,72,60,black,blue,female,240RM4,Volvo,C30
893797,36,78,green,blue,female,3L6PYE,Volvo,S60
893964,65,70,blue,blue,female,4MM7H0,Land Rover,Discovery
894022,21,70,blue,blonde,female,2DLFBC,Volkswagen,GTI
894215,57,53,black,grey,male,84F831,Toyota,4Runner
894367,23,74,amber,white,male,VZ6T48,Volkswagen,New Beetle
894386,86,81,black,grey,male,E08285,GMC,Canyon
894422,26,63,amber,green,female,8L03X6,Chevrolet,Malibu
894481,39,69,green,blue,male,35Q721,Subaru,B9 Tribeca
894519,39,76,amber,green,male,428NBF,GMC,3500
894663,53,54,blue,blue,female,BP2Q26,Lexus,SC
895050,18,57,amber,brown,male,OWJ5ZO,Pontiac,Solstice
895099,39,60,brown,green,female,J2B8C7,Chrysler,Concorde
895145,18,61,blue,grey,male,MEXDOB,Dodge,Avenger
895232,37,62,amber,red,female,3A2O05,Mitsubishi,Lancer Evolution
895238,66,76,amber,blonde,male,N340Z0,Cadillac,SRX
895295,60,66,green,brown,female,52K2G1,Saturn,Ion
895464,29,76,blue,red,female,575KYK,Chevrolet,Express 3500
895480,29,73,green,red,male,5I1D7L,Oldsmobile,Intrigue
895546,66,51,green,red,male,8CK8S0,Saab,9-3
895601,43,62,blue,blonde,male,I2A0NU,Volvo,S60
895673,62,64,green,red,male,1EG05V,Toyota,Tacoma
895755,22,55,amber,red,male,WTZL7V,Dodge,Dakota
895892,25,56,blue,blue,female,NK264O,Ford,Focus
896101,88,54,blue,green,female,YZ3ABI,Pontiac,G6
896108,76,53,amber,blue,female,6R7ZE4,Oldsmobile,Alero
896221,30,54,green,blonde,male,ZB78R7,Mazda,Mazda5
896227,39,74,blue,green,male,2766GY,Chevrolet,Astro
896430,42,54,amber,red,female,A6L3WC,Ford,Crown Victoria
896454,44,74,brown,green,male,72815X,Chevrolet,Silverado 3500
896489,67,72,blue,white,female,4I4UQB,Toyota,Corolla
896571,44,74,amber,red,female,7VE64R,Acura,RL
896685,27,56,green,green,female,W65GF4,Chevrolet,Aveo
896693,39,52,blue,white,male,6UGJC7,Lotus,Elise
896896,74,58,brown,grey,male,284CRO,Audi,S8
896913,71,72,brown,white,female,W7G3B6,Subaru,Outback
896952,43,72,black,white,male,R415WT,Audi,S8
896955,85,60,amber,white,female,7C787L,Saab,9-3
897074,20,54,brown,blonde,female,83RNGX,BMW,M5
897201,67,61,blue,blonde,male,5ST13K,Mercury,Mariner
897226,31,60,green,green,female,P5H2QS,Dodge,Challenger
897495,45,58,amber,blue,male,EI0LHU,Chevrolet,Suburban 1500
897520,63,81,amber,grey,male,J6NS67,Mazda,MPV
897658,59,55,brown,green,female,KQ8JS4,Mitsubishi,Challenger
897671,68,79,brown,grey,female,488WM8,Mercedes-Benz,G-Class
897676,72,54,brown,black,female,D8O73J,Audi,A4
897702,33,81,amber,red,female,OPZ6TH,Volvo,XC70
897828,44,71,blue,green,female,SCLLXP,Dodge,Ram 1500
897844,43,65,blue,green,female,280J0E,Dodge,Intrepid
897916,45,54,brown,blonde,male,25WFN7,Chevrolet,Express 2500
898265,84,75,brown,brown,male,S2RWN7,Toyota,Camry Solara
898440,86,66,amber,blonde,female,YV61XD,Dodge,Dakota
898561,85,65,brown,black,female,8CSKD7,Nissan,Quest
898647,41,57,black,grey,female,55PUC5,Volvo,S40
898892,32,53,green,black,male,277HXG,Chevrolet,Monte Carlo
899084,26,82,amber,brown,female,8EFQK5,Honda,CR-V
899090,34,81,black,blonde,female,FHUK70,Chevrolet,Silverado 3500
899186,84,64,brown,blue,female,067RTS,Chevrolet,Cavalier
899260,80,58,brown,blonde,male,6P8C12,Dodge,Caravan
899328,51,52,brown,grey,male,3O4SP0,Acura,ZDX
899348,41,62,green,grey,male,W35283,Chevrolet,G-Series 3500
899697,55,54,green,red,male,8D3P68,Toyota,Corolla
899715,36,60,green,brown,female,OBR4UE,Aston Martin,Virage
899725,82,64,brown,blonde,male,WJ3V3E,Mitsubishi,Raider
899851,51,66,black,brown,male,72KM7Y,Chevrolet,Tahoe
899886,23,64,amber,brown,male,Q6CNCT,Lexus,GX
899918,30,66,green,brown,female,177AQH,Hyundai,Santa Fe
899992,47,65,amber,red,female,V34LP8,Suzuki,SX4
900048,59,51,black,blue,female,VHQT24,Infiniti,M
900090,26,80,brown,green,female,874K5U,Toyota,Matrix
900093,55,74,blue,white,male,626B7T,Daewoo,Nubira
900109,70,79,brown,red,female,NX7524,Cadillac,XLR
900294,28,81,amber,black,female,EJC20P,Mazda,MPV
900312,76,68,amber,blue,female,ANSRX8,Dodge,Durango
900361,89,64,black,black,female,6J30TQ,Volvo,C30
900546,73,61,brown,blue,female,N61IPN,Mitsubishi,GTO
900581,62,64,green,green,female,E83H7E,Chrysler,Cirrus
900698,39,56,black,green,male,LT7JNZ,Chevrolet,Cobalt
900816,66,72,blue,red,female,J46LPS,Chevrolet,Express 2500
900943,65,64,blue,black,male,287KA2,Volvo,V70
900944,55,66,black,green,female,MQZHP4,GMC,Yukon
901124,65,59,blue,red,male,367RU2,Acura,MDX
901177,21,52,green,blonde,female,G8HTG1,Mazda,Mazdaspeed 3
901209,33,74,brown,blue,male,J44774,GMC,Savana 1500
901210,31,80,black,black,male,712Q4I,Hyundai,Tiburon
901514,74,63,brown,red,female,G1T5J6,Chevrolet,Blazer
901516,67,77,brown,grey,male,5K6S4Y,Chrysler,Voyager
901576,42,70,amber,green,female,52N86N,Acura,MDX
901599,38,58,green,white,female,40HJ76,Nissan,Titan
901686,24,63,green,green,female,8F8Z26,Mazda,Miata MX-5
902101,35,64,brown,black,female,FL8385,Honda,CR-V
902196,49,80,green,grey,male,E33UG0,Honda,Crosstour
902200,67,55,amber,blonde,female,O5LCO2,Chevrolet,Monte Carlo
902242,44,60,black,grey,female,Q87EI7,Chrysler,Sebring
902438,87,64,amber,black,male,2SDJG1,Chevrolet,S10
902592,72,75,blue,green,male,153YI0,HUMMER,H1
902596,24,77,green,red,female,E607T2,Nissan,Murano
902713,23,52,black,blue,female,146Z5H,Oldsmobile,Alero
902776,64,68,blue,blonde,male,ZBJ825,GMC,Acadia
902792,26,61,blue,green,male,5YLT22,Volvo,C70
902824,47,67,green,green,female,BFUM7F,Isuzu,i-280
902855,22,61,green,blue,male,6IYA7H,Dodge,Dakota
903021,46,53,brown,black,male,M0OE08,Suzuki,Grand Vitara
903080,33,56,black,blonde,female,67TN3V,Nissan,Pathfinder
903360,44,77,brown,grey,male,2AYQBD,Nissan,Pathfinder
903428,58,67,brown,black,female,AJKC7N,Hyundai,Tiburon
903431,48,67,black,blonde,male,YF1TQJ,Volvo,S40
903790,51,81,amber,blonde,male,AKXS18,Cadillac,DTS
903815,32,81,brown,green,male,340UBY,GMC,Acadia
903850,78,75,black,blonde,male,Y8S44J,Saturn,Outlook
903914,50,67,green,grey,male,R31346,GMC,Envoy
903934,29,65,black,green,female,O5W55E,Pontiac,Firebird
903985,44,51,brown,black,female,OX606S,Toyota,Tundra
904024,38,76,black,brown,male,F68VG5,Ford,Escort
904137,58,69,blue,white,male,5N3G47,Buick,LaCrosse
904147,89,51,brown,white,female,35FSA4,Ford,Explorer Sport Trac
904246,21,61,green,white,male,M41BKX,Mercedes-Benz,GL-Class
904334,85,64,brown,black,male,8275RY,Mercedes-Benz,GLK-Class
904345,43,74,black,blonde,female,FK4K8R,Ford,Escort
904392,60,59,green,red,female,3OFV47,Subaru,Forester
904575,64,78,amber,white,male,10QUOV,HUMMER,H1
904977,52,53,green,red,male,VPD7HY,Mercedes-Benz,CLK-Class
905007,61,80,brown,black,male,17A6ZL,GMC,Yukon
905139,63,58,green,red,male,V4W3HM,Ford,Expedition EL
905224,77,68,brown,red,male,OY5IZL,Jaguar,XK
905690,49,75,brown,brown,male,LPGOI4,Kia,Sephia
905733,76,70,amber,blonde,male,8AJRDU,GMC,Safari
906067,88,61,black,red,female,70A8F1,Audi,Q7
906121,41,81,green,blue,male,8IO22I,Pontiac,Sunfire
906329,74,63,blue,blonde,male,08WX74,BMW,525
906340,63,68,brown,blue,female,JPGSJ0,Maybach,62
906344,80,67,amber,white,female,173FS0,BMW,6 Series
906379,55,71,blue,blonde,female,61K68P,GMC,Savana
906393,51,81,amber,red,male,0RP4JQ,Chrysler,Pacifica
906566,39,58,amber,black,male,VBGMCU,Chevrolet,Avalanche
906684,27,63,brown,green,female,86PRCX,Volvo,S80
906688,66,74,amber,green,male,70Y0SF,Hyundai,Santa Fe
906806,78,78,blue,black,female,S0AA05,Bentley,Arnage
906898,25,66,brown,blonde,female,6P77N4,Hyundai,Tucson
906934,63,80,blue,brown,male,78ULED,Porsche,Cayman
906940,21,51,green,green,male,ST1VT2,Mercury,Cougar
907064,75,62,amber,white,male,2E0S21,Nissan,Sentra
907096,86,77,black,white,female,C2ZIWO,Lexus,LX
907146,41,57,brown,grey,male,8C0488,Dodge,Caravan
907196,49,62,green,brown,female,5CSYIO,Chevrolet,Uplander
907226,42,79,black,blue,female,IX77S6,BMW,3 Series
907460,32,61,green,grey,female,781RP3,Chrysler,Concorde
907462,67,71,green,blue,female,10SYL5,Ford,Edge
907696,32,52,green,grey,male,EMFK3L,Mazda,Miata MX-5
907806,47,81,black,red,female,O18R2L,Mitsubishi,Galant
907831,50,50,black,brown,female,M4BNB4,Buick,LeSabre
907869,19,72,black,green,male,U61GW1,Scion,xB
907936,60,73,blue,white,female,0K211Z,Nissan,Xterra
908192,70,68,amber,red,female,O0P551,Chevrolet,Aveo
908255,79,51,amber,blue,female,TGPJF7,Subaru,Legacy
908368,42,56,blue,white,male,06A21B,Mercedes-Benz,SLK55 AMG
908438,41,78,amber,white,male,AEL6OL,Mitsubishi,Lancer
908485,53,50,blue,red,male,06T4TB,Suzuki,Vitara
908620,74,50,green,grey,male,D62X24,Lincoln,MKS
908677,58,56,black,black,female,8GZRXO,Acura,MDX
908729,78,51,black,black,male,331J04,Bentley,Continental
908765,81,67,brown,brown,female,533T70,Volkswagen,CC
908889,23,76,amber,black,female,0245KN,Suzuki,Daewoo Magnus
908904,27,61,blue,blue,male,Q26AYS,Toyota,RAV4
909016,40,52,black,blonde,male,M70LR0,Honda,CR-V
909049,76,67,green,blonde,male,7O2YP3,Pontiac,Grand Am
909193,84,75,brown,white,female,VM740G,Toyota,Avalon
909334,41,73,amber,blue,male,2KP873,Infiniti,I
909438,72,81,green,brown,male,O12S35,Toyota,Sequoia
909462,31,62,blue,black,female,60LC37,Lexus,GX
909537,76,58,green,black,female,5AND51,Cadillac,Escalade
909572,29,52,blue,red,male,I17M5M,Dodge,Ram 1500
909738,89,55,green,black,female,1M0Q7H,Ford,Windstar
909880,47,66,blue,brown,female,O7E283,Saab,900
909917,38,62,blue,blue,female,P23A5J,GMC,Sierra 2500
909952,57,58,brown,red,female,R2ZAE8,Infiniti,M
909986,85,50,amber,blue,female,67U12E,Tesla,Model X
910085,87,81,green,blonde,male,41FMCA,Ford,ZX2
910129,19,74,brown,black,male,31834T,Rolls-Royce,Phantom
910492,60,70,blue,blue,female,311RDJ,Volvo,S80
910632,29,81,green,brown,female,6A0CP6,Subaru,Tribeca
910671,66,73,green,blonde,male,0J463U,Mercury,Mystique
910764,84,66,brown,blue,male,GL43IV,Oldsmobile,Silhouette
910863,49,75,blue,brown,male,6DTAMK,Toyota,T100
911079,27,55,amber,blue,male,X0586D,Lexus,GS
911172,37,60,green,blue,male,1HWN52,Volkswagen,New Beetle
911255,78,57,amber,brown,male,QOPT46,Mazda,B-Series
911370,23,81,black,black,male,6DDPD5,Volkswagen,Passat
911435,30,71,green,grey,female,8K7MG4,Chevrolet,Avalanche
911479,86,50,brown,blue,male,07I36U,Toyota,T100
911482,33,66,green,brown,female,85JU17,Mazda,Protege
911555,60,53,amber,green,male,8I7LSZ,Acura,TL
911571,24,77,green,white,female,BVFU0G,Mercury,Grand Marquis
911722,36,76,green,blue,female,LW6BI4,Infiniti,G25
911727,48,76,green,grey,female,80481Y,Pontiac,Solstice
911849,80,64,green,brown,male,SH607H,Infiniti,I
911855,61,69,green,brown,male,RF05OT,Isuzu,Rodeo
912166,21,65,blue,white,male,P8ZBU3,Chrysler,Sebring
912642,82,79,amber,red,male,M5W713,Audi,S6
912925,49,52,green,red,female,G3C3E2,Mercury,Sable
913193,84,57,blue,white,male,8J7C05,Toyota,Tundra
913266,30,64,amber,grey,female,I5PPJ6,Chevrolet,Express 3500
913368,83,70,black,grey,male,H4728S,Cadillac,XLR
913472,46,52,amber,green,male,VNW2Q5,GMC,1500 Club Coupe
913483,78,72,brown,blue,male,23NO5B,Audi,S6
913496,63,63,blue,blonde,female,VB0O1Z,Saturn,L-Series
913507,60,66,green,black,female,R4KXP3,Volkswagen,Rabbit
913529,53,75,green,brown,female,U1U4DN,BMW,3 Series
913637,54,57,blue,black,male,1NCR02,Chevrolet,Camaro
913669,19,80,brown,green,female,2X1E62,Ford,Ranger
913737,36,81,green,blue,male,077FV5,Subaru,Impreza
913785,30,59,green,green,male,WCG1ZF,Toyota,Venza
913847,60,69,blue,white,male,RY4424,Toyota,Land Cruiser
913856,20,70,green,brown,male,44383S,BMW,650
913857,38,81,amber,brown,female,110U1P,Chevrolet,Cobalt
913860,63,71,blue,white,female,F3YKCY,Jeep,Liberty
913916,65,65,blue,black,female,R82TU8,BMW,X5
913984,18,71,green,red,female,RT84K6,Chevrolet,Silverado 1500
914217,36,70,amber,brown,male,UAIQLJ,Volvo,S40
914502,63,60,black,grey,male,8375TC,Hyundai,Santa Fe
914543,44,59,amber,blonde,male,XNBWDA,Aptera,2e
914560,50,52,brown,white,male,36CR48,Panoz,Esperante
914800,82,66,blue,white,male,7E7S1I,MINI,Cooper
914900,85,62,black,blue,female,5KV1T2,Jaguar,X-Type
914972,34,68,green,green,male,42528K,Ford,E250
915060,85,59,blue,green,male,4DH18D,Jeep,Grand Cherokee
915148,49,78,amber,grey,male,1YLA1L,Chevrolet,Camaro
915212,34,63,blue,blue,female,GZKI57,Dodge,Neon
915250,56,52,green,grey,female,3DNPBI,Mercedes-Benz,G-Class
915303,18,72,brown,brown,female,R63N1Y,Volkswagen,Touareg
915313,44,50,black,blonde,male,C1RH1A,Acura,SLX
915342,36,66,amber,blue,male,80TDQI,Chevrolet,Cobalt SS
915558,20,75,green,black,male,52WESV,Volkswagen,Routan
915564,33,62,green,black,male,58G5JT,Smart,Fortwo
915855,59,62,amber,black,female,X60036,Hyundai,Tucson
915858,78,81,amber,green,female,27033T,GMC,Envoy
915954,81,65,green,blonde,female,CIE7E0,Volkswagen,rio
916107,78,73,black,grey,male,V15R3C,Infiniti,G35
916124,60,53,amber,brown,female,2U08A4,Pontiac,Daewoo Kalos
916178,49,52,black,grey,male,B2355O,Land Rover,Range Rover
916513,78,77,brown,green,male,KIXL7V,Lexus,IS
916706,83,61,brown,blonde,male,1BUUJ2,Infiniti,Q
916735,50,64,blue,black,male,76F78M,Scion,xA
916767,74,79,blue,red,female,86ER31,Dodge,Ram 2500
916810,77,54,amber,green,female,K6R8ZG,GMC,Sierra 1500
916838,34,81,green,green,male,3PR6Y2,Hyundai,Sonata
916885,51,56,green,green,female,7G757T,GMC,Yukon Denali
916908,28,79,blue,blue,female,5FE80M,Volkswagen,Jetta
916914,49,58,green,blonde,male,FT7ME0,Audi,A4
917093,76,82,amber,red,male,1IE53P,Ford,Escape
917095,58,77,brown,brown,female,EJ8751,Ford,Flex
917387,38,66,brown,blue,female,560048,Chrysler,Sebring
917650,83,58,blue,green,male,41QSLL,Jaguar,XK Series
917854,23,78,blue,red,male,KPET6R,Mercedes-Benz,C-Class
917890,38,63,black,grey,female,74F277,Lexus,CT
917950,82,55,black,brown,female,84V433,Mazda,Mazda5
918059,63,74,black,grey,male,AD0545,Honda,Prelude
918122,72,63,black,blonde,female,4OD17X,Toyota,Celica
918394,84,74,black,blue,male,30I085,Kia,Sedona
918572,20,76,green,grey,male,7U4YYM,GMC,Envoy
918587,70,60,black,brown,female,F60E0K,Pontiac,Vibe
918595,69,51,blue,green,female,73244Q,GMC,Yukon
918773,48,65,black,red,female,917UU3,Tesla,Model S
918784,53,54,brown,grey,male,K2AK53,GMC,Acadia
918901,25,67,black,brown,female,UIT4KF,Audi,A8
918921,33,57,green,blonde,male,0SR7TH,Dodge,Ram Van 3500
919006,52,79,blue,brown,male,7SM620,Chevrolet,Equinox
919010,23,69,blue,black,female,T14WE0,Bentley,Continental Flying Spur
919108,79,64,green,white,male,P55Q74,Chevrolet,Express 2500
919138,27,55,brown,white,female,CLW6QC,Lincoln,MKX
919158,86,82,brown,green,female,N47831,Acura,MDX
919179,69,56,black,blue,female,V1EZG0,Mercedes-Benz,M-Class
919338,66,68,green,red,female,556J46,Isuzu,Amigo
919384,70,56,brown,red,male,EKOQOH,Lexus,SC
919611,34,64,blue,green,female,MW1J0V,Chevrolet,3500
919656,46,78,green,brown,female,AO2IM1,Aptera,Typ-1
919677,35,62,green,grey,male,402VSH,Chrysler,300
919744,62,80,blue,green,female,0DK5MG,Mazda,B-Series
919781,24,78,green,red,male,382T73,Chevrolet,Tahoe
919788,54,59,black,brown,female,622WN0,Nissan,GT-R
919810,46,54,brown,white,male,7C373T,Dodge,Caliber
919851,32,54,green,green,female,J3QC12,Bentley,Continental GTC
920063,19,71,green,grey,male,67SQX2,Porsche,Boxster
920091,40,75,brown,red,female,421S8B,Dodge,Ram 2500
920124,66,50,green,grey,male,OCV2DM,Ford,Windstar
920407,78,65,black,brown,male,2VEBWR,Chrysler,Cirrus
920451,76,66,green,blue,female,6AJ41Y,Nissan,Frontier
920494,56,69,blue,grey,female,6K774M,Infiniti,G
920496,83,74,amber,black,female,51MY7A,Honda,CR-V
920543,56,60,black,red,male,7T7K4X,Mercury,Monterey
920941,67,63,blue,blonde,male,LG5B44,Chevrolet,Impala
921147,56,77,amber,black,male,Q84X4F,Ford,E350
921249,81,54,green,brown,male,84K7B8,Isuzu,Rodeo Sport
921432,44,77,brown,brown,female,MBE5Z3,Kia,Forte
921452,24,55,amber,blue,female,2YJ285,Lexus,GS
921546,76,69,black,green,female,Z2Y6I2,Ford,Edge
921622,67,56,blue,blonde,male,FO7CCB,Honda,CR-V
921696,42,58,blue,grey,female,A46IOM,Bentley,Arnage
921743,72,72,black,blonde,female,VTG7U4,Buick,LaCrosse
921776,80,56,green,blonde,male,167KN8,Pontiac,Vibe
921924,35,61,brown,white,female,07U664,Dodge,Caravan
921998,73,53,brown,blonde,female,LT1654,Pontiac,Torrent
922240,41,54,black,blonde,male,177UT7,Dodge,Ram 3500
922248,37,71,black,brown,female,ZH8AU2,Ford,ZX2
922350,74,74,amber,green,female,R8JRNT,Aston Martin,V8 Vantage
922360,82,73,green,grey,male,4NH84J,Toyota,Yaris
922368,22,73,green,white,male,K5FD10,Chrysler,Voyager
922396,61,79,green,blonde,female,I2W6TI,Volvo,S40
922646,34,59,amber,blonde,male,Z6MPT0,Volkswagen,Passat
922734,74,65,green,blonde,male,54VRI4,Plymouth,Neon
922740,46,58,black,blue,male,8NZLIU,Plymouth,Grand Voyager
922822,82,55,black,white,male,V58O3G,Dodge,Challenger
922891,77,67,black,green,female,OFR6O0,Lamborghini,Murciélago
923058,49,54,brown,brown,female,C803QG,Subaru,Baja
923064,32,70,blue,black,male,2W5GAM,Dodge,Grand Caravan
923196,23,63,amber,blue,male,YA11N6,Audi,R8
923256,24,73,amber,white,female,8IQ700,Chrysler,LHS
923305,20,56,black,grey,male,4821VI,Mazda,Mazda3
923414,42,58,green,blonde,female,1MBXVN,Volkswagen,Touareg
923504,20,73,black,red,male,3ND7Q8,Dodge,Stratus
923675,85,75,green,blonde,female,RHV6R0,Audi,S4
923696,52,56,black,red,female,44RP1L,Audi,S8
923831,55,55,black,brown,female,24JG8Z,Nissan,Maxima
924001,35,76,black,blonde,female,78RU7A,Oldsmobile,Alero
924003,38,81,green,green,female,CZ1512,Mazda,Mazda3
924105,27,79,amber,white,female,7U2KAE,Jeep,Liberty
924189,87,51,green,blonde,female,HJ6P2D,Cadillac,CTS-V
924219,31,55,black,blue,male,XQT8HZ,Mazda,RX-8
924360,46,57,green,green,female,A26IW0,Toyota,RAV4
924493,30,75,black,brown,male,362EC1,Daewoo,Lanos
924505,59,82,green,green,male,L7122D,Lincoln,LS
924516,21,53,blue,brown,female,S11G6U,Oldsmobile,Silhouette
924517,34,56,amber,brown,male,38F873,Isuzu,Axiom
924525,33,57,green,green,male,S04YB1,Lexus,RX
924535,82,76,blue,white,female,U1ANB4,Volkswagen,Passat
924536,49,62,green,blonde,female,N3JG56,Volvo,XC90
924593,44,80,amber,green,female,22MDM0,Nissan,Armada
924607,87,77,brown,white,male,837W56,Dodge,Ram Van 2500
924623,88,71,black,brown,female,0CI170,Mercedes-Benz,C-Class
924669,54,73,amber,white,male,10NG0M,Jaguar,XJ Series
924983,68,54,blue,red,male,5LFDI4,Chevrolet,SSR
924985,35,76,blue,white,female,UQ27MB,Daewoo,Nubira
924989,32,69,brown,blue,male,D5YH6U,Suzuki,Aerio
925152,61,51,brown,red,female,N62211,Mercedes-Benz,SLK-Class
925282,57,53,black,blonde,male,344FJO,Lexus,RX
925609,51,74,blue,grey,male,B75O4T,Mercedes-Benz,S-Class
925645,51,82,green,red,male,BS64P8,Land Rover,Freelander
925660,86,71,amber,grey,male,4UAW28,Mazda,Mazda6
925783,29,78,black,brown,female,1ZUX61,Subaru,Forester
925854,75,62,black,white,male,4OQ50V,Ford,Taurus X
925907,67,67,brown,blonde,male,SCVWT5,Audi,RS 4
925999,39,81,amber,green,female,21S524,Volkswagen,Passat
926055,42,65,brown,blonde,male,K5H4CU,Chrysler,Sebring
926074,85,55,amber,green,female,7T4T7Y,Ford,Windstar
926111,46,51,amber,blonde,male,RZ0U18,Dodge,Grand Caravan
926121,35,70,amber,grey,male,E0X53Q,Nissan,Titan
926174,75,72,green,white,female,RM0YCR,Lexus,ES
926230,44,54,green,grey,female,RDT4OW,BMW,650
926234,41,53,green,green,male,3M0OE4,Lexus,ES
926341,87,67,blue,green,female,F232JT,Toyota,Matrix
926354,73,62,amber,brown,female,A07LUD,GMC,Envoy
926467,87,62,amber,blue,female,14HW1O,BMW,M3
927006,65,72,green,grey,female,7X42J0,Lexus,IS
927016,51,56,amber,red,female,36H01K,Honda,Odyssey
927111,45,55,black,red,male,5WKW61,Pontiac,Firebird
927195,39,54,green,blonde,female,J4786E,Maserati,GranTurismo
927281,29,52,black,black,female,3W63L2,Volvo,S40
927451,44,52,green,brown,male,5C634C,Buick,Century
927494,48,82,amber,green,male,81104V,Acura,Integra
927594,53,63,blue,blue,female,T5RQ32,Lexus,IS
927671,65,68,blue,green,male,Q63JC5,Chrysler,Town & Country
927703,19,74,brown,brown,female,JV2E18,Ford,Expedition
927830,32,52,green,black,female,T5QCMX,Lexus,GX
927934,63,52,black,white,male,XK476K,Aston Martin,V8 Vantage
927937,58,82,blue,grey,male,OA57X4,Chevrolet,Malibu
927941,29,65,brown,blue,male,652187,Buick,LaCrosse
927977,73,79,brown,brown,female,YTPVL3,Lexus,GX
928018,36,78,brown,grey,female,T40BO3,Audi,S5
928109,22,73,brown,green,male,016GJC,Jeep,Wrangler
928255,45,73,black,brown,male,H2521I,Dodge,Ram Van 2500
928258,30,51,brown,brown,male,R73W8G,BMW,M3
928297,76,67,black,black,male,51F1I1,Ford,E250
928575,44,60,blue,blonde,male,7CP5R2,Dodge,Journey
928582,82,55,black,black,female,18N7ZU,Maybach,57
928638,64,63,green,blonde,male,QFG3Y5,Hyundai,Genesis Coupe
928763,62,58,amber,brown,female,1037Q5,Acura,TSX
928872,19,77,brown,white,female,S3453J,Volvo,V70
928916,59,74,brown,black,male,2010NN,Lexus,SC
928974,83,67,amber,red,male,EI4U5Z,Jaguar,X-Type
928980,53,52,green,black,male,SX8BKM,Chevrolet,HHR
928994,71,52,black,blue,female,Q643R1,Acura,RDX
929016,58,72,green,black,female,JD3P3Z,Aston Martin,V8 Vantage
929046,61,70,green,green,female,02O1Y2,Jaguar,XK
929094,38,80,brown,brown,male,714D14,Honda,CR-V
929146,25,54,amber,black,male,O05XA2,Toyota,Matrix
929167,59,68,amber,blue,female,K45B8H,Aptera,Type-1h
929235,31,56,green,green,male,CSM4TZ,Chrysler,Town & Country
929354,44,72,blue,green,male,KXE0XB,Suzuki,XL-7
929377,57,54,brown,white,female,X3242B,BMW,545
929503,76,76,green,grey,female,HQ7730,Saturn,Ion
929553,22,50,green,black,male,TEA651,Chevrolet,Suburban 2500
929568,54,74,brown,grey,female,5K4D8G,Honda,Odyssey
929637,24,73,blue,black,male,6T3Y0S,Mercedes-Benz,SLK-Class
929666,50,52,green,black,female,6241T3,Ford,Escape
929826,87,74,amber,grey,female,Y5RBVJ,BMW,3 Series
929913,34,70,brown,green,male,1813F6,Subaru,Legacy
929959,52,64,green,blue,female,HOW51Z,GMC,Envoy
930346,25,64,black,white,female,5AQ7L0,Toyota,Tundra
930662,71,63,black,white,female,7LF3X1,Mercedes-Benz,G-Class
930782,43,64,brown,white,male,VJPFW6,Toyota,Tacoma
930964,22,60,black,white,male,EWSI58,Volkswagen,Touareg
931135,28,51,blue,white,male,45XJ26,Chevrolet,Avalanche
931215,64,80,brown,black,female,LXS7TF,Chrysler,Voyager
931228,48,78,brown,brown,female,1W2QXC,Ford,Taurus
931398,41,67,black,blue,female,Y87EDV,Chevrolet,Prizm
931411,72,71,green,green,female,3J5884,Ford,Focus ST
931416,39,70,amber,blonde,female,03L7VX,Ford,Escort
931484,40,63,amber,white,female,44FX4R,Lexus,IS
931538,53,64,black,brown,female,44F02U,GMC,Yukon XL 1500
931855,71,81,black,grey,female,UR1FHA,Ford,Escape
931879,40,75,amber,green,male,3TLH4H,Mercedes-Benz,G-Class
931887,43,82,amber,blonde,female,2KH46C,Dodge,Ram 1500 Club
931901,29,81,green,white,male,0F3T3S,GMC,2500
931925,82,72,brown,blonde,female,153Y45,Jaguar,XJ Series
932002,61,72,amber,green,female,1ROM73,Cadillac,DeVille
932066,60,75,green,red,male,O5IH0L,Mitsubishi,Eclipse
932235,36,55,brown,blue,male,352XX7,Hummer,H2
932475,20,54,amber,black,female,EJL028,BMW,325
932535,51,78,green,blue,male,8Q21TP,Hyundai,Veracruz
932718,44,52,brown,red,male,3WJ4R2,Chevrolet,Aveo
932738,63,77,green,black,male,O676G6,BMW,6 Series
932739,51,76,green,green,male,GVJ70K,Rolls-Royce,Ghost
932769,66,62,amber,blue,female,4A4J02,Hummer,H2
933086,26,60,amber,green,male,QX41TU,Hyundai,Elantra
933156,67,68,amber,black,male,CB0K83,Chevrolet,Silverado 2500
933179,56,70,green,brown,female,ZPK2UP,Volvo,S80
933366,39,68,black,grey,male,64Q2XK,Ford,E-Series
933374,59,53,blue,white,female,3FV0QH,Mitsubishi,3000GT
933429,83,79,black,black,male,288ZM0,Toyota,Solara
933435,18,64,blue,blue,male,5YRZR8,Nissan,Quest
933485,63,71,black,grey,female,A3JL07,Volkswagen,Touareg 2
933588,63,67,brown,brown,female,L650V2,Hyundai,Accent
933825,52,82,brown,blue,male,0745IF,Audi,S5
933826,71,69,black,red,male,4UQD53,Jeep,Compass
933858,45,77,green,green,male,6VN144,Saturn,VUE
933861,64,51,blue,blue,male,6MLI61,Ford,Escort ZX2
934028,56,81,brown,brown,female,4P8CYY,Ford,E-Series
934065,59,70,blue,green,female,655D05,Infiniti,QX
934088,47,50,green,grey,male,J1MGD0,Bentley,Brooklands
934125,23,65,blue,black,male,A4AA8L,Mazda,MX-5
934201,35,64,blue,grey,male,INRZQ2,GMC,Sierra 3500
934283,48,68,blue,green,male,T8W6D1,Dodge,Viper
934390,49,50,black,green,male,R001XC,Audi,A6
934501,26,50,black,green,male,XU072S,Chevrolet,S10
934787,56,73,black,blue,female,XNTPQM,Dodge,Dakota
934854,53,75,brown,red,male,RTJT1P,Chrysler,300C
935084,45,73,brown,red,female,K4CYKG,Chevrolet,S10
935114,86,56,blue,white,male,L0X887,Toyota,Avalon
935241,63,76,black,red,female,365C31,Chevrolet,HHR
935337,38,80,brown,black,male,Q3E07Q,Lexus,LS
935351,81,64,black,brown,male,ZR77P5,Mitsubishi,Galant
935381,44,58,black,red,female,20H5WX,Chevrolet,Avalanche 2500
935442,55,63,green,black,male,56IQT0,Subaru,Forester
935511,62,51,blue,black,female,1J4U06,MINI,Clubman
935531,40,50,black,brown,female,V2ZJ3Z,Mazda,RX-8
935576,57,63,black,blue,female,8L3B7M,BMW,X3
935612,23,52,brown,blue,female,TJRQJQ,GMC,Envoy
935624,32,62,black,black,female,Z55A3B,GMC,Savana 2500
935738,51,82,amber,red,female,LQ1F7I,Hyundai,Accent
935870,51,52,green,blonde,male,50JRIP,Porsche,911
936222,87,74,amber,white,female,25ITTS,Nissan,Frontier
936224,60,77,brown,black,female,2L6413,Suzuki,XL-7
936481,57,64,brown,blonde,female,20A7AZ,Lincoln,LS
936505,25,73,brown,white,male,HWQ134,Toyota,Tundra
936545,51,81,brown,black,female,SLA5H5,Infiniti,QX56
936618,87,61,blue,blue,female,36VEI2,Ford,F-Series
936652,45,66,amber,blue,female,S78F75,Volvo,V90
936720,18,52,amber,black,male,7RXFDS,Infiniti,QX
936758,57,53,brown,black,female,6A4TTP,GMC,Acadia
936790,45,76,amber,blue,male,3JZY35,Hyundai,Azera
936834,37,81,blue,red,male,533V6E,Honda,Passport
936874,30,76,blue,red,female,N0N4S6,Cadillac,Escalade ESV
937050,86,72,green,black,female,T708H1,Ford,E250
937154,24,51,blue,grey,male,6A771E,Oldsmobile,Alero
937221,69,63,black,blue,female,XJ30KH,Chevrolet,Blazer
937292,23,63,black,red,male,E0TSRM,Kia,Borrego
937473,38,52,green,grey,male,P5Y108,Hyundai,Accent
937488,30,66,green,blue,male,SD454W,Lexus,LS
937610,72,79,amber,white,male,2M1DV6,Porsche,Cayenne
937944,18,51,black,blue,male,OKT3U3,Nissan,Altima
937967,66,78,brown,white,female,O07CC5,Ford,Focus
938018,52,75,blue,grey,female,380017,Volvo,V70
938033,26,81,blue,white,female,822M4L,Kia,Sedona
938324,55,50,amber,blue,male,U117U4,Pontiac,Montana SV6
938542,68,68,black,grey,male,5SMPID,GMC,Yukon XL 2500
938653,41,71,brown,red,female,CR1D7W,GMC,Savana 2500
938667,87,72,black,brown,male,IC7UL0,Nissan,GT-R
938702,19,58,green,red,female,0127GK,Suzuki,Daewoo Lacetti
938787,81,64,green,brown,male,NJABRE,Chevrolet,Silverado
938816,43,82,blue,red,female,MFY7C2,Hyundai,Tiburon
938869,57,61,blue,red,male,6K2P7B,Volvo,S60
938960,55,59,brown,red,female,WXB0M8,Mercedes-Benz,CL-Class
939063,50,54,green,blue,female,GO76C6,Toyota,Sequoia
939165,77,71,black,grey,male,7E2T4T,Mazda,626
939216,72,77,blue,black,male,6FN306,Jeep,Grand Cherokee
939407,36,67,amber,grey,male,7T7EPE,Chevrolet,Camaro
939529,60,61,blue,blonde,male,365VQC,Dodge,Grand Caravan
939595,67,66,blue,green,female,8605YK,Honda,Civic
939711,54,50,amber,white,female,R40850,Audi,Q7
939741,73,80,amber,grey,male,VL40VJ,GMC,Acadia
939959,74,63,black,grey,female,M0BQX6,Infiniti,Q
940041,26,70,blue,grey,female,NL2QUR,Lamborghini,Murciélago
940055,84,68,blue,blonde,female,30P7UY,Dodge,Ram 1500
940444,57,82,blue,blonde,female,UL736P,Mercury,Grand Marquis
940659,83,72,blue,brown,male,740X47,Pontiac,Torrent
940897,64,56,blue,blue,female,D485S6,Acura,NSX
940927,25,79,black,white,female,8CH357,Ford,F-Series Super Duty
940936,42,82,blue,red,female,2U5XPJ,Mercedes-Benz,SLK55 AMG
941110,52,59,brown,grey,female,N85J25,Toyota,Tacoma
941377,84,56,blue,blonde,female,O3XERE,Ferrari,California
941382,28,53,blue,red,female,2UCLIW,GMC,Yukon
941462,86,81,amber,red,female,C377AT,Toyota,Corolla
941604,29,61,amber,brown,female,76N44A,Ford,F-Series Super Duty
941686,43,57,black,blue,male,4WM231,Kia,Amanti
941704,62,82,amber,green,female,P5J8N5,Infiniti,Q
941706,18,62,green,grey,female,0F01K3,Ford,E250
941765,88,61,amber,blue,male,MXX3PP,Mitsubishi,Raider
941934,26,58,black,grey,male,841D34,Chevrolet,Silverado 2500
942003,35,65,brown,blonde,male,61643Z,Infiniti,JX
942063,49,54,brown,blue,male,N8J364,Jeep,Grand Cherokee
942074,78,78,brown,blonde,female,Z6ADM1,Ford,Mustang
942095,89,77,amber,green,male,4UHCQB,Mercury,Milan
942132,59,66,brown,blonde,female,BWL8Q1,Oldsmobile,88
942266,82,52,brown,grey,female,6E540D,Nissan,Maxima
942330,55,79,amber,white,female,F664X3,Chevrolet,Corvette
942343,59,66,amber,brown,male,05OZF4,Toyota,Avalon
942386,75,65,brown,white,female,053C03,Dodge,Ram Van 2500
942527,71,71,blue,blonde,male,XZ17UE,Mercury,Mountaineer
942572,20,73,blue,blue,male,WHK7A2,Lincoln,Town Car
942854,71,58,blue,green,female,528ZL7,Oldsmobile,Alero
942907,52,71,amber,blonde,female,CHQ0M7,Dodge,Dakota
942937,37,56,green,blue,female,7J141D,BMW,530
942993,72,75,brown,white,female,2FJFLD,GMC,Sierra 3500
942998,82,75,blue,blonde,male,3V08W6,Infiniti,G
943117,68,71,black,green,female,352A6S,Lincoln,Town Car
943153,60,50,brown,white,male,47V535,Jeep,Commander
943166,56,77,brown,white,female,PQ1C85,Audi,A6
943187,74,74,amber,black,male,US08TX,Chevrolet,Sonic
943266,87,53,green,green,male,B1HD2S,Mazda,Mazda5
943385,58,50,green,green,female,8504JE,Ford,C-MAX Hybrid
943608,35,51,black,red,male,3L3TCS,GMC,Yukon XL 1500
943693,83,55,black,blue,female,RJLB26,Chevrolet,Suburban 2500
943698,87,63,brown,black,male,0KV4FX,Toyota,Land Cruiser
943723,68,55,green,blue,male,JMHPQ5,GMC,Envoy
943871,44,77,green,brown,male,63838W,Toyota,Corolla
943890,22,57,brown,grey,male,6K3I72,Honda,Odyssey
944185,33,68,black,green,female,336RV0,Honda,Insight
944277,70,63,blue,red,male,V32U82,Mercury,Grand Marquis
944474,77,60,green,black,male,45V35L,Chevrolet,Silverado 3500
944496,72,54,brown,blonde,male,BEY5E5,Cadillac,Escalade EXT
944517,57,74,amber,white,male,R76Z73,GMC,Savana 2500
944534,33,64,amber,white,female,4DQ03Q,Porsche,Boxster
944577,59,69,black,black,female,5FXU52,Mitsubishi,Lancer
944680,46,67,green,black,female,VNSGZG,Lotus,Exige
944825,60,60,amber,grey,male,SDP7JY,Nissan,Frontier
944828,75,71,amber,black,female,427I10,Volvo,V70
944850,23,60,brown,brown,female,HN0D78,Infiniti,G
944913,68,68,brown,brown,female,04G47Y,Acura,NSX
945039,18,80,green,red,female,D3BF1I,Toyota,Corolla
945048,53,70,blue,red,male,ZS86S3,Hyundai,Azera
945166,30,56,green,green,male,W0135H,Toyota,Corolla
945230,27,56,black,red,male,F44KA4,Ford,Expedition EL
945278,81,51,blue,brown,female,6K1108,BMW,5 Series
945415,45,57,blue,green,female,51OP6H,Cadillac,DeVille
945438,66,64,amber,blonde,male,05C056,Buick,Century
946051,71,77,blue,brown,female,7S1248,Mitsubishi,Montero
946156,56,58,amber,grey,female,AJ4584,Smart,Fortwo
946160,25,76,blue,black,male,6A5C0X,Chevrolet,Equinox
946207,33,64,amber,red,female,HPPNM0,Honda,Civic
946223,47,70,black,white,female,IQSQZK,Ford,Focus ST
946228,32,56,black,black,male,35C1XM,BMW,Z4
946337,73,73,brown,blonde,male,04L315,Oldsmobile,Silhouette
946361,87,57,amber,blonde,male,0QU73F,Scion,tC
946454,54,67,blue,green,male,A33U3B,Volvo,XC70
946495,70,72,brown,black,male,X77603,GMC,Sierra 1500
946580,88,55,amber,black,male,8615S8,Ford,Freestar
946595,27,70,brown,blonde,male,41QR0Z,Ford,F-Series
946633,54,57,blue,red,female,5N1503,Mazda,CX-7
946699,25,55,amber,grey,male,X5H61Q,Buick,Park Avenue
946743,85,70,amber,green,female,6C1EUD,GMC,Sonoma
946796,30,60,green,black,female,42L5ET,Acura,TL
946801,49,52,green,grey,male,VY3V0U,Isuzu,Hombre Space
946913,57,51,green,blue,male,8TK7Q5,BMW,X5 M
946951,29,70,amber,green,female,1Y68OG,GMC,Yukon XL 2500
946970,37,68,amber,red,male,81G488,Mazda,626
946978,22,59,blue,green,male,JY8Z1I,Volkswagen,Jetta
947133,25,65,green,white,male,CYI042,Buick,Rainier
947178,76,76,green,grey,male,A74FH8,Dodge,Avenger
947237,68,61,blue,brown,female,0H76CS,Pontiac,Montana
947296,22,54,green,green,female,8078QH,Ford,Excursion
947573,53,56,amber,brown,male,613T18,Jeep,Liberty
947652,89,59,black,grey,female,72F61G,Toyota,Prius
947780,54,62,blue,grey,male,3N2QHN,Land Rover,Discovery
947900,43,73,blue,brown,male,P65301,Dodge,Viper
948042,37,60,black,green,male,5X476H,Volvo,XC90
948045,54,74,brown,black,male,37Q0J2,Isuzu,Ascender
948146,79,59,black,grey,male,7JK8F7,Aston Martin,DB9
948168,37,82,brown,brown,female,DP1ZKR,Buick,Regal
948281,29,60,amber,blonde,male,553MZN,Lincoln,LS
948294,53,52,blue,white,male,S3R75M,Toyota,RAV4
948313,79,73,amber,brown,female,7F230W,Honda,CR-V
948450,88,57,blue,grey,female,0EO371,Maybach,62
948590,41,68,blue,green,male,QAAH3Q,Audi,S8
948598,82,81,amber,brown,female,JF0UM0,Mazda,CX-9
948669,24,67,black,brown,male,070LXE,Toyota,Echo
948696,29,82,black,blonde,female,1W5AKA,Chevrolet,Corvette
948941,67,51,black,red,male,6O6GD1,Isuzu,Hombre
949056,55,67,brown,brown,female,5PJ8Y4,Chevrolet,Silverado 2500
949067,21,79,blue,brown,female,8YUU6V,GMC,Sierra 1500
949092,80,60,amber,brown,male,XYXTTD,Lexus,RX
949130,31,72,black,black,female,G5S3V7,Dodge,Stratus
949168,52,75,blue,red,male,3RDX6P,Honda,Accord
949209,43,58,green,blue,female,IP2RA6,Dodge,Avenger
949381,41,75,black,grey,male,13TN34,Ford,F150
949565,58,61,brown,green,male,GOOHW2,Jeep,Cherokee
949870,29,68,brown,blue,female,12XB8C,Chevrolet,Impala
949895,52,74,black,white,female,2ZLKRE,Infiniti,I
949904,40,53,black,blonde,male,75746I,Dodge,Neon
949913,32,65,black,brown,female,LKU3J5,Pontiac,G8
949927,73,71,amber,green,male,24H8G6,Chevrolet,Venture
950051,38,57,green,brown,female,A48HSU,Jaguar,X-Type
950085,59,67,green,green,female,KNCII2,Ford,Freestar
950276,76,66,blue,black,male,51AA45,Mitsubishi,GTO
950304,53,75,amber,red,female,2333SD,Ford,GT500
950323,59,56,blue,black,male,FZV881,BMW,M6
950387,35,58,blue,black,male,64610Z,Buick,Rendezvous
950762,48,70,green,green,male,3T0851,Rolls-Royce,Phantom
950820,28,62,black,red,male,801Q30,Dodge,Ram 3500
951285,83,61,amber,red,male,OIY2TO,Acura,TL
951489,61,70,green,blonde,female,FH376W,Kia,Sportage
951508,85,77,brown,grey,female,H0S23D,Oldsmobile,Alero
951621,48,69,blue,grey,male,QWG8AW,Volvo,C70
951664,37,77,brown,red,male,85155Y,BMW,325
951670,85,61,brown,blue,male,2F3X88,Aptera,Type-1h
951727,44,79,brown,blonde,female,6KX8O8,Chevrolet,Cruze
951749,33,74,green,brown,female,RZB31A,Volvo,C70
951925,26,79,amber,red,female,QU67OA,Mercedes-Benz,SLK-Class
951953,33,73,amber,grey,female,1QA64V,Toyota,Corolla
952017,60,67,green,green,female,JFKT30,Mercury,Mariner
952073,51,59,amber,grey,female,KPF728,Lincoln,Aviator
952212,82,54,black,blue,female,33YYWC,Suzuki,Grand Vitara
952227,56,71,blue,grey,female,4F61NS,Ford,E-Series
952304,35,54,blue,red,male,3JI051,Saturn,VUE
952331,36,75,brown,red,female,U0V3SQ,MINI,Cooper
952503,65,70,black,blonde,female,I8JN55,Chevrolet,Suburban 2500
952531,78,52,green,blue,female,A67VC2,Chevrolet,Impala
952607,21,67,blue,green,male,N86076,Chevrolet,Suburban 2500
952690,80,80,green,white,female,4F31NZ,Nissan,Frontier
952768,71,72,amber,black,female,1YV3PF,MINI,Cooper Clubman
952916,50,79,black,green,male,U0E241,Nissan,Xterra
953001,80,68,green,black,male,P8DQEO,Volvo,S60
953064,29,62,green,black,male,0QL024,Subaru,Impreza
953091,85,72,black,grey,male,52Z7OL,Kia,Sedona
953099,60,69,black,blue,male,2D4Y56,Honda,Accord
953124,62,55,amber,red,male,BD063I,Honda,CR-V
953283,44,80,brown,green,female,8I5623,GMC,Savana 3500
953405,58,61,amber,red,female,W467Q4,Chevrolet,Suburban
953413,38,70,blue,white,male,WJ61ZO,Land Rover,Range Rover
953574,29,76,green,grey,female,IDL4H0,HUMMER,H1
953607,78,66,blue,brown,female,66K68Y,Subaru,Impreza
953635,28,65,brown,blonde,male,121051,Honda,Accord
953646,83,51,green,blue,female,KB3O88,Spyker Cars,C8
953663,27,68,amber,grey,female,101UR6,Buick,Regal
953826,65,61,blue,red,female,Z4ZU41,Pontiac,Bonneville
953969,52,74,amber,green,female,S2G2UG,GMC,Sierra 2500
953976,66,63,brown,green,male,TEE8VS,Lexus,RX
954035,21,55,brown,white,female,Y5C44Y,Maserati,GranTurismo
954136,31,61,black,white,female,AH7247,Dodge,Ram 2500
954160,61,73,black,red,male,U5C0H3,Dodge,Ram Van 2500
954280,76,61,black,green,male,X8BO5L,Porsche,Cayenne
954314,68,78,green,brown,male,TT60V0,Nissan,Rogue
954492,82,51,brown,brown,male,L74QTO,Nissan,Xterra
954716,67,78,blue,red,male,IGU2T0,Dodge,Sprinter
954831,20,64,blue,black,male,50023O,Toyota,Tacoma Xtra
955138,50,68,amber,blue,female,7RA4FL,Maybach,57
955257,22,75,brown,brown,female,003738,Nissan,350Z
955475,70,67,black,brown,female,CAXW7M,BMW,Alpina B7
955623,25,52,amber,green,female,V1WI00,Chevrolet,Corvette
955679,20,67,green,black,male,1T086B,Nissan,Titan
955702,36,75,black,grey,female,72822H,GMC,Jimmy
955819,37,69,green,blonde,female,5F0ENU,Lexus,LX
955889,48,57,amber,brown,male,8KT2A4,Nissan,Pathfinder
955892,33,51,amber,brown,male,3N80G1,Cadillac,CTS-V
955897,35,63,blue,brown,male,U75W6G,Cadillac,Escalade ESV
956020,88,81,blue,green,male,E18571,Aston Martin,DB9
956023,37,75,green,white,male,RMUZ05,BMW,5 Series
956352,44,73,blue,blue,male,FPN68Q,Mitsubishi,Eclipse
956369,73,73,amber,blue,female,XIM481,Volvo,V70
956491,72,64,green,grey,female,1VNQR8,Chevrolet,Express 3500
956546,35,57,blue,blonde,male,2E6U1B,BMW,1 Series
956559,56,54,amber,grey,male,3U0D5Y,Pontiac,Grand Prix
956588,75,70,green,red,male,3Z6U02,Mercedes-Benz,C-Class
956755,48,77,amber,green,female,Q0SJVO,Jeep,Grand Cherokee
956798,51,54,green,grey,male,X5II5M,Suzuki,Daewoo Lacetti
956850,52,80,green,black,female,0VLF86,Jaguar,S-Type
956988,20,74,blue,blonde,female,LBNOP1,Honda,Passport
957020,61,82,blue,blue,female,AE1H28,Chevrolet,Suburban 1500
957070,70,75,brown,blonde,male,CWW50Z,Chevrolet,Avalanche
957214,62,82,blue,black,male,P86B3L,Infiniti,G35
957417,36,73,amber,blonde,female,U4BI5G,Mazda,Mazda6 5-Door
957443,56,61,blue,brown,female,3H406I,Honda,Accord
957473,27,72,green,green,male,7M71RM,Audi,A4
957664,22,76,amber,brown,male,D6L128,Kia,Rio
957671,35,73,amber,grey,female,U05L07,Volvo,S90
957722,86,78,brown,black,male,KKZU1C,Ford,F350
958019,67,50,brown,white,male,1B56CN,Lexus,IS F
958065,30,68,amber,red,female,4185OK,Isuzu,Amigo
958090,27,75,green,black,female,LWMOGN,BMW,525
958204,49,65,green,grey,female,NHJO17,Hyundai,Sonata
958242,71,68,black,red,male,P0W072,Hyundai,Tiburon
958405,23,73,brown,green,male,2C0AG3,Ford,Econoline E250
958564,36,61,amber,blue,male,023A23,Jeep,Wrangler
958568,19,75,green,blue,female,6B370X,Lexus,RX Hybrid
958607,28,70,green,brown,female,73F4B4,Mitsubishi,Challenger
958622,83,69,black,blonde,female,13RK44,BMW,M Roadster
958683,44,59,black,grey,female,TN4VX1,Dodge,Ram 2500
958796,43,52,amber,red,male,O0L8N0,Dodge,Ram 2500
958886,66,70,blue,red,male,171H61,Ford,Crown Victoria
958967,45,55,black,blonde,male,1KNG03,Kia,Spectra5
958991,86,57,green,brown,female,43GW3D,Jeep,Grand Cherokee
959113,67,80,amber,green,male,3JM5J5,Audi,RS 6
959257,72,58,brown,white,male,2665B8,Rolls-Royce,Phantom
959308,44,77,brown,grey,male,72KDWJ,Mazda,MPV
959325,43,64,brown,red,female,20UTAK,Acura,NSX
959383,39,55,amber,blue,female,HJM7AH,Ford,Taurus
959403,83,67,black,black,male,6P5O2B,MINI,Cooper
959633,86,78,amber,grey,male,43843T,HUMMER,H2
959783,46,74,blue,red,male,F82KV6,Dodge,Ram 2500
959881,68,71,amber,grey,male,8EJ632,Honda,CR-V
960027,33,79,green,blue,male,4U2W62,Ford,ZX2
960046,58,59,black,grey,male,1RRZ2W,Ford,Explorer Sport Trac
960069,84,58,amber,blue,male,DY1CF3,Isuzu,i-Series
960077,24,64,brown,red,male,N6HG70,Saab,9-7X
960218,28,52,brown,black,male,150S85,Mercedes-Benz,SLK-Class
960266,70,54,amber,blue,male,4J4CUC,Lexus,ES
960290,29,59,amber,red,female,2HLW11,Hyundai,Santa Fe
960371,74,82,brown,black,female,TH548A,Ford,Econoline E150
960382,83,80,green,brown,female,ESRQE8,Lexus,LS
960397,32,57,green,white,male,018O01,Honda,Odyssey
960404,66,62,black,blonde,male,LJI26G,Volvo,S60
960469,50,68,black,green,female,816DQ0,Chrysler,PT Cruiser
960625,47,78,brown,blonde,male,6C0558,Mercedes-Benz,C-Class
960652,80,66,brown,grey,male,2S30A0,Mitsubishi,Montero
960807,61,68,blue,white,male,758WYO,Ford,Windstar
960829,89,63,amber,black,female,3XT314,Jeep,Grand Cherokee
960841,87,71,amber,blonde,male,G3UZWE,Toyota,Yaris
960969,66,50,amber,white,female,FN3TQ3,Ford,F-Series
960976,78,71,blue,green,female,JC5R05,Chrysler,Sebring
961061,23,66,black,blue,female,1GQFNS,Chevrolet,Camaro
961137,86,56,brown,white,female,ZP3374,Volkswagen,Rabbit
961140,85,73,amber,green,male,S405YI,GMC,Safari
961217,20,81,amber,blue,female,25C4AO,Mercury,Mariner
961317,71,52,brown,red,male,X4K0O7,Chevrolet,Corvette
961327,59,66,brown,white,female,3C0448,Toyota,Highlander
961434,32,57,amber,red,female,H0J0E8,Lincoln,Mark LT
961458,84,63,blue,black,female,6E7141,Suzuki,Forenza
961509,64,73,amber,blonde,male,R4X078,Toyota,Sienna
961574,33,60,green,grey,male,HUIX7G,Lincoln,Navigator L
961633,43,70,amber,blonde,female,201RO2,Toyota,Land Cruiser
961698,54,61,green,brown,male,L5085C,Infiniti,G
961742,31,82,green,red,male,4JH26U,Hyundai,Accent
961781,68,65,blue,grey,male,33201T,Chevrolet,Express
961844,20,69,brown,grey,female,672DEN,Mitsubishi,Eclipse
961883,32,76,amber,green,male,06HJ45,Buick,Park Avenue
961951,50,69,black,blonde,female,7IY0C0,Lincoln,MKZ
961961,47,80,blue,red,male,0L3H3O,GMC,Sierra 2500
962009,33,58,amber,brown,female,J82D11,Pontiac,G6
962022,88,58,black,green,female,24A5J1,Porsche,911
962193,36,53,black,green,female,YB4W66,Aptera,2e
962220,79,75,brown,black,female,1R64OW,Land Rover,Discovery
962276,31,73,amber,grey,male,83ZINF,Toyota,Avalon
962373,43,81,amber,green,male,4IA0N7,Dodge,Nitro
962384,71,51,green,blue,female,Q3YR4U,Chrysler,Crossfire
962396,88,60,green,grey,male,6ROHMN,BMW,Z4
962475,67,70,green,brown,female,CD15L3,BMW,M Roadster
962536,84,69,blue,black,female,JHN3Y2,Mazda,Miata MX-5
962574,72,66,amber,white,male,8J0YR6,Chevrolet,Equinox
962704,37,75,brown,green,male,64PU65,Mitsubishi,Eclipse
962992,35,79,black,blue,male,T8G80C,Nissan,NV2500
963358,50,73,amber,grey,male,2DBW6K,BMW,Z4
963486,19,54,blue,red,female,G86IXA,Mitsubishi,3000GT
963506,63,80,amber,blue,male,DECF75,Honda,Accord Crosstour
963726,80,76,brown,blonde,male,42TPR6,Aston Martin,V8 Vantage S
963960,88,76,green,brown,female,11V77N,Land Rover,LR2
964067,83,52,brown,black,female,IP58FD,Audi,S4
964113,49,69,blue,grey,male,85Y183,Lincoln,MKX
964164,61,75,black,blonde,male,EK0C3T,Mazda,RX-8
964198,73,70,brown,blonde,male,S2OP4U,Jeep,Grand Cherokee
964225,40,57,black,white,female,1K74VD,Saab,900
964472,64,68,amber,black,female,6N5463,Hummer,H2
964479,29,71,black,red,female,M2LS1L,Honda,Prelude
964585,71,71,amber,blonde,female,H74WS3,Chevrolet,Express 3500
964587,43,72,blue,green,male,3FY842,Nissan,Leaf
964619,57,50,black,green,male,2834L7,Lincoln,MKZ
964681,38,70,black,brown,female,O8K436,Ford,Freestyle
964854,37,76,green,black,female,3532CL,Lotus,Elise
964902,43,50,amber,brown,male,KT88EQ,Ford,Escort
964904,24,67,black,green,male,U4W050,Acura,TL
964918,62,78,brown,red,male,6K7X04,Honda,Accord
965018,75,76,black,red,female,QHI30M,Nissan,Quest
965054,64,74,black,white,female,MTAMK3,Ford,Mustang
965056,30,54,brown,green,female,N5305F,MINI,Cooper
965083,55,76,brown,green,female,7KQT2Z,Ford,Expedition EL
965251,81,71,green,blonde,male,6QF4T4,Jeep,Liberty
965330,30,59,blue,brown,male,53UCJ3,Toyota,Solara
965395,82,68,green,blue,male,11M2R4,Hyundai,Elantra
965397,48,68,blue,black,female,1G788A,GMC,Savana 1500
965419,46,72,brown,black,male,63YMW7,Volkswagen,Golf
965447,32,65,green,blue,male,8S7M0Q,Audi,S4
965484,56,55,amber,red,male,568W6Y,Land Rover,Discovery
965508,72,69,green,black,male,87A8OK,Mazda,MX-5
965558,49,82,brown,green,female,5VY075,Jaguar,XJ
965822,84,60,black,blonde,female,J6AL64,Nissan,350Z
965895,65,54,brown,white,female,MDV1R3,Mazda,Protege
965917,51,53,green,blonde,male,663N16,BMW,7 Series
965971,89,55,amber,grey,female,60W0ID,Aston Martin,DB9
966054,39,71,amber,red,male,VH60N8,Cadillac,STS-V
966184,78,75,amber,white,female,5FF55M,Pontiac,Torrent
966408,38,66,green,black,female,254OBF,Acura,TL
966461,58,54,green,red,female,L4L17F,Bentley,Brooklands
966538,24,52,brown,black,female,D6H7SK,Chevrolet,Express 1500
966597,80,58,brown,black,female,B38QWN,Suzuki,Daewoo Magnus
966607,85,66,black,blue,male,0C6K7T,Ford,Escort
966620,34,72,amber,green,male,SVL1Q6,Pontiac,Grand Prix
966743,55,72,brown,blonde,female,6T423S,Oldsmobile,Aurora
966810,70,68,amber,black,female,VWT0IR,Aston Martin,Vantage
966813,35,59,blue,red,female,N1820Z,Maserati,GranTurismo
966873,45,81,green,grey,male,Y0S81W,Volvo,S80
966946,31,58,black,brown,female,222POO,Acura,MDX
967066,57,51,black,green,male,25841J,Volkswagen,Passat
967076,69,62,amber,brown,male,WS713I,Isuzu,i-Series
967175,82,64,green,blonde,female,378Q5V,Audi,Q7
967179,74,78,blue,brown,female,BTP8DJ,Maserati,Spyder
967345,89,56,green,blonde,male,B02222,Mitsubishi,Eclipse
967351,84,63,brown,red,male,R71IPZ,Jaguar,XJ Series
967386,21,59,amber,white,female,0NBT4P,Ford,Windstar
967411,83,66,amber,blonde,male,71J6LS,Mercedes-Benz,CL-Class
967640,74,56,black,brown,male,455V0H,Cadillac,DeVille
967669,18,55,blue,black,male,6MGZ40,Lexus,IS
967755,18,74,amber,blonde,female,126T3T,Cadillac,CTS
967800,75,69,black,brown,male,1G8LB3,Mazda,Mazdaspeed 3
967830,32,69,brown,blue,male,US578V,Lotus,Evora
967869,59,70,green,brown,male,184JD1,Saab,9-3
967958,20,80,green,white,female,1ZQFPA,Toyota,4Runner
968119,22,50,brown,blue,female,W441QI,Mazda,626
968382,57,69,blue,blonde,female,Q1R8P8,Cadillac,Seville
968420,45,63,green,grey,male,8ONYJW,Cadillac,STS-V
968565,75,52,blue,grey,male,WNIJ4V,Lexus,RX Hybrid
968692,69,64,amber,blonde,male,M222CT,Nissan,Sentra
968887,48,64,brown,red,male,SB7H43,Honda,Ridgeline
969053,47,58,black,blue,female,NLJ4UQ,Pontiac,Firebird
969140,35,55,green,white,male,7H78JS,GMC,Yukon XL 1500
969187,60,75,blue,black,female,4VXVHC,Ford,Expedition
969205,54,62,green,brown,female,VNC3TZ,Lexus,GS
969217,75,74,brown,black,male,J75C82,Ford,Econoline E350
969313,42,58,green,red,female,5278L5,Chevrolet,Suburban 1500
969472,48,51,amber,grey,female,4K4JNI,Lexus,ES
969633,46,52,green,grey,male,CIHWB5,Chevrolet,Suburban 1500
969690,89,73,green,brown,female,BG1P87,Chrysler,Pacifica
969760,74,75,black,blonde,male,1NM3G4,Lincoln,Navigator
969815,40,63,green,black,female,G40MZY,Chevrolet,Suburban 2500
969910,28,54,amber,blue,male,3BUC7I,Pontiac,Bonneville
969916,19,79,brown,red,female,NV8026,Infiniti,QX
970123,55,56,green,black,male,25C314,Mazda,B-Series
970346,74,73,black,red,female,10DLZ4,Hyundai,Elantra
970545,31,65,brown,brown,female,WE6A77,Mercedes-Benz,R-Class
970725,48,54,amber,blue,female,A3P5ZJ,Audi,A6
970999,44,55,green,green,female,S5K0Y6,Mercedes-Benz,CLS-Class
971080,82,54,amber,black,male,H0IDKE,Mercury,Monterey
971099,79,54,blue,green,female,25201I,Jeep,Compass
971202,35,77,green,blue,female,SMD38I,Mercury,Monterey
971249,61,75,amber,black,male,1XHV4S,Ford,Expedition
971441,68,77,amber,brown,female,24H2NI,GMC,Sierra 2500
971510,84,63,amber,green,male,B87N2S,Honda,Odyssey
971776,57,58,blue,brown,male,M7K6DP,Buick,Century
971801,87,60,black,green,male,0XMSOS,Honda,Accord
971802,18,77,blue,blue,female,613S04,Lexus,GX
971829,23,56,green,white,female,GZ82UZ,Volvo,C70
971831,27,53,green,brown,female,TJRM51,GMC,Sierra 1500
971983,28,78,brown,blue,male,C43P1U,Toyota,Camry
971988,21,76,green,blue,female,45IG4N,Chevrolet,S10
972136,62,67,green,blue,female,4442U3,Jeep,Grand Cherokee
972265,47,60,green,black,female,UJMQAF,Volvo,C70
972274,59,80,brown,green,male,PLV13Y,Bugatti,Veyron
972304,81,62,green,green,female,4506X5,Chevrolet,Suburban 1500
972452,21,57,blue,blonde,male,EUZ5UG,Suzuki,Equator
972515,78,68,black,white,female,73LFF3,Bentley,Continental GTC
972599,29,69,black,red,male,YTX13U,Volvo,V50
972652,42,59,black,blonde,male,BY34C5,Nissan,Titan
972976,88,72,green,white,male,L16A54,Mercury,Milan
972988,51,66,brown,white,male,4J7X62,Oldsmobile,Bravada
973170,43,56,black,green,male,MJ5PR0,Mazda,Mazda3
973257,61,78,green,black,male,80SF4F,Pontiac,Sunfire
973313,20,63,brown,green,male,G0HBA8,Ford,E250
973335,57,50,brown,brown,male,15QVSG,Dodge,Ram 2500
973424,66,78,black,blonde,female,KG0LP1,Ford,Five Hundred
973428,83,77,black,blue,male,2FXB84,Toyota,Solara
973476,69,58,black,red,male,05KMS6,Infiniti,Q
973504,41,56,green,black,male,62GM57,Volvo,C70
973564,28,74,brown,red,male,37X4A3,Ford,Expedition
973657,71,78,brown,grey,male,477P4M,Ford,Econoline E150
973685,47,81,amber,black,female,657Y6W,Audi,A4
973824,40,50,brown,blue,female,LEJ771,Ford,F250
973917,34,78,green,white,female,4YIQ85,Pontiac,Bonneville
973922,78,57,blue,brown,male,M5UJ4N,Chevrolet,Avalanche 2500
974098,29,76,green,white,female,HR2A80,Land Rover,LR4
974118,67,50,amber,blonde,male,L37504,GMC,Savana 1500
974255,50,64,amber,blonde,female,80XSB0,Mitsubishi,Diamante
974363,64,60,amber,white,male,33OR47,Mazda,CX-9
974364,40,52,green,black,female,822S0D,Ford,E250
974406,67,64,green,red,female,1YX7HE,BMW,760
974494,58,77,green,white,female,7NG0VR,Plymouth,Neon
974637,51,72,green,grey,female,K52SZG,Dodge,Grand Caravan
974661,34,63,brown,grey,male,3LC41D,Lotus,Elise
974769,69,66,brown,white,female,TL703S,BMW,X5
974832,51,70,blue,blue,male,P6Z61H,Audi,A6
974887,70,73,green,black,male,JL461B,Ford,Expedition
974946,37,81,amber,blue,male,8TL1WK,Ferrari,F430
975086,18,55,green,blue,male,OR643D,Land Rover,LR4
975101,70,73,amber,white,female,W2460W,Audi,S4
975423,59,62,brown,black,male,586BF6,Volkswagen,Golf
975451,65,60,blue,blonde,male,TW31JD,Saab,9-2X
975501,87,64,amber,grey,female,8S0E1U,Toyota,Avalon
975509,57,65,blue,brown,male,7F27S4,Saab,9-5
975531,79,54,blue,grey,female,38W811,Suzuki,Forenza
975534,42,74,black,blue,female,D7P351,Mazda,Mazda3
975536,49,80,green,brown,male,267WCZ,Toyota,Tacoma
975668,81,65,blue,black,female,451X3X,Mitsubishi,Mirage
975836,52,76,amber,green,male,2T3R6C,Lexus,IS
975881,88,50,green,red,male,5VMH6Y,Mercury,Cougar
975942,87,54,blue,white,female,PYO673,Volvo,XC70
976002,84,70,green,blonde,female,8D6VS7,BMW,550
976060,86,52,amber,white,male,2DJT1C,Honda,Fit
976182,52,74,brown,white,male,23A45N,Subaru,Outback
976326,61,50,brown,red,male,GY1055,Isuzu,Ascender
976461,84,57,blue,red,male,83D227,Hyundai,Accent
976487,22,65,blue,white,female,H0G37C,Honda,Ridgeline
976619,67,51,black,red,male,6JWYKL,Suzuki,Daewoo Lacetti
976650,29,79,blue,blonde,female,3073O2,Dodge,Caravan
976676,27,76,brown,grey,female,56J2K6,Nissan,NV1500
976698,76,73,brown,grey,male,BX2G1O,Honda,Odyssey
976717,18,68,brown,brown,female,750V8Z,Saab,9-5
976800,33,75,black,blue,male,82F51T,Dodge,Neon
976850,76,59,green,black,male,X1UQ45,Lexus,RX
977047,44,75,green,black,female,N223HU,Land Rover,LR2
977265,45,68,amber,brown,female,S6T2XW,Scion,xD
977366,32,80,amber,green,female,D6G226,GMC,Yukon
977403,49,76,black,brown,female,Q1L1XS,Volvo,C30
977499,77,70,amber,green,female,EFJZ70,Nissan,Titan
977513,36,77,amber,black,female,8EQA7M,BMW,X5
977645,19,73,black,blue,male,S64JTP,Ford,Focus
977666,36,50,blue,red,male,24H3IH,Chrysler,Town & Country
977785,36,54,brown,blue,male,FL81U8,Acura,NSX
978026,74,73,amber,brown,female,A8YOW3,Mercedes-Benz,E-Class
978202,31,52,green,brown,male,U724Q6,Mitsubishi,Eclipse
978378,55,54,blue,blue,female,6AP402,Mercedes-Benz,CLS-Class
978473,25,57,black,blonde,male,W0PPTJ,Ford,Econoline E250
978879,60,80,green,brown,female,36V662,GMC,Sierra 3500
978992,30,53,blue,blonde,female,VOQ52R,Lexus,LFA
979038,79,54,green,black,male,BFVR1J,Suzuki,Swift
979082,69,74,brown,white,female,16E8UK,GMC,2500 Club Coupe
979111,59,74,amber,brown,female,N0O8HP,Hyundai,Sonata
979282,74,63,blue,black,male,5807HK,Ram,1500
979717,83,77,blue,brown,male,MO6J6B,Plymouth,Grand Voyager
979730,24,52,brown,blonde,male,868IJ5,Dodge,Ram 1500
979782,75,65,black,grey,female,1ORY46,Chevrolet,Blazer
979955,89,66,amber,blue,male,80ZRVO,Lexus,RX
980093,29,53,black,white,male,6632C3,Volvo,V50
980186,80,82,green,white,male,4261B0,Dodge,Viper
980277,83,74,green,blue,male,44FJ4D,Ford,Thunderbird
980288,58,73,black,black,male,N02KE0,Acura,MDX
980369,24,54,blue,blonde,female,4NC6F4,Lincoln,Navigator
980393,57,66,amber,blue,male,374Y07,Pontiac,Bonneville
980415,54,58,black,red,male,663BQ2,Nissan,Armada
980648,81,77,black,white,female,6520P7,Chevrolet,Tahoe
980664,67,65,green,white,female,Z4KQAS,Porsche,Cayenne
980681,50,66,amber,brown,female,YQ402L,Toyota,Tacoma
980711,76,68,blue,blue,female,W38WV7,BMW,X5
980738,35,75,blue,red,female,42I054,Dodge,Caravan
980816,69,53,brown,brown,female,C1F1Y8,Land Rover,Range Rover Sport
980951,58,63,black,blue,male,P152GW,Chevrolet,Suburban 2500
981392,48,63,green,grey,male,Z0137N,Mazda,MX-5
981397,41,52,blue,brown,female,C0S53G,Chevrolet,Blazer
981506,85,75,blue,green,male,6EPO7N,Chevrolet,Camaro
981744,26,79,blue,blonde,male,GCTNK8,Pontiac,G5
981894,47,63,black,white,female,M8GNRN,Volkswagen,Jetta
981960,21,54,green,brown,female,240RDY,Cadillac,Escalade EXT
982019,88,52,blue,blue,male,2W5477,Maybach,57
982081,82,77,blue,black,male,4Y362G,Chrysler,Sebring
982103,18,74,green,green,female,8TF75Q,Panoz,Esperante
982138,32,64,green,black,male,3D8LB3,Chevrolet,Cavalier
982246,81,68,brown,black,male,LMBY18,Toyota,Land Cruiser
982387,43,60,green,red,female,03L2UL,Ford,Contour
982799,47,81,black,green,female,7X1NX8,Porsche,Cayenne
982806,53,77,blue,brown,female,3OQGX8,Acura,RDX
982856,18,65,black,red,female,M1JZEQ,Chevrolet,Silverado 3500HD
982935,33,80,black,blonde,female,KSPGXC,Volvo,XC70
982976,34,76,black,brown,female,7Y7K0V,Mitsubishi,Eclipse
982984,52,61,black,black,male,OA5XI5,Dodge,Ram 3500
983007,36,70,amber,brown,female,66E4E4,Volkswagen,Eurovan
983320,53,78,amber,grey,female,0C1C33,Nissan,Sentra
983373,57,74,black,blonde,male,M2B1FK,Hyundai,Accent
983417,76,77,green,brown,female,FG7418,Toyota,Prius c
983469,24,82,black,black,female,560WK4,BMW,530
983512,46,69,amber,red,female,353U1Z,Nissan,Versa
983629,27,74,black,blonde,female,M83X0S,Mercedes-Benz,E-Class
983655,19,76,amber,green,female,V7R6O2,Cadillac,Escalade ESV
983855,39,78,green,red,male,0VZZ00,Chevrolet,Blazer
983878,35,76,brown,brown,male,FM5416,Mazda,Millenia
984028,82,56,black,black,male,JRP802,Audi,S6
984046,41,73,blue,green,male,03K572,BMW,5 Series
984122,20,73,amber,black,female,07QM5F,GMC,Suburban 1500
984151,36,57,amber,grey,male,YO0213,Volkswagen,Jetta
984247,68,52,green,red,male,SZC106,Chrysler,Aspen
984256,81,57,blue,white,female,24ZOG3,Mazda,MPV
984261,44,51,green,black,male,AVWJ73,BMW,M3
984316,71,69,brown,blue,female,A7C62H,Ford,E150
984409,66,76,black,black,male,082NJP,Dodge,Avenger
984442,80,67,brown,blonde,female,B5Q65U,Hyundai,Accent
984468,81,70,green,red,female,4750RR,BMW,5 Series
984546,53,73,green,blue,female,SPY4U1,Nissan,Xterra
984587,60,74,blue,green,male,ZLNUB4,Saturn,VUE
984660,34,74,amber,green,female,143X2F,Infiniti,QX
984690,30,57,brown,blue,male,7U4X21,Acura,MDX
985009,61,60,amber,red,male,7FJ1Z4,Porsche,911
985123,84,60,black,green,male,J4V361,Infiniti,G
985164,82,51,black,blue,male,4T63D7,Toyota,Avalon
985279,60,59,amber,black,male,27GIED,Volvo,S80
985357,84,80,amber,green,female,0T15Z5,Ford,Explorer Sport Trac
985615,39,77,blue,brown,female,0WI7SG,Scion,xD
985917,45,77,black,green,male,42V7X1,Nissan,Rogue
986131,73,65,blue,blue,female,613Z00,Ford,Escape
986137,69,80,green,brown,male,E4S13S,Plymouth,Neon
986586,23,55,blue,green,female,J2SZ2Q,Lincoln,MKX
986755,63,58,green,red,male,SZX145,Porsche,Cayman
986940,54,54,brown,black,male,141EQ7,Dodge,Caravan
986967,66,72,black,white,female,7DIYYE,Toyota,Camry
986990,68,50,brown,brown,male,2487BN,Ford,E150
987116,19,75,green,red,female,50GC47,Toyota,Highlander
987136,67,80,brown,blue,male,6NZ661,Mitsubishi,Montero Sport
987235,62,73,blue,black,female,C70QNB,Mercedes-Benz,CL-Class
987285,64,66,blue,grey,female,DVG6R1,Jaguar,XJ Series
987309,32,58,amber,blue,male,34V0X8,Audi,S8
987311,77,58,black,red,male,KEL42C,Chrysler,300M
987355,21,74,brown,blonde,female,JI4SPP,GMC,Sierra 3500
987369,25,58,amber,green,male,82P3RF,GMC,Yukon XL
987443,21,59,amber,blonde,female,T74213,Mitsubishi,Galant
987445,26,78,blue,white,male,1HY77Y,Jaguar,S-Type
987460,78,81,brown,green,male,B7W21L,Ford,Escort
987522,32,60,brown,black,female,058N2M,Lexus,RX Hybrid
987590,85,77,blue,blue,female,1Z74R3,MINI,Cooper
987689,27,77,amber,red,female,JR3WG8,Chevrolet,Express 2500
987728,28,63,green,green,male,8220M4,Toyota,Corolla
987741,56,50,green,blonde,male,64A01Q,Mercury,Cougar
987747,27,71,blue,white,male,537CF5,Buick,LaCrosse
987934,70,59,black,black,female,F0O6J8,Chevrolet,Malibu
987958,75,77,green,brown,male,GX1FLB,Ford,E350
988055,86,75,amber,white,female,52BT58,Dodge,Challenger
988106,78,71,green,blonde,female,7E3HP8,Hyundai,Accent
988120,39,81,blue,white,male,I4T18J,Saab,9-3
988258,22,60,blue,green,male,CN8FYY,Mazda,Mazda6
988376,86,65,black,black,female,XX4W7C,Dodge,Dakota Club
988489,72,70,amber,green,male,25IVRF,Ford,Freestyle
988768,44,78,amber,blonde,male,76M0WF,Hyundai,Tiburon
988788,29,76,brown,blue,male,8I7H7F,Buick,LaCrosse
988821,68,67,amber,brown,male,84I5ZH,Saturn,L-Series
988837,51,68,blue,black,female,W4V3L2,Audi,A4
988912,36,81,brown,blue,female,XS644Q,Dodge,Durango
988956,63,64,green,black,male,S54L00,GMC,Savana 3500
989027,88,78,black,white,female,317R4U,Mercedes-Benz,CLK-Class
989097,23,60,brown,white,male,H8NQC2,Toyota,Solara
989209,73,66,black,green,female,I28438,Lexus,GS
989414,79,56,amber,blonde,male,E31J27,Mitsubishi,Endeavor
989596,38,73,green,grey,male,3404U7,Lexus,SC
989766,33,76,black,blue,female,0147TV,Nissan,Maxima
989827,73,82,brown,green,female,V72V27,GMC,Yukon
989859,85,56,green,grey,female,1AQ2Y3,BMW,M5
989954,61,53,blue,white,male,KENKLW,Dodge,Journey
990015,41,66,green,red,male,787ZK7,Ford,Mustang
990083,28,61,black,brown,female,JW8GYP,Jaguar,XJ Series
990135,57,70,blue,red,female,33HE74,Subaru,BRZ
990194,21,57,brown,black,male,KZ8OSZ,Jeep,Cherokee
990210,46,50,amber,grey,male,8M2ZI6,Dodge,Ram
990218,53,72,black,green,male,T513DN,Mazda,Miata MX-5
990260,56,57,amber,blonde,female,80KUI4,Mazda,CX-9
990336,70,58,green,blonde,male,L730UV,GMC,Yukon XL 1500
990447,62,76,blue,white,female,4OC584,Ford,E350
990554,40,63,amber,white,male,XH2QC0,Chrysler,Town & Country
990581,75,80,blue,blue,male,6KL5Q5,Mazda,626
990654,34,76,green,green,female,FF5TH7,Lexus,IS
990659,62,80,brown,green,male,W5YNML,Saab,900
990691,89,78,brown,green,female,V1011O,Mercedes-Benz,SLK-Class
990930,19,55,blue,brown,female,78B71X,Daewoo,Leganza
990991,20,68,amber,black,female,21N42F,Jaguar,XK Series
991058,58,70,blue,grey,male,XOV8NA,Infiniti,I
991082,87,81,brown,red,male,T44541,Ford,Thunderbird
991092,80,68,green,white,female,26S2HK,Saturn,Outlook
991111,33,67,brown,blonde,male,S2Q4TL,Oldsmobile,Bravada
991274,52,78,blue,black,female,I5AT15,Toyota,Matrix
991450,41,58,green,red,male,BZRJBF,Honda,Accord
991862,42,53,brown,white,female,4LC8EM,Acura,TL
992091,47,63,amber,blue,female,0Y0N7W,Dodge,Ram 3500
992138,47,77,amber,red,male,AYYUK7,Nissan,350Z
992155,59,70,amber,white,female,UP5Z88,Chrysler,Prowler
992219,84,65,black,blue,female,G37Z3O,Jeep,Wrangler
992223,49,66,black,brown,male,1AJ30X,Chevrolet,Suburban
992280,45,69,blue,brown,male,IH5UO8,Porsche,Panamera
992292,87,61,brown,green,male,54G53G,Dodge,Ram 2500 Club
992314,49,55,green,blue,male,V14088,Chevrolet,Malibu
992350,41,82,blue,red,female,EQV7ZQ,Porsche,911
992352,37,50,black,blue,female,UI8ZGO,BMW,745
992360,46,76,green,red,female,O2B3T8,Lincoln,Navigator L
992489,23,81,blue,blonde,male,800QC5,Volvo,C30
992591,67,70,black,grey,male,IWO3QV,Lincoln,Mark LT
992624,84,72,blue,red,male,U77010,BMW,M3
992778,30,55,amber,blue,female,0X446Z,Hummer,H3
992923,20,77,black,brown,female,GT0EX0,MINI,Cooper
992954,40,53,black,blonde,female,1QX3S8,Lexus,IS
992992,59,74,brown,white,male,I27248,Infiniti,G
993030,26,76,black,blue,male,LQYOU4,Kia,Sedona
993282,50,74,brown,brown,female,85SE2F,Pontiac,Vibe
993345,82,56,amber,blonde,female,D88D3H,GMC,Savana
993492,35,61,brown,white,male,4F770H,Hyundai,Sonata
993550,25,63,green,brown,male,08BEC0,Chevrolet,Corvette
993613,34,56,brown,green,female,YL0MD2,Chevrolet,3500
993703,35,77,blue,brown,male,0SD4VG,Buick,Lucerne
993748,44,66,amber,red,female,GONCC5,Honda,Fit
993845,46,59,black,green,male,557472,Chrysler,Town & Country
994074,25,62,brown,grey,female,5OQ074,Suzuki,XL-7
994139,84,57,blue,blonde,male,CG8Y4G,Mitsubishi,Diamante
994316,76,79,black,blonde,female,GM78O5,MINI,Cooper
994453,70,75,brown,red,female,O5377P,Hyundai,Tiburon
994470,84,53,amber,blue,female,K316N0,Aston Martin,V8 Vantage S
994495,70,82,green,brown,male,FV2264,Toyota,Highlander
994589,83,64,green,white,female,B4H0EN,Rolls-Royce,Phantom
994882,61,74,green,green,male,5SZ1VV,Volkswagen,Jetta
995020,54,52,amber,black,female,ZI4PY8,Mazda,Mazda5
995181,81,73,brown,blue,female,WR2374,GMC,Savana 1500
995344,33,69,blue,green,male,N63WI3,Kia,Sportage
995406,32,69,brown,white,male,KJ7211,Volvo,S80
995544,61,75,black,grey,female,NSU0CG,Infiniti,QX
995922,77,60,amber,blue,female,IS2LA5,Ford,Taurus
996006,59,63,black,grey,male,38310W,Chrysler,Crossfire
996059,26,53,blue,blue,male,4T6I25,Land Rover,Freelander
996155,41,74,black,white,female,703200,Hyundai,HED-5
996454,34,76,blue,green,male,528217,GMC,Savana 3500
996490,83,78,amber,green,male,SGM1F3,Mercedes-Benz,SL-Class
996577,77,77,green,red,female,L0B62F,Chevrolet,Silverado 1500
996697,68,73,blue,black,female,QVEW13,Ferrari,612 Scaglietti
996868,75,63,brown,green,male,00R0KF,GMC,Suburban 2500
996926,58,62,brown,blue,male,53ZI7B,Jeep,Wrangler
996996,20,56,black,green,female,5Y0W6U,Maserati,Quattroporte
997044,59,59,brown,white,male,80E164,Lexus,GS
997251,27,79,amber,green,female,A5A658,Volkswagen,Jetta
997283,50,82,amber,blue,male,NOTT82,Ford,Explorer
997554,35,50,brown,white,male,27M0VW,Hyundai,Equus
997586,39,64,brown,grey,female,DZTE7O,Cadillac,XLR-V
997610,35,68,amber,white,male,N72K7G,Dodge,Neon
997703,23,51,brown,white,male,5G60IA,Hyundai,Santa Fe
997724,65,73,blue,blonde,male,640570,Toyota,Highlander
997909,26,77,black,blue,female,VJM87S,Mazda,Protege
997950,84,69,blue,grey,female,66DP8D,Infiniti,G37
998079,35,77,amber,blonde,male,00X535,Honda,Accord Crosstour
998114,46,50,blue,brown,female,I0GI33,Mercedes-Benz,SLK-Class
998157,61,54,amber,black,male,105077,BMW,650
998194,59,65,black,red,female,U85D0X,Mitsubishi,Lancer Evolution
998237,39,65,amber,black,male,V13Y51,Acura,NSX
998262,36,54,amber,black,female,5T8618,Lexus,SC
998334,49,53,green,green,male,CYB421,Audi,A8
998350,20,78,amber,grey,male,6HRAXP,Mitsubishi,Lancer
998476,48,72,black,blue,female,YC22H2,Cadillac,CTS
998681,65,67,blue,green,female,7N21H3,Chrysler,Aspen
998741,60,62,amber,blue,female,886XH6,Honda,Insight
999374,60,54,black,red,male,PKO8N7,BMW,530
999509,42,80,amber,blue,female,8E403S,Morgan,Aero 8
999536,56,65,green,green,female,4FFUD5,Mercury,Sable
999923,19,77,amber,black,female,5L0ZI4,GMC,Sierra 3500
999940,71,61,green,green,male,1B8QN8,Mitsubishi,Eclipse
999981,67,69,brown,blue,female,1684K3,Land Rover,LR2
999986,49,58,green,grey,male,F8F64H,Lexus,LS
999993,18,63,black,black,female,6UZO2O,Cadillac,DeVille
