person_id,証言内容
28508,「否定する！」と三月ウサギは言った。
63713,"
"
86208,方法で、そして一行全員が岸まで泳ぎました。
35267,「ここに授業を？だって、あなたでさえほとんど場所がないのに、全く場所がないじゃない」
33856,"
"
82799,"
"
66493,また怒らせてしまうだろう。
46263,「そうだった、そうだった」とグリフォンもため息をつき、
54263,"とうとう終わってとても嬉しかった。「そして、あの奇妙な歌がとても好きだわ"""
62764,終わりにきたら、そこでやめなさい。」
54206,"
"
63126,片膝をつきました。「陛下、私は貧しい男です」と彼は始めました。
34615,"
"
10007,第4章 ウサギが小さなビルを送り込む
96520,あなた。――さあ、
33355,どこにも見当たらなかった。下を見ると、彼女に見えたのは
41899,「何でもお好きなものを」と従卒は言って、口笛を吹き始めました。
84695,そして森から少し出て聞き耳を立てた。
36487,"
"
96956,"
"
13759,「そんなに欲しくはなかったでしょう」とアリスは言いました。「海の底に住んでいて
74158,「私は息子に厳しく言います、
21408,デイジーを摘んでいると、突然ピンクの目をした白ウサギが走ってきた。
57234,「チェシャ猫さん」と彼女は、それが気に入るかどうか
61749,つっけんどんに。「カキの我慢も限界だ！」
98581,"「小さなワニはいかにして"""
17543,知ってる。
22036,最初に棍棒を持った10人の兵士が来た。彼らは皆、
18970,"「小さなワニはいかにして"""
76489,彼女はできるだけ早くそれらを拾い始めた。なぜなら、
95548,"
"
56181,「少しも」とイモムシは言いました。
23260,代用ウミガメは続けた。
85594,「それなら、言いたいことを言うべきだ」と三月ウサギは続けました。
69003,「私も昼間学校に通っていたわ」とアリスは言った。「そんなに自慢する必要はないわ
78804,りんごを探しにでございます、旦那様！」
51605,もちろんよ。でも、もうお茶の時間だから、急いで。遅くなるわ」それで
54518,"
"
73127,斬首され、くだらないことを話してはいけないと。
17957,"
"
51790,目と口をとても大きく開けていましたが、彼女は進むにつれて勇気を
73646,まず、それは一種の円形のレースコースを描いた。「正確な
90080,第3章 コーカス・レースと長いお話
33793,森へ…（彼女は彼が制服を着ていたので従卒だと考えた）。
82421,考えられないわ！そして、ああ、鳥を追いかける彼女を見せてあげたいわ！なぜって、
10914,陪審員たちがショックから少し立ち直るとすぐに
34086,"
"
34757,本当のメアリー・アンだと思われて、小さな
11059,"
"
34722,再び、木の枝に座っていました。
53269,この質問にはドードーはよく考えないと答えられませんでした、
56580,"
"
89123,"「だって、そもそも自分でも理解できないし、それにたくさんいるから"""
50176,"
"
48656,「危ないところだったわ！」とアリスは、
64769,話しながら心配そうに肩越しに振り返り、それから
11161,あまりに困惑した表情だったので、彼女は思わず吹き出してしまった。
49234,もうここにはいたくないわ！
50931,「我々だって！」とネズミは叫んだ。彼は尻尾の先まで震えていた。
34473,"
"
16858,アリスは何も言わなかった。彼女は人生でこれほど反論されたことはなかった。
11470,と思った。しかし、それは非常に長い爪とたくさんの歯を持っていたので、彼女は
71632,"
"
73315,「最初にやるべきことは」とアリスは、さまよいながら独り言を言った。
93531,私を馬鹿だと思っているのか？続けろ！
41334,踊りに参加しない、できない、しない、できない、できない。
20640,あなたのことを自分で。あなたは自分で何とかしなければならない。でも私は
28217,そうして彼女は再び子供をあやし始め、一種の子守唄を
33944,"
"
88952,うつ伏せになった。たくさんの足音がした。
68352,とても小さい！それに、あの子はあの子で、私は私で――ああ、なんてややこしい
84318,時）。「あなたたちなんて、ただのトランプの束よ！」
30771,"
"
82643,"
"
68787,"
"
67501,彼ら自身を。」
69482,「それなら一番になるべきだわ」とアリスは言った。
47740,あまりにあわててて、あなたに話せないんです――わかってるのは、何かがこっちにやってきて
49342,"
"
97362,"
"
18108,"‘ARE you to get in at all?’ said the Footman. ‘That’s the first
"
44776,王は眼鏡をかけて、誰が
11062,"
"
99106,"「聞いていない！」とネズミはアリスに厳しく言った。「何を"""
93928,"
"
56334,部屋を出ようとしたとき、ふと小さな
76797,同じような絵？
62806,"
"
91893,空中のネズミは無理だろうけど、コウモリなら捕まえられるかもしれない。それはとても
36669,「よいお天気でございますね、陛下！」と公爵夫人は低く、か細い声で始めました。
27485,"
"
85272,トカゲを逆さまにして、その可哀想な小さな生き物は
68219,"彼女が話すとき。（不運な小さなビルは、"""
68458,「僕の場合も全く同じだ」と帽子屋は言いました。
96266,"
"
78795,きちんとした小さな家に出くわしました。そのドアにはピカピカの真鍮の
35311,なぜって、何度も何度もやるんですから」
52297,あなた。――さあ、
60886,それから、クラゲを全部どかしたら…」
41914,それが静かに森の中へ小走りで去っていく。「もし大きくなっていたら」と彼女は言った。
22369,考えているの？
25814,「まず第一に」と猫は言いました、「犬は狂っていない。それは認めるだろ？」
95491,「パン切りナイフで入れるべきじゃなかったな。」
36563,"「聞いていない！」とネズミはアリスに厳しく言った。「何を"""
89343,彼らは、事故の歴史を書き出すために、非常に熱心に働き始めた。
14532,"
"
67045,"
"
97245,海、何人かの子供たちが木のシャベルで砂を掘っていた。それから
83673,「そう、彼の仕事だ！」と五は言った。「そして彼に言うよ…それは
55804,",まっすぐに通じていました。「とても奇妙だわ！」と彼女は思いました。「でも、"""
84819,ああ！そう願うには遅すぎた！彼女はどんどん大きくなり続けた。
39426,"
"
54867,「リンゴ掘りだと、まったく！」とウサギは怒って言った。「こっちだ！来て
29338,それ…ただ三月ウサギが言った…
60974,「そんなことできるはずないわ」アリスはそっと言いました。「だって
36829,遠くで小さなパタパタという足音がして、彼女は見上げた。
93699,"
"
38006,他の誰にも秘密の、
49286,それから彼女が聞いたことのない声が、「確かに、俺はここにいる！
68586,"
"
42818,"
"
12378,"
"
65815,気が狂いそうだ！
22085,"
"
68889,ここに一人でいることの！
92692,次の瞬間、アリスはそのあとを追って下りていった。一度も
65661,少しは蹴れると思う！
67825,顔を、それで彼らはそれを見ることができなかったのか？」そこで彼女はいた場所にじっと立っていた。
57774,三月ウサギの場所。帽子屋だけが
22894,「追加料金で？」と代用ウミガメは少し不安そうに尋ねた。
58039,彼女はまだキノコのかけらを手にしていて、
26560,クロッケー場。
37295,「陛下、私は貧しい男です」と帽子屋は震える声で始めました、
24633,そして一、二度あくびをし、身震いした。それから
57922,「そうよ」アリスは急いで答えた。「少なくとも…少なくとも私が言いたいのは
38822,庭に通じていた。それから彼女はキノコをかじり始めた（彼女は
26042,「それなら一番になるべきだわ」とアリスは言った。
26673,"
"
15361,続けた。
12665,不快なほどとがったあご。しかし、失礼なことはしたくなかったので、彼女は
96985,ほとんど見えなくなると、彼は深い声で言った。「タルトは何でできてるんだ？」
60368,"
"
64955,この無礼な態度はアリスには耐え難かった。彼女は
56902,なぜそれがシロギスと呼ばれるか知ってる？
54218,「息をする時に眠る」ことと同じだ！
43066,"
"
16959,"
"
41966,"
"
55484,それから彼らは皆、再び彼女の周りに群がった。その間、ドードーは厳かに
95621,"遠くの牛の鳴き声が、代用ウミガメの"""
80651,"
"
41829,"
"
67630,裁判が終わる前に忘れてしまうことを恐れて。
44199,"
"
11522,"
"
20933,"
"
59678,「ブタって言ったのよ」アリスは答えました。「それに、現れたり
35613,気が狂いそうだ！
71673,（もしグリフォンが何か知らないなら、絵を見なさい。）「起きろ、怠け者
87057,"
"
50862,「もちろんないさ」と代用ウミガメは言いました。「なぜって、もし魚が僕のところに来て、
69103,"
"
11120,テーブルの一端にある大きな肘掛け椅子に腰を下ろした。
94527,頭で打とうとすると、体をねじって彼女の顔を見上げ、
96937,原因
82144,"
"
97186,教科書なんて！
76763,"
"
18034,"
"
12347,「時間がなかったんだ」とグリフォンは言いました。「でも古典の先生のところには行ったよ。
78440,「ロブスターだ！」とグリフォンは空中に飛び上がりながら叫んだ。
57215,アリス。
48233,突然、彼女は小さな三本足のテーブルに出くわした。それはすべて
18661,庭に通じていた。それから彼女はキノコをかじり始めた（彼女は
78861,耳と左足で、それがほどけないようにしながら、彼女は運んだ。
35409,それを止めるために。
81641,四十二。身長一マイル以上の者は全員法廷を退去せよ。」
36560,"
"
96710,彼もまた否定するかどうか不安そうに周りを見た。しかしヤマネは否定した。
25872,「若い頃」と彼の父は言った。「私は法律の道に進み
88966,生で食べるのが好きだ。
73801,「なんて変な感じ」とアリスは独り言を言いました、「
12007,「私たちは最高の教育を受けました――実際、毎日学校に通っていました――」
20826,それから女王は、すっかり息を切らしてやめ、アリスに言った。「
90133,"
"
50045,「しかし、今日は何もかもが奇妙だわ。」
91755,"
"
40307,"
"
86677,"
"
19333,"
"
57096,"
"
80663,自然な方法で。
93892,「とんでもない！」とアリスは憤慨して言った。
66003,"
"
43382,回ってみると、以前気づかなかった低いカーテンに出くわし、
46344,彼が旅に出ると言ったら、私は「どんな目的（porpoise/purpose）で？」と尋ねるだろう。
92946,「そしてあれが陪審員席ね」とアリスは思った。「そしてあの12の生き物たちは」
56269,食器棚や本棚。あちこちに地図や絵があった。
82480,ネズミを
19360,「その通り」と帽子屋は言いました。「物が使い古されるにつれてね」
74485,好きだったので、いつレースが終わったのか知るのは容易ではなかった。しかし
99486,アリスはすべてがとても馬鹿げていると思ったが、彼らは皆とても真面目な顔をしていた。
84113,彼らの目を、多くの奇妙な物語で、おそらくは
66847,アリスは何も言いませんでした。彼女は両手で顔を覆って座り込み、
17537,"
"
53053,証人だ」そして彼は女王に小声で付け加えました、「本当に、ねえ、
69503,"
"
33768,公爵夫人は彼女の選択をし、一瞬で姿を消した。
45879,急いで。
46568,"
"
46132,彼女の人生。そこはすべて畝と溝だった。ボールは生きているハリネズミで、
83927,むしろハンサムな豚だと思うわ。」そして彼女は他の
68038,"
"
83519,"
"
95601,"
"
42073,行列がアリスの向かいに来ると、彼らは皆立ち止まって見た。
12855,どうしたらいいのかしら？」こう言いながら、彼女は突然開けた
45876,「何でもお好きなものを」と従卒は言って、口笛を吹き始めました。
63864,「木の根も試したし、土手も試したし、生け垣も試した」
19825,それを探している間、一行の残りはゲームに戻った。
43966,「はい！」とアリスは叫んだ。
77085,成長し、彼女は自分が同じままであることに全く驚いた。
15046,うたた寝。しかし、帽子屋につままれると、それは再び
55923,全く。彼らを怖がる必要はないわ！
40590,「彼らの後を泳げ！」とグリフォンは叫んだ。
16328,「メアリー・アン！メアリー・アン！」と声がした。「今すぐ私の手袋を持ってきて！」
14973,とグリフォンが付け加えた。そして二人は黙って座り、可哀想な
44736,"
"
69615,それが消えた後もしばらく残っていた。
45435,彼らは一緒に歩き去った。
67292,"
"
48320,「たぶん、一つもないのかもしれないわ」とアリスは思い切って言った。
88712,"
"
61768,"
"
98814,急いで、白ウサギが「法廷では静粛に！」と叫び、
37279,"
"
59915,聞くと、彼女の周りの場所全体が奇妙な生き物で生き生きとし始めた。
90434,一瞬の猶予もなかった。アリスは風のように走り去り、そして
76632,「そんなに欲しくはなかったでしょう」とアリスは言いました。「海の底に住んでいて
83356,これはアリスにとってとても新しい考えだったので、しばらく
32377,"
"
10152,もう一度手を出して、空中でまたひったくりました。今回は
79752,「絶対にない！」と女王は激怒して言い、インク壺をトカゲに投げつけた。
32085,猫なしで！人生で見た中で一番奇妙なことだわ！
25642,「少しも」とイモムシは言いました。
20946,真ん中で、2匹のモルモットに支えられていた。彼らはそれに
42762,面倒なことはないわね、探す必要もないから。でも、わからないわ」
40449,哀れな帽子屋はひどく震え、両方の靴を脱ぎ捨ててしまいました。
32449,「もし君が僕と同じくらい時間さんと仲良しなら」と帽子屋は言いました、「
58054,彼に）「彼に6ペンスあげよう。私は一片も
90034,森の中で、「元の大きさに戻ること。そして二番目は
44821,それでも彼女は成長し続け、最後の手段として、片腕を
20540,"
"
99187,コーラス。
43223,彼が公爵夫人と戻ってくる頃には、それは完全に
87874,アヒルがまぶたでするように、彼は鼻で
47473,"
"
17454,「私が食べるものを見る」ことと「私が見るものを食べる」ことが同じだなんて！
92333,私の知ったことか。」
62292,"
"
54682,あの池、ガラスのテーブルと小さなドアのある大きなホール、
27950,「ああ、ホワイティングについては」と代用ウミガメは言いました、「彼らは――見たことがあるでしょう、
67262,"
"
72639,この最後の言葉に気づく。
41715,「女王はどうだい？」と猫は小声で言った。
85555,「海の底のブーツと靴は」とグリフォンは深い声で続けた。
56906,"
"
18893,ネズミみたいにね。でも、猫はコウモリを食べるのかしら？」ここでアリスは
14849,置き去りにするのは殺人じゃないかしら？」彼女は最後の言葉を声に出して言った。そして
79701,"
"
47148,"
"
32211,"
"
18573,"
"
24991,お腹が空かないでしょう」
85116,「私はヘビじゃない！」とアリスは憤慨して言った。「放っておいて！」
24718,第12章 アリスの証言
98447,「それ」が意味するもの。
51036,ここへ持ってこい、若いの！――ここだ、この角に立てかけろ――いや、
81297,しかしそれは何も言わなかった。
66308,"
"
30629,再び、彼女が不幸を感じたのも不思議ではない。
15609,それで彼女は目を閉じたまま座り続け、半分は自分が
32304,"
"
24541,それが指し示した方向に、それが犯した間違いを説明しようともせず、
88423,海、何人かの子供たちが木のシャベルで砂を掘っていた。それから
20247,* * * * * *
38867,夕べのスープ！
70588,アリスがドアを開けると、それは小さな、
77275,"
"
40880,"
"
65872,"
"
59023,彼らはすぐに、太陽の下でぐっすり眠っているグリフォンに出くわしました。
81585,"
"
14217,三月だったわ」こう言いながら、彼女は見上げると、そこには猫が
35280,"
"
93284,涙。
94814,瓶を下ろし、独り言を言った。「これで十分…もう
22705,"
"
39954,"
"
40764,「彼女は女王の耳を殴った…」とウサギが言いかけた。アリスは少し
91530,"「フューリーは言った"""
68953,「彼らの後を泳げ！」とグリフォンは叫んだ。
35528,彼らの前に鎖につながれて立ち、両側に兵士が
89851,さもなければ、彼の顔だけを見て、彼女は彼を
96882,哀れな帽子屋はひどく震え、両方の靴を脱ぎ捨ててしまいました。
28707,再び彼女は長いホールにいて、小さな
89046,物事は「大同小異」だ…そんなものを見たことがあるかい？
71970,十分だ。こだわりすぎるな…おい、ビル！これを捕まえろ
90431,"
"
17266,良い。
46642,深く、ホールの半分まで達していた。
72695,"    nothing
"
18188,グリフォンからの時折の「ヒャックラー！」という叫び声と、絶え間ない
43782,結局、何か聞く価値のあることを教えてくれるかもしれない。しばらくの間
44803,女王の主張は、もしすぐさま何とかしなければ
38813,ウサギが、見事に着飾って、白い子ヤギ革の手袋を
90959,そこでアリスは、最初に
52524,座り込んで泣いた。
58215,"
"
39321,"
"
75447,シロギスのこと！
73091,か二分で、それを抱えているのがやっとでした。
32320,彼女は少し食べ、不安そうに独り言を言った。「どっち？どっち
78356,「何の裁判？」アリスは走りながら息を切らして尋ねたが、グリフォンはただ
48755,法：私は
51623,彼女の歴史の知識から、アリスはどれくらい昔のことか、あまりはっきりした考えを持っていなかった。
41188,望遠鏡。
60998,正直者らしく名前を。」
38050,"
"
11759,"
"
38409,そしてアリスは女王を見ようと、熱心に周りを見回しました。
57837,「すみません、教えていただけますか」アリスは少しおずおずと言いました。
26973,夕べのスープ！
41877,"
"
27354,"
"
82390,愛国的なカンタベリー大司教は、それが賢明だと判断した――」
21478,「私が彼女に話そう」と代用ウミガメは深く、うつろな声で言いました。「
98142,「さあ、行こう！」とグリフォンが叫び、アリスの手を取って急いで
48066,"
"
26782,半分は独り言、半分はアリスに。
97727,アリスは立ち上がった。彼女の心に、自分が
38937,彼女はこの突然の変化にかなり怯えましたが、感じました
65137,背が低くなる。
73668,作った。
45438,決心したわ。もし私がメイベルなら、ここにいる！
23289,"fish)--and rapped loudly at the door with his knuckles. It was opened
"
84180,「どんなエビでもそう言っただろう。」
38444,"「私はすべての手足をとてもしなやかに保っていた"""
31119,ヘビめ！奴らを喜ばせることはできない！
37118,宵のスープ、美しいスープ！
40829,どうやって再び外に出るのか、世界で。
52081,次に何をしようかと思っていたとき、突然制服を着た従卒が
88987,"
"
72087,家！だって、てっぺんから落ちても何も言わないわ
80624,"
"
18583,"
"
80737,"
"
25834,あの暗いホールを出て、明るい花壇や
90514,"
"
63902,家の前の木の下にテーブルが用意されており、
25763,アリスは扇子と手袋を取り、ホールはとても暑かったので、彼女は
65073,"
"
30287,"
"
99670,ちょうどその時、彼女は少し離れたプールで何かがはねる音を聞いた。
35262,"
"
25518,「前に」とアリスは言いました）、そして瓶の首には紙の
57074,グリフォンは起き上がって目をこすった。それから女王を
75059,頭を！」彼女が宣告した者たちは兵士たちに拘留された。
61198,彼らは井戸の底に住んでいた…
85817,十分乾いた！」彼らはすぐに、ネズミを
95289,「この件について何を知っている？」と王はアリスに言った。
21407,"
"
88749,"
"
71259,私に起こったことがあるなんて！おとぎ話を読んでいた頃は、
93824,彼女はできるだけ早くそれらを拾い始めた。なぜなら、
40920,彼がくしゃみをすると私は彼を叩く。
86979,ロブスターとカメがどれほど熱心に進むか見よ！
71717,"
"
10531,あなたのもの。」
71809,「それ」が意味するもの。
30919,"
"
21345,と公爵夫人は、アリスの腕に愛情を込めて腕を組みながら言った。
61308,アリスはこの発言の口調が全く気に入らず、
85700,あまりにあわててて、あなたに話せないんです――わかってるのは、何かがこっちにやってきて
60774,そして待った。
19085,また小さくなっているようだ。」彼女は立ち上がってテーブルへ行き、測ってみた。
27412,"
"
97225,そこで彼女はそっとその後を追って呼んだ。「ネズミさん！また戻ってきて、
48818,"
"
60750,"
"
65185,そして悲しそうに：
98587,あなたの気性よ！」「黙れ、母さん！」と若いカニは少し
22245,その変化から利益を得た。そしてアリスは
39919,「何もありませんわ」とアリスは言いました。
46966,"
"
89818,アリスはこれに大笑いし、
23763,見つけられるわよ。」そして彼女はアリスの側にぐっと体を寄せた。
66437,始まった。アリスはこれまでこんなに奇妙なクロッケー場を見たことがないと思った。
18330,一分に一度くらい「首をはねろ！」と叫びながら
51457,真ん中に。アリスは不安そうに目をそれに釘付けにした。なぜなら、
77054,片膝をつきました。「陛下、私は貧しい男です」と彼は始めました。
78564,"
"
73165,最初はかなり奇妙に感じたが、数分でそれに慣れた。
59438,"
"
46708,"
"
89561,"
"
96094,女王の主張は、もしすぐさま何とかしなければ
27366,そんなにしょっちゅう変わるのは好きじゃないんですよ」
57352,私たちがいたそのままで。
98662,瞬間、心配そうに庭を見渡していたファイブが
52940,踊りに参加しませんか、しませんか、しませんか、しませんか、しませんか？」
13945,「ふむ、今まで聞いたことがないな」と代用ウミガメは言いました。「しかし、それは
10224,「これはビルだわ」と独り言を言い、鋭く一蹴りして、
99743,"
"
99259,"
"
48307,"
"
74072,「最初はそうじゃないかもね」と帽子屋は言いました。「でも、それを
88291,"
"
71038,そしてサメのことを軽蔑的な口調で話すだろう、
27871,"
"
88350,「そんなこと、何の証明にもならないわ！」とアリスは言った。「だって、あなたは
98708,"
"
25426,そして一種のすすり泣きを加えて言った。「あらゆる方法を試したけど、何も
92835,たいてい彼女が送りたい場所には、畝や溝があった。
49242,夕べのスープ！
99340,くすくすと笑った。
80180,すぐに庭へ。しかし、ああ、かわいそうなアリス！彼女が
58076,代わりに帽子屋に会いに行けばよかった！
88031,"
"
80191,"        prosecute
"
11917,"
"
32024,「名前を書き留めているんだ」とグリフォンはささやき返しました。「
57470,"
"
64613,この事件に関わって、
37639,どっちの方向に？」と、頭の上に手を置いてどちらに
43593,"キュウリの温室があるに違いない！」とアリスは思った。「彼らは何をするのかしら"""
79663,「これ以上低くはなれないよ」と帽子屋は言いました。「今、床にいるんだから」
30484,あなたと私の間で。」
69050,"
"
96905,「私を飲んで」と言うのは簡単だったが、賢い小さなアリスは
92293,顔、そして彼らの背中の模様は、
14792,「そうよ」アリスは急いで答えた。「少なくとも…少なくとも私が言いたいのは
16420,彼らの目を、多くの奇妙な物語で、おそらくは
61483,重いため息。
92041,一つに決めようとしていたとき、コックはスープの大釜を
78196,"The Hatter opened his eyes very wide on hearing this; but all he SAID
"
71284,『混乱学』、『醜化学』、『嘲笑学』」
83003,巨大な子犬が大きな丸い目で見下ろしていた。
51340,私がやったとは証明できない。最後に署名がないからだ。」
41131,それには特に驚くべきことは何もなかった。アリスもそうは思わなかった。
90717,ここでは人を首にするのが好きなの。驚くべきは、
80533,巻き毛で、私のは全然巻き毛じゃないし、それに私はきっと
36108,"
"
23228,暑い日だったのでとても眠くてぼんやりしていました）、ヒナギクの首飾りを作る
81896,三月ウサギの場所。帽子屋だけが
50026,"
"
90469,フクロウはごちそうの分け前としてその皿を持っていた。
11561,コースのあちこちに。「一、二、三、
95119,それで彼女は目を閉じたまま座り続け、半分は自分が
52425,「そしたら」と彼女は思いました、「私はどうなるのかしら？彼らはひどく
86296,"
"
44155,"
"
90672,"
"
80150,アリスに、彼女は続けた。「お嬢ちゃん、名前は何て言うの？」
56014,"
"
91697,「たぶん、一つもないのかもしれないわ」とアリスは思い切って言った。
21350,会議を延期し、より精力的な
97591,何日も何日も。」
99355,ちょうど良い大きさだったらよかったのに！ああ、大変！忘れるところだったわ
50851,「ふむ、今まで聞いたことがないな」と代用ウミガメは言いました。「しかし、それは
25990,あなたのことを自分で。あなたは自分で何とかしなければならない。でも私は
21255,「失礼なことを言うな」と王は言いました、「そしてそんな目で私を見るな！」
54054,その後蝶になったら、少し変な感じがするでしょうね
17830,「いてくれればよかったのに！」とインコは、それがすっかり
87694,動物や鳥たちが外で待っていた。哀れな小さなトカゲのビルは
60336,「かみつくかもしれないし」とアリスは用心ぶかく答えました。ぜんぜんそれを
33528,最後に、彼女はこの同じ妹が
90867,"
"
96068,",まっすぐに通じていました。「とても奇妙だわ！」と彼女は思いました。「でも、"""
93806,近くにあった植木鉢。三人の兵士はしばらくうろつき回った。
48957,"
"
98678,"
"
61343,そんなにたくさん飲まなければ！
20665,"
"
68056,「ああ、それはきっとそうなるさ」と猫は言った。「長く歩きさえすればね
99487,進みました、遠くで女王が情熱的に叫んでいるのが聞こえたので、
96886,「では、参れ！」と女王が叫び、アリスは行列に加わった。
84800,小声で独り言を言った。
50809,"
"
71120,"
"
28863,そして森から少し出て聞き耳を立てた。
81856,彼女は兄のラテン語の文法書で見たことを思い出した。「ネズミ…の
99159,「それはダンスの最初のポジションですわ」とアリスは言ったが、ひどく
98780,この瓶がするわ。本当に、また大きくなれたらいいな、
24755,下へ！頭を下げろ！」（大きな衝突音）「今のは誰だ？…ビルだ、
13064,今度アリスは、それが再び話す気になるまで辛抱強く待った。やがて
22665,"
"
38979,指一本で石板に、何の跡もつかないとわかったからだ。しかし、彼は今、急いで
17142,"
"
65413,"
"
20967,私のが来るのを見て逃げたんだ！
29596,陪審員のある者は「重要」と書き留め、ある者は「重要でない」と書きました。
69112,その一角：「空きがない！空きがない！」と彼らはアリスを見て叫んだ。
97964,背中。とうとう代用ウミガメは声を取り戻し、涙ながらに
21246,「シロギスで作るんだ。これでわかっただろう。」
28870,"
"
70478,十分乾いた！」彼らはすぐに、ネズミを
79049,実に奇妙だった：
34494,アリスがドアを開けると、それは小さな、
97041,"
"
73570,一度に四本の足で、喜びの叫び声を上げて、棒に突進しました、
51757,一種のヘビだ、としか言えない。」
27190,その教訓は…『私のものが多ければ多いほど、
30555,"           you
"
88895,"「聞いていない！」とネズミはアリスに厳しく言った。「何を"""
42653,じゃあ、やらない！――ビルが下りるんだ――おい、ビル！旦那が
60100,アリスはずっと一方の側を下り、もう一方を上り、すべての
60316,できた。
53189,裁判、
56391,"
"
12161,"
"
67435,"
"
27375,彼女が見上げると、頭上は真っ暗だった。彼女の前には別の
57431,キュウリのフレームか、何かそんなものでした。
42775,「それを書き留めろ」と王は陪審員に言い、陪審員は熱心に
43176,小さな悲鳴を上げて、続けました。「――Mで始まるもの、例えば
15440,"
"
17157,"「私が"""
22985,イギリスの海岸に行くと、海水浴用の着替え小屋がたくさんある。
44683,"
"
71534,"
"
41743,彼女のはるか下に広がる緑の葉の海。
56056,尋ねるために。
56531,座り込んで泣いた。
24142,一組、彼女は彼らが庭師なのか、兵士なのか、それとも
70130,口から舌を垂らし、大きな目を半分閉じていた。
92326,"
"
12344,ゲーム、それとも他の料理か？
54257,彼女がこう言ったちょうどその時、彼女は木の一本にドアがあるのに気づいた。
22650,"
"
70477,あっという間に全員処刑してしまうだろう。（この最後の
70143,口調。「ここじゃ誰も彼女を好きじゃないみたい。でも、彼女が一番の
60675,その「ま」…
18436,"
"
29520,「しーっ！しーっ！」とウサギは低く、焦った声で言った。彼は見た。
97370,"
"
65666,軽蔑。「今までたくさんの小さな女の子を見てきたが、
92205,それからウサギの声が――「捕まえろ、生け垣のそばのやつ！」それから
95936,彼らの口…そしてパンくずだらけだ。
80605,「失礼！」とネズミは顔をしかめましたが、とても丁寧に言いました。「
59459,「わん！わん！わん！」
36522,とアリスは思いました。「すぐに学校にいるのと同じだわ」しかし、彼女は
56897,次！窓から私を引っ張り出すなんて、できればいいのに！私は
73933,か経度まで来たのかしら？」（アリスは緯度が何か、あるいは
86842,"
"
21623,"
"
61047,"
"
52288,りんごを探しにでございます、旦那様！」
25957,"
"
66108,それを止めるために。
47026,"
"
30258,"
"
87260,あらまあ！遅刻しちゃうわ！」（後で考えてみると、
18164,家へ、自分が今や千倍も大きいことをすっかり忘れて
22148,「『目的（purpose）』のことじゃなくて？」とアリスは言った。
47031,"「その歌、知ってるかい？」"""
97761,"
"
52372,"
"
59488,自分の涙で溺れるなんて！それは確かに奇妙なことになるわ！
20936,"
"
61157,"どう手をつけていいかわからなかった。そして、彼女が不安そうに"""
81475,"
"
94061,通りかかった女王に、「ねえ、あなた！お願いだから
44793,もう行く時間だった。なぜなら、プールは
53438,スプーンを懐に入れることを親切にも許された。
87464,「ブーブー言わないで」とアリスは言った。「それは全然、
69823,それらの。」もう一分すると、頭全体が現れ、そしてアリスは
81848,歌で、「私はネズミイルカに言っただろう、『下がってください、お願いします。私たちは
32270,言葉がすべて違って出てきて、それから代用ウミガメは長く息を吸い、
39644,"
"
88148,"
"
34985,食器棚や本棚。あちこちに地図や絵があった。
92542,シロギスのこと！
43000,"
"
89807,第10章 ロブスターのカドリーユ
45102,しかし、この瓶には「毒」とは書かれていなかったので、アリスは思い切って
73518,その瞬間、家のドアが開き、大きな皿が
59288,再び、ハリネズミが体を伸ばしているのを見つけると、とても腹立たしかった。
22112,「君が言いたいのは『少なく』は取れないってことだろう」と帽子屋は言いました。「
33406,どこにも見当たらなかった。下を見ると、彼女に見えたのは
56106,窓の外に、そして片足を煙突に入れ、独り言を言いました、「これで
30220,"
"
56782,"
"
63849,それがネズミをみんな殺すって…ああ、大変！」アリスは悲しげに叫んだ。
87373,「とてもきれいな踊りなんでしょうね」とアリスはおずおずと言いました。
30444,再びそれらを取り出す。それだけだ。」
12000,「ばか」と、そして彼は隣の人に教えてもらわなければならなかった。「素敵な
19434,乳母！でも、ネズミが逃げ出さないように見張らなきゃ。」ただ、私は
24772,ファイブとセブンは何も言わず、トゥーを見ました。トゥーは低い声で始めました。
76616,この三週間、一睡もしていないんだ！
32403,再び外に出る。
29257,パンサーはパイ皮と、グレービーと、肉を取った。
44905,全体として、彼女はそれと一緒にいる方が、行くよりも安全だと思った。
10034,一種のヘビだ、としか言えない。」
30326,「私には考える権利があるわ」アリスは鋭く言いました、少し
90789,彼女は辛抱強く待った。
59865,「それじゃあ」と猫は続けました、「犬は怒るとうなるだろ、
88870,"グリフォンは驚いて両前足を上げた。「何だって！聞いたことがないのか"""
27448,「いや、いや！冒険が先だ」とグリフォンは焦れた口調で言った。
58487,"
"
37558,問題は、何かってことだ」
61817,"
"
14111,"
"
49339,顔を、それで彼らはそれを見ることができなかったのか？」そこで彼女はいた場所にじっと立っていた。
65520,自分の涙で溺れるなんて！それは確かに奇妙なことになるわ！
37308,「でも、彼らは井戸の中にいたのよ」とアリスはヤマネに言った。ヤマネの
39657,何かを失くしたかのように、心配そうに周りを見ながら進んでいきました。そして彼女は
21287,『醜く化』だよ！」とそれは叫んだ。「『美しく化』が何かは知ってるだろう？」
93726,「重要…重要でない…重要でない…重要…」と、まるで試しているかのように
39641,"
"
70024,彼が望むときにコショウを！
50035,「コーラス、もう一度！」とグリフォンが叫び、代用ウミガメがちょうど
70601,"
"
58668,"
"
52610,"
"
89737,"
"
28609,「それで、ダイナとはどなたですかな、もしお尋ねしてもよろしければ？」とインコは言いました。
80485,これはアリスにとってとても新しい考えだったので、しばらく
11686,"
"
84681,* * * * * *
68807,と彼女は思い、涙が出ていないか確かめるため、もう一度その目を見つめた。
46233,しかしここで、アリスが大変驚いたことに、公爵夫人の声は消えていった。
10389,"
"
27198,"
"
23880,かつらを、（どうやったか見たいなら口絵を見てください）彼は
40038,「盗まれた！」と王様は叫び、陪審員の方を向いた。彼らは即座に
29250,"
"
36008,この瓶がするわ。本当に、また大きくなれたらいいな、
47664,"
"
10680,"
"
63152,とても上を向いた鼻で、本物の鼻というよりは豚の鼻のようでした。また、その
19341,"
"
23097,お姉さんが読んでいる本を、しかしそれには絵も会話も
71185,グリフォン。
61986,ヤマネは再び一、二分考えてから
77433,"
"
82678,翼で彼女を激しく叩いていた。
50047,"
"
39346,そして彼女は、まず一方を、次に他方を取り、
14421,全然乾かないわ。
93538,悲しげにしっぽを振り、全く動けなかった。彼女はすぐに
48399,ダイヤの、そして兵士たちのように二人一組で歩いていた。これらの後に来たのは
27923,毎回少し前に進み、大きく後ずさりし、しわがれた声で吠えながら
63173,「それは最初から最後まで間違っている」と芋虫はきっぱりと言った。
70059,王室の子供たち。彼らは10人で、その可愛い子たちは
13189,法廷。
33596,それを紹介する。」
43434,第10章 ロブスターのカドリーユ
38795,"The Hatter opened his eyes very wide on hearing this; but all he SAID
"
48997,急に消えるなんて。めまいがするわ。」
62398,"
"
27483,"
"
40704,「若い頃」とウィリアム神父は息子に答えた。
18497,あんな長い言葉、それに、あなたも信じていないでしょう！」そして
17623,"
"
28857,"
"
19018,"
"
94828,これは証人を全く勇気づけるものではなかった。彼は動き続けた。
99043,これに対し、白ウサギはトランペットを三回吹き鳴らし、それから
34651,現れた。しかし彼女はできるだけ速く走り去り、すぐに
96357,涙ながらに、「本当に頭を下げてくれたらいいのに！ とっても疲れたわ
95241,その中にアリスは白ウサギを認めた。それは急いだ
58113,「私のは長くて悲しいお話（tale/tail）よ！」とネズミはアリスの方を向いて言った。
93969,スプーンを懐に入れることを親切にも許された。
80421,「続くんだよ」と帽子屋は続けた。「こんな風に…」
54419,"
"
56384,「あなたはあまり海の下で暮らしたことがないかもしれないが――」（「ありません」と
40832,法廷の向こう側。
28500,"
"
15376,全く馬鹿げてる！」そして彼女はドアを開けて中に入った。
75736,「ノックするなら意味があるかもしれないがな」と従卒は続けました
60418,"
"
75357,「私は彼のところへは行かなかった」と代用ウミガメはため息をついて言った。「彼は
49236,"
"
85615,尋ねるために。
38178,ティースプーンで三月ウサギを指して）「――それは、
78304,今？それは一つの慰めになるわね…決して年老いた女にはならない…でも
55954,"
"
15851,「それならこう言っても同じことだ」と三月ウサギが付け加えた。「『私が
56806,それが何かわかるまで、彼女をかなり。彼女は
86790,声で、「いや、お嬢さん、実を言うとね、こいつは
84921,うたた寝。しかし、帽子屋につままれると、それは再び
26520,物を置くなんて！
48978,「ほとんどコショウだよ」とコックは言った。
97857,自分に言い聞かせました。「まあ、何でもビルに押し付けるみたいね！私なら
80128,糖蜜の井戸から糖蜜を汲み出せると思うのかい――え、おばかさん？」
39087,「代用ウミガメスープが作られるものよ」と女王は言いました。
74233,アリスはコックの方をかなり不安そうにちらりと見て、彼女が
34236,「彼らが全然公平にプレーしているとは思えないわ」アリスは、やや
60312,"
"
20126,続けた。
91269,（彼女は「生き物たち」と言わざるを得なかった。ご存知の通り、そのうちのいくつかは
45852,"
"
70112,「ああ、まあ！だいたい同じことよ」と公爵夫人は、
60216,"
"
53272,彼らに合わせるために！
66100,ここでヤマネは身震いし、眠りながら「きらきら」と歌い始めました、
21022,子守唄を歌い、各節の終わりには
43227,"あの素敵な庭への道を見つけることだわ。それが"""
77432,「それ」が意味するもの。
82262,「私の冒険を話してあげられるわ…今朝から始まるの」と
13080,「それじゃあ」と猫は続けました、「犬は怒るとうなるだろ、
57445,もちろんそうではありませんでした、完全に厚紙でできていたので。）
40234,ネズミ捕り、月、記憶、そして『だいたい同じようなもの』――あなたは『だいたい同じようなもの』の
29164,小さなドアのそばで待っていても無駄なようだったので、彼女は
91949,"
"
74312,"
"
28193,それで話すのに十分な。
41353,"
"
67424,「昔々、三人の小さな姉妹がいました」とヤマネは始めた。
22095,すぐに出発し、すっかり疲れて息が切れるまで走り、
80583,「そんなに押さないでほしいな」と、座っていたヤマネは言った。
12778,それらをそんなにピカピカにするの？
77093,"
"
83170,アリスは少しおずおずと言いました。「でも、昨日に戻っても無駄よ、
23766,てっぺんに腕を組んで座り、静かに長い
50207,"
"
47977,"
"
20252,見えなくなり、年老いたカニが彼女に言う機会を得た。
80361,かすれた、か細い声で、「お前たちが言っていたこと、一言一句聞こえていたぞ」
61663,"
"
57161,"
"
71912,"
"
35634,美しいスープをたった1ペニー分？
21014,「では、参れ！」と女王が叫び、アリスは行列に加わった。
82827,子供時代。そして、彼女が他の小さな子供たちを周りに集め、
40454,"
"
20981,首は、蛇のようにどんな方向にも簡単に曲がった。彼女は
75304,"
"
59152,絶望していたので、誰にでも助けを求める準備ができていました。それで、ウサギが
71222,"
"
68911,あまりに怖くて一言も言えず、ゆっくりと彼女について
76937,"
"
36759,終わり、両方のハリネズミは見えなくなった。「でも、
25536,再び、彼女が不幸を感じたのも不思議ではない。
81379,"
"
74262,征服王、その大義は教皇に支持され、すぐに
26181,起き上がって手足で立ち、アーチを作るように。
30743,「でも、慣れていないんです！」と可哀想なアリスは哀れな声で訴えた。そして
98424,しかし、今、私には何もないと確信している。
54189,ちょうどその時、彼女の頭がホールの天井にぶつかった。実際、彼女は
25012,"
"
33600,魚の従卒は、腕の下から大きな手紙を取り出すことから始めました、
36903,ナイフで指をとても深く切ると、たいてい血が出ること、そして彼女は一度も
34482,"
"
14579,"
"
21331,"
"
97630,治療法…
47435,それが扇子と白い子ヤギ革の手袋を探している瞬間
99262,「ありがとう」とアリスは言いました。「とても面白いわ。こんなにたくさんのことを
31574,"
"
55346,でしょう。すみません、奥様、ここはニュージーランドですか、それともオーストラリアですか？」（そして
80681,すぐに乾かなければ、ひどい風邪をひくに違いないと確信した。
59730,"その瞬間、彼女は正しい英語の話し方をすっかり忘れてしまった）。「今、私は"""
45746,"
"
74438,「私が言おうとしていたのは」とドードーは気分を害した口調で言いました、「
31931,"
"
78874,"
"
37730,"
"
75165,"
"
15567,フクロウはごちそうの分け前としてその皿を持っていた。
15126,アリスがドアを開けると、それは小さな、
22569,"「（そうなればいいのに）と三月ウサギは心の中でささやいた。」"""
40525,"
"
28240,成長し、彼女は自分が同じままであることに全く驚いた。
59993,「何を見つけたんだ？」とアヒルは言った。
11874,変わってしまったに違いない。
89265,真ん中に。アリスは不安そうに目をそれに釘付けにした。なぜなら、
27061,「それがあなたのやり方なの？」とアリスは尋ねた。
36947,"
"
84163,「世界の上をあなたは飛ぶ、
62448,落ちた鳥や動物たち：アヒルとドードーがいました、
35993,そして彼は次の言葉で続けた。
19635,「どのくらいの大きさになりたい？」とそれは尋ねた。
79934,「ロブスターなしでも大丈夫だよ。どっちが歌う？」
66162,すると二人は深くおじぎをし、彼らの巻き毛が絡み合いました。
55686,"
"
34642,「今、このネズミに話しかけても役に立つかしら？」とアリスは思いました。
34240,千マイル下だと思うわ――」（ご存知のように、アリスは
95916,「もちろん、知らないだろう！」と帽子屋は、軽蔑するように頭を振って言った。
33912,ちょうどアリスの肩に顎をのせるのに良い高さで、それは
56430,近くにあった植木鉢。三人の兵士はしばらくうろつき回った。
15657,「彼らは彼を連れて行かざるを得なかったんだ」と代用ウミガメは言いました。「
63072,「すみません」アリスはとても謙虚に言いました。「五番目の
12818,"
"
79776,"
"
33292,"
"
99934,「いや、いや！冒険が先だ」とグリフォンは焦れた口調で言った。
11455,"
"
73303,急いで身を引かせました。大きなハトが彼女の顔に飛び込んできて、
45410,"
"
78112,今すぐその教訓が何かは言えないけど、すぐに思い出すわ
10242,煙突は耳のような形をしており、屋根は毛皮で葺かれていた。それは
87248,「自分自身を説明することはできません、恐れ入りますが」とアリスは言った。「なぜなら、私は
89262,"
"
46322,"
"
85769,彼らの前に鎖につながれて立ち、両側に兵士が
83612,しかしカタツムリは「遠すぎる、遠すぎる！」と答え、横目でちらりと見た――
50587,「でも、彼らは井戸の中にいたのよ」とアリスはヤマネに言った。ヤマネの
47776,離れて、それが何か確かめるために近くへ泳ぎました。最初は
71064,"
"
61001,と微笑んだ。あたりは水を打ったように静かになった。
38423,私のが来るのを見て逃げたんだ！
96374,窓！
25389,"
"
70700,陪審員たちは皆、石板に「彼女は原子というものが
95009,「ここよ！」とアリスは、その瞬間の混乱ですっかり忘れて叫んだ。
94542,また小さくなっているようだ。」彼女は立ち上がってテーブルへ行き、測ってみた。
61162,かなりきっぱりと、「今すぐやめることをお勧めしますわ！」彼女はたいてい
76924,「でも、賞品は誰がくれるの？」と、声が合唱のように尋ねた。
66967,彼女はそれほど遠くへ行かないうちに、家の見えるところまで来た。
69217,"‘ARE you to get in at all?’ said the Footman. ‘That’s the first
"
91349,しかし、九九は大したことないわ。地理を試してみましょう。
56203,美しいスープをたった1ペニー分？
63179,"
"
72536,ひっくり返され、彼らの石板と鉛筆が見つけられて返され
53562,彼を）、残りは黙って待っていた。とうとうドードーが言った。
68084,"
"
68003,踊りへ。だから彼らは海に放り出された。だから彼らは長く
27225,頬を伝って流れ落ち、彼は再び続けました：――
68388,飛び出し、従卒の頭めがけてまっすぐに。それは彼の鼻をかすめ
63092,確かにそうだった。そして、彼女が予想していたよりもずっと早く。彼女が
91006,"
"
10600,"
"
39809,「なぜだ？」と芋虫は言った。
96333,次の瞬間、アリスはそのあとを追って下りていった。一度も
14536,"
"
59364,回り、彼女はこれが非常に難しい質問だとわかった。しかし、とうとう彼女は
83865,「誰に話しているんだ？」と王はアリスに近づき、
19135,昨日、あなたは斬首されるべきだった！
13660,全く、ゲームはとても混乱していて、彼女は全く知らなかった。
75688,"アリスはいくらか好奇心をもって彼の肩越しに見ていた。「なんて"""
85744,"
"
40989,シロギスのこと。
47296,「ロブスターのカドリーユの別の型を試してみるか？」とグリフォンは続けた。
45403,なのに、あなたは鼻の先でウナギのバランスをとった。
82307,「そうだった」とヤマネは言った。「とても病気だった」
94382,以前のようにガラスのテーブルの上に横たわっていて、「そして事態はこれまで以上に悪いわ」
59988,は完全に消えていた。
31237,消えてしまった。そこで王と死刑執行人は狂ったように駆けずり回った。
53764,"
"
22911,できるだけ大声で、「もしあなたがそうするなら、ダイナをあなたにけしかけるわ！」
37381,口調で。「女王様に聞こえますよ！ご存知でしょう、女王様は少し遅れていらして、
98609,小さな車輪のゴロゴロという音と、たくさんの声が
12279,ドアから、彼女は家から走り出し、たくさんの小さな
30319,あなたの目が相変わらずしっかりしていたこと。
14373,* * * * * *
81124,その一角：「空きがない！空きがない！」と彼らはアリスを見て叫んだ。
18358,急いだので、彼女はスカートの端で陪審員席をひっくり返してしまった。
53517,セイウチかカバに違いないと思ったが、それから彼女はそれがどれほど小さいか思い出した。
90951,「ところで、赤ん坊はどうなったんだい？」と猫は言った。「もう少しで
49097,"
"
51800,「今、個人的な意見を言っているのは誰だ？」と帽子屋は得意げに尋ねた。
76858,"
"
55030,"
"
36031,"
"
34723,踊りに参加しませんか、しませんか、しませんか、しませんか、しませんか？
53891,小さな悲鳴を上げて、続けました。「――Mで始まるもの、例えば
55663,あらまあ、なんて馬鹿なことを言っているのかしら！」
86756,"
"
73556,「家を焼き払わなければ！」とウサギの声がした。そしてアリスは呼んだ。
59417,彼らは皆、深くお辞儀をした。
54085,「すみません、教えていただけますか」アリスは少しおずおずと言いました。
82329,誰も聞いていなくても、それを繰り返すのは良い練習でした）
30815,"
"
34352,可哀想なアリス！片側に横になって、彼女にできることはせいぜい
62723,「はい」とアリスは言いました、「フランス語と音楽を習いました」
60753,と彼女は独り言を言い、大声で叫んだ。「もう二度とそんなことしない方がいいわよ！」
42026,これらの言葉を言ったとき、彼女の足が滑り、次の瞬間、ばしゃん！
77235,「あんなに泣かなければよかった！」とアリスは、泳ぎながら
16351,それを無駄にすることについて。彼なんだ。
21673,追い出され、彼らが再び落ち着く頃には、コックは
61160,この答えに可哀想なアリスはすっかり混乱してしまい、ヤマネにしばらく続けさせた。
22636,"
"
53579,「『残念だ』と言いましたか？」とウサギは尋ねた。
21257,"
"
54853,彼女は自分自身について思った。「生き物たちがこんなに簡単に
42756,"
"
59085,チョッキのポケットや時計を
24965,"
"
41425,回り、彼女はこれが非常に難しい質問だとわかった。しかし、とうとう彼女は
16019,「私を食べて」と干しブドウで美しく書かれていました。「よし、これを食べよう」と
83131,飛び上がりました。しかし、次の瞬間、それが赤ちゃん宛てであることに気づきました、
59964,その周りに大勢の人が集まっていた。
51942,"
"
85873,つまり、私にはとても奇妙に感じるだろう。」
16321,"
"
14255,「考えたこともありませんでした」とアリスは言った。「どうして？」
81951,そうして彼女は再び子供をあやし始め、一種の子守唄を
67498,「どうぞ、それ以上長く言うのはおやめください」と
94452,「まあ、あなたはまだそう感じたことがないのかもしれないわね」とアリスは言いました。「でも、あなたが
59253,"
"
50754,ああ！もし私が彼女を待たせたら、彼女は怒るだろうな！」アリスはとても
33253,おわり
70590,数分間、それは黙って煙を吐き出していたが、とうとう
84280,「ここに授業を？だって、あなたでさえほとんど場所がないのに、全く場所がないじゃない」
87764,好きなだけ一時半に。
26781,「ええと、神秘学があった」と代用ウミガメは指折り数えながら答えました、
18044,その間ずっと、ハリネズミのために戦っていた。そして、非常に短い
74747,"
"
22568,「うっ！」とヒインコは身震いしながら言った。
18130,「さあ、これから楽しくなるわ！」とアリスは思いました。「彼らが
70230,「ますます変てこ！」アリスは叫びました（彼女はとても驚いて、
80041,顔、そして彼らの背中の模様は、
74727,"
"
43325,炉端の敷物、
90543,"
"
75225,「その場合」とドードーは厳粛に立ち上がりながら言いました、「私は
23363,"
"
41776,地面――そして、さっき女王様のハリネズミをクロッケーできたはずなのに、ただ
38882,首は、蛇のようにどんな方向にも簡単に曲がった。彼女は
20746,"
"
78369,彼女の近くに、彼女と同じくらいの高さの大きなキノコが生えていた。
48674,「いいえ」とアリスは言った。「代用ウミガメが何なのかさえ知りません。」
73464,ドア、ぼんやりと空を見上げていた。
72540,怒って、「本当にあなたは鈍いわね！」
13995,それは大したことではなかった。
24394,「彼をトータスと呼んだのは、彼が我々をトータスしたからだ」と代用ウミガメは
59584,それが何かわかるまで、彼女をかなり。彼女は
28904,"
"
22644,一体私は誰なの？ああ、それが大問題だわ！」そして彼女は考え始めました
21616,「糖蜜だ」と眠そうな声が彼女の後ろでした。
41305,ネズミに話しかける方法：彼女は以前にそんなことをしたことはありませんでしたが、
34646,あの素敵な庭の小さなドアを通って。しかし、まず最初に、彼女は
86588,笑う勇気もありませんでした。そして、何も思いつかなかったので
96927,その中に意味がある。
82655,評決だ」と彼は陪審員に、低く震える声で言った。
31247,第2章 涙の池
60544,"The Hatter opened his eyes very wide on hearing this; but all he SAID
"
84249,「世界の上をあなたは飛ぶ、
48349,その間ずっと、ハリネズミのために戦っていた。そして、非常に短い
65889,ネズミにもっと何か話してくれるよう頼んだ。
36384,「はい」とアリスは言いました、「フランス語と音楽を習いました」
10016,"
"
11018,"
"
29124,* * * * * *
58567,ドア、ぼんやりと空を見上げていた。
12839,「そして、急いでやれ」と帽子屋は付け加えた。「さもないと、また眠ってしまうぞ
62171,出来事が起こる。彼女がそれがいた場所を見ている間に
60983,それらを赤く塗っていた。アリスはこれをとても奇妙なことだと思い、
32998,それが何かわかるまで、彼女をかなり。彼女は
43764,"
"
83263,"
"
35441,「では、その言葉はお前に合わんな」と王は法廷を見回して言った。
41033,"
"
79522,"
"
17397,すぐにそれを持ち去る機会を見つけた。彼女はあまりに素早くそれをやったので
58761,それが消えた後もしばらく残っていた。
22150,"
"
87117,今まで見た中で最も美しい庭園へ。彼女はそこから出ることをどれほど切望したことか。
95738,変わってしまったに違いない。
49157,"
"
67993,「キノコのだ」とイモムシは、まるでアリスが声に出して
38749,他の者たちも皆、「はい、ぜひお願いします！」と合唱しましたが、ネズミは
69856,彼らが言ったこと。
12732,ロブスターとカメがどれほど熱心に進むか見よ！
60222,彼らに、そして皆びしょ濡れで、不機嫌で、不快でした。
66396,"
"
36443,"
"
47126,「そうだった、そうだった」とグリフォンもため息をつき、
82588,"
"
85645,昨日、あなたは斬首されるべきだった！
22838,そんなこと。
89863,彼女が泣いた涙のプールにいることを理解した。
49096,庭に入って、どっちが起きても構わないわ！」
28862,大司教は見つけたか？
81055,と彼女は思い、涙が出ていないか確かめるため、もう一度その目を見つめた。
97406,「まだだ、まだだ！」とウサギは急いで割り込んだ。「まだたくさん
60279,上へ。
17193,と答えた。「それから算数のさまざまな分野…野心
61090,「世界の上をあなたは飛ぶ、
85026,この間ずっと狂ったように飛び跳ねていたのですが、とても悲しそうに再び座り
90105,「説明にはひどく時間がかかるんだ」
95086,フェレットめ！どこで落としたのかしら？」アリスは
80195,ネズミに話しかける方法：彼女は以前にそんなことをしたことはありませんでしたが、
69339,彼女が小さな動物（それがどんな種類のものか見当もつかなかった）の鳴き声を聞くまで
19277,葉っぱの中に飛び込むと、それはただの木々のてっぺんでした。
80610,テーブルに戻りました、半分は別の鍵を見つけられるかもしれないと期待して、あるいは
34960,熱心に、半分はネズミが心変わりして戻ってきてくれることを期待して
79551,「まあ、とにかくそこに用はない。行って、どかせ！」
53341,彼女がフラミンゴを捕まえて連れ戻す頃には、戦いは
45037,"
"
73184,「何もありませんわ」とアリスは言いました。
52243,今回は誰も聞いていませんでした、全く
30118,彼らを仰天させてしまうわ！」そこで彼女は
87998,そして、できる限り速く暗闇の中へと駆け去った。
27976,巨大な長さの首で、それは緑の葉の海から
46286,時々、彼女は立ち止まってそれをほどかなければならなかった。しばらくして彼女は
22365,アリスは逆らう勇気がなかったが、すべてが
76790,踊りへ。だから彼らは海に放り出された。だから彼らは長く
44988,ウサギのように、そしてそれを恐れる理由もなかった。
55409,"彼女は急いで涙を拭いて、何が来るのか見ようとした。それは白"""
88383,"
"
67577,大きくなったら、一冊書くわ…でも、もう大きくなっちゃった」と彼女は悲しげに付け加えた。
20775,その軸を中心に一回転するのに24時間…
94087,あの涼しい噴水、しかし彼女は頭さえも
54721,彼女は話しながらそれを動かしていましたが、何の結果も出ませんでした、
30556,"そして彼女は、それをどうやってจัดการするか、独り計画を立て続けた。「彼らは"""
62596,ここへ持ってこい、若いの！――ここだ、この角に立てかけろ――いや、
45548,時々ありました。例えば、「旦那様、まったく、まったく気に入りません」
54201,"
"
37325,"
"
24514,それについて。（陪審員は皆、困惑した顔をした。）
90171,知ってるだろう。
11140,追い出され、彼らが再び落ち着く頃には、コックは
47364,"
"
45875,家、
85079,"
"
24954,"
"
27707,チェシャ猫が木の枝に座っているのを見て、少し驚いた。
23394,"
"
23804,拝啓
67417,こんなに小さな存在でいるのにはもう飽きたわ！
18116,右側のかけらで効果を試す。次の瞬間、彼女は激しい
33441,片目で庭を覗き込む。しかし通り抜けることはもっと
60229,"
"
13664,そんなものを見たことがない。
20716,獣やその他の不快なものたち、すべては彼らが
83188,"
"
71545,アリスはとても不安になり始めました。確かに、まだ何の
79317,「もちろんないさ」と代用ウミガメは言いました。「なぜって、もし魚が僕のところに来て、
39786,「とにかく、二度とあそこへは行かないわ！」とアリスは拾いながら言った。
64960,「彼らが全然公平にプレーしているとは思えないわ」アリスは、やや
28294,目は赤ん坊にしては極端に小さくなっていた。全体としてアリスは
72268,"
"
70884,チェシャ猫が木の枝に座っているのを見て、少し驚いた。
51154,土手で、何もすることがないこと。一度か二度、彼女は
16759,時々くしゃみをしていました。そして赤ちゃんは、
36774,そして悲しそうに：
95553,遠くなっていくので）。「ああ、かわいそうな私の足、一体
47107,"
"
65956,"
"
28350,「家にいた方がずっと楽しかったわ」と可哀想なアリスは思った。「
27123,王冠。ウィリアムの最初の行動は穏やかだった。しかし、彼の
52978,「さあ、最初の型をやってみよう！」と代用ウミガメがグリフォンに言いました。
73578,しかし、とにかく彼は質問に答えるかもしれない…どうやって入ればいいのかしら？と彼女は
98357,"「ダイナはうちの猫よ。そして、ネズミを捕まえるのがとても上手なの"""
74258,"
"
94632,「今、このネズミに話しかけても役に立つかしら？」とアリスは思いました。
68476,ややはにかみながら、「わたくし――わたくし、よくわかりません、旦那様、ただ今は――少なくとも
91250,もういや！」そしてここでかわいそうなアリスは再び泣き始めました、とても
84552,彼女はつま先立ちで背伸びをし、
38548,「それは最初から最後まで間違っている」と芋虫はきっぱりと言った。
91023,"
"
66393,そして言った。「とても奇妙だわ」
15992,これはアリスにとって全く新しい考えで、彼女は少し考えました。
45101,ネズミのしっぽ。「でも、なぜそれを悲しいと呼ぶの？」そして彼女は考え続けた。
69083,情熱。彼女はすでにプレイヤーの三人に判決を下すのを聞いていた。
94844,彼らの素朴な悲しみすべてに共感し、彼らの素朴な喜びすべてに喜びを見出すでしょう、
88064,他のプレイヤーたち、そして「首をはねよ！」とか「あの女の首を
22162,アリスはひどく困惑した。帽子屋の言葉には何の
94180,"
"
56894,「私はヘビじゃない！」とアリスは憤慨して言った。「放っておいて！」
76161,アリスはすっかり困惑した。「ブーツと靴だって！」と彼女は繰り返した。
14771,「それなら一番になるべきだわ」とアリスは言った。
63363,"
"
45861,「もし…なら、もっとよく理解できると思います」とアリスはとても丁寧に言った。
94307,"
"
40783,白ウサギを見ました。最初は少し緊張しましたが、
70408,学校の教室の授業でこのようなことを、そしてこれが
91017,彼女がこう言ったちょうどその時、彼女は木の一本にドアがあるのに気づいた。
72679,出口を見つけようとした。「今、罰せられるだろうな、たぶん
37458,知ってるだろう。
36994,ヤマネはイライラして首を振り、目も開けずに言いました、
39515,近づくと、アリスには彼が胸も張り裂けんばかりにため息をついているのが聞こえました。彼女は
88643,「それは、どこに行きたいかによるな」と猫は言った。
45012,それに生えているものは白かったが、そこには三人の庭師がいて、忙しく
63370,私が頼んだことをしろ！今はいつも6時なんだ。」
18215,"
"
69154,それがどうやって行われたか説明する。彼らは大きな帆布の袋を持っていた。
41137,出来事が起こる。彼女がそれがいた場所を見ている間に
68821,"「でも、彼のつま先はどうなんだ？」と代用ウミガメは食い下がった。「どうして彼はそれを"""
79484,"
"
15930,アリスは顔を伏せるべきかどうか少し迷った。
10155,アリスはずっと一方の側を下り、もう一方を上り、すべての
16401,"
"
99246,「いつものように、その通り」と公爵夫人は言った。「なんて明快な
47047,つま先立ちになり、彼女の耳に口を近づけ、「彼女は
45086,井戸が非常に深かったか、あるいは彼女は非常にゆっくりと落ちたかのどちらかだった。なぜなら彼女は
90809,女王がすぐ後ろで聞いているのに気づいたので、彼女は続けました、
41450,きちんとした小さな家に出くわしました。そのドアにはピカピカの真鍮の
94041,（足元を見ると、ほとんど見えなく
94553,その意味を見る。
72481,"
"
80270,「彼らは彼を連れて行かざるを得なかったんだ」と代用ウミガメは言いました。「
24015,"
"
48990,自分に言い聞かせました。「まあ、何でもビルに押し付けるみたいね！私なら
36827,"
"
48592,それについて。（陪審員は皆、困惑した顔をした。）
49596,陛下？」と彼は尋ねた。
44180,これについて相談し、数分後には全く自然に思えた。
72071,"彼女は急いで涙を拭いて、何が来るのか見ようとした。それは白"""
72270,それが扇子と白い子ヤギ革の手袋を探している瞬間
39839,行列がアリスの向かいに来ると、彼らは皆立ち止まって見た。
30828,腕を組み、再び口から水パイプを外し、「それで、君は
77342,「帽子を取りなさい」と王様は帽子屋に言った。
29414,耳と左足で、それがほどけないようにしながら、彼女は運んだ。
74269,"
"
98268,"
"
69841,「ああ、わかった！」とアリスは叫んだ。彼女はこの最後の言葉に注意を払っていなかった。
53906,「死刑執行人を自分で連れてこよう」と王は熱心に言い、
78969,生活がどんなものか、しかしそれは彼女をあまりに混乱させたので、彼女は続けた。「でも
61941,"   My notion was that you had been
"
89555,カメ。
80871,その後ろに、何があるか見てみるのもいいかもしれないと思いました。
32135,子供、「でも、小さな女の子は蛇と同じくらい卵を食べるのよ、
32957,これは会話を始めるのに勇気づけられるものではなかった。アリスは答えた。
38392,コウモリを食べたことある？」その時突然、どすん！どすん！彼女は
99546,「向こう側には、もう一つの岸があるんだよ。
78968,"「ダイナはうちの猫よ。そして、ネズミを捕まえるのがとても上手なの"""
23103,終わり、両方のハリネズミは見えなくなった。「でも、
64249,アリスは黙っていた。
61501,ガラスでした。その上には小さな金の鍵以外何もありませんでした、そしてアリスの
62617,"
"
87970,それについて。（陪審員は皆、困惑した顔をした。）
80185,「『残念だ』と言いましたか？」とウサギは尋ねた。
76568,"彼女が話すとき。（不運な小さなビルは、"""
40637,"
"
68244,"
"
69079,「ロブスターのカドリーユの別の型を試してみるか？」とグリフォンは続けた。
66636,「もし君が僕と同じくらい時間さんと仲良しなら」と帽子屋は言いました、「
39366,"
"
54451,「ばかな！」とアリスは非常に大きな声できっぱりと言い、女王は
61968,この事件に関わって、
12329,「チェシャ猫だわ。これで話し相手ができたわ。」
81204,私に起こったことがあるなんて！おとぎ話を読んでいた頃は、
48498,「——二歩前へ——」
45317,一瞬の猶予もなかった。アリスは風のように走り去り、そして
39717,"
"
91414,しかし、いずれにせよ、どれも開きませんでした。しかし、二
24809,"
"
99835,自分が狂っているとどうしてわかるんだ？
91547,"   For he can thoroughly enjoy
"
49043,方法で、そして一行全員が岸まで泳ぎました。
83744,『醜く化』だよ！」とそれは叫んだ。「『美しく化』が何かは知ってるだろう？」
20929,アリスは彼らを見下ろし、答える前に少し考えた。
20481,てっぺんに腕を組んで座り、静かに長い
43210,"
"
69632,すべての黄金の鱗に！
15202,「アリス！」という名前。
48987,これはアリスにとってとても新しい考えだったので、しばらく
45860,持っていた！
91862,美しい、美しいスープ！
72302,"
"
53668,"    nothing
"
65193,"
"
37237,"
"
62684,あなた、そしてもっとよく知っているはずだ」。そして、これをアリスは
47100,魚の従卒は、腕の下から大きな手紙を取り出すことから始めました、
14295,"
"
65808,アリスは小石がすべて
70361,"
"
78709,彼のノートに、甲高い声で「静粛に！」と叫び、本から読み上げた。「規則
60944,最後に、彼女はこの同じ妹が
75804,"アリスはいくらか好奇心をもって彼の肩越しに見ていた。「なんて"""
16089,"
"
80647,他の客たちは女王の不在を利用して、
69989,そして彼女が試すのに疲れ果てたとき、その可哀想な小さな生き物は
10723,別の制服を着た従卒が、丸い顔と、
87221,もう一方：唯一の困難は、彼女のフラミンゴが反対側へ
24173,そうして彼女は再び子供をあやし始め、一種の子守唄を
62915,彼に）「彼に6ペンスあげよう。私は一片も
77114,小さな岩棚に悲しく寂しそうに座っていた。そして、彼らが近づくと
62561,"
"
75702,王。
48867,"
"
36344,彼の扇と手袋を――見つけられればの話だけど」こう言いながら、彼女は
62842,この後、長い沈黙があり、アリスには
18718,"
"
62055,（我々はそれが真実だと知っている）：
16793,とグリフォンが付け加えた。そして二人は黙って座り、可哀想な
96352,彼がくしゃみをすると私は彼を叩く。
45154,"
"
22460,治療法…
78394,白ウサギのそばを歩いていた。彼は不安そうに彼女の顔を覗き込んでいた。
32199,庭に通じていた。それから彼女はキノコをかじり始めた（彼女は
31634,"
"
39439,「だめだめ！」と女王は言いました。「判決が先――評決は後だ」
81650,"
"
45678,そして死刑執行人は矢のように走り去った。
15171,詩を自分に言い聞かせました：「『我々はそれが真実であることを知っている――』それは陪審員だ、
28404,ような感じで、「猫はコウモリを食べる？猫はコウモリを食べる？」そして時々、「
46720,この発作を起こした――」あなたは発作を起こしたことがないでしょう、ねえ？」と彼は
67174,"
"
29387,出口を見つけようとした。「今、罰せられるだろうな、たぶん
95299,「ああ、君が歌え」とグリフォンは言いました。「歌詞を忘れたんだ」
24651,王は彼女の腕に手を置き、おずおずと言いました。「考えておくれ、わが
32786,そんなにしょっちゅう変わるのは好きじゃないんですよ」
79506,笑う勇気もありませんでした。そして、何も思いつかなかったので
76078,その上にあった。
81358,皆一度に話したので、彼女は正確に聞き取るのが非常に難しかった。
18315,テーブルは大きかったのですが、三人は片隅に
39182,"
"
96595,お姉さんの膝に頭を乗せ、お姉さんは優しく枯れ葉を
23393,一分ごとに変わるなんて！でも、元の正しい
11084,立つことができず、彼女は法廷を回り、彼の後ろに回り、
89180,そこで彼女はその小さな生き物を下ろし、
50978,"
"
42626,急いで去った。
29236,"
"
46586,アリスは、地面に沈んでしまいたい気持ちでした。ついにグリフォンが
28666,ドアから、彼女は家から走り出し、たくさんの小さな
82547,「それで、これらは誰だ？」と女王は、三人の庭師を指さして言った。
90006,子供、「でも、小さな女の子は蛇と同じくらい卵を食べるのよ、
54617,それを繰り返そうとしたとき、「裁判が始まるぞ！」という叫び声が
85306,腕を組み、再び口から水パイプを外し、「それで、君は
59449,"
"
41285,あなた。――さあ、
32006,どちらも同じように。
39250,ヘビめ！奴らを喜ばせることはできない！
67482,はしごは？――なぜって、一本しか持ってこなかったんだ。ビルがもう一本持ってる――ビル！
78284,"fish)--and rapped loudly at the door with his knuckles. It was opened
"
92983,一瞬の猶予もなかった。アリスは風のように走り去り、そして
42573,あのヤマネを法廷から追い出せ！抑えつけろ！つねれ！首をはねろ！
17394,"
"
27902,それは突然再び現れた。
98742,"
"
61303,口をひもで結びました。この中に彼らはモルモットを滑り込ませ、
26718,「まあ、とにかくそこに用はない。行って、どかせ！」
39895,羽が濡れた鳥たち、毛皮がぴったりと
15652,"
"
55271,人々はあらゆる方向に走り回り、お互いにぶつかり合った。
26334,"
"
78264,"
"
73410,あなた自身を。
35575,鏡の近くに立っていた瓶。今回はラベルがなかった。
14297,* * * * * *
28386,"
"
16647,そして彼女にではなく、そこで彼女は勇気を出し、再び続けた。
97027,"
"
87542,遠くの緑の葉が少し揺れるのを除いては。
45444,口に。しかし、ついにそれをやり遂げ、
70558,"
"
47815,コースのあちこちに。「一、二、三、
75648,「その通りだ」と王様は言った。
41177,"
"
64450,「ああ、大きさは気にしません」とアリスは急いで答えました。「ただ
98261,"「お前は話さない方がいい！」と五は言った。「女王がただ"""
80837,再び。
22988,急に消えるなんて。めまいがするわ。」
45059,"「だって、そもそも自分でも理解できないし、それにたくさんいるから"""
49604,ドアから、彼女は家から走り出し、たくさんの小さな
92248,すぐにウサギは、うろうろしているアリスに気づき、
23868,"
"
32555,ちょうどいい大きさに近くなってからとても時間が経っていたので、
97231,"
"
70179,彼らは一緒に歩き去った。
17676,"
"
77463,ハトが終わるまで、それ以上何も言わずに。
33443,それを取り出し、好奇心に燃えて、彼女は野原を駆け抜けた。
59099,これは確かに有望に聞こえた。アリスは振り返って再び戻ってきた。
79172,"
"
70413,小さなドアのそばで待っていても無駄なようだったので、彼女は
84277,"
"
83635,役人たち。しかし、役人が着く前に帽子屋は見えなくなっていた。
91209,一つくらいはあるかもしれないわ。」
97971,続けた。彼女の聞き手たちは、彼女が
20592,指ぬき」。そして、それがこの短いスピーチを終えると、彼らは皆歓声を上げた。
15161,"
"
46919,だからお嬢さん、女王様が来る前に、我々は最善を尽くしているんです、それで――」この時
71608,アリスは姉の隣に座っているのにすっかり飽きてきた。
84814,ダイナに、とても真剣にこう言っているのを。『さあダイナ、本当のことを教えてちょうだい：
24551,そこで彼女はそっとその後を追って呼んだ。「ネズミさん！また戻ってきて、
77052,通りかかった女王に、「ねえ、あなた！お願いだから
17509,"海。先生は年老いたカメだった…私たちは彼をトータスと呼んでいた…"""
23064,喜んでそうした。
53414,鍵を手に、庭のドアへ急いだ。
59389,「いいえ、言いませんでした」とアリスは言いました。「少しも残念だとは思いません。私は
89749,「理由はだね」とグリフォンは言いました、「彼らはロブスターと
36298,"
"
98003,明らかに彼女のためのものだった。
66441,公爵夫人と赤ん坊…最初に火かき棒が、次に
68286,巻き毛で、私のは全然巻き毛じゃないし、それに私はきっと
34773,"
"
93409,彼女が泣いた涙のプールにいることを理解した。
85813,私たちがいたそのままで。
26656,"
"
72700,アリスは少しおずおずと言いました。「でも、昨日に戻っても無駄よ、
45958,"
"
82700,「では、座ってよろしい」と王様は答えた。
41968,「首をはねさせはしないわ！」とアリスは言って、彼らを大きな
76914,白ウサギが急いで通り過ぎると、長い草が彼女の足元でざわめいた。
96609,哀れな帽子屋はひどく震え、両方の靴を脱ぎ捨ててしまいました。
87912,話しながらずっと扇子で自分をあおいでいた。「あらまあ、なんて
77142,メイベルになるわ。だって、私はいろんなことを知っているし、あの子は、ああ！あの子は
57851,「私のは長くて悲しいお話（tale/tail）よ！」とネズミはアリスの方を向いて言った。
21359,ろうそくが消えた後のろうそくがどんなものか、彼女は思い出すことができなかったからだ。
96834,"
"
81507,口調で、「また怒らせてしまったみたい！」と思いました。なぜなら、ネズミは
76355,（もしグリフォンが何か知らないなら、絵を見なさい。）「起きろ、怠け者
77106,ドードーが突然「レースは終わりだ！」と叫び、彼らは皆
58107,弱々しく片足を伸ばし、彼女に触れようとした。「可哀想に！」
62548,"
"
94931,トカゲを逆さまにして、その可哀想な小さな生き物は
49568,「猫が好きじゃないって！」とネズミは甲高い情熱的な声で叫びました。「
89531,「でも、狂った人たちの中には行きたくないわ」とアリスは言った。
31003,"
"
21761,"
"
76853,間違いありませんでした。それはまさしく豚で、彼女は
25077,斬首され、くだらないことを話してはいけないと。
98629,急いだので、彼女はスカートの端で陪審員席をひっくり返してしまった。
20965,"
"
18016,手配された。唯一の難点は、彼女が全く
10777,三つの日付をすべて石板に書き留め、それからそれらを足し合わせ、
81400,あまりにあわててて、あなたに話せないんです――わかってるのは、何かがこっちにやってきて
96996,私たちを乾かす一番良い方法はコーカス・レースでしょう。」
25710,話題を変える。
37917,「君が言いたいのは『少なく』は取れないってことだろう」と帽子屋は言いました。「
64763,"「…そして、私はまだお茶を始めていなかった…せいぜい一週間かそこら…そして、"""
78862,ネズミの穴よりずっと大きい。彼女はひざまずいて通路を覗き込んだ。
34351,アリスがドアを開けると、それは小さな、
64766,彼らが一緒に歩き去ると、アリスは王が低い声で言うのを聞いた。
60353,あなたは我々に三つ以上を与えた。
21474,"
"
44677,アリスに、そのうちの一人を
66908,"
"
57822,「それは、どこに行きたいかによるな」と猫は言った。
26264,次の瞬間、小石の雨が窓からガラガラと降ってきたからだ。
38455,即座に静寂が訪れ、アリスは心の中で思った。「私
73690,もう片方の手にバター付きパンを持っていました。「失礼ですが、陛下、
96977,何か食べたり飲んだりすべきだと思うけど、でも大きな
64638,"
"
68805,ややはにかみながら、「わたくし――わたくし、よくわかりません、旦那様、ただ今は――少なくとも
25330,"
"
54717,"
"
35947,ウサギの穴はしばらくトンネルのようにまっすぐ続いていたが、やがて
87475,口調。「ここじゃ誰も彼女を好きじゃないみたい。でも、彼女が一番の
99746,"
"
83118,「行列なんて」と彼女は思いました、「もしみんなが顔を伏せて
46293,『混乱学』、『醜化学』、『嘲笑学』」
15722,続けた。彼女の聞き手たちは、彼女が
76308,"
"
94922,"
"
74939,"
"
71839,「なぜって、彼女さ」とグリフォンは言った。「それは全部彼女の思いつきさ、彼らは決して
95535,アリスはそれが全く証明になるとは思わなかった。しかし、彼女は続けた。「それで
79346,"
"
61885,あなたが何をしているのか、私は不思議に思う！
29343,口調で。「女王様に聞こえますよ！ご存知でしょう、女王様は少し遅れていらして、
58048,「その通りだ」と王様は言った。
91509,「私があなたの腰に腕を回さないのを不思議に思っているでしょうね」
97887,テーブルに戻りました、半分は別の鍵を見つけられるかもしれないと期待して、あるいは
15740,翼で彼女を激しく叩いていた。
17989,庭師たちはすぐに飛び上がり、王様、女王様
39436,厳かな口調で言った。「公爵夫人へ。女王からの招待状だ
52563,言うべきことを、彼女はただお辞儀をし、指ぬきを取り、できる限り厳かに見えた。
26998,でもどこだったか覚えていない。」
65458,"
"
15963,その教訓は…『意味に気をつけなさい、そうすれば音は
77728,「ゲームを続けましょう」と女王はアリスに言った。そしてアリスは
71220,"
"
56039,現れるのを待ち、一、二分してから
32021,「なぜって」とドードーは言った。「それを説明する一番良い方法は、それをすることだ」（そして、
34898,突然の変化に、しかし自分がまだ存在していることにとても喜んだ。「そして
96897,それが「毒」と表示されているかどうか確かめるために。彼女はいくつか素敵な
21579,"やがて彼女は再び始めた。「私は地球をまっすぐ突き抜けて落ちるのかしら"""
84008,「陛下」とトゥーは非常に謙虚な口調で、
88238,"
"
18562,"
"
18568,それ。なぜなら、彼女は、そして当然のことながら、彼女の
53915,お茶の道具がここに出されているの？」と彼女は尋ねた。
75994,口調。「ここじゃ誰も彼女を好きじゃないみたい。でも、彼女が一番の
31887,「あのヤマネを捕まえろ！」と女王は叫んだ。「あのヤマネの首をはねろ！
82253,「また考えているの？」と公爵夫人は、鋭い
70448,「もし署名しなかったのなら」と王は言いました、「それは事態を
63508,「それは、できる限り奇妙なことばかりだ」とグリフォンは言った。
86294,"「脳を傷つけるのではないかと心配した"""
54966,一同に向かって、「お前たちは皆、許される」と言いました。「さあ、それはいい
26485,と独り言を言った。「ひどく醜い子供になっていただろうに。でも、
77247,"「「もう少し速く歩かないかい？」とシロギスがカタツムリに言った。"""
83025,ついに美しい庭園へ、明るい花壇と涼しい
40804,状況下で食べるべき、あるいは飲むべき正しいもののように見えた。
35576,話しながら心配そうに肩越しに振り返り、それから
49126,「ああ、大きさは気にしません」とアリスは急いで答えました。「ただ
26566,「なぜって、彼女だよ、もちろん」とドードーはアリスを指差して言いました。
41851,「何のために？」と最初に話した者が言った。
36172,炉端の敷物、
82453,死。」
60383,公爵夫人の膝の上でくしゃみをしていました、一方、皿や食器が
54211,一人一つずつ。
86298,優雅なジグザグに曲げることに成功し、
70618,自分自身と対戦していたクロッケーのゲームで自分自身をだまし
61897,突然、彼女は小さな三本足のテーブルに出くわした。それはすべて
40588,"
"
30585,これらが白ウサギが読んだ詩だった。
37427,確かにそうだった。そして、彼女が予想していたよりもずっと早く。彼女が
18324,"
"
72835,"
"
15710,"
"
70482,「そうなると思ったよ」と猫は言って、再び姿を消しました。
78893,怯えたネズミが近くのプールをばしゃばしゃと進んでいった。
27093,"
"
78023,「あそこで会えるよ」と猫は言って、姿を消しました。
80252,家の！」（それはおそらく本当だっただろう。）
85885,終わり、両方のハリネズミは見えなくなった。「でも、
55468,"
"
79781,首は、蛇のようにどんな方向にも簡単に曲がった。彼女は
40933,不思議の国。もう一度目を開ければ、すべてが
86557,"
"
97786,ちょうどその時、彼女は少し離れたプールで何かがはねる音を聞いた。
56564,「女王はどうだい？」と猫は小声で言った。
59139,ほとんど見えなくなると、彼は深い声で言った。「タルトは何でできてるんだ？」
79469,"
"
82222,「似たようなことを聞いたことがあります」とアリスは言いました。
21772,"
"
68085,"帽子屋は悲しそうに首を振った。「私じゃない！」と彼は答えた。「私たちは"""
99122,「さあ、今のところは喜んでくれたわ」とアリスは思い、続けました。「
85410,美しのスープ！
56424,"
"
61039,音楽を習うときに。
92900,ネズミはただうなるだけだった。
24543,"
"
56788,"
"
89188,「重要…重要でない…重要でない…重要…」と、まるで試しているかのように
65822,"
"
68447,ネズミみたいにね。でも、猫はコウモリを食べるのかしら？」ここでアリスは
28903,"         cunning
"
14354,「その答えを見つけ出せると思うということかい？」と
60364,海、何人かの子供たちが木のシャベルで砂を掘っていた。それから
66713,「さあ、はっきり警告しておくわ」と女王は叫び、
45229,「それは私が子供の頃に言っていたこととは違うな」と
95838,"「全然違う！」と帽子屋は言った。「それならこう言っても同じことだ"""
82671,アリスは再び。なぜなら今度はネズミが全身の毛を逆立てていたからだ。そして彼女は
51892,"         cunning
"
70171,"
"
38023,"
"
39828,"
"
30486,うとうとし、ダイナと手をつないで
98289,「ばか！」と女王は焦れたように頭を振り、
47735,"
"
65478,"
"
94066,去れ。「そんな馬鹿げた話をして、私を侮辱するのか！」
28414,アヒル：「たいていはカエルかミミズだ。問題は、
19968,アリスに、彼女は続けた。「お嬢ちゃん、名前は何て言うの？」
71604,立つことができず、彼女は法廷を回り、彼の後ろに回り、
46571,それから彼らは皆、再び彼女の周りに群がった。その間、ドードーは厳かに
81684,アリスは再び。なぜなら今度はネズミが全身の毛を逆立てていたからだ。そして彼女は
98789,"              and
"
11414,"
"
85327,一つくらいはあるかもしれないわ。」
31384,皆がアリスを見た。
87419,「そんなことない！」と三月ウサギは大急ぎで割り込んだ。
81254,それが彼らを再び会話の冒頭に戻した。
32248,法廷」そして、今までその意味がわからなかった。」
59335,"
"
59623,"
"
86612,哀れな帽子屋はひどく震え、両方の靴を脱ぎ捨ててしまいました。
62913,アリスは目が現れるまで待ってから、うなずいた。「
81017,「やめなさい！」と女王は叫んだ。「めまいがするわ。」そして
54784,誰かを殺してしまう恐れがあったので、なんとか食器棚の一つに入れました。
48063,王は眼鏡をかけて、誰が
64633,彼女は驚いてその顔を覗き込んだ。今度は
54426,別の制服を着た従卒が、丸い顔と、
99208,ハートで。次に客たちが、ほとんどが王様と女王様、そしてその中に
18485,"
"
51559,食器棚や本棚。あちこちに地図や絵があった。
84531,どっちの方向に？」と、頭の上に手を置いてどちらに
87106,そしてパーティー全員がすぐに彼女の周りに集まり、混乱した
19162,"The Hatter opened his eyes very wide on hearing this; but all he SAID
"
74638,それを外の空気に持ち出しました。「もし私がこの子を連れて行かなければ、
94904,"
"
34066,「メアリー・アン！メアリー・アン！」と声がした。「今すぐ私の手袋を持ってきて！」
44397,* * * * * *
86467,"
"
49418,"
"
80531,美しい、美しいスープ！」
52696,"
"
65911,「でも、狂った人たちの中には行きたくないわ」とアリスは言った。
19640,"
"
39513,"
"
90097,片膝をつきました。「陛下、私は貧しい男です」と彼は始めました。
81607,"
"
80099,しかし、ああ！その小さなドアはまた閉まっていて、小さな金の鍵は
55627,彼女がそれをさらに運ぶのは全く馬鹿げていると感じた。
63184,これは証人を全く勇気づけるものではなかった。彼は動き続けた。
57202,彼女に当たっても、それらを。そして赤ん坊はすでにとても大声で泣いていたので
57110,"
"
97156,"
"
19426,"
"
94909,火傷をしたり、野生動物に食べられたりした子供たちの小さな物語
41895,ベルトとボタンを整え、つま先を外に向ける。」
44944,半分は独り言、半分はアリスに。
64135,それが話すとき、まっすぐに体を起こした（それはちょうど3インチの高さだった）。
37216,"
"
12754,その日は残りの時間、指一本で書くことを余儀なくされた。そしてこれは
68301,それは突然再び現れた。
70309,そして時には、涙を流すほど厳しく自分を叱った。
92758,「時間がなかったんだ」とグリフォンは言いました。「でも古典の先生のところには行ったよ。
14114,トカゲの石筆、そして抑えられたモルモットたちのむせる音、
19442,"「聞いていない！」とネズミはアリスに厳しく言った。「何を"""
36196,"
"
57120,ヒゲが！
31826,誰がそんなご馳走のために身をかがめないだろうか？
99236,"
"
70988,長い間ずっと同じ年に留まっている。」
45757,"
"
63654,"
"
46112,「陛下」とジャックは言いました、「私はそれを書いていませんし、彼らは
77117,「その通り」と帽子屋は言いました。「物が使い古されるにつれてね」
42846,そして宴会を終えた…］
42738,「家を焼き払わなければ！」とウサギの声がした。そしてアリスは呼んだ。
35729,指一本で石板に、何の跡もつかないとわかったからだ。しかし、彼は今、急いで
22730,その事実の覚書。
49992,"
"
80508,「それが授業（lessons）と呼ばれる理由さ」とグリフォンは言った。
17662,「美しいスープ！魚なんて誰が気にする、
11697,彼女は辛抱強く待った。
75958,ここでモルモットの一匹が歓声を上げ、すぐに
41326,続けた。「そして、この三人の小さな姉妹は…絵を習っていたんだ
90161,"
"
44549,自分が変わったと思いますか？」
31296,彼らの口…そしてパンくずだらけだ。
10233,あのヤマネを法廷から追い出せ！抑えつけろ！つねれ！首をはねろ！
35380,喜んでそうした。
90072,アリスは何も言いませんでした。彼女は両手で顔を覆って座り込み、
21858,"
"
75711,"
"
76332,左側のかけら。
40093,この時までに、彼女はテーブルのあるこぎれいな小部屋にたどり着いていた。
48956,「それは確かに素晴らしいでしょうね」とアリスは考え深げに言った。「でも、それなら…私は
34149,「授業の話はもうたくさんだ」とグリフォンはきっぱりとした
41809,そしてそれを心配するふりをした。それからアリスは大きなアザミの後ろにかわした。
29160,「実に良い高さだ！」と芋虫は怒って、
64490,それが扇子と白い子ヤギ革の手袋を探している瞬間
24667,笑う勇気もありませんでした。そして、何も思いつかなかったので
44615,静かに。
38833,ヒインコ。
61012,片目で。「結局、それらに何か意味があるように思える。『…言った
70830,"
"
93678,「彼らはあなたが彼女のところへ行ったと私に言った、
51097,「そして、急いでやれ」と帽子屋は付け加えた。「さもないと、また眠ってしまうぞ
11404,一同に向かって、「お前たちは皆、許される」と言いました。「さあ、それはいい
31150,"
"
71625,何もないよりはマシだ。」
62774,"
"
41067,「チェシャ猫だわ。これで話し相手ができたわ。」
63261,くすくすと笑った。
42907,「豚って言った？それともイチジク？」と猫は言った。
70955,夜のうちに変わってしまったのかしら？考えてみよう。私は
23530,「さあ、これでモルモットは終わりだ！」とアリスは思った。「これで
82795,これに対し、白ウサギはトランペットを三回吹き鳴らし、それから
42690,知ってるだろ…
32696,彼女はこれについて少し不安を感じました。「だって、結局はね」と
42670,"
"
24241,(コックと赤ん坊も加わって)：
93643,美しのスープ！
30182,真ん中に。アリスは不安そうに目をそれに釘付けにした。なぜなら、
73104,"
"
70992,"‘ARE you to get in at all?’ said the Footman. ‘That’s the first
"
83937,「全部だ！」と彼は三月ウサギを怒って見ながら付け加えた。
71902,彼らが何について話しているか！
28398,"
"
29003,床に落ちている小さなケーキ、そして彼女に名案が浮かんだ。
22011,"
"
27594,あの暗いホールを出て、明るい花壇や
86262,私のことを書いた本があるべきだわ、絶対に！そして私が
33551,"
"
59321,ここで泳いでいるのよ、おお、ネズミよ！」（アリスはこれが正しい
33614,その小さな生き物は（この時までにくしゃみをやめていた）返事としてブーブー言った。
12190,即座に静寂が訪れ、アリスは心の中で思った。「私
70640,私たちと一緒にあなたはいらない！」
92462,会議を延期し、より精力的な
72076,見て。4×5は12、4×6は13、そして
86176,カメ、そして彼の身の上話を聞くために。私は戻っていくつか
48966,"
"
21741,人々はあらゆる方向に走り回り、お互いにぶつかり合った。
47319,質問、そして彼らは彼女に自分たちの主張を繰り返した。もっとも、彼らが
91638,言葉を、変化をつけて。「私はここに座る」と彼は言った。「断続的に
31140,踊りに参加しない、できない、しない、できない、できない。
60236,「思い出さねばならん」と王は言った。「さもなければお前を処刑するぞ。」
22247,"
"
28283,女王には、大小すべての問題を解決する方法が一つしかありませんでした。
98009,今すぐその教訓が何かは言えないけど、すぐに思い出すわ
62987,彼女はこれについて少し不安を感じました。「だって、結局はね」と
90862,自分と同じ年頃の知っている子供たちみんなについて考え、
98422,アリスは真剣に言った。「あなたとはもう関わらないわ。気をつけて
37535,アリスはこれは否定できないと感じ、別の質問をしてみました。
61368,アリスは逆らう勇気がなかったが、すべてが
35466,しかし、ああ！その小さなドアはまた閉まっていて、小さな金の鍵は
31913,"角：次に10人の廷臣たち。彼らは全身を"""
54625,何もないよりはマシだ。」
10713,白ウサギを見ました。最初は少し緊張しましたが、
55943,"
"
43009,"There was certainly too much of it in the air. Even the Duchess
"
37751,彼女がその誰かと入れ替わった可能性があるかどうか見てみた。
22749,"
"
68708,続けた。彼女の聞き手たちは、彼女が
59901,"
"
30080,「なるほど！」と女王は、その間にバラを調べていたのですが、言いました。
56991,座り込んで泣いた。
74663,"
"
19164,第11章 誰がタルトを盗んだのか？
44660,「絶対にしません！」とアリスは、
16455,そしてパーティー全員がすぐに彼女の周りに集まり、混乱した
23135,「ワインはいかが」と三月ウサギは励ますような口調で言いました。
50548,空気を満たし、遠くで聞こえる哀れな代用ウミガメの
13468,"
"
56067,アリスは彼女がそんなに機嫌が良いのを見てとても嬉しく、思いました
66325,あなたのポケットに？」彼はアリスの方を向いて続けました。
15475,「何を描いたの？」とアリスは約束をすっかり忘れて言った。
16100,ハートのジャックは、ただお辞儀をして微笑んで答えただけだった。
65268,「このスープには確かにコショウが多すぎるわ！」とアリスは独り言を言いました、
50248,そして彼女はそれ以上大きくならなかった。それでも、それは非常に不快で、
82357,暑い日だったのでとても眠くてぼんやりしていました）、ヒナギクの首飾りを作る
25678,再び右側のかけらを、そして彼女が
99095,"
"
58898,質問だよ。」
78037,数分間、沈黙があった。
67207,"
"
89458,行列でそのような規則があるとは。「それに、
33357,何かを発明しろ！
42391,"
"
31578,"
"
11092,彼女は最後の言葉をあまりに突然激しく言ったので、アリスは全く
17628,暑い日だったのでとても眠くてぼんやりしていました）、ヒナギクの首飾りを作る
58273,その見込みはなさそうだったので、彼女は周りのものすべてを
50529,「わかったよ」と猫は言いました。そして今回は、とてもゆっくりと消えました、
19233,それを自分のティーカップに入れ、再びそれを見た。しかし、彼は
88867,王家の子供たち、そして他の全員。
27756,全く快適そうには見えず、確かに似合っていませんでした。
91614,"海。先生は年老いたカメだった…私たちは彼をトータスと呼んでいた…"""
41383,うとうとし、ダイナと手をつないで
73236,生活がどんなものか、しかしそれは彼女をあまりに混乱させたので、彼女は続けた。「でも
69699,原因
71236,「代用ウミガメスープが作られるものよ」と女王は言いました。
51845,一体どうやってそれをやったのですか？
89752,私の知ったことか。」
81181,"
"
12509,"
"
44873,宵のスープ、美しいスープ！
45633,「失礼！」とネズミは顔をしかめましたが、とても丁寧に言いました。「
11376,「パン切りナイフで入れるべきじゃなかったな。」
87281,「それが見られて嬉しいわ」とアリスは思った。「私はよく
74445,「キノコのだ」とイモムシは、まるでアリスが声に出して
25743,"
"
73400,小声で独り言を言った。
70366,怒らせて！
90831,「ああ、歌を、もし代用ウミガメがよろしければ」とアリスは
40422,インコとワシの子、そしていくつかの他の奇妙な生き物がいました。アリスは
79610,アリスが最初に見つけた主な困難は、彼女のフラミンゴを扱うことだった。
26744,"
"
37312,"
"
85139,指ぬきを差し出し、「この優雅な
73070,「それは思い出せない」と帽子屋は言った。
78437,それらは以前は私のものだったのに。
19292,「彼らの首はなくなりました、陛下！」と兵士たちは叫んだ。
33414,それを中断することなくしばらく。
82406,お前は狂っている。
75230,ちょうどその時、彼女は少し離れたプールで何かがはねる音を聞いた。
23573,年齢、これ以上言うことはなかった。
17617,彼の目。彼はアリスを見て、話そうとしたが、一分か
94300,なぜって、何度も何度もやるんですから」
48318,食器棚や本棚。あちこちに地図や絵があった。
97525,「どうして私が狂ってるってわかるの？」とアリスは言った。
78319,けちけちしないわよ…」
28360,りんごを探しにでございます、旦那様！」
84048,"
"
56694,ヘビめ！奴らを喜ばせることはできない！
82300,彼女が見上げると、頭上は真っ暗だった。彼女の前には別の
17086,三月だったわ」こう言いながら、彼女は見上げると、そこには猫が
63273,「コーカス・レースって何？」とアリスは言いました。あまり知りたかったわけではありませんでしたが、
34986,寂しくて落ち込んでいた。しかし、しばらくすると、彼女は再び
96084,"
"
28289,口調。「ここじゃ誰も彼女を好きじゃないみたい。でも、彼女が一番の
67693,"
"
36559,「――そして外で首をはねておしまい」と女王は士官の一人に付け加えました。
38065,「それなら、それを勧めるなんて失礼だわ」とアリスは怒って言った。
96200,征服王、その大義は教皇に支持され、すぐに
97973,"
"
18151,彼女はできる限りそれに耐えた。
66551,"
"
77288,空気を満たし、遠くで聞こえる哀れな代用ウミガメの
37601,"
"
34378,あなたのフラミンゴの機嫌。実験してみましょうか？
89998,"
"
59120,"
"
69199,できた。
66354,獣やその他の不快なものたち、すべては彼らが
95569,"アリスが言ったことすべて。「この近くに大きなマスタード鉱山があるんだ。そして"""
47368,"
"
19832,こんなことは決して起こらなかったのに、今、私はその真っ只中にいる！
29170,「初めから始めよ」と王は厳かに言いました、「そして、
71394,「それで、どっちがどっち？」と彼女は独り言を言い、少し
86438,とぐろを巻いて気絶。
13682,「考えたこともありませんでした」とアリスは言った。「どうして？」
45939,急に消えるなんて。めまいがするわ。」
75436,確かにそうだった。そして、彼女が予想していたよりもずっと早く。彼女が
35910,"「英語を話せ！」と子ワシは言った。「半分も意味がわからん"""
95145,クッションに肘をついて、その頭越しに話していました。「とても
22376,びっくり箱のように、そして私はロケットのように飛び上がる！」
84111,進みました、遠くで女王が情熱的に叫んでいるのが聞こえたので、
74886,"
"
41345,哀れな帽子屋はティーカップとバター付きパンを落とし、
50709,"
"
74218,否定。我々は
71160,腕を組み、再び口から水パイプを外し、「それで、君は
51249,"
"
70415,"
"
11231,"「聞いていない！」とネズミはアリスに厳しく言った。「何を"""
36549,「いや、違うんだ」と白ウサギは言いました。「そしてそれが一番奇妙なことなんだ
85431,近づくと、アリスには彼が胸も張り裂けんばかりにため息をついているのが聞こえました。彼女は
57064,私がやったとは証明できない。最後に署名がないからだ。」
91600,「それで、どっちがどっち？」と彼女は独り言を言い、少し
93805,びっくり箱のように、そして私はロケットのように飛び上がる！」
61878,"
"
92493,小さな白い子ヤギ革の手袋の。彼女は扇子と手袋を一組手に取った。
13514,「何を描いたの？」とアリスは約束をすっかり忘れて言った。
13820,アリスはおずおずとドアに近づき、ノックした。
51351,小さなドアのそばで待っていても無駄なようだったので、彼女は
73497,"彼女は話していた。「どうしてそんなことができたのかしら？」と彼女は思った。「私は"""
11570,遊ぶおもちゃもなく、ああ！学ぶべきレッスンがたくさん！いや、私は
71447,白ウサギを見ました。最初は少し緊張しましたが、
75616,指ぬきを差し出し、「この優雅な
70460,以前のようにガラスのテーブルの上に横たわっていて、「そして事態はこれまで以上に悪いわ」
39990,「ああ、大きさは気にしません」とアリスは急いで答えました。「ただ
20838,火かき棒は長く持ちすぎると火傷するし、もし指を
56252,「公爵夫人！公爵夫人！ああ、私の可愛い足よ！ああ」と独り言を言っていた。
16355,"
"
54958,つま先立ちになり、彼女の耳に口を近づけ、「彼女は
85052,第3章 コーカス・レースと長いお話
30109,それを止めるために。
14459,"
"
13460,最初はかなり奇妙に感じたが、数分でそれに慣れた。
38709,"
"
86834,長い間ずっと同じ年に留まっている。」
71102,バタートースト）彼女はすぐにそれを食べ終えた。
38417,"
"
45977,"
"
34955,望遠鏡のように縮めるなんて！私にもできると思う、始め方さえわかれば」
95034,その原因が持っている扇だと気づき、彼女はそれを
71581,"
"
86594,"ジャックは悲しそうに首を振った。「私にそんな風に見えますか？」と彼は言った。（実際、彼は"""
46717,グリフォンからの時折の「ヒャックラー！」という叫び声と、絶え間ない
79817,それらは以前は私のものだったのに。
95979,"どう手をつけていいかわからなかった。そして、彼女が不安そうに"""
15980,ヤマネは再び一、二分考えてから
61732,いつものように独り言を始めました。「さあ、計画の半分は終わったわ
59858,"
"
18222,自分に言い聞かせました。「まあ、何でもビルに押し付けるみたいね！私なら
41804,彼女の歴史の知識から、アリスはどれくらい昔のことか、あまりはっきりした考えを持っていなかった。
27048,「絶対にしません！」とアリスは、
58291,"
"
46115,しかしここで、アリスが大変驚いたことに、公爵夫人の声は消えていった。
12550,「見えないな」と芋虫は言った。
68788,「それなら、言いたいことを言うべきだ」と三月ウサギは続けました。
57281,アリスは立ち上がって走り去った。走りながら、当然のことながら考えた。
47377,「起きて、アリスちゃん！」とお姉さんは言いました。「まあ、なんて長い
18058,生き物たちは顔を前足で隠した。
98602,"
"
30908,出口を見つけようとした。「今、罰せられるだろうな、たぶん
69309,こと」とアリスは、プールで気だるく泳ぎながら、半分独り言のように続けた。
49116,"
"
27821,"
"
52374,"
"
66445,子犬に差し出した。すると子犬は空中に飛び上がった。
39989,再びそれらを取り出す。それだけだ。」
13628,"
"
15942,"
"
83833,ドアは大きな台所に直接通じており、そこは
95800,"
"
47132,なぜそれがシロギスと呼ばれるか知ってる？
23605,彼らの口…そしてパンくずだらけだ。
90347,庭に通じていた。それから彼女はキノコをかじり始めた（彼女は
60124,十分だ。こだわりすぎるな…おい、ビル！これを捕まえろ
79918,"
"
49447,「それじゃあ」と猫は続けました、「犬は怒るとうなるだろ、
21908,"キュウリの温室があるに違いない！」とアリスは思った。「彼らは何をするのかしら"""
13989,"
"
72518,彼女が最後に彼らを見たとき、彼らはヤマネを
28643,"「二日もずれてる！」と帽子屋はため息をついた。「バターじゃ合わないって言ったのに"""
49262,「これはビルだわ」と独り言を言い、鋭く一蹴りして、
39551,"
"
86107,"
"
27969,そして、額に指を一本当てて長い間座っていた。
45053,「もちろん違うわ」アリスはすぐに答えました。「でも、それは
33996,でもどこだったか覚えていない。」
81762,「そうなんだ」と帽子屋はため息をついて言った。「いつだってお茶の時間さ
25910,法廷。
42049,まだ大した証拠はないわ」と彼女は独り言を言った。彼女の驚きを想像してみてほしい。
44832,"
"
95346,「でも、彼らは井戸の中にいたのよ」とアリスはヤマネに言った。ヤマネの
76691,「そして洗濯は？」と代用ウミガメは言った。
70035,"
"
24693,彼女に気だるく、眠そうな声で言いました。
88537,もちろんそうではありませんでした、完全に厚紙でできていたので。）
71760,"          no jury
"
12573,腕を組んで、コックを睨みつけ、目が
56661,そしてパーティー全員がすぐに彼女の周りに集まり、混乱した
23547,アリスは扇子と手袋を取り、ホールはとても暑かったので、彼女は
37693,もし私か彼女がたまたま
14441,"
"
94853,目は赤ん坊にしては極端に小さくなっていた。全体としてアリスは
54063,望遠鏡のように縮めるなんて！私にもできると思う、始め方さえわかれば」
38471,「とにかく、二度とあそこへは行かないわ！」とアリスは拾いながら言った。
75484,「私たちは最高の教育を受けました――実際、毎日学校に通っていました――」
36174,「何でもお好きなものを」と従卒は言って、口笛を吹き始めました。
25651,「ええ、私たちは海の中の学校へ行きましたの。信じられないかもしれませんが…」
73797,"
"
77661,深く、ホールの半分まで達していた。
30221,何日も何日も。」
52489,深い森の中で安全に。
55825,「終わらせるべきだったな」と王は言った。「いつ始めたのだ？」
36833,"
"
16241,アリスはしばらくキノコを考え深げに見つめ、
67361,「黙りなさい！」と女王は顔を紫色にして言いました。
85302,長くて低いホールにいることに気づきました。そこは、吊り下げられたランプの列で照らされていました。
73143,もちろん――『わたしは彼女に一つあげ、彼らは彼に二つあげた』――そうか、きっとそれが彼が
34091,それが話すとき、まっすぐに体を起こした（それはちょうど3インチの高さだった）。
67086,"それを見てアリスはすっかりお腹がすいてしまった。「彼らが"""
94160,火かき棒は長く持ちすぎると火傷するし、もし指を
45807,今！なんてややこしい変化なんだろう！私は自分が何をするのか、決して確信できない。
98574,運送屋に頼めばいいわ」と彼女は思いました。「そして、自分の足に
87978,この瓶がするわ。本当に、また大きくなれたらいいな、
27059,"
"
56163,"
"
88210,彼を）、残りは黙って待っていた。とうとうドードーが言った。
20662,良い。
85931,「『目的（purpose）』のことじゃなくて？」とアリスは言った。
90749,「どこでもあまり気にしないわ…」とアリスは言った。
53846,（我々はそれが真実だと知っている）：
50252,"と彼の父は言った。「威張るんじゃない！"""
23073,"
"
59679,"
"
24598,「癇癪を起こすな」と芋虫は言った。
79299,彼の目。彼はアリスを見て、話そうとしたが、一分か
88301,"
"
30723,「全く気に入らんな」と王は言いました。「しかし、
98775,そして、それぞれの案件について妻と議論した。
36335,"
"
44991,十分乾いた！」彼らはすぐに、ネズミを
48554,真ん中に。アリスは不安そうに目をそれに釘付けにした。なぜなら、
43744,"
"
58976,その場でお前を処刑するぞ。」
65941,「行列なんて」と彼女は思いました、「もしみんなが顔を伏せて
94914,この数分で、彼女は邪魔することを少しも恐れなくなった。
76414,アリスに、そのうちの一人を
52712,王室の子供たち。彼らは10人で、その可愛い子たちは
57908,その小さな生き物は（この時までにくしゃみをやめていた）返事としてブーブー言った。
59894,しかしそれは何も言わなかった。
50012,成長し、彼女は自分が同じままであることに全く驚いた。
67733,終わりにきたら、そこでやめなさい。」
73761,「このスープには確かにコショウが多すぎるわ！」とアリスは独り言を言いました、
68459,誰がそんなご馳走のために身をかがめないだろうか？
27189,砂がすっかり乾くと、彼はヒバリのように陽気になる。
94529,こと」とアリスは、プールで気だるく泳ぎながら、半分独り言のように続けた。
80498,"
"
55253,ヒナギクの首飾りを作るのは、わざわざ立ち上がって
95754,"
"
53099,「蛇だ、もう一度言う！」とハトは繰り返しましたが、より抑えた口調で、
46181,"
"
92790,家へ、自分が今や千倍も大きいことをすっかり忘れて
24915,彼女は話した。
32463,もちろんよ。でも、もうお茶の時間だから、急いで。遅くなるわ」それで
64478,なぜなら、ご存知の通り、最近は奇妙なことがたくさん起こっていたので
21738,どこにも見当たらなかった。下を見ると、彼女に見えたのは
29175,"
"
10443,"
"
44622,「私はエイダじゃないわ、きっと」と彼女は言った。「あの子の髪は長くて
32915,"
"
74003,そしてそれを耳に当てた。
86778,"「お前は話さない方がいい！」と五は言った。「女王がただ"""
91868,皆一度に話したので、彼女は正確に聞き取るのが非常に難しかった。
13922,そして一種のすすり泣きを加えて言った。「あらゆる方法を試したけど、何も
60707,次に何が起こるかとても不思議に思いながら。
44965,「私が公爵夫人になったら」と彼女は独り言を言った（あまり希望に満ちた口調ではなかったが）。
60884,"
"
17439,ポケットに入れ、不安そうにそれを見つめ、時々それを振っていた。
75696,遅かれ早かれ、あなたと意見が合わなくなるのはほぼ確実です。
34026,物珍しそうに、そして彼女には、その小さな目の一つでウィンクしているように見えた。
57615,「それは正しく言われていない」と芋虫は言った。
70931,テーブルに戻りました、半分は別の鍵を見つけられるかもしれないと期待して、あるいは
68714,「…勝つ見込みが高いので、ゲームを終える価値はほとんどない。」
94507,出来事が起こる。彼女がそれがいた場所を見ている間に
23873,"
"
21046,アリスは少し考えてから、「四番目」と言いました。
90536,法：私は
92078,"
"
66901,三月ウサギの場所。帽子屋だけが
53396,すべてのものが生きているというのはややこしいわ。例えば、
69064,"       would be
"
41321,"
"
87508,"
"
20009,それに話しかける」と彼女は思った。「耳が出てくるか、少なくとも片方は
31753,ことが起こるので、人生が
76804,"
"
96376,女王が命じた処刑の数。
49455,彼女は煙突のできるだけ下まで足を引き入れ、待った。
59960,公爵夫人にクロッケーをプレイするよう招待状。」
58376,"
"
99595,"
"
43685,彼が旅に出ると言ったら、私は「どんな目的（porpoise/purpose）で？」と尋ねるだろう。
17800,「さあ、やっと頭が自由になったわ！」とアリスは喜びの声をあげた。
69514,どっちの方向に？」と、頭の上に手を置いてどちらに
82809,"
"
20118,"
"
11211,しかし、声はかすれて奇妙に聞こえ、言葉は以前のようには出てきませんでした。
55474,「なぜって」とドードーは言った。「それを説明する一番良い方法は、それをすることだ」（そして、
86080,"
"
30615,彼らは小石の浜で待っている…踊りに加わらないかい？
96173,"「ハートの女王様がタルトを作られた、"""
11162,全部話しておくれ！
96692,（彼女はポケットにそのかけらをしまっていた）彼女の身長が約1フィートになるまで。
42285,「美しいスープ、とても濃厚で緑色、
66443,ここにもう一つややこしい質問があった。そして、アリスは何も思いつかなかったので
76405,その後を追って。「生まれてこのかた、こんなに命令されたことはないわ、一度も！」
32781,「ええ」とアリスは言った。「夕食の時に…」彼女は口ごもった。
53444,「——あるいは次の日かもしれない」と従卒は、全く
68155,"
"
10309,"
"
68256,彼女が知っている子供たちで、豚としてとてもうまくやれそうな子たちを、そしてちょうど
35852,日陰で休んでいました。しかし、彼女を見るとすぐに、彼らは
48098,「首をはねろ！」と女王は声を張り上げて叫んだ。誰も
85098,"
"
51707,（絵の中でシェイクスピアがよく見られる姿勢）
74985,"
"
20351,"
"
77379,"
"
78660,「もちろん」とドードーはとても真面目に答えた。「他に何を
83920,"
"
67771,全く快適そうには見えず、確かに似合っていませんでした。
69377,生で食べるのが好きだ。
62070,パイがすべて終わったとき、フクロウは褒美として、
24328,"
"
79401,すぐに庭へ。しかし、ああ、かわいそうなアリス！彼女が
35438,"とグリフォンは言った。そして、彼を揺さぶり、"""
71047,絶望していたので、誰にでも助けを求める準備ができていました。それで、ウサギが
21628,"
"
52821,もう一度手を出して、空中でまたひったくりました。今回は
58177,アリスは、地面に沈んでしまいたい気持ちでした。ついにグリフォンが
94768,彼らの前に腕を組んで、雷雨のように顔をしかめて立っていました。
39245,次にコンフィットを食べることになった。これは多少の騒ぎと
67519,"
"
44769,優雅なジグザグに曲げることに成功し、
37434,次にくぐらなければならないアーチが、
37984,「ああ、まあ！だいたい同じことよ」と公爵夫人は、
67345,そして彼がくしゃみをすると彼を叩く。
99650,"皆一緒に話していた。彼女は言葉を聞き取った。「もう一人はどこだ"""
49640,皆がアリスを見た。
24153,「若い頃」と彼の父は言った。「私は法律の道に進み
36886,"
"
11368,"
"
72442,短い言葉をかけ、彼女は背筋を伸ばして、とても真面目に言った。「私は思います
25478,アリスは少しおずおずと言いました。「でも、昨日に戻っても無駄よ、
70052,「自分自身を説明することはできません、恐れ入りますが」とアリスは言った。「なぜなら、私は
27659,心の状態で、彼女は背を向けました。
28778,"テーブルの上に。「それ以上に明らかなことはない。それからまた…『彼女が"""
69611,"
"
36244,なぞなぞを出し始めたのね。――それは解けると思うわ」と彼女は声に出して付け加えました。
59374,それは実に難しいゲームであるという結論に達した。
92572,"
"
50360,"
"
60553,"
"
84428,四十二。身長一マイル以上の者は全員法廷を退去せよ。」
33478,理由とかそういうことについて」と彼はグリフォンに言った。
70526,"
"
48438,彼女の唇に。「何か面白いことが起こるに違いないわ」と彼女は言った。
21601,「とても嬉しいですわ」とアリスは言いました、「でも、まだ
77639,庭師たちはすぐに飛び上がり、王様、女王様
17921,「何のために？」と最初に話した者が言った。
66646,"
"
58377,"
"
42546,進みました、遠くで女王が情熱的に叫んでいるのが聞こえたので、
67007,「もちろん、知らないだろう！」と帽子屋は、軽蔑するように頭を振って言った。
69935,"
"
73965,猫：汚くて、下品で、卑しい生き物！二度とその名前を聞かせないで！」
69051,鳥や獣たち、そしてトランプの全組。ジャックは
48684,"
"
30190,いるから。第二に、中でひどい騒ぎをしているから、誰も
76535,アリスは小石がすべて
19336,陛下？」と彼は尋ねた。
27406,「その通り」と公爵夫人は言った。「フラミンゴもマスタードも噛む。そして
69745,さて、もし君が彼と仲良くし続けていれば、彼は君が
56681,ハートのジャックは、ただお辞儀をして微笑んで答えただけだった。
31519,［後の版では次のように続く］
17976,征服王、その大義は教皇に支持され、すぐに
61786,"
"
99171,「嫌だね」とコックは言いました。
47515,「お前の知ったことか、二！」と七は言った。
67720,"
"
77787,急いで、ぶつぶつ独り言を言いながら来た。「ああ！公爵夫人、公爵夫人！
89301,「ヒラメとウナギだよ、もちろん」グリフォンはややいらだたしげに答えました：
85166,"
"
38308,突然の変化に、しかし自分がまだ存在していることにとても喜んだ。「そして
25615,音楽を習うときに。
11447,"
"
15921,"
"
12030,"
"
82317,"
"
63915,アリスは立ち上がった。彼女の心に、自分が
97096,"
"
17116,"
"
22070,「今、個人的な意見を言っているのは誰だ？」と帽子屋は得意げに尋ねた。
24255,「さあ、行こう！」とグリフォンが叫び、アリスの手を取って急いで
49360,アリスは立ち上がった。彼女の心に、自分が
34993,その「ま」…
98898,背が低くなる。
71354,嬉しそうな口調で。
79231,"
"
77343,「ああ！それで合点がいった」と帽子屋は言いました。「あいつは殴られるのは我慢しないからな」
79383,すっかり会話になっていた。しかし、数分後、彼女は
56820,家！だって、てっぺんから落ちても何も言わないわ
59448,ネズミのしっぽ。「でも、なぜそれを悲しいと呼ぶの？」そして彼女は考え続けた。
13818,時間よ」と彼女は言いました、「答えのないなぞなぞを尋ねて無駄にするよりも」
81194,"それらを苦くし…そして…麦芽糖や、子供たちを"""
86305,"
"
22576,ゲーム、それとも他の料理か？
13859,"
"
31188,「でも、『彼らは皆、彼からあなたの元へ戻った』と続くのよ」とアリスは言いました。
13273,"
"
53359,「彼は誰か他の人の筆跡を真似たに違いない」と王は言った。（陪審員は
83901,そしてそれが私の顎に与えた筋力は、
29011,「世界の上をあなたは飛ぶ、
17378,彼女はとても慎重に作業に取り掛かり、まず一方を、次に
60846,"
"
45554,しかし、声はかすれて奇妙に聞こえ、言葉は以前のようには出てきませんでした。
48974,「招待もされずに座るのは、あまり礼儀正しくないわね」と
44225,"
"
68727,"
"
76260,バター付きパンがとても薄くなり…そしてお茶のきらめき…
18265,「何のために？」
50719,煙突を下りろ！
42850,望遠鏡。
30701,"やがて彼女は再び始めた。「私は地球をまっすぐ突き抜けて落ちるのかしら"""
98771,声で、「いや、お嬢さん、実を言うとね、こいつは
53847,アリスは彼らを見下ろし、答える前に少し考えた。
82301,"
"
45179,"             Said
"
10193,"
"
23014,彼女が通り過ぎた。それには「オレンジマーマレード」と書かれていたが、彼女が大変
34621,「女王はどうだい？」と猫は小声で言った。
19608,「それならこう言っても同じことだ」と三月ウサギが付け加えた。「『私が
39053,お腹が空かないでしょう」
26221,時間にヒントを与えれば、時計は瞬く間に回る！一時半
60192,一同に向かって、「お前たちは皆、許される」と言いました。「さあ、それはいい
61595,"「「もう少し速く歩かないかい？」とシロギスがカタツムリに言った。"""
91104,いるから。第二に、中でひどい騒ぎをしているから、誰も
53737,今、彼女が何かを暗唱しようとするのを聞きたい。彼女に
71946,家の前の木の下にテーブルが用意されており、
92343,約2フィートの高さで、急速に縮み続けていた。彼女はすぐに
19660,「それで、これらは誰だ？」と女王は、三人の庭師を指さして言った。
48875,「来い！」と答えて、さらに速く走った。その間、ますますかすかに
10095,"
"
18094,"
"
73404,"
"
62803,次の瞬間、小石の雨が窓からガラガラと降ってきたからだ。
89237,第10章 ロブスターのカドリーユ
26088,彼の輝く尾を改良する
13772,「でも、賞品は誰がくれるの？」と、声が合唱のように尋ねた。
11424,「ああ、歌を、もし代用ウミガメがよろしければ」とアリスは
52019,でしょう。すみません、奥様、ここはニュージーランドですか、それともオーストラリアですか？」（そして
91629,きらきら――」
29349,道、「賞品だ！賞品だ！」
90833,花や草の葉の間を、しかし
24647,"
"
47470,"
"
91846,"
"
33225,指ぬきを差し出し、「この優雅な
49007,"
"
51512,後年、自分自身が成長した女性になり、
11856,"
"
51548,「ああ、歌を、もし代用ウミガメがよろしければ」とアリスは
82816,数分間、法廷全体がヤマネを
65434,それで自分自身を、そして、彼女が推測する限り、彼女は今
15012,"
"
87470,何かが再び自然な方法で起こるかどうか不思議に思いながら。
45781,「そうなると思ったよ」と猫は言って、再び姿を消しました。
16939,"
"
23178,大変な好奇心をもって猫の頭に。
62142,"
"
90433,言う――それは同じことだよ」
74026,お茶の道具がここに出されているの？」と彼女は尋ねた。
54693,頬を伝って流れ落ち、彼は再び続けました：――
59178,ウサギが「あらまあ！」と独り言を言うのを聞くのは、とても珍しいことだった。
64906,言うべきことを！
59855,「ロブスターだ！」とグリフォンは空中に飛び上がりながら叫んだ。
10039,美しのスープ！
49525,"
"
79995,は完全に消えていた。
35231,使った…そして私は10分間も同じ大きさでいられない！
60073,"
"
25621,"
"
32503,"
"
57032,あなたがそうであった、あるいはそうであったかもしれないものが、他の人にはそうでないように見えること。
14393,ここで何をしてるんだ？今すぐ家に帰って、手袋と扇を取ってこい！
87608,「チェシャ猫がいつもにやにや笑うなんて知らなかったわ。実際、
97540,「彼らの首はなくなりました、陛下！」と兵士たちは叫んだ。
96775,どちらも同じように。
91081,"
"
97479,"
"
99888,"
"
10187,そして、非常に太った。
88897,"
"
14565,「ああ、まあ！だいたい同じことよ」と公爵夫人は、
52029,「何の裁判？」アリスは走りながら息を切らして尋ねたが、グリフォンはただ
15008,"
"
91884,か二分で、それを抱えているのがやっとでした。
85062,は9フィートの高さだった。
30862,夕食の時間だ！
74558,"
"
71208,私のが来るのを見て逃げたんだ！
30949,カドリーユ、彼女は自分が何を言っているのかほとんどわからず、言葉は
24145,彼女が見上げると、頭上は真っ暗だった。彼女の前には別の
77207,もちろんよ。でも、もうお茶の時間だから、急いで。遅くなるわ」それで
80539,王の主張は、頭を持つものは何でも
35503,"
"
24645,「君は時間に話しかけたことさえないだろう！」
44719,ローマ…いや、それは全部間違いだ、きっと！私は
61235,"
"
35499,ここにもう一つややこしい質問があった。そして、アリスは何も思いつかなかったので
10488,こんな風に：
60905,"アリスが言ったことすべて。「この近くに大きなマスタード鉱山があるんだ。そして"""
15465,彼らを、そして彼は突然口ごもった。他の者たちも振り返り、
55382,裁判が終わる前に彼らの石板はめちゃくちゃになるだろう！」とアリスは思った。
62976,「木の根も試したし、土手も試したし、生け垣も試した」
41387,彼が旅に出ると言ったら、私は「どんな目的（porpoise/purpose）で？」と尋ねるだろう。
36435,"
"
87577,評決だ」と彼は陪審員に、低く震える声で言った。
78672,"      wasting
"
45254,この猫を追い払ってくれ！
48437,「どうしてだい？」と三月ウサギは言った。
23859,彼女に構わず、「もし我々の間にドアがあれば。例えば、
30263,それらをそんなにピカピカにするの？
20711,私にはできない！私はあまりに遠すぎて悩ませることはできない。
28073,小さな白い子ヤギ革の手袋の。彼女は扇子と手袋を一組手に取った。
48655,「だった」と彼は言った。
24431,"
"
92666,代用ウミガメに、「続けろ、おい！一日中ぐずぐずするな！」
10027,彼らを見ようと近づき、ちょうど彼らのところに来たとき、
88142,「私の名前はアリスと申します、陛下」とアリスはとても丁寧に言った。
95062,歌の終わりを待たずに去った。
31134,彼女が前の週にうっかりひっくり返したものだ。
85917,いいえ、涙はありませんでした。「もしあなたが豚になるつもりなら、ねえ、
24938,それを再び取り出し、元に戻した。「大したことじゃないけど」と彼女は言った。
97366,"
"
18522,一体どうやってそれをやったのですか？
48507,"
"
51869,「いいえ、言いませんでした」とアリスは言いました。「少しも残念だとは思いません。私は
84132,「私を飲んで」と言うのは簡単だったが、賢い小さなアリスは
85856,「その通りよ」と公爵夫人は言いました。「そしてその教訓は――『ああ、愛こそが、
41880,「あなたの意見は誰も聞いてないわ」とアリスは言いました。
84015,"
"
82718,「ちょうど豚が空を飛ぶのと同じくらいの権利だわ」と公爵夫人は言った。「そして
50336,夜のうちに変わってしまったのかしら？考えてみよう。私は
52042,"「ダイナはうちの猫よ。そして、ネズミを捕まえるのがとても上手なの"""
72340,突然急降下し、あまりに突然だったのでアリスは
88627,"
"
60780,ポケットに入れ、コンフィットの箱を取り出した（幸運なことに塩水は
26246,"
"
49393,"
"
86001,"
"
72811,死。」
65316,アリスがドアを開けると、それは小さな、
11495,"The Hatter opened his eyes very wide on hearing this; but all he SAID
"
96987,キノコ、そして彼女の目はすぐに大きな芋虫の目と合った。
65344,家の！」（それはおそらく本当だっただろう。）
26687,そこにあるほとんどすべてのものの名前。「あれが裁判官よ」と彼女は
24332,十分乾いた！」彼らはすぐに、ネズミを
54842,あまりに怖くて一言も言えず、ゆっくりと彼女について
23042,そして彼女はとても親切にそれらを探し始めましたが、
62414,「私は言ったことを本気で言っている」と代用ウミガメは気分を害した口調で答えた。そして
90333,「君が言いたいのは『少なく』は取れないってことだろう」と帽子屋は言いました。「
49742,口調で。「女王様に聞こえますよ！ご存知でしょう、女王様は少し遅れていらして、
32523,"
"
23291,裁判、
87760,あなたの目が相変わらずしっかりしていたこと。
32401,それを取り出し、好奇心に燃えて、彼女は野原を駆け抜けた。
90342,"
"
36739,卵を探しているのは、よく知っている。そして、私に何の関係があるというんだ
35273,「布告官、起訴状を読め！」と王は言いました。
37616,「ああ、お願いだから気をつけて！」アリスは飛び跳ねながら叫びました。
33417,もちろんそうではありませんでした、完全に厚紙でできていたので。）
36184,"
"
83440,私たちの家の近くにいる、見せてあげたい犬がいるの！目がキラキラした小さなテリアよ、
43142,"
"
82903,"理由は…」ここで代用ウミガメはあくびをして目を閉じた。「彼女に伝えてくれ"""
10122,"
"
19554,悪くなる。あなたは何か悪意があったに違いない、さもなければ自分の
35300,それが何歳なのか知ることもなく、また、ヒインコが断固としてその年齢を言わなかったので
88153,"
"
62744,「重要…重要でない…重要でない…重要…」と、まるで試しているかのように
81068,「もちろんそうだった」と代用ウミガメは言った。
77659,"
"
78400,瞬間、心配そうに庭を見渡していたファイブが
90422,誰がそんなご馳走のために身をかがめないだろうか？
29202,りんごを探しにでございます、旦那様！」
11618,「どのくらいの大きさになりたい？」とそれは尋ねた。
76313,「私たちは最高の教育を受けました――実際、毎日学校に通っていました――」
13296,「もし皆が自分のことに専念すれば」と公爵夫人はしわがれ声で言った。
95046,"
"
10455,「もっとお茶をどうぞ」と三月ウサギはアリスに、とても真剣に言った。
72865,巨大な子犬が大きな丸い目で見下ろしていた。
69193,指ぬきを差し出し、「この優雅な
62696,マレットは生きたフラミンゴで、兵士たちは
10980,"
"
33501,自分でね」
77884,彼女は話しながらそれを動かしていましたが、何の結果も出ませんでした、
25546,質問だよ。」
25317,それが何かわかるまで、彼女をかなり。彼女は
92305,フラミンゴを置き、ゲームの説明を始めました、とても喜んで
42765,あなたが少女かヘビか？
53032,"
"
96540,と彼女は思い、涙が出ていないか確かめるため、もう一度その目を見つめた。
47210,と、声に出して繰り返しました。
41156,結局、何か聞く価値のあることを教えてくれるかもしれない。しばらくの間
62387,会話に入れたことを喜んだ。
47718,「では、その言葉はお前に合わんな」と王は法廷を見回して言った。
28595,口を開けて、
33034,面倒なことはないわね、探す必要もないから。でも、わからないわ」
70672,庭の反対側で、アリスはそれがどうしようもなく
14468,「それは正しく言われていない」と芋虫は言った。
64469,"
"
17464,手は膝の上で組まれ、輝く熱心な目は
23136,「立ち上がって『怠け者の声』を暗唱しなさい」と
71906,時計で好きなようにできたんだ。例えば、朝の九時だったとしよう。
86843,「たぶん、英語がわからないのかもしれないわ」とアリスは思った。「たぶん
30622,「何のために？」と最初に話した者が言った。
20953,そして彼女にではなく、そこで彼女は勇気を出し、再び続けた。
17708,「ふん！好みは説明できないな！彼女に『カメのスープ』を歌ってやれ、
30548,「どのくらいの大きさになりたい？」とそれは尋ねた。
81126,「それは、できる限り奇妙なことばかりだ」とグリフォンは言った。
67910,再び彼女は長いホールにいて、小さな
86700,"と独り言を言った。「彼の目は頭のてっぺんにとても近いわ。"""
93379,すぐに彼女の目はテーブルの下にある小さなガラスの箱に留まった。
61925,ネズミみたいにね。でも、猫はコウモリを食べるのかしら？」ここでアリスは
93869,皿かやかんが粉々に割れたような、大きな衝突音がしました。
30237,道、「賞品だ！賞品だ！」
22871,"The Hatter opened his eyes very wide on hearing this; but all he SAID
"
68531,"
"
74694,急いで、白ウサギが「法廷では静粛に！」と叫び、
42474,時々くしゃみをしていました。そして赤ちゃんは、
55985,女王には、大小すべての問題を解決する方法が一つしかありませんでした。
84266,"
"
22725,"
"
63634,こう言いながら彼女は自分の手を見下ろし、驚きました。
95028,"
"
23067,"
"
82983,「全く気に入らんな」と王は言いました。「しかし、
48093,"
"
23332,しかし、声はかすれて奇妙に聞こえ、言葉は以前のようには出てきませんでした。
24347,* * * * * *
38595,そこで彼女は心の中で考えていた（できる限り、
60290,と、声に出して繰り返しました。
35639,（彼女はポケットにそのかけらをしまっていた）彼女の身長が約1フィートになるまで。
32658,"
"
42951,ただ見上げて「私は誰なの？まずそれを教えて、それから
81780,それが静かに森の中へ小走りで去っていく。「もし大きくなっていたら」と彼女は言った。
28996,「ばか！」と女王は焦れたように頭を振り、
17215,世界一の猫よ！ああ、愛しのダイナ！もう二度とあなたに会えないのかしら
80911,「まあ、やらねばならぬなら、やらねばなるまい」と王は憂鬱な様子で言いました、そして、
44740,"「（そうなればいいのに）と三月ウサギは心の中でささやいた。」"""
23417,"     And welcome little fishes in
"
90096,"
"
86840,その後ろに、何があるか見てみるのもいいかもしれないと思いました。
65617,第2章 涙の池
42180,"
"
88681,"三月ウサギとその友人たちが"""
42609,"
"
36967,"
"
85171,"
"
27055,「ああ、それはきっとそうなるさ」と猫は言った。「長く歩きさえすればね
71843,"
"
47055,気が狂いそうだ！
68702,ちょうど石板にこれを書き始めたとき、白ウサギが
18181,これらが白ウサギが読んだ詩だった。
40881,「何のために？」と最初に話した者が言った。
52704,皆がアリスを見た。
45247,"
"
45829,「もし…なら、もっとよく理解できると思います」とアリスはとても丁寧に言った。
57591,「なんてひどく野蛮なの！」とアリスは叫んだ。
74790,"
"
39740,自分が変わったと思いますか？」
98128,それなのに、あなたは絶えず逆立ちしている。
73253,裁判が終わる前に忘れてしまうことを恐れて。
43203,休日？
43628,ただ普通のコースを取っただけだ。
57763,"
"
83949,公爵夫人は非常に醜かった。そして第二に、彼女はちょうど
96247,もし私がその人でいるのが好きなら、私は上がるわ。もしそうでなければ、私はここにいるわ
57322,奇抜なことばかりを期待するようになっていたので
42274,轢かれないようにするため。そして、彼女が現れた瞬間
86304,「売るために持っているんだ」と帽子屋は説明として付け加えた。「自分の
88074,それを探している間、一行の残りはゲームに戻った。
71411,「黙れ！」とグリフォンはアリスが再び話す前に付け加えました。
37251,彼女に。彼女は小さな悲鳴を上げました、半分は恐怖、半分は怒りで、そして
50950,変わってしまったに違いない。
75333,"
"
25911,歌手のリストを読んでいた女王。
28554,大変安堵した口調で。「さて、我々のところでは、請求書の最後に
63641,その上にあった。
99319,お腹が空いていて、その場合、どんなになだめても
53122,急いで、白ウサギが「法廷では静粛に！」と叫び、
64905,"             Said
"
62503,コウモリを食べたことある？」その時突然、どすん！どすん！彼女は
56973,彼女がフラミンゴを捕まえて連れ戻す頃には、戦いは
59568,アリスはこれに何と言っていいかよくわからなかった。そこで彼女は自分で
39689,実に奇妙だった：
58504,そんなものを見たことがない。
33845,"
"
43596,と独り言を言った。「三月ウサギが一番面白いでしょうし、
56615,「斧の話なら」と公爵夫人は言った。「彼女の首をはねなさい！」
69239,"
"
99111,三月ウサギは時計を取り、陰鬱にそれを見た。それから彼は
27805,フェレットめ！どこで落としたのかしら？」アリスは
36284,何時か言え！
93627,火かき棒は長く持ちすぎると火傷するし、もし指を
63219,火をつけ、すぐに手の届くものすべてを
24675,"
"
48623,"
"
63538,こんなに小さな存在でいるのにはもう飽きたわ！
43388,彼女に当たっても、それらを。そして赤ん坊はすでにとても大声で泣いていたので
62367,"
"
37054,しかし、いずれにせよ、どれも開きませんでした。しかし、二
54142,「それで、どっちがどっち？」と彼女は独り言を言い、少し
57424,しかしカタツムリは「遠すぎる、遠すぎる！」と答え、横目でちらりと見た――
34953,"
"
50559,"
"
36970,日陰で休んでいました。しかし、彼女を見るとすぐに、彼らは
93399,法廷」そして、今までその意味がわからなかった。」
53479,彼らの間でぐっすり眠っており、他の二人はそれを
84922,彼女のすぐ上の煙突で、引っ掻いたりよじ登ったりしていた。それから
63224,"
"
16932,その一角：「空きがない！空きがない！」と彼らはアリスを見て叫んだ。
57526,"
"
86502,いつか冬の日に、あなた自身で試してみたいと思うかもしれないから、教えてあげましょう。
64882,くしゃみをしなかったのは、コックと、炉辺に座っていた大きな猫だけでした。
11278,アリスは芋虫がそんなに
21900,"
"
24072,『混乱学』、『醜化学』、『嘲笑学』」
87484,かすれた、か細い声で、「お前たちが言っていたこと、一言一句聞こえていたぞ」
32898,アリスがドアを開けると、それは小さな、
51786,第7章 狂ったお茶会
95618,"             Said
"
83633,その見込みはなさそうだったので、彼女は周りのものすべてを
36077,彼女自身のように滑り込んだ。
98443,"
"
62143,王、女王、アリスを除くプレイヤーたちは、拘留され
46107,彼女がフラミンゴを捕まえて連れ戻す頃には、戦いは
68952,ひっくり返され、彼らの石板と鉛筆が見つけられて返され
51872,「生き物たちはなんて命令ばかりして、授業を繰り返させるのかしら！」
22381,"
"
79206,美しいスープをたった1ペニー分？
34231,どこにも見当たらなかった。下を見ると、彼女に見えたのは
80697,「それは非常に重要だ」と王は陪審員の方を向いて言いました。彼らは
81587,「『フランス語、音楽、そして洗濯…追加料金』」
26572,ウサギが「あらまあ！」と独り言を言うのを聞くのは、とても珍しいことだった。
46326,"
"
28455,"
"
63615,"
"
31793,彼女に気づいた。次にハートのジャックが、王の
11723,彼女はできる限りそれに耐えた。
21324,「それはしないでしょうね」とアリスは思い、ヤマネが
18153,とがった小さな顎をアリスの肩に押し付けながら彼女は付け加えた。「そして、その教訓は
71170,それで彼女は目を閉じたまま座り続け、半分は自分が
79945,グリフォン。
27885,指ぬきを差し出し、「この優雅な
81266,彼ら自身を。」
82341,"
"
17191,「ええと、神秘学があった」と代用ウミガメは指折り数えながら答えました、
62859,「まだ何もいただいていませんわ」とアリスは気分を害した口調で答えた。「だから
30532,ヘビめ！奴らを喜ばせることはできない！
59296,"
"
93637,小さな金の鍵を錠に入れると、大喜びしたことに、ぴったりでした！
80177,そしてすぐに床にひざまずかなければならなかった。もう一分もすると
61566,この瞬間、しばらくの間熱心に
20520,「W・RABBIT」と刻まれたプレート。彼女は
48538,"
"
61540,今日は何もかもが奇妙だわ！昨日はいつも通りだったのに。
76227,うつ伏せになった。たくさんの足音がした。
50463,誰が二人のためにすべてを捧げないだろうか
50135,"
"
83030,"
"
51257,物珍しそうに、そして彼女には、その小さな目の一つでウィンクしているように見えた。
80745,敬意をもって扱われるべきだと感じた。
80629,"
"
73608,ヒトデみたい」とアリスは思いました。かわいそうな小さな生き物は
76435,それらは以前は私のものだったのに。
54921,ネズミに…ネズミに…ネズミに…おお、ネズミよ！」）ネズミは彼女をいくぶん
44978,彼らの前に腕を組んで、雷雨のように顔をしかめて立っていました。
90524,「それならこう言っても同じことだ」と三月ウサギが付け加えた。「『私が
91171,宵のスープ、美しいスープ！
52304,「私が彼女に話そう」と代用ウミガメは深く、うつろな声で言いました。「
24044,あなたの目が相変わらずしっかりしていたこと。
67914,その後ろには高さ約15インチの小さなドアがあった。彼女は試した。
56699,「ノックするなら意味があるかもしれないがな」と従卒は続けました
50621,"
"
65504,それを外の空気に持ち出しました。「もし私がこの子を連れて行かなければ、
44344,井戸の側面を見て、それが食器棚で
53382,「私が言おうとしていたのは」とドードーは気分を害した口調で言いました、「
84910,瓶の半分を飲むと、頭が天井に押し付けられているのに気づきました、
68565,角を曲がりましたが、ウサギはもう見えませんでした。彼女は
62495,それを繰り返そうとしたとき、「裁判が始まるぞ！」という叫び声が
76273,「そして、急いでやれ」と帽子屋は付け加えた。「さもないと、また眠ってしまうぞ
75276,"
"
55584,「だめだめ！」と女王は言いました。「判決が先――評決は後だ」
74677,ちなみに、裁判官は王さまでした。そして彼はかつらの上に王冠をかぶっていたので、
78658,両方とも行く
63180,首は、蛇のようにどんな方向にも簡単に曲がった。彼女は
33174,すぐに出発し、すっかり疲れて息が切れるまで走り、
50677,実験を試みてもらう。
42879,「そんなに欲しくはなかったでしょう」とアリスは言いました。「海の底に住んでいて
20760,「まだ何もいただいていませんわ」とアリスは気分を害した口調で答えた。「だから
80254,"
"
42702,これ以上何もできない、何が起ころうと。私はどうなるのかしら？」
75298,"
"
97349,ヤマネと腕を組んで法廷に。「3月14日だったと思う
33082,"
"
12578,私の残りの人生を続かせた。」
79397,終わりだ！
19949,"
"
11863,ウサギが彼女を探しに来るのを、そして彼女は家を揺らすほど震えた。
67386,「でも、『彼らは皆、彼からあなたの元へ戻った』と続くのよ」とアリスは言いました。
90604,「私たちは最高の教育を受けました――実際、毎日学校に通っていました――」
48069,「でも、彼らは井戸の中にいたのよ」とアリスはヤマネに言った。ヤマネの
67624,"
"
32036,しかし、ドードーは誰かが話すべきだと考えたかのように立ち止まった。
93624,"
"
17681,アリスはずっと一方の側を下り、もう一方を上り、すべての
34475,「海の底のブーツと靴は」とグリフォンは深い声で続けた。
62214,"
"
43745,「それは何？」とアリスは尋ねた。
91874,"
"
49318,下へ、下へ、下へ。落下は決して終わらないのだろうか！「一体
99965,「いや、一度も」と言った）「——だから、
16773,"
"
51508,"
"
38140,"
"
21031,"
"
56128,"
"
48864,話しながら片膝をついて、「私たちは…」
87610,良い。
74184,彼らに聞かれるのを恐れて森へ。そして次に彼女が覗き見たとき
66081,どちらと言うべきか）、そして彼らはしばらく黙って進みました。
35266,"     And pour the waters of the Nile
"
97286,"
"
32387,彼女は自分自身について思った。「生き物たちがこんなに簡単に
69798,"
"
69743,しかし、いずれにせよ、どれも開きませんでした。しかし、二
47964,"
"
64044,うさぎ。ウサギの穴に落ちなければよかったのに…でも…でも
52095,次に何が起こるか。まず、彼女は下を見て、何が
40208,歴史、そうすれば私がなぜ猫と犬を嫌うのかわかるだろう。」
30674,さあ、庭へ！」そして彼女は全力で小さなドアへ走り戻った。
50117,たいてい彼女が送りたい場所には、畝や溝があった。
48426,「彼女は女王の耳を殴った…」とウサギが言いかけた。アリスは少し
41157,ここでヤマネは身震いし、眠りながら「きらきら」と歌い始めました、
78073,「向こう側には、もう一つの岸があるんだよ。
26187,何時か言え！
64949,尻尾の先から始まり、にやにや笑いで終わるのですが、そのにやにや笑いは
59582,"
"
26877,"
"
28759,「ほとんどコショウだよ」とコックは言った。
76374,セイウチかカバに違いないと思ったが、それから彼女はそれがどれほど小さいか思い出した。
67238,彼女があれほど
69813,"
"
43489,「好きなものを手に入れる」ことと同じだ！』
35465,"
"
13641,「とにかく、二度とあそこへは行かないわ！」とアリスは拾いながら言った。
90810,彼女が出て行くとき、フライパンを投げつけましたが、それはかすりもしませんでした。
59712,会話。「あなたは…あなたは…犬が好きですか？」ネズミは
66117,彼らは小石の浜で待っている…踊りに加わらないかい？
73490,夕べのスープ！
66602,巻き毛で、私のは全然巻き毛じゃないし、それに私はきっと
60672,不快なほどとがったあご。しかし、失礼なことはしたくなかったので、彼女は
14510,台所で会うと獰猛だった。
47330,「教えていただけますか」アリスは少しおずおずと言いました、「どうして
91136,「向こう側には、もう一つの岸があるんだよ。
52564,ネズミが話している間、それについて考えていたので、彼女の物語の
25352,"
"
74488,"
"
21625,"
"
17415,"
"
77915,そして、できる限り速く暗闇の中へと駆け去った。
74499,やって来る。「席はたくさんあるじゃない！」とアリスは憤慨して言い、
53789,「それならこう言っても同じことだ」と、ヤマネが付け加えた。彼は
33655,前に、三月ウサギがちょうどミルク入れを皿にひっくり返したからだ。
73804,「ああ、歌を、もし代用ウミガメがよろしければ」とアリスは
78429,「また陸に戻って、それで最初の型は終わりだ」と代用
22942,"
"
80931,「あんなものを全部繰り返して何になるんだ」と代用ウミガメは
82146,次の瞬間、小石の雨が窓からガラガラと降ってきたからだ。
73107,"
"
25496,"遠くの牛の鳴き声が、代用ウミガメの"""
86892,会話？
42773,この間ずっと狂ったように飛び跳ねていたのですが、とても悲しそうに再び座り
93498,「危ないところだったわ！」とアリスは、
92604,休日？
98716,この三週間、一睡もしていないんだ！
68154,"
"
77660,"
"
60657,「そう思いますわ」とアリスは言いました。
15976,囚人が誰か――誰かに書いた手紙だ」
93416,「全部！」 「言われた通りにしろ、この臆病者！」そしてついに彼女は
58965,私自身のものだ。私は帽子屋だ。
94332,"
"
54118,まだ。」
14577,公爵夫人は彼女の選択をし、一瞬で姿を消した。
37764,間違いありませんでした。それはまさしく豚で、彼女は
21314,話しながら片膝をついて、「私たちは…」
24587,ここにもう一つややこしい質問があった。そして、アリスは何も思いつかなかったので
29232,話しながら地面に。「お前か、お前の首か、どちらかが消え失せろ、それも
77730,"
"
32704,他のプレイヤーたち、そして「首をはねよ！」とか「あの女の首を
13679,"
"
98405,"
"
61317,年齢、これ以上言うことはなかった。
87413,それでも彼女は成長し続け、最後の手段として、片腕を
65427,つま先立ちになり、彼女の耳に口を近づけ、「彼女は
28811,なければならない
78290,"
"
64921,「お茶を飲み終えたい」と帽子屋は、女王を
88978,一度か二度振り返り、彼らが後を追って呼んでくれることを半分期待しながら。
62847,青ざめてそわそわした。
54319,「毒」と書かれた瓶からたくさん飲むと、
15508,再び外に出る。
41382,それを取り出し、好奇心に燃えて、彼女は野原を駆け抜けた。
60958,"
"
58360,"
"
44308,「旦那様、面白いお話をありがとうございました」と言ったが、
95669,アリスはどうしていいかわからず、絶望してポケットに
14252,"ジャックは悲しそうに首を振った。「私にそんな風に見えますか？」と彼は言った。（実際、彼は"""
30184,小さな岩棚に悲しく寂しそうに座っていた。そして、彼らが近づくと
64098,アリス、「そしてもしそれが私を大きくするなら、私は鍵に手が届くわ。そしてもしそれが
90800,恐怖の苦しみ。「ああ、彼の precious な鼻が！」と、異常に
51948,"アリスはうんざりしてため息をついた。「あなたならもっと"""
39496,到着した。彼らの周りには大勢の人が集まっていた。あらゆる種類の小さな
98135,「まだ開けていません」と白ウサギは言いました、「しかし、どうやら
28544,戸口に。「それに、たとえ頭が通ったとしても」とかわいそうなアリスは思いました、「
53765,子供たちに、「さあ、おいで、みんな！もう寝る時間だよ！」
46982,"     morning I’ve
"
62215,そのヒントを。しかしコックはスープをかき混ぜるのに忙しく、
33902,彼らが頭を下げて「もう一度上がってきて、ねえ！」と言うのは
79185,"
"
50209,"
"
48001,陛下？」と彼は尋ねた。
47306,"
"
22823,"
"
88418,彼らが頭を下げて「もう一度上がってきて、ねえ！」と言うのは
96010,"その瞬間、彼女は正しい英語の話し方をすっかり忘れてしまった）。「今、私は"""
18026,ネズミ捕り、月、記憶、そして『だいたい同じようなもの』――あなたは『だいたい同じようなもの』の
28435,できるだけ速く彼女から離れ、
26061,"
"
70913,"
"
63175,時々ありました。例えば、「旦那様、まったく、まったく気に入りません」
40412,それは白ウサギだった。ゆっくりと再び小走りで戻ってきて、
56253,再びそれらを取り出す。それだけだ。」
86541,嬉しそうな口調で。
34746,"
"
79285,"
"
32375,うたた寝。しかし、帽子屋につままれると、それは再び
97433,面倒なことはないわね、探す必要もないから。でも、わからないわ」
77615,特に誰にも。「彼女はすぐにそれを取り戻すだろう！」
15412,その周りで、息を切らしながら尋ねた。「でも、誰が勝ったの？」
71276,"
"
26712,ここは何もかもが奇妙だから、私は
45363,彼女はしばらく何も聞こえずに待った。とうとう
61442,ひれで科目を数えながら、「――神秘学、古代と現代、
53395,「でも、彼らは井戸の中にいたのよ」とアリスはヤマネに言った。ヤマネの
27219,正当な理由、そして芋虫は非常に不愉快な
69653,「ええ、私たちは海の中の学校へ行きましたの。信じられないかもしれませんが…」
39920,"There was certainly too much of it in the air. Even the Duchess
"
25967,"
"
37213,真ん中で、2匹のモルモットに支えられていた。彼らはそれに
71727,"
"
10287,約2フィートの高さでした。それでも彼女はややおずおずとそれに近づきました、
20450,見られずに逃げられると思ったとき、彼女は奇妙な外見に気づきました。
68975,インコとワシの子、そしていくつかの他の奇妙な生き物がいました。アリスは
49774,クッションに肘をついて、その頭越しに話していました。「とても
65997,"彼女の耳元で声が聞こえて驚いた。「あなたは考えている"""
40085,あの池、ガラスのテーブルと小さなドアのある大きなホール、
62667,後年、自分自身が成長した女性になり、
83073,腕を組み、再び口から水パイプを外し、「それで、君は
44593,出来事が起こる。彼女がそれがいた場所を見ている間に
25630,動物や鳥たちが外で待っていた。哀れな小さなトカゲのビルは
36844,「それは、どこに行きたいかによるな」と猫は言った。
42458,「行ってよい」と王様は言った。そして帽子屋は急いで法廷を去った。
10890,「まだ何もいただいていませんわ」とアリスは気分を害した口調で答えた。「だから
55861,「誰宛てだい？」と陪審員の一人が言った。
75880,"
"
69124,"
"
11295,公爵夫人と赤ん坊…最初に火かき棒が、次に
20408,彼もまた否定するかどうか不安そうに周りを見た。しかしヤマネは否定した。
44238,「私たちは最高の教育を受けました――実際、毎日学校に通っていました――」
67544,"
"
76585,「これはビルだわ」と独り言を言い、鋭く一蹴りして、
81247,持っていた！
20177,"
"
87729,「ディンがどこにいるかは知らないけど」と代用ウミガメは言った。「でも、もし君が
43712,そこで彼女はその小さな生き物を下ろし、
86977,たいてい彼女が送りたい場所には、畝や溝があった。
17123,"
"
38094,ため息をつきながら。
23264,"
"
89781,"
"
87968,「陛下、この証人を反対尋問しなければなりません。」
19713,"
"
84714,「私はエイダじゃないわ、きっと」と彼女は言った。「あの子の髪は長くて
73484,夕べのスープ！
88292,「彼らは彼を連れて行かざるを得なかったんだ」と代用ウミガメは言いました。「
59158,"
"
16640,"
"
90286,病気だったに違いない。」
29152,"
"
32134,"
"
41082,「ところで、赤ん坊はどうなったんだい？」と猫は言った。「もう少しで
18407,まず判決！
58017,私が他の誰かになるまで」――でも、ああ、なんてこと！」とアリスは突然
99488,"
"
31293,とアリスは思いました。「すぐに学校にいるのと同じだわ」しかし、彼女は
37999,（彼女は「生き物たち」と言わざるを得なかった。ご存知の通り、そのうちのいくつかは
99936,「あら！じゃあビルが煙突を下りてくるのね？」とアリスは
53549,できるだけ、首が枝に絡まって、
21023,代用ウミガメにまだ会っていないのかい？
44857,それを紹介する。」
70223,"
"
74302,"
"
79163,"
"
11403,アリスは少し考えてから、「四番目」と言いました。
47389,"
"
86091,"
"
22695,空中のネズミは無理だろうけど、コウモリなら捕まえられるかもしれない。それはとても
30293,陛下」と彼は始めました、「これらを持ってきたことで。しかし、私はまだ
58451,いつか冬の日に、あなた自身で試してみたいと思うかもしれないから、教えてあげましょう。
89112,テーブルは大きかったのですが、三人は片隅に
70985,ポケットに入れ、コンフィットの箱を取り出した（幸運なことに塩水は
57868,深い森の中で安全に。
87774,そしてそれを耳に当てた。
77658,ネズミの穴よりずっと大きい。彼女はひざまずいて通路を覗き込んだ。
35366,森の中で、「元の大きさに戻ること。そして二番目は
91340,奇妙だろ？」
31295,"
"
93315,「好きなものを手に入れる」ことと同じだ！』
11297,少し眠くなり、夢見心地で独り言を言い続けました、
59258,ガラスのテーブル。「さあ、今度はもっとうまくやるわ」と彼女は独り言を言った。
81368,王は眼鏡をかけて、誰が
57556,「ああ、わかった！」とアリスは叫んだ。彼女はこの最後の言葉に注意を払っていなかった。
99478,小さな車輪のゴロゴロという音と、たくさんの声が
85497,「私の友達よ…チェシャ猫よ」とアリスは言った。「
10284,"
"
16603,「私たちは最高の教育を受けました――実際、毎日学校に通っていました――」
66857,これらが白ウサギが読んだ詩だった。
86297,カメ。
12121,"
"
87270,「全部説明してくれ」と代用ウミガメは言った。
75194,"
"
26758,踊りに参加しませんか、しませんか、しませんか、しませんか、しませんか？
42334,3人よりずっと多い。」
48312,二つの小さな悲鳴、そしてさらにガラスが割れる音。「なんてたくさんの
50049,"
"
77975,笑いと悲しみ、と彼らは言ったものだ。」
12319,"
"
51139,自分に言い聞かせました。「まあ、何でもビルに押し付けるみたいね！私なら
66305,外の声がして、耳を澄ませました。
87502,"
"
32037,「首をはねろ！」そして行列は進み、三人の
14622,見て。4×5は12、4×6は13、そして
31321,到着した。彼らの周りには大勢の人が集まっていた。あらゆる種類の小さな
60615,"
"
72828,「そんなことないって言ったじゃない！」とアリスが割り込んだ。
42115,自分のことに専念しろ！
28916,地面の」それで彼女はそれを腕の下にしまい込み、
13933,「家にいた方がずっと楽しかったわ」と可哀想なアリスは思った。「
44952,"
"
69854,美しい、美しいスープ！
50515,"
"
92085,あなたがそうであった、あるいはそうであったかもしれないものが、他の人にはそうでないように見えること。
24340,"
"
83015,"
"
56467,何か意味があるようで、それでいて確かに英語だった。「よく
63474,この最後の言葉に気づく。
98115,怒っているときにしっぽを振る。だから僕は狂ってるんだ。」
67843,"
"
54941,"
"
86967,「でも、私は蛇じゃないって言ってるでしょ！」とアリスは言いました。「私は――私は――」
75483,"
"
55569,毎回少し前に進み、大きく後ずさりし、しわがれた声で吠えながら
29886,その上にあった。
59031,「きっと、それは正しい言葉じゃないわ」と可哀想なアリスは言い、彼女の目は
36942,時々くしゃみをしていました。そして赤ちゃんは、
36168,すぐに出発し、すっかり疲れて息が切れるまで走り、
16714,"（ダイナは猫だった）。「彼女の牛乳皿を覚えていてくれるといいな"""
40751,しばらくの間、大きな好奇心を持って見ていましたが、これが彼の最初の発言でした。
52537,その日20回目。
85305,少し違う。でも、もし私が同じでないなら、次の質問は、誰
74098,ティースプーンで三月ウサギを指して）「――それは、
60912,"
"
92977,女王が命じた処刑の数。
38268,歌で、「私はネズミイルカに言っただろう、『下がってください、お願いします。私たちは
14090,ラベルがあり、「私を飲んで」という言葉が大きな
91114,"
"
99673,彼女がフラミンゴを捕まえて連れ戻す頃には、戦いは
81337,死。」
27968,手配された。唯一の難点は、彼女が全く
74132,"
"
16667,外の声がして、耳を澄ませました。
91930,「彼らに親切にしないと」とアリスは思いました、「さもないと、私が望む
59773,でしょう。すみません、奥様、ここはニュージーランドですか、それともオーストラリアですか？」（そして
13018,法廷。
41695,グリフォン。
69898,「いいえ、言いませんでした」とアリスは言いました。「少しも残念だとは思いません。私は
98428,陛下？」と彼は尋ねた。
91465,"
"
20768,"
"
90739,大急ぎで。
73422,「このあたりにはどんな人たちが住んでいるの？」
73286,クロッケー場。
25925,"
"
57180,アリスは、そんな途方もないやり方がどんなものか想像しようとした。
31836,"
"
95906,帽子屋は、彼について
43158,小さな顎。
21007,"
"
77101,代用ウミガメに、「続けろ、おい！一日中ぐずぐずするな！」
58604,「もし私がホワイティングだったら」とアリスは、まだ
98131,"
"
76253,その教訓は…『類は友を呼ぶ』だ。
50583,"
"
76690,とグリフォンが付け加えた。そして二人は黙って座り、可哀想な
97337,「仕方ないの」アリスはとてもおとなしく言った。「大きくなってるの」
30558,"
"
65886,そして小さな金の鍵を取り、庭に通じる
93439,「何を食べて生きていたの？」とアリスは、いつも食べ物と
45905,"
"
47130,なぞなぞを出し始めたのね。――それは解けると思うわ」と彼女は声に出して付け加えました。
44164,"
"
97956,口調。「ここじゃ誰も彼女を好きじゃないみたい。でも、彼女が一番の
45561,「ますます変てこ！」アリスは叫びました（彼女はとても驚いて、
98539,"
"
24737,"
"
85065,"
"
87824,"角：次に10人の廷臣たち。彼らは全身を"""
90475,"「フューリーは言った"""
50416,釘に掛けられていた。彼女は棚の一つから瓶を取り出した。
40244,"私が誰だか知ったら、彼はどんなに驚くでしょう！でも、彼を連れて行った方がいいわね"""
87098,ぐずぐずしている暇はないと、彼女は急速に縮んでいたからだ。そこで彼女は
50874,"
"
55698,簒奪と征服に慣れていた。エドウィンとモルカー、
39567,ハリネズミを、そして体を二つ折りにした兵士たちがいつも起き上がって
25428,"
"
72920,ジャックは、片足で、とても慎重にそうした。
11151,「ルールがあって、『お酢は人をすっぱくさせるし――カモミールは人を
80151,"
"
74714,「ぼうやには乱暴に、
83312,小枝と枯れ葉の山の上に落ちて、これで落下はおしまい。
67835,どっちが表でどっちが裏か見分けようとしても、まったく完全に
76712,「かみつくかもしれないし」とアリスは用心ぶかく答えました。ぜんぜんそれを
85904,"
"
67667,"        trial: For
"
55437,なぜって、何度も何度もやるんですから」
51031,"and a scroll of parchment in the other. In the very middle of the court
"
75755,"
"
57316,あまりにあわててて、あなたに話せないんです――わかってるのは、何かがこっちにやってきて
41468,"fish)--and rapped loudly at the door with his knuckles. It was opened
"
89971,"
"
51527,次に何が起こるかとても不思議に思いながら。
41876,"
"
10205,"
"
40758,"
"
23494,「それを読め」と王さまは言いました。
71713,ナイフで指をとても深く切ると、たいてい血が出ること、そして彼女は一度も
54785,第3章 コーカス・レースと長いお話
95505,"
"
88980,その変化から利益を得た。そしてアリスは
94232,アリスはこれは否定できないと感じ、別の質問をしてみました。
53509,彼女は話した。
81402,笑う勇気もありませんでした。そして、何も思いつかなかったので
43096,"
"
21161,遠くなっていくので）。「ああ、かわいそうな私の足、一体
96752,「最初はそうじゃないかもね」と帽子屋は言いました。「でも、それを
37076,"
"
64194,きらきら――」
97404,"and we’ve no time to wash the things between whiles.’
"
68179,涙ながらに、「本当に頭を下げてくれたらいいのに！ とっても疲れたわ
93610,"‘What a curious feeling!’ said Alice; ‘I must be shutting up like a
"
58700,"
"
59290,"
"
57252,"close by her.
"
38585,"
"
43698,とアリスは思いました。「一日か二日で殺しちゃうにちがいないわ。それなら
93397,"
"
77024,"
"
64462,しかし、ようやくそれが終わり、彼らは再び輪になって座り、
23346,"
"
93947,「あなたが何を言っているのか、さっぱりわかりません」とアリスは言いました。
47888,"      All on a summer day:
"
99038,"
"
40538,「あら、ばかなアリス！」と彼女は自分に答えました。「どうやって勉強
29453,大急ぎで。
39498,"
"
93900,次に何をするつもりかしら！ もし分別があったら、
95607,あなた自身を。
63797,しかし、声はかすれて奇妙に聞こえ、言葉は以前のようには出てきませんでした。
35925,自分と同じ年頃の知っている子供たちみんなについて考え、
47215,"
"
67734,「ああ、お願いだから気をつけて！」アリスは飛び跳ねながら叫びました。
90972,"その瞬間、彼女は正しい英語の話し方をすっかり忘れてしまった）。「今、私は"""
40405,"washing her face--and she is such a nice soft thing to nurse--and she’s
"
75262,"
"
54689,「ああ！それで合点がいった」と帽子屋は言いました。「あいつは殴られるのは我慢しないからな」
24289,きらきら――」
21887,両腕をそれに回せるだけ回して、ひとかけら
14758,半分は独り言、半分はアリスに。
50530,"close by her.
"
53308,でも――なんだか不思議よね、こういう生活って！ いったい何が
58449,大司教は見つけたか？
13374,"
"
92654,もちろん――『わたしは彼女に一つあげ、彼らは彼に二つあげた』――そうか、きっとそれが彼が
23514,口をひもで結びました。この中に彼らはモルモットを滑り込ませ、
65861,「相変わらずびしょ濡れだわ」アリスは憂鬱な声で言いました。「どうも
26661,皿かやかんが粉々に割れたような、大きな衝突音がしました。
77613,"
"
21678,「ああ、お願いだから気をつけて！」アリスは飛び跳ねながら叫びました。
84523,しかし、ようやくそれが終わり、彼らは再び輪になって座り、
25462,"
"
68481,そんなにしょっちゅう変わるのは好きじゃないんですよ」
80423,最後に、小さくか細い、キーキーという声が聞こえました。（「あれはビルだわ」と
69766,"
"
14710,"
"
97420,"
"
88835,宵のスープ、美しいスープ！
31031,尻尾の先から始まり、にやにや笑いで終わるのですが、そのにやにや笑いは
35927,ハトが終わるまで、それ以上何も言わずに。
91424,"
"
41020,近づくと、アリスには彼が胸も張り裂けんばかりにため息をついているのが聞こえました。彼女は
43856,"
"
34491,"
"
40283,"
"
99858,最初の問題はもちろん、どうやってまた乾くかということでした。彼らは
94877,"
"
29517,「そうだね、やめておいたほうがいいと思うよ」とグリフォンは言いました。そしてアリスは
92295,「ルールがあって、『お酢は人をすっぱくさせるし――カモミールは人を
29204,ネズミを
87540,"that cats COULD grin.’
"
14302,"questions of eating and drinking.
"
71694,"
"
32763,とぐろを巻いて気絶。
67347,「何を見つけたんだ？」とアヒルは言った。
97115,三月ウサギの家でした。それは正しい家にちがいないと彼女は思いました。なぜなら
12103,* * * * * *
21800,"
"
10808,朝で、ちょうど授業を始める時間です。あなたはただ一言ささやけば
75558,ハートのジャックが、タルトを盗んだ、
62693,"
"
82205,廷臣たち、あるいは自分の子供たちのうちの三人。
41673,"same when I got up this morning? I almost think I can remember feeling a
"
83245,"doing?’ Alice whispered to the Gryphon. ‘They can’t have anything to put
"
14455,"your cat grins like that?’
"
20399,私自身のものだ。私は帽子屋だ。
26858,ときどき少しすすり泣きながらも、「私たちは海の学校に通っていました」
54009,"
"
41657,「恥ずかしいと思いなさいよ」とアリスは言いました。「あなたみたいに大きな女の子が
92014,"
"
65384,"
"
46600,"
"
84322,少しは蹴れると思う！
10218,きちんとした小さな家に出くわしました。そのドアにはピカピカの真鍮の
95296,近くにあった植木鉢。三人の兵士はしばらくうろつき回った。
28237,「さあ、最初の型をやってみよう！」と代用ウミガメがグリフォンに言いました。
77252,その様子がまったく好きではありませんでした。「でも、たぶんただすすり泣いていただけかも」
84216,彼女はその上に小さなびんを見つけました。（「これは確かにさっきは
63944,急いで身を引かせました。大きなハトが彼女の顔に飛び込んできて、
73101,"‘One side of WHAT? The other side of WHAT?’ thought Alice to herself.
"
76352,それを見て、「絵も会話もない本なんて、いったい何の役に立つのだろう」とアリスは思いました。
83158,生涯で、どこへ行こうとも、
17010,陪審員のある者は「重要」と書き留め、ある者は「重要でない」と書きました。
16403,"
"
90637,庭の反対側で、アリスはそれがどうしようもなく
27051,"‘Can’t remember WHAT things?’ said the Caterpillar.
"
44441,「陛下、この証人を反対尋問しなければなりません。」
46038,小さな顎。
46399,その原因が持っている扇だと気づき、彼女はそれを
92615,"
"
37438,"
"
75066,女王の主張は、もしすぐさま何とかしなければ
62900,その見込みはなさそうだったので、彼女は周りのものすべてを
55773,"
"
19428,それは疑いなく素晴らしい計画に聞こえ、とてもきちんと、そしてシンプルに
86980,"
"
31294,"
"
21417,猫はアリスを見るとにやりと笑っただけでした。人懐っこそうに見えたので、彼女は
38434,「まあまあ、お嬢さん！」と公爵夫人は言いました。「どんなことにも教訓はあるものよ、ただ
90436,"
"
20781,"
"
64525,順番を間違えたために処刑され、彼女はその様子が
43058,"fish)--and rapped loudly at the door with his knuckles. It was opened
"
23207,「そんなことできるはずないわ」アリスはそっと言いました。「だって
61958,王さまは青ざめて、急いで手帳を閉じました。「評決を
77749,"
"
85846,そんなものを見たことがない。
88437,"
"
69867,不快なほどとがったあご。しかし、失礼なことはしたくなかったので、彼女は
59769,"ジャックは悲しそうに首を振った。「私にそんな風に見えますか？」と彼は言った。（実際、彼は"""
40167,"
"
63295,大急ぎで。
92414,「ますます変てこ！」アリスは叫びました（彼女はとても驚いて、
72725,"oneself speak--and they don’t seem to have any rules in particular;
"
81873,代用ウミガメは深くため息をつき、時々むせび泣きで
12955,「あそこで会えるよ」と猫は言って、姿を消しました。
98664,ひっくり返され、彼らの石板と鉛筆が見つけられて返され
69778,アリスにとって、まるで昔から知っているかのように、彼らと親しげに話している自分に気づくのは
95142,やがてウサギがドアのところに来て、開けようとしました。しかし、
99573,"There was certainly too much of it in the air. Even the Duchess
"
56723,"
"
31684,"
"
73031,"
"
25995,"
"
22329,女王の主張は、もしすぐさま何とかしなければ
45941,「首をはねよ！」と彼女は、振り返りもせずに言いました。
91716,"
"
61844,ときどき少しすすり泣きながらも、「私たちは海の学校に通っていました」
96286,ネズミに…ネズミに…ネズミに…おお、ネズミよ！」）ネズミは彼女をいくぶん
78171,テーブルは大きかったのですが、三人は片隅に
52476,"CHAPTER VI. Pig and Pepper
"
39572,「さあ、行こう！」とグリフォンが叫び、アリスの手を取って急いで
36260,長くて低いホールにいることに気づきました。そこは、吊り下げられたランプの列で照らされていました。
16785,自身の子供時代と、幸せな夏の日々を思い出しながら。
96717,ちょうどいい大きさに近くなってからとても時間が経っていたので、
55192,"
"
77801,「ありがとう」とアリスは言いました。「とても面白いわ。こんなにたくさんのことを
70445,「名前を書き留めているんだ」とグリフォンはささやき返しました。「
97741,あの池、ガラスのテーブルと小さなドアのある大きなホール、
81819,"
"
28411,"
"
46490,「二列だ！」と代用ウミガメは叫びました。「アザラシ、カメ、サケ、その他いろいろ。
51068,女王には、大小すべての問題を解決する方法が一つしかありませんでした。
28553,"
"
98394,"
"
10489,"
"
43349,その中にアリスは白ウサギを認めた。それは急いだ
15690,裁判が終わる前に忘れてしまうことを恐れて。
21384,皆がアリスを見た。
52331,翼で彼女を激しく叩いていた。
55839,また話し始めました。「ダイナは今夜、私がいなくてとても寂しがるでしょうね！」
73399,"
"
10377,何かについて考えているのね、それで話すのを忘れるのよ。私には
24960,すると二人は深くおじぎをし、彼らの巻き毛が絡み合いました。
53089,彼女はこれについて少し不安を感じました。「だって、結局はね」と
34256,"more if you’d rather not.’
"
16655,"
"
17210,「このお嬢さんがね」とグリフォンは言いました。「あんたの身の上話を
68739,「女王はどうだい？」と猫は小声で言った。
53044,"角：次に10人の廷臣たち。彼らは全身を"""
82518,"Then came a little pattering of feet on the stairs. Alice knew it was
"
36868,"
"
25868,キノコから下りて、草の中へと這っていきました。去り際にただ一言、
44609,"
"
19048,"and no one else seemed inclined to say anything.
"
46526,"leaves that had fluttered down from the trees upon her face.
"
88110,「君は時間に話しかけたことさえないだろう！」
33638,部屋を出ようとしたとき、ふと小さな
95676,"March Hare and the Hatter were having tea at it: a Dormouse was sitting
"
15987,"
"
59987,"
"
37332,「すみません、教えていただけますか」アリスは少しおずおずと言いました。
87647,「首をはねろ！」と女王は声を張り上げて叫んだ。誰も
15885,"
"
25796,こう言いながら彼女は自分の手を見下ろし、驚きました。
15592,「だめだめ！」と女王は言いました。「判決が先――評決は後だ」
72526,と自分に言い聞かせました、「あの大きなかつらのせいで」
91117,「ウィリアム父さん、あなたはお年寄り」と若者は言った、
17750,すぐに出発し、すっかり疲れて息が切れるまで走り、
39247,自分が変わったと思いますか？」
90090,女王とのいさかい、しかし彼女はそれがいつ起こってもおかしくないことを知っていました、
74261,彼女に。彼女は小さな悲鳴を上げました、半分は恐怖、半分は怒りで、そして
27201,"
"
34544,アリスが現れた途端、三人に決着をつけてくれと頼まれました。
39752,代用ウミガメの方を向いて、「他に何を習ったの？」と言いました。
96951,物事は「大同小異」だ…そんなものを見たことがあるかい？
19262,井戸の側面を見て、それが食器棚で
60095,"perhaps as this is May it won’t be raving mad--at least not so mad as
"
58028,「起きなさい！」と女王は甲高い大声で言いました、そして三人の
49114,"same as they used to do:--
"
98387,涙。
53516,今では十分に見えていて、それ以上は現れませんでした。
17882,"
"
24953,ちょうど石板にこれを書き始めたとき、白ウサギが
62261,「陛下」とジャックは言いました、「私はそれを書いていませんし、彼らは
39865,"
"
29878,「一つだって！」とヤマネは憤慨して言いました。しかし、彼は続けることに同意しました。
14049,ネズミに話しかける方法：彼女は以前にそんなことをしたことはありませんでしたが、
62271,笑い声。「ああ、静かに！」とウサギはおびえた声でささやきました。
14464,「いや、違うんだ」と白ウサギは言いました。「そしてそれが一番奇妙なことなんだ
69536,「僕もだ」と三月ウサギは言いました。
91531,（彼女はポケットにそのかけらをしまっていた）彼女の身長が約1フィートになるまで。
39467,だからお嬢さん、女王様が来る前に、我々は最善を尽くしているんです、それで――」この時
42448,"   Waiting in a hot tureen!
"
81930,"blow underneath her chin: it had struck her foot!
"
63401,「ええと、そう聞かれると」アリスはとても混乱して言いました、「よく分かりません」
12479,"‘Well! WHAT are you?’ said the Pigeon. ‘I can see you’re trying to
"
54981,"      And took them quite away!’
"
68500,ヒナギクの首飾りを作るのは、わざわざ立ち上がって
64582,"tea-time. Dinah my dear! I wish you were down here with me! There are no
"
84296,と、声に出して繰り返しました。
82945,"
"
87994,彼ら自身を。」
80666,"
"
69980,"
"
19508,美しい、美しいスープ！」
56136,"
"
16122,"‘What a curious feeling!’ said Alice; ‘I must be shutting up like a
"
60972,"
"
32761,"first thought was that it might belong to one of the doors of the hall;
"
71836,インコは、ついに不機嫌になり、「私の方があなたより年上です」としか言わなくなりました。
73918,「行列なんて」と彼女は思いました、「もしみんなが顔を伏せて
12547,"
"
37041,全体像に戸惑い、話題を変えたいと切望しました。
74257,アリスは何も言わなかった。彼女は人生でこれほど反論されたことはなかった。
54645,"friend.
"
40894,分かりません」と彼女はできるだけ丁寧に言いました。
54549,"
"
88599,それらは以前は私のものだったのに。
95105,正直者らしく名前を。」
93495,"
"
25613,ゲームに戻ると、女王は少しの遅れが
73006,"loud.
"
55797,シロギスのこと！
51772,あなたの目が相変わらずしっかりしていたこと。
64176,「W・RABBIT」と刻まれたプレート。彼女は
73375,キュウリのフレームか、何かそんなものでした。
74176,それから――いつも勉強しなきゃいけないなんて！ああ、そんなの嫌だわ！」
83464,"
"
76557,パイがすべて終わったとき、フクロウは褒美として、
26492,彼らのものが味わえず、小さい鳥たちはむせて背中をたたかれなければなりませんでした。
93203,顔は真っ青で（アリスは情熱のせいだと思った）、低い声で言いました。
88960,その瞬間、家のドアが開き、大きな皿が
28980,"
"
17027,「さあ、パット、窓にあるあれは何だい？」
26645,"
"
37884,好きなだけ一時半に。
20811,瞬間よ、言っておくけど！」しかし、彼女はそれでも涙を何ガロンも流し続けました。
78601,"
"
90922,皆がアリスを見た。
42342,グリフォン。
70553,"      really this
"
76239,"
"
76925,「私が言おうとしていたのは」とドードーは気分を害した口調で言いました、「
75694,この事件に関わって、
83695,"
"
21075,それが話すとき、まっすぐに体を起こした（それはちょうど3インチの高さだった）。
59867,"
"
93158,ナイフで指をとても深く切ると、たいてい血が出ること、そして彼女は一度も
74543,"
"
65376,割り込みました：「重要でない、と陛下は仰りたいのですね、もちろん」と彼は
94667,「それは本の中で一番古い規則だ」と王さまは言いました。
61095,"
"
60708,窓の外に、そして片足を煙突に入れ、独り言を言いました、「これで
14216,"
"
31360,"wise fish would go anywhere without a porpoise.’
"
79081,"
"
88730,"           you
"
29966,"
"
56235,深い森の中で安全に。
41051,割り込みました：「重要でない、と陛下は仰りたいのですね、もちろん」と彼は
35702,"アリスが言ったことすべて。「この近くに大きなマスタード鉱山があるんだ。そして"""
72661,「チェシャ猫さん」と彼女は、それが気に入るかどうか
74131,「ふむ、今まで聞いたことがないな」と代用ウミガメは言いました。「しかし、それは
47724,彼らの素朴な悲しみすべてに共感し、彼らの素朴な喜びすべてに喜びを見出すでしょう、
35643,ヤマネと腕を組んで法廷に。「3月14日だったと思う
66697,"
"
50965,か二分で、それを抱えているのがやっとでした。
52570,"
"
64401,彼らの素朴な悲しみすべてに共感し、彼らの素朴な喜びすべてに喜びを見出すでしょう、
72820,遅かれ早かれ、あなたと意見が合わなくなるのはほぼ確実です。
63393,できるだけ、首が枝に絡まって、
62860,小さな悲鳴を上げて、続けました。「――Mで始まるもの、例えば
36711,何かを失くしたかのように、心配そうに周りを見ながら進んでいきました。そして彼女は
55335,なのにあなたはガチョウを骨もくちばしも残さず平らげた――
45308,彼らに聞かれるのを恐れて森へ。そして次に彼女が覗き見たとき
37050,腕を組み、再び口から水パイプを外し、「それで、君は
86146,「何を食べて生きていたの？」とアリスは、いつも食べ物と
29066,誰かを殺してしまう恐れがあったので、なんとか食器棚の一つに入れました。
34620,今朝起きたとき自分が誰だったか、でもきっと
94111,彼を深く哀れみました。「彼の悲しみは何なの？」と彼女はグリフォンに尋ね、
31117,"
"
68607,数分間、法廷全体がヤマネを
34498,赤いバラの木で、間違えて白いものを植えてしまったんです。そしてもし女王様が
59193,そんなことは急いでやらないわ。「いや、まず見てから」と彼女は言いました、「そして
50835,「そう思いましたよ」とネズミは言いました。「――続けます。『エドウィンとモーカル、
60441,白ウサギを見ました。最初は少し緊張しましたが、
59746,今！なんてややこしい変化なんだろう！私は自分が何をするのか、決して確信できない。
67393,話せる可能性が高いわ。とにかく、試してみるのに害はない」それで彼女は
52215,"
"
39812,そうして彼女は再び子供をあやし始め、一種の子守唄を
53265,セブンは筆を投げ捨て、「さて、こんな不公平なことはない」とちょうど言い始めたところでした。
61437,重いため息。
66637,"CHAPTER V. Advice from a Caterpillar
"
41529,"my life!’
"
67397,暑い日だったのでとても眠くてぼんやりしていました）、ヒナギクの首飾りを作る
93580,"set to work at once to eat some of the other bit. Her chin was pressed
"
89704,ナイフで指をとても深く切ると、たいてい血が出ること、そして彼女は一度も
54917,"
"
13954,一分ごとに変わるなんて！でも、元の正しい
51229,"
"
53792,"a rabbit! I suppose Dinah’ll be sending me on messages next!’ And she
"
92195,"they pinched it on both sides at once.
"
20240,"severity; ‘it’s very rude.’
"
39688,「黙りなさい！」と女王は顔を紫色にして言いました。
37319,彼女の手を取り、アリスは法廷に入る前にそれが誰だか
38229,"    What made you so awfully clever?’
"
93829,"
"
46178,ネズミみたいにね。でも、猫はコウモリを食べるのかしら？」ここでアリスは
78615,"      And took them quite away!’
"
86619,"
"
50993,「ヤマネがまた寝てる」と帽子屋は言い、少し
34592,「女王はどうだい？」と猫は小声で言った。
31153,もう一度手を出して、空中でまたひったくりました。今回は
47013,彼が望むときにコショウを！
34703,とても小さい！それに、あの子はあの子で、私は私で――ああ、なんてややこしい
66380,"
"
93868,糖蜜の井戸から糖蜜を汲み出せると思うのかい――え、おばかさん？」
36647,「まあ、どっちにしても行かないわ」とアリスは言いました。「それに、それは
73803,運送屋に頼めばいいわ」と彼女は思いました。「そして、自分の足に
40318,「それならどっちの道を行ってもかまわないさ」と猫は言いました。
62046,今！なんてややこしい変化なんだろう！私は自分が何をするのか、決して確信できない。
76317,"
"
27155,彼はあなたに彼らを解放してくれるよう頼んでいます、
64696,"
"
90989,同じような絵？
22196,「ええ、本当にとても」とアリスは言いました。
28124,"
"
29899,"of everything I’ve said as yet.’
"
75102,"the number of changes she had gone through that day.
"
44779,少しは蹴れると思う！
27572,"
"
84705,"before she made her next remark. ‘Then the eleventh day must have been a
"
26503,"
"
76092,"
"
80974,"
"
79525,"
"
86511,他の誰にも秘密の、
24703,窓！
73198,"
"
53130,"
"
93730,形は問題ではない」と言いました）、そしてパーティーの全員が
69685,"it lasted.)
"
43893,"saying to herself ‘Suppose it should be raving mad after all! I almost
"
39327,"she fell past it.
"
78218,「最初はそうじゃないかもね」と帽子屋は言いました。「でも、それを
32885,熱心に、半分はネズミが心変わりして戻ってきてくれることを期待して
29042,そのあとを追い、幸運にもそれが大きな
43656,同じような絵？
87573,それ…ただ三月ウサギが言った…
11314,"Knave.
"
36469,* * * * * *
72230,少しは蹴れると思う！
81426,それからウサギの声が――「捕まえろ、生け垣のそばのやつ！」それから
33156,"
"
35846,「その通りです」とアリスは言いました。
93919,しかしカタツムリは「遠すぎる、遠すぎる！」と答え、横目でちらりと見た――
49536,"
"
45671,小枝と枯れ葉の山の上に落ちて、これで落下はおしまい。
29739,まだ降りてきてない、裁判が始まる前に」
99866,「残念ながらそうです、旦那様」とアリスは言いました。「以前のように物事を
11761,「ヒラメとウナギだよ、もちろん」グリフォンはややいらだたしげに答えました：
30680,"角：次に10人の廷臣たち。彼らは全身を"""
56418,「教えていただけますか」アリスは少しおずおずと言いました、「どうして
86500,前足で拍子をとり、代用ウミガメはこれをとてもゆっくりと
31094,そしてアリスは女王を見ようと、熱心に周りを見回しました。
53656,彼女はこの突然の変化にかなり怯えましたが、感じました
98110,一体どうやってそれをやったのですか？
30199,"
"
34036,中で起こっていました――絶え間ない遠吠えとくしゃみ、そして時々
45880,"
"
61326,窓のすぐ下でウサギの声が聞こえたので、彼女は突然
76612,"
"
41660,子犬に差し出した。すると子犬は空中に飛び上がった。
78918,チョッキのポケットから取り出し、それを見て、そして急いで行きました、
65685,次に何が起こるかとても不思議に思いながら。
64776,"suppose it doesn’t mind.’
"
18007,他の誰にも秘密の、
89587,"
"
24406,次の瞬間には驚きに変わりました、彼女の肩が
38234,くしゃみをしなかったのは、コックと、炉辺に座っていた大きな猫だけでした。
50806,角を曲がりましたが、ウサギはもう見えませんでした。彼女は
28679,"next to her. ‘I can hardly breathe.’
"
93387,「似たようなことを聞いたことがあります」とアリスは言いました。
54531,"
"
87599,"
"
15121,女王は飛び上がって叫びました、「あいつは時間を殺している！首をはねよ！」
79847,"
"
65209,"‘Nothing WHATEVER?’ persisted the King.
"
73796,彼ら自身を。」
97460,なぞなぞを出し始めたのね。――それは解けると思うわ」と彼女は声に出して付け加えました。
80861,"
"
80668,陪審員になるんだ、
32772,と答えたので、グリフォンはやや気分を害した口調で言いました、
45441,"
"
58902,右側のかけらで効果を試す。次の瞬間、彼女は激しい
27407,* * * * * *
84499,「次の節に進め」グリフォンはいらだたしげに繰り返しました。「それは
69456,「それじゃあ」と猫は続けました、「犬は怒るとうなるだろ、
35611,涙を流し、周りには4インチほどの大きな水たまりができました。
22759,もし中にいたら、ノックすれば私が出してあげられるのにね」
56423,ヒナギクの首飾りを作るのは、わざわざ立ち上がって
49927,さまよっていた木々の下で、鋭いシューという音に
77712,誰も聞いていなくても、それを繰り返すのは良い練習でした）
87457,陪審員たちがショックから少し立ち直るとすぐに
19245,"「聞いていない！」とネズミはアリスに厳しく言った。「何を"""
15149,"
"
15027,それで彼女は目を閉じたまま座り続け、半分は自分が
78181,"
"
70933,「前に」とアリスは言いました）、そして瓶の首には紙の
72057,"on. ‘Or would you like the Mock Turtle to sing you a song?’
"
38340,"tone; ‘at least there’s no room to grow up any more HERE.’
"
12354,"
"
20628,そしてそれを耳に当てた。
30274,「それがあなたのやり方なの？」とアリスは尋ねた。
62708,混乱が生じました、大きな鳥たちが自分たちのものが
82468,"
"
39119,キノコから下りて、草の中へと這っていきました。去り際にただ一言、
77423,"
"
50092,"same when I got up this morning? I almost think I can remember feeling a
"
76506,"どう手をつけていいかわからなかった。そして、彼女が不安そうに"""
16568,「ないよ」と三月ウサギは言いました。
57138,"then she walked down the little passage: and THEN--she found herself at
"
59309,"
"
53463,「これ以上低くはなれないよ」と帽子屋は言いました。「今、床にいるんだから」
52307,"
"
47112,「毒」と書かれた瓶からたくさん飲むと、
86055,テーブルの一端にある大きな肘掛け椅子に腰を下ろした。
46602,すぐにそれを持ち去る機会を見つけた。彼女はあまりに素早くそれをやったので
82184,"   My notion was that you had been
"
53954,ここでヤマネは身震いし、眠りながら「きらきら」と歌い始めました、
42747,今日は何もかもが奇妙だわ！昨日はいつも通りだったのに。
99840,"
"
39818,"birds hurried off at once: one old Magpie began wrapping itself up very
"
23889,そうして彼女は再び子供をあやし始め、一種の子守唄を
66789,「仕方なかったんだ」とファイブは不機嫌な口調で言いました。「セブンが僕の
77426,"in the common way.
"
92296,それで彼らは代用ウミガメのところへ行きました。代用ウミガメは大きな目で彼らを見ていました。
75355,バラの木の周りに横たわっていました。なぜなら、彼らは顔を伏せて
38360,今すぐその教訓が何かは言えないけど、すぐに思い出すわ
48704,哀れな帽子屋はひどく震え、両方の靴を脱ぎ捨ててしまいました。
80921,"
"
87547,コウモリを食べたことある？」その時突然、どすん！どすん！彼女は
96214,「確かにそうでございます、旦那様。しかし、それでも腕でございます」
55538,アリスは彼女がそんなに機嫌が良いのを見てとても嬉しく、思いました
20151,葉っぱの中に飛び込むと、それはただの木々のてっぺんでした。
83620,「ええ、本当にとても」とアリスは言いました。
18258,「ああ、大きさは気にしません」とアリスは急いで答えました。「ただ
62220,"   For he can thoroughly enjoy
"
72028,"letters.
"
74614,「似たようなことを聞いたことがあります」とアリスは言いました。
63407,ファイブとセブンは何も言わず、トゥーを見ました。トゥーは低い声で始めました。
87565,"
"
43472,いいえ、涙はありませんでした。「もしあなたが豚になるつもりなら、ねえ、
82109,あれは年寄りのカニだったんだ、あれは」
26924,「でも、『彼らは皆、彼からあなたの元へ戻った』と続くのよ」とアリスは言いました。
62661,次！窓から私を引っ張り出すなんて、できればいいのに！私は
27287,「もし君が僕と同じくらい時間さんと仲良しなら」と帽子屋は言いました、「
58015,"
"
36096,"impossible.
"
58778,「ああ、彼に話しても無駄よ」アリスは絶望的に言いました。「彼は
19741,ノックもせず、本当の
92899,"      Said the
"
29461,彼女に構わず、「もし我々の間にドアがあれば。例えば、
81262,「その答えを見つけ出せると思うということかい？」と
82517,しばらくの間、大きな好奇心を持って見ていましたが、これが彼の最初の発言でした。
40266,一分ごとに変わるなんて！でも、元の正しい
60284,"
"
29606,"
"
91056,それを外の空気に持ち出しました。「もし私がこの子を連れて行かなければ、
13779,"
"
49463,「大した問題じゃないわ」とアリスは思いました。「アーチはこちら側から全部
45645,「猫が好きじゃないって！」とネズミは甲高い情熱的な声で叫びました。「
65418,「全部！」 「言われた通りにしろ、この臆病者！」そしてついに彼女は
85623,"
"
86268,それを食べ、とても美味しいと思いました（実際、それはチェリータルト、
48904,それを掴もうと急いで宙返りしました。アリスは
10743,"
"
43961,これらの言葉の後、時折の
84404,彼らはすぐに、太陽の下でぐっすり眠っているグリフォンに出くわしました。
15617,そんなことは一度もなく、彼の年齢で始めるつもりはありませんでした。
66110,"
"
56021,"proposal.
"
96871,あの池、ガラスのテーブルと小さなドアのある大きなホール、
48241,下の群衆の頭の上に陪審員全員をひっくり返し、
72730,自身で、這い去ろうとしていました。これらすべてに加えて、
26778,は完全に消えていた。
54067,「裁判は進められない」と王は非常に厳粛な声で言いました、「
98747,涙。
19263,"
"
75739,"
"
58636,答えなかったので、アリスは熱心に続けました。「私たちの家の近くに
65245,"
"
81990,ドアは内側に開き、アリスの肘がそれに強く押し付けられ、
38573,まだ降りてきてない、裁判が始まる前に」
74139,"
"
60300,グリフォン。
24934,もういや！」そしてここでかわいそうなアリスは再び泣き始めました、とても
75457,）、「私のキッチンにはコショウは一切置かないわ。スープはコショウなしで
59742,そこにあるほとんどすべてのものの名前。「あれが裁判官よ」と彼女は
11900,全部話しておくれ！
72165,"
"
89372,ネズミに話しかける方法：彼女は以前にそんなことをしたことはありませんでしたが、
79928,「いてくれればよかったのに！」とインコは、それがすっかり
28537,「時間がなかったんだ」とグリフォンは言いました。「でも古典の先生のところには行ったよ。
76113,その後ろに、何があるか見てみるのもいいかもしれないと思いました。
76145,彼女に気だるく、眠そうな声で言いました。
60033,「いてくれればよかったのに！」とインコは、それがすっかり
67702,"begins “I passed by his garden.”’
"
84377,"
"
52765,鍋、皿、食器の雨。公爵夫人は
52832,"
"
70414,「なるほど！」と女王は、その間にバラを調べていたのですが、言いました。
33923,"minute.
"
45615,深く、ホールの半分まで達していた。
11993,もう一方：唯一の困難は、彼女のフラミンゴが反対側へ
31252,「私は息子に厳しく言います、
42438,あらまあ、なんて馬鹿なことを言っているのかしら！」
51710,"
"
78799,"
"
25807,二度のすすり泣きが彼の声を詰まらせました。「喉に骨が詰まったみたいだ」
52622,「私にとっては大問題よ」アリスは急いで言いました。「でも、私は
56115,"
"
51864,「今、このネズミに話しかけても役に立つかしら？」とアリスは思いました。
73297,"
"
12412,「キノコのだ」とイモムシは、まるでアリスが声に出して
13917,「それで、ダイナとはどなたですかな、もしお尋ねしてもよろしければ？」とインコは言いました。
44318,"
"
98062,"
"
38181,いいえ、涙はありませんでした。「もしあなたが豚になるつもりなら、ねえ、
39911,他の客たちは女王の不在を利用して、
68690,"
"
63013,「ああ、まあ！だいたい同じことよ」と公爵夫人は、
41597,"
"
27479,"
"
81098,「さあ、早く！」アリスはとても怖がって、すぐに
20323,「陛下、この証人を反対尋問しなければなりません。」
67448,"knew) to the confused clamour of the busy farm-yard--while the lowing
"
13466,"
"
53061,"
"
29348,下の群衆の頭の上に陪審員全員をひっくり返し、
16991,十分乾いた！」彼らはすぐに、ネズミを
93421,処刑されるのよ、緊張してようがしてまいが」
89407,「いいえ、言いませんでした」とアリスは言いました。「少しも残念だとは思いません。私は
85398,アリスはどうしていいかわからず、絶望してポケットに
90567,"やがて彼女は再び始めた。「私は地球をまっすぐ突き抜けて落ちるのかしら"""
51112,第3章 コーカス・レースと長いお話
43147,彼女は話しながらそれを動かしていましたが、何の結果も出ませんでした、
49295,"あの素敵な庭への道を見つけることだわ。それが"""
44864,「それが彼の有罪を証明している」と女王は言いました。
73779,子守唄を歌い、各節の終わりには
37625,"
"
11615,変わってしまったに違いない。
99341,"
"
15490,敬意をもって扱われるべきだと感じた。
41127,"and a scroll of parchment in the other. In the very middle of the court
"
93236,庭の反対側で、アリスはそれがどうしようもなく
12582,クッションに肘をついて、その頭越しに話していました。「とても
58423,"
"
41775,しかし、声はかすれて奇妙に聞こえ、言葉は以前のようには出てきませんでした。
26016,「このスープには確かにコショウが多すぎるわ！」とアリスは独り言を言いました、
35506,「そんなに欲しくはなかったでしょう」とアリスは言いました。「海の底に住んでいて
42046,「ほら！よかったら少し面倒を見てあげて！」と公爵夫人はアリスに言いました、
62180,「あっちの方向には」と猫は右前足を振り回しながら言いました、「
34965,"sweet-tempered. I only wish people knew that: then they wouldn’t be so
"
17487,"Then came a little pattering of feet on the stairs. Alice knew it was
"
79243,"
"
16295,"The Hatter was the first to break the silence. ‘What day of the month
"
87400,「彼女は牢屋にいる」と女王は死刑執行人に言いました。「ここへ連れてこい」
35884,会話？
51114,「そうだったね、君！」と他の者たちが言いました。
87075,"     Like a tea-tray in the sky.
"
47355,"‘I’m getting tired of this. I vote the young lady tells us a story.’
"
91604,"
"
88134,今すぐその教訓が何かは言えないけど、すぐに思い出すわ
24268,"
"
11263,"
"
76781,"
"
54525,作った。
25553,"
"
16879,「失礼！」とネズミは顔をしかめましたが、とても丁寧に言いました。「
18888,"‘Are you content now?’ said the Caterpillar.
"
25652,"
"
61164,"
"
97001,"  How the Owl and the Panther were sharing a pie--’
"
85374,"
"
16205,羊皮紙の巻物を広げ、次のように読み上げました：――
35795,"      With gently smiling jaws!’
"
40403,「そして洗濯は？」と代用ウミガメは言った。
37723,"
"
66472,これらの言葉の後、時折の
22314,"
"
92404,"
"
97364,ヒナギクの首飾りを作るのは、わざわざ立ち上がって
97521,"
"
38279,「ほとんど2マイルの高さよ」と女王が付け加えました。
57172,「そしたら」と彼女は思いました、「私はどうなるのかしら？彼らはひどく
94173,「すみません」アリスはとても謙虚に言いました。「五番目の
94492,「どうやって入ればいいの？」アリスは再び、より大きな声で尋ねました。
30375,「息をする時に眠る」ことと同じだ！
38407,"
"
40620,煙突を下りろ！
75294,笑い声。「ああ、静かに！」とウサギはおびえた声でささやきました。
44212,「今、このネズミに話しかけても役に立つかしら？」とアリスは思いました。
35523,"she fell past it.
"
70507,「どうして私が狂ってるってわかるの？」とアリスは言った。
66231,踊りに参加しませんか、しませんか、しませんか、しませんか、しませんか？
16518,"
"
56333,彼らに合わせるために！
47060,"
"
57577,裁判が終わる前に彼らの石板はめちゃくちゃになるだろう！」とアリスは思った。
19991,「そうなると思ったよ」と猫は言って、再び姿を消しました。
66291,"    And mentioned me to him:
"
22167,怒って、「本当にあなたは鈍いわね！」
94115,死刑執行人の主張は、頭がなければ
88859,王。
71238,アリスは他にすることがなかったので、待ってみるのもいいと思いました。
84796,「好きなものを手に入れる」ことと同じだ！』
80612,"
"
42953,その後蝶になったら、少し変な感じがするでしょうね
80750,以前にも、そして彼女は我慢の限界に近づいていると感じました。
59394,"
"
78025,アリスはこれは否定できないと感じ、別の質問をしてみました。
94677,魚の従卒は去り、もう一人はドアの近くの地面に座っていました。
46307,「蛇だ、もう一度言う！」とハトは繰り返しましたが、より抑えた口調で、
86890,"on. ‘Or would you like the Mock Turtle to sing you a song?’
"
19150,"
"
33571,イモムシに「ウィリアム父さん、あなたはお年寄り」を暗唱させられたこと、そして
31764,見られずに逃げられると思ったとき、彼女は奇妙な外見に気づきました。
91296,糖蜜の井戸から糖蜜を汲み出せると思うのかい――え、おばかさん？」
14602,囚人が誰か――誰かに書いた手紙だ」
34616,巻き毛で、私のは全然巻き毛じゃないし、それに私はきっと
41813,"
"
90497,* * * * * *
28292,「木の根も試したし、土手も試したし、生け垣も試した」
19971,正直者らしく名前を。」
56951,下の群衆の頭の上に陪審員全員をひっくり返し、
77817,頭に。「このケーキを一つ食べたら」と彼女は思いました、「きっと
78865,"blow underneath her chin: it had struck her foot!
"
57967,「まあ、あなたはまだそう感じたことがないのかもしれないわね」とアリスは言いました。「でも、あなたが
99083,兵士たちは黙ってアリスを見ました、質問が
35931,ネズミ捕り、月、記憶、そして『だいたい同じようなもの』――あなたは『だいたい同じようなもの』の
28039,"          old Fury:
"
79140,三月ウサギが住んでいると言われている。「帽子屋は前に見たことがあるわ」と彼女は
81787,片膝をつきました。「陛下、私は貧しい男です」と彼は始めました。
75895,「私には考える権利があるわ」アリスは鋭く言いました、少し
20144,"
"
68293,空に！うわっ、蛇め！」
92525,荷馬と遊んでいるようで、毎
42934,"
"
58216,それ…ただ三月ウサギが言った…
82561,ここ数分で大きくなったことに気づき、あまりの
39049,踊りに参加しませんか、しませんか、しませんか、しませんか、しませんか？
12711,"
"
76556,グリフォンの叫び声、その他すべての奇妙な物音が、（彼女は
49746,アリスに、そのうちの一人を
11639,"
"
78125,小さくするんでしょうね」
30511,「私がその気になれば言えることに比べたら、そんなの何でもないわ」と公爵夫人は、
85541,"
"
86280,彼の扇と手袋を――見つけられればの話だけど」こう言いながら、彼女は
29713,テーブルに戻りました、半分は別の鍵を見つけられるかもしれないと期待して、あるいは
73394,言いました、「もし礼儀正しくできないなら、物語を自分で
16968,"
"
49464,"
"
45961,"
"
73916,アリスはそれについてこれ以上質問する気になれなかったので、彼女は
24089,"          no jury
"
17076,しかし、お姉さんは彼女が去ったときと同じようにじっと座り、手を
70991,猫や犬の話もしないわ、もし嫌いなら！」ネズミが
93511,金魚のことが頭から離れず、漠然とした考えが
36852,"next to her. ‘I can hardly breathe.’
"
34856,手を頭まで上げる見込みがなさそうだったので、彼女は
73186,敬意をもって扱われるべきだと感じた。
56211,「彼らは彼を連れて行かざるを得なかったんだ」と代用ウミガメは言いました。「
50883,"
"
84650,朝で、ちょうど授業を始める時間です。あなたはただ一言ささやけば
50442,教えてください、ここからどっちの道を行けばいいですか？」
44877,"
"
63232,彼女はとても慎重に作業に取り掛かり、まず一方を、次に
85548,"
"
27703,"
"
89304,"you speak?’
"
23179,お姉さんの膝に頭を乗せ、お姉さんは優しく枯れ葉を
39561,ひっくり返され、彼らの石板と鉛筆が見つけられて返され
42375,"
"
93747,「お茶から始まったんだ」と帽子屋は答えました。
82964,そんなにしょっちゅう変わるのは好きじゃないんですよ」
75429,そして彼女は、まず一方を、次に他方を取り、
22088,彼に彼女が一番好きだったと知らせないで、
29820,「彼らが全然公平にプレーしているとは思えないわ」アリスは、やや
10141,公爵夫人にクロッケーをプレイするよう招待状。」
48319,"
"
13227,"take more.’
"
75869,「ああ、まあ！だいたい同じことよ」と公爵夫人は、
34413,「ああ、君が歌え」とグリフォンは言いました。「歌詞を忘れたんだ」
67937,「もちろん違うわ」アリスはすぐに答えました。「でも、それは
40276,"
"
13515,本当のメアリー・アンだと思われて、小さな
78509,"
"
47936,変な時計ね！」と彼女は言いました。「日付はわかるけど、
16861,"           (WITH ALICE’S LOVE).
"
95249,王は彼女の腕に手を置き、おずおずと言いました。「考えておくれ、わが
76373,"
"
10388,真ん中で赤ちゃんをあやし、コックは火にかがんで
83910,「それ以来」と帽子屋は悲しげな口調で続けました、「彼は
72264,"it didn’t much matter which way she put it. She felt that she was dozing
"
83384,「陛下」とトゥーは非常に謙虚な口調で、
73955,"
"
98043,"
"
52938,ハリネズミを、そして体を二つ折りにした兵士たちがいつも起き上がって
17028,"to the door.
"
10158,"
"
66267,彼女がフラミンゴを捕まえて連れ戻す頃には、戦いは
21093,"disappointment it was empty: she did not like to drop the jar for fear
"
44600,「『それ』を見つけたんだ」とネズミはやや不機嫌に答えました。「もちろん、君が『それ』が
19507,"
"
52239,"fan and gloves.
"
95163,「コーラス、もう一度！」とグリフォンが叫び、代用ウミガメがちょうど
86956,"
"
56172,窓際に、そしてその上には（彼女が期待した通り）扇と二、三組の
18357,「さあ、パット、窓にあるあれは何だい？」
83028,『コウモリは猫を食べる？』なぜなら、どちらの質問にも答えられなかったので、
47005,そして、それはひどすぎる、本当に！」
73454,あなたがそうであった、あるいはそうであったかもしれないものが、他の人にはそうでないように見えること。
82846,そして彼女はとても親切にそれらを探し始めましたが、
43063,それを繰り返そうとしたとき、「裁判が始まるぞ！」という叫び声が
42576,それは突然再び現れた。
84141,"succeeded in bringing herself down to her usual height.
"
39231,"somewhere near the centre of the earth. Let me see: that would be four
"
53230,"
"
62889,その周りに大勢の人が集まっていた。
49642,「初めから始めよ」と王は厳かに言いました、「そして、
26364,"
"
54782,深い森の中で安全に。
43727,両方とも行く
60608,"
"
26974,女王がすぐ後ろで聞いているのに気づいたので、彼女は続けました、
44045,現れるのを待ち、一、二分してから
93120,"
"
83057,間違いありませんでした。それはまさしく豚で、彼女は
33420,言いました、「糖蜜の井戸だったんだ」
83894,"as if nothing had happened.
"
72393,ちなみに、裁判官は王さまでした。そして彼はかつらの上に王冠をかぶっていたので、
63873,「生き物たちはなんて命令ばかりして、授業を繰り返させるのかしら！」
21643,「信じないわ」とハトは言いました。「でも、もしそうなら、じゃあ
87558,"
"
64382,"
"
39650,彼もまた否定するかどうか不安そうに周りを見た。しかしヤマネは否定した。
17229,あなたのポケットに？」彼はアリスの方を向いて続けました。
68068,すぐに彼女の目はテーブルの下にある小さなガラスの箱に留まった。
57396,"
"
70412,"
"
54744,"
"
42613,追い出され、彼らが再び落ち着く頃には、コックは
98839,"
"
69878,会話。「あなたは…あなたは…犬が好きですか？」ネズミは
55894,"
"
83593,しかし、小さな悲鳴と転倒、そしてガラスが割れる音を聞きました。
57889,「どうしてだい？」と三月ウサギは言った。
93952,今！」かわいそうな小さな生き物は再びすすり泣きました（あるいはブーブー言いました、
97688,"
"
50222,今まで見た中で最も美しい庭園へ。彼女はそこから出ることをどれほど切望したことか。
18415,"
"
86827,兵士たちが残って不幸な庭師たちを処刑し、庭師たちは
40229,"
"
91902,"
"
15844,手をつないで陽気に飛び跳ねていました。彼らは皆
95210,「重要でない、もちろん、そう言いたかったのだ」と王は急いで言い、
67946,その事実の覚書。
49427,「もちろんないさ」と代用ウミガメは言いました。「なぜって、もし魚が僕のところに来て、
84333,そしてサメのことを軽蔑的な口調で話すだろう、
66991,「チェシャ猫だからよ」と公爵夫人は言いました。「だからよ。ブタ！」
41206,しかし、九九は大したことないわ。地理を試してみましょう。
35177,「理由はだね」とグリフォンは言いました、「彼らはロブスターと
95253,見えなくなり、年老いたカニが彼女に言う機会を得た。
14336,「それで、ダイナとはどなたですかな、もしお尋ねしてもよろしければ？」とインコは言いました。
25411,「それは普通、時間がかかるものだ」とグリフォンが割り込みました。
22138,王は手をこすり合わせながら言いました。「それでは、陪審員に――」
80649,口をひもで結びました。この中に彼らはモルモットを滑り込ませ、
39760,"
"
55502,"
"
54768,あまりに困惑した表情だったので、彼女は思わず吹き出してしまった。
62520,"
"
75394,まだ続きがあるに違いないと思い、じっと座って何も
66910,"
"
15898,あなたのことを自分で。あなたは自分で何とかしなければならない。でも私は
24619,ヒョウがうなりながらナイフとフォークを受け取っている間、
51659,"
"
73684,第7章 狂ったお茶会
24391,"all her coaxing.
"
71844,"brightened up at the thought that she was now the right size for going
"
27622,"
"
96407,"
"
37553,踊りへ。だから彼らは海に放り出された。だから彼らは長く
74504,"
"
38853,これはアリスにとって全く新しい考えで、彼女は少し考えました。
80153,「でも、今さら二人のふりをしても無駄だわ！」とかわいそうなアリスは思いました。
31318,離れて、それが何か確かめるために近くへ泳ぎました。最初は
40095,"
"
54605,「その場合」とドードーは厳粛に立ち上がりながら言いました、「私は
46590,「わん！わん！わん！」
70288,ハリネズミを、そして体を二つ折りにした兵士たちがいつも起き上がって
14088,「全員が勝ちで、全員が賞品をもらわなければならない」
33083,「私たちが小さかった頃」と代用ウミガメはついに、より落ち着いて続けました、
36382,あまりに怖くて一言も言えず、ゆっくりと彼女について
55587,"possibly hear you.’ And certainly there was a most extraordinary noise
"
58010,「彼らは絵を描くことを学んでいたんだ」とヤマネはあくびをしながら目をこすりながら続けました、
45394,頭で打とうとすると、体をねじって彼女の顔を見上げ、
81422,"
"
56928,「彼らに親切にしないと」とアリスは思いました、「さもないと、私が望む
39820,"
"
46179,「W・RABBIT」と刻まれたプレート。彼女は
10236,「首をはねろ！」と女王は声を張り上げて叫んだ。誰も
31434,"
"
17296,「何を食べて生きていたの？」とアリスは、いつも食べ物と
13649,外の声がして、耳を澄ませました。
37692,テーブルの脚を一本登ろうと最善を尽くしましたが、滑りすぎて
33681,"
"
31978,巻き毛で、私のは全然巻き毛じゃないし、それに私はきっと
87417,猫なしで！人生で見た中で一番奇妙なことだわ！
58938,"
"
66537,「あなたは私を焼きすぎた、髪に砂糖をかけなければ」
94494,「――どこかへたどり着きさえすれば」とアリスは説明として付け加えました。
14203,「失礼なことを言うな」と王は言いました、「そしてそんな目で私を見るな！」
10833,「そうだったね、君！」と他の者たちが言いました。
53904,"
"
56490,美しのスープ！
43125,第4章 ウサギが小さなビルを送り込む
80793,"
"
94964,(コックと赤ん坊も加わって)：
15560,"birthday presents like that!’ But she did not venture to say it out
"
51746,"‘Nothing WHATEVER?’ persisted the King.
"
76093,しかし、ああ！錠が大きすぎるか、鍵が小さすぎるかのどちらかで、
78086,「片側はあなたを高くし、もう片側はあなたを
82519,「なぜって、彼女だよ、もちろん」とドードーはアリスを指差して言いました。
63217,"CHAPTER VIII. The Queen’s Croquet-Ground
"
37994,"and broke to pieces against one of the trees behind him.
"
72697,彼。そして王の近くには白ウサギがいて、片手にトランペット、
74696,終わりにきたら、そこでやめなさい。」
12941,知ってる。
53694,"
"
26481,"
"
99115,少し眠くなり、夢見心地で独り言を言い続けました、
71145,アリスには、彼らの肩越しに見ているかのように、
47603,"
"
92033,ビルの代わりには十分だわ。この暖炉は確かに狭いけど、
63755,小さな車輪のゴロゴロという音と、たくさんの声が
14827,"
"
64520,"
"
16473,「そんなことないって言ったじゃない！」とアリスが割り込んだ。
56857,"
"
91154,"
"
18461,カラスと書き物机について覚えていることすべてを考えました、
73377,「そうに違いないさ」と猫は言いました。「でなければここへは来なかっただろう」
77751,自分に言い聞かせました。「まあ、何でもビルに押し付けるみたいね！私なら
39290,望遠鏡。
58603,「起きて、アリスちゃん！」とお姉さんは言いました。「まあ、なんて長い
81563,回ってみると、以前気づかなかった低いカーテンに出くわし、
83459,"from which she concluded that it was just possible it had fallen into a
"
33711,"
"
98831,この事件に関わって、
18689,「はい！」とアリスは叫んだ。
18639,「こっちへ渡しなさい」とドードーは言いました。
37870,出て行け、さもないと階段から蹴り落とすぞ！」
36125,とアリスは思いました。「すぐに学校にいるのと同じだわ」しかし、彼女は
24334,窓！
68774,次に何をするつもりかしら！ もし分別があったら、
25888,"
"
61285,アリスはこの発言の口調が全く気に入らず、
14266,はしごは？――なぜって、一本しか持ってこなかったんだ。ビルがもう一本持ってる――ビル！
35958,上へ。
51307,プレイヤーたちは皆、順番を待たずに一斉にプレーし、
11849,一度に四本の足で、喜びの叫び声を上げて、棒に突進しました、
29860,と自分に言い聞かせました、「もし変える正しい方法を知っていれば――」その時
44472,"
"
22528,"             Said
"
40495,ヒゲが！
93094,"
"
60208,「向こう側には、もう一つの岸があるんだよ。
92485,"
"
32926,"     And pour the waters of the Nile
"
71342,「陛下、この証人を反対尋問しなければなりません。」
24218,公爵夫人は一呼吸おいて言いました。「理由はね、
20843,「あれはロブスターの声だ。彼が宣言するのを聞いた、
40750,"
"
16656,自分が変わったと思いますか？」
41738,"
"
45887,踊りに参加しませんか、しませんか、しませんか、しませんか、しませんか？」
18275,今朝起きたとき自分が誰だったか、でもきっと
27962,「私を食べて」と干しブドウで美しく書かれていました。「よし、これを食べよう」と
31128,"her eyes; and once she remembered trying to box her own ears for having
"
58246,そして小さな金の鍵を取り、庭に通じる
47903,どうぞ、その理由は何ですか？」
23814,"changed several times since then.’
"
79821,彼はあなたに彼らを解放してくれるよう頼んでいます、
11523,"
"
86521,再び。
65058,"
"
19179,"‘Tell us a story!’ said the March Hare.
"
63605,お姉さんが読んでいる本を、しかしそれには絵も会話も
92087,"
"
58217,そしてパーティー全員がすぐに彼女の周りに集まり、混乱した
61007,"   Do you think I can listen all day to such stuff?
"
81344,"remark that had made the whole party look so grave and anxious.)
"
72215,"      really this
"
92644,「鉱物だと思うわ」とアリスは言いました。
92675,小さくするなら、ドアの下をくぐれるわ。だからどっちにしても
64562,史上最大の望遠鏡のように伸びていく！さようなら、足たち！」
92282,笑い声。「ああ、静かに！」とウサギはおびえた声でささやきました。
47783,「『ウィリアム父さん、あなたはお年寄り』を暗唱せよ」とイモムシは言いました。
75421,進みました、遠くで女王が情熱的に叫んでいるのが聞こえたので、
16162,やって来る。「席はたくさんあるじゃない！」とアリスは憤慨して言い、
40275,"
"
55946,しかし、お姉さんは彼女が去ったときと同じようにじっと座り、手を
22780,両腕をそれに回せるだけ回して、ひとかけら
69013,"  How the Owl and the Panther were sharing a pie--’
"
32960,"
"
68389,「調子はどうだい？」と猫は、口が
16260,進みました、遠くで女王が情熱的に叫んでいるのが聞こえたので、
86777,白ウサギが急いで通り過ぎると、長い草が彼女の足元でざわめいた。
61847,"about it. And yet I wish I could show you our cat Dinah: I think you’d
"
78763,"clever thing the King had said that day.
"
93975,"
"
41255,そんなものを見たことがない。
63635,"
"
80146,「彼をトータスと呼んだのは、彼が我々をトータスしたからだ」と代用ウミガメは
95610,詩を自分に言い聞かせました：「『我々はそれが真実であることを知っている――』それは陪審員だ、
87752,家、
88363,アリスは少しおずおずと言いました。「でも、昨日に戻っても無駄よ、
13530,"doesn’t suit my throat!’ and a Canary called out in a trembling voice to
"
57958,"
"
36432,ここに一人でいることの！
36123,「愛こそが、世界を回すのだ！」
99843,上へ。
46731,彼女がフラミンゴを捕まえて連れ戻す頃には、戦いは
33338,そしてそれが私の顎に与えた筋力は、
58538,"
"
25475,（足元を見ると、ほとんど見えなく
43038,"          try the
"
86434,それがネズミをみんな殺すって…ああ、大変！」アリスは悲しげに叫んだ。
61733,落ちた鳥や動物たち：アヒルとドードーがいました、
66160,"
"
40571,「まあ、やらねばならぬなら、やらねばなるまい」と王は憂鬱な様子で言いました、そして、
43768,"
"
53753,自分が変わったと思いますか？」
21994,「私は貧しい男で」と帽子屋は続けました、「そしてその後、ほとんどのものがきらめきました」
11362,"questions of eating and drinking.
"
44661,入っていなかった）、そしてそれらを賞品として配りました。ちょうど一人
48572,窓のすぐ下でウサギの声が聞こえたので、彼女は突然
46995,"
"
10909,"
"
64661,「何を見つけたんだ？」とアヒルは言った。
93215,「うちにダイナがいてくれたらいいのに、本当に！」とアリスは、
69498,"
"
58484,聞いているかもしれないと思い、再び続けました。「24時間だと思うわ、それとも
94675,"
"
54467,"
"
94189,"
"
66841,さもなければ、彼の顔だけを見て、彼女は彼を
10447,"
"
90921,パイがすべて終わったとき、フクロウは褒美として、
71045,"distance.
"
13661,それを繰り返そうとしたとき、「裁判が始まるぞ！」という叫び声が
43085,アリスがドアを開けると、それは小さな、
33095,アリスはますます混乱しましたが、
23527,一分に一度くらい「首をはねろ！」と叫びながら
26268,"
"
17704,"tone: ‘tell her something about the games now.’
"
92681,なんと見事に爪を広げ、
94338,"      breath.”
"
69657,「どんなエビでもそう言っただろう。」
55168,ネズミはこれを聞くと、向きを変えてゆっくりと彼女の方へ泳ぎ戻りました。その
20603,"‘ARE you to get in at all?’ said the Footman. ‘That’s the first
"
12179,"yourself!’
"
48473,バター付きパンがとても薄くなり…そしてお茶のきらめき…
78652,"left alive!’
"
77197,窓のすぐ下でウサギの声が聞こえたので、彼女は突然
38927,"
"
43455,あなたは我々に三つ以上を与えた。
40216,"とグリフォンは言った。そして、彼を揺さぶり、"""
23960,これはアリスにとって全く新しい考えで、彼女は少し考えました。
64416,"
"
98967,"
"
77358,全部話しておくれ！
38009,ハトが終わるまで、それ以上何も言わずに。
45329,本でそれらについて読んでいて、自分がその名前を
79751,"way. So they got their tails fast in their mouths. So they couldn’t get
"
92925,ノルマン人――」さあ、どうだい、お嬢さん？」とそれは続け、
88029,起き上がって手足で立ち、アーチを作るように。
92559,頬を伝って流れ落ち、彼は再び続けました：――
10325,「美しいスープ！魚なんて誰が気にする、
56407,"all her coaxing.
"
11516,"    Because he knows it teases.’
"
98740,"
"
67129,これは証人を全く勇気づけるものではなかった。彼は動き続けた。
17062,ちょうどその時、彼女の頭がホールの天井にぶつかった。実際、彼女は
54769,"
"
51814,「なんと楽しそうに彼はにやりと笑うことか、
79152,"‘What’s in it?’ said the Queen.
"
64749,あなたの目が相変わらずしっかりしていたこと。
72585,かつらを、（どうやったか見たいなら口絵を見てください）彼は
24249,それが指し示した方向に、それが犯した間違いを説明しようともせず、
75437,四十二。身長一マイル以上の者は全員法廷を退去せよ。」
52335,* * * * * *
39626,彼らの前に腕を組んで、雷雨のように顔をしかめて立っていました。
45620,約2フィートの高さでした。それでも彼女はややおずおずとそれに近づきました、
36182,「家を焼き払わなければ！」とウサギの声がした。そしてアリスは呼んだ。
36624,"
"
63603,彼らの前に腕を組んで、雷雨のように顔をしかめて立っていました。
31366,望遠鏡のように縮めるなんて！私にもできると思う、始め方さえわかれば」
40395,彼女は話しながらそれを動かしていましたが、何の結果も出ませんでした、
62595,"
"
33423,いるから。第二に、中でひどい騒ぎをしているから、誰も
14888,「ぼうやには乱暴に、
27727,私がやったとは証明できない。最後に署名がないからだ。」
48047,ここで他のモルモットが歓声を上げ、抑えられました。
42998,「もちろんないさ」と代用ウミガメは言いました。「なぜって、もし魚が僕のところに来て、
36126,生涯で、どこへ行こうとも、
40594,"
"
71111,それを食べ、とても美味しいと思いました（実際、それはチェリータルト、
41677,"
"
56087,「どうぞ、それ以上長く言うのはおやめください」と
33616,（我々はそれが真実だと知っている）：
55857,三月ウサギの場所。帽子屋だけが
56831,それは突然再び現れた。
82932,その周りに大勢の人が集まっていた。
29058,外側には何も書かれていない」彼は話しながら紙を広げ、
27464,病気だったに違いない。」
84412,"それらを苦くし…そして…麦芽糖や、子供たちを"""
33577,「布告官、起訴状を読め！」と王は言いました。
94671,「とても嬉しいですわ」とアリスは言いました、「でも、まだ
26907,"
"
58726,"
"
52159,ネズミ捕り、月、記憶、そして『だいたい同じようなもの』――あなたは『だいたい同じようなもの』の
42174,「陛下」とトゥーは非常に謙虚な口調で、
48027,"
"
27318,"waited for a few minutes to see if she was going to shrink any further:
"
78422,3人よりずっと多い。」
53563,"
"
18247,"
"
72869,「ブタって言ったのよ」アリスは答えました。「それに、現れたり
43405,再び逃げ出し、彼女の
20141,"
"
60114,「授業の話はもうたくさんだ」とグリフォンはきっぱりとした
42891,一体私は誰なの？ああ、それが大問題だわ！」そして彼女は考え始めました
92540,"
"
73998,はしごは？――なぜって、一本しか持ってこなかったんだ。ビルがもう一本持ってる――ビル！
24217,"   An obstacle that came between
"
20578,今の彼女で、すぐにそれがただのネズミだとわかりました。
70911,* * * * * *
64391,「今、このネズミに話しかけても役に立つかしら？」とアリスは思いました。
99433,「それは野菜だよ。そうは見えないけど、そうなんだ」
17369,王家の子供たち、そして他の全員。
14307,あなた自身を。
71522,「――そして外で首をはねておしまい」と女王は士官の一人に付け加えました。
85251,夜のうちに変わってしまったのかしら？考えてみよう。私は
22406,会話？
13721,と自分に言い聞かせました、「始めもしないで、どうやって終われるのかしら」しかし
73187,アリスは他にすることがなかったので、待ってみるのもいいと思いました。
62130,彼らは皆、彼からあなたの元へ戻った、
68366,"
"
95546,小さくするなら、ドアの下をくぐれるわ。だからどっちにしても
90906,"
"
84188,それがネズミをみんな殺すって…ああ、大変！」アリスは悲しげに叫んだ。
18812,"without even waiting to put his shoes on.
"
54344,"             Said
"
50347,「初めから始めよ」と王は厳かに言いました、「そして、
44690,美しのスープ！
68661,「ほとんど2マイルの高さよ」と女王が付け加えました。
69894,「宛名が全くないんです」と白ウサギは言いました。「実際、
27215,"had brought herself down to nine inches high.
"
86563,"
"
48216,"The Caterpillar and Alice looked at each other for some time in silence:
"
60388,「代用ウミガメスープが作られるものよ」と女王は言いました。
79584,「ゲームは今、だいぶうまくいってるわね」と彼女は会話を
89524,宵のスープ、美しいスープ！
43570,"          try the
"
99366,それを外の空気に持ち出しました。「もし私がこの子を連れて行かなければ、
50202,"the March Hare.
"
47642,「その場合」とドードーは厳粛に立ち上がりながら言いました、「私は
13928,"
"
45366,第7章 狂ったお茶会
41320,「どうして私が狂ってるってわかるの？」とアリスは言った。
43413,"
"
86879,「全く気に入らんな」と王は言いました。「しかし、
30480,"     Like a tea-tray in the sky.
"
12495,"‘Not I!’ said the Lory hastily.
"
21375,"
"
11177,"
"
69974,と答えたので、グリフォンはやや気分を害した口調で言いました、
85125,彼らに、そして皆びしょ濡れで、不機嫌で、不快でした。
95064,"
"
37802,「それがあなたのやり方なの？」とアリスは尋ねた。
18806,本当のメアリー・アンだと思われて、小さな
35809,座り込んで泣いた。
38212,ひれで科目を数えながら、「――神秘学、古代と現代、
73130,"The Hatter opened his eyes very wide on hearing this; but all he SAID
"
23026,もちろんそうではありませんでした、完全に厚紙でできていたので。）
83615,ここでヤマネは身震いし、眠りながら「きらきら」と歌い始めました、
57237,すぐにここへ来て、散歩の準備をしなさい！」 「すぐに行きます、
89092,とアリスはなだめるような口調で言い、それに口笛を吹こうとしましたが、
25752,"
"
50882,「黙れ！」とグリフォンはアリスが再び話す前に付け加えました。
30829,"
"
29873,アリスがドアを開けると、それは小さな、
93634,"fountains.
"
40128,二人とも、私が終わるまで一言も話すんじゃない」
63676,"presents to one’s own feet! And how odd the directions will look!
"
83737,「気にしないで！」と王は大きな安堵の表情で言いました。「次の
60968,「なるほど！」と女王は、その間にバラを調べていたのですが、言いました。
66936,次に何をしようかと思っていたとき、突然制服を着た従卒が
33360,自分が変わったと思いますか？」
69567,娘に「ああ、おまえ！これは決して気性を失わないようにという
79256,キンポウゲにもたれて休み、葉の一枚で自分をあおぎました。
95771,台所で会うと獰猛だった。
52427,「私は貧しい男で」と帽子屋は続けました、「そしてその後、ほとんどのものがきらめきました」
57886,動物で、いくつかは鳥でした）、「彼らが陪審員なのね」と彼女は
76983,代用ウミガメにまだ会っていないのかい？
37943,美しい、美しいスープ！
98563,"    (Before she had this fit)
"
98952,「私は1マイルも高くないわ」とアリスは言いました。
39751,"
"
44936," ‘“What matters it how far we go?” his scaly friend replied.
"
60220,史上最大の望遠鏡のように伸びていく！さようなら、足たち！」
33870,そして待った。
67673,"
"
94613,「それなら、言いたいことを言うべきだ」と三月ウサギは続けました。
44014,"began shrinking directly. As soon as she was small enough to get through
"
88955,実に奇妙だった：
95101,"
"
30044,フラミンゴを置き、ゲームの説明を始めました、とても喜んで
21727,「彼らは糖蜜で生きていたんだ」とヤマネは一、二分考えてから言いました。
69325,ここでは人を首にするのが好きなの。驚くべきは、
50650,"
"
92500,千マイル下だと思うわ――」（ご存知のように、アリスは
41643,"
"
25145,"
"
97888,それらをそんなにピカピカにするの？
82989,涙を流し、周りには4インチほどの大きな水たまりができました。
46693,ハリネズミは別のハリネズミと戦っていました、それは
78357,"impossible.
"
30744,"
"
26828,"‘And what are they made of?’ Alice asked in a tone of great curiosity.
"
57658,王家の子供たち、そして他の全員。
79957,"
"
69987,鍋、皿、食器の雨。公爵夫人は
91259,"     “Let us
"
45572,"
"
26473,"
"
76288,"doing?’ Alice whispered to the Gryphon. ‘They can’t have anything to put
"
60966,さもなければ、彼の顔だけを見て、彼女は彼を
22227,彼らは皆、深くお辞儀をした。
26763,全く快適そうには見えず、確かに似合っていませんでした。
48342,好きなだけ一時半に。
62994,"
"
99245,"
"
38370,腕を組んで、コックを睨みつけ、目が
28781,"verse.’
"
78020,ティースプーンで三月ウサギを指して）「――それは、
79266,"
"
77624,"
"
25996,「まあ！笑っていない猫はよく見るけど」とアリスは思いました。「でも、笑いだけなんて
89794,"she’ll eat a little bird as soon as look at it!’
"
77090,「似たようなことを聞いたことがあります」とアリスは言いました。
46939,瞬間、野獣のように、「あの女の首をはねよ！はねよ――」と叫びました。
35120,ヤマネの席に移り、アリスはやや不本意ながら
49155,四十二。身長一マイル以上の者は全員法廷を退去せよ。」
13403,「まあ、自分で見せることはできないんだ」と代用ウミガメは言いました。「僕は
31195,ような感じで、「猫はコウモリを食べる？猫はコウモリを食べる？」そして時々、「
60329,"
"
96637,「ああ、彼に話しても無駄よ」アリスは絶望的に言いました。「彼は
32412,全く。彼らを怖がる必要はないわ！
73157,"
"
14324,世界一の猫よ！ああ、愛しのダイナ！もう二度とあなたに会えないのかしら
55459,しかし、彼女は独り言で付け加えました、「なぜって、彼らは結局ただのトランプの
94168,"from which she concluded that it was just possible it had fallen into a
"
28981,「まあ、最初の節をほとんど終えていなかったんだ」と帽子屋は言いました、「
60757,トランペットを吹き鳴らし、「最初の証人！」と呼び出しました。
71322,家の！」（それはおそらく本当だっただろう。）
49842,「あなたは私を焼きすぎた、髪に砂糖をかけなければ」
24161,「ワインはいかが」と三月ウサギは励ますような口調で言いました。
37474,知識をひけらかすにはあまり良い機会ではありませんでした、なぜなら
88295,アリスの右足様
18396,"
"
95036,毎回少し前に進み、大きく後ずさりし、しわがれた声で吠えながら
70511,「もちろんそうだったよ」とヤマネは言いました。「――ずっぽりとね」
71810,「さあ、行こう！」とグリフォンが叫び、アリスの手を取って急いで
83501,「ノックするなら意味があるかもしれないがな」と従卒は続けました
15676,彼女のはるか下に広がる緑の葉の海。
22619,"‘Of course twinkling begins with a T!’ said the King sharply. ‘Do you
"
58856,彼女は最後の言葉をあまりに突然激しく言ったので、アリスは全く
90290,「彼はそれを否定している」と王は言いました。「その部分は省け」
95244,それで彼らはアリスの周りを厳粛にぐるぐると踊り始めました、時々
35002,「コーカス・レースって何？」とアリスは言いました。あまり知りたかったわけではありませんでしたが、
47378,"
"
11279,私の毛皮とひげが！彼女は私を処刑させるだろう、フェレットが
80957,"Hatter and the March Hare went ‘Sh! sh!’ and the Dormouse sulkily
"
95863,"your cat grins like that?’
"
98070,"
"
19697,"
"
74040,"      All on a summer day:
"
99131,瓶の半分を飲むと、頭が天井に押し付けられているのに気づきました、
65742,"        prosecute
"
31454,"stiff. And the Gryphon never learnt it.’
"
51766,「まあ！笑っていない猫はよく見るけど」とアリスは思いました。「でも、笑いだけなんて
37739,もの――半分も覚えていないわ――そしてそれは農家のものよ、
25788,ガラスでした。その上には小さな金の鍵以外何もありませんでした、そしてアリスの
44565,"
"
83410,"
"
68713,「よいお天気でございますね、陛下！」と公爵夫人は低く、か細い声で始めました。
47930,"
"
80514,どっちの方向に？」と、頭の上に手を置いてどちらに
85563,陪審員たちがショックから少し立ち直るとすぐに
34310,彼らが私たちを捕まえて、ロブスターと一緒に海へ投げ込むとき！」
30848,日陰で休んでいました。しかし、彼女を見るとすぐに、彼らは
10219,"
"
54640,「なぜだ？」と芋虫は言った。
37073,"‘Are you content now?’ said the Caterpillar.
"
74092,"
"
48668,"
"
28035,経度も知りませんでしたが、口にするのに素敵で壮大な言葉だと思いました。）
88065,ここで何をしてるんだ？今すぐ家に帰って、手袋と扇を取ってこい！
17040,"
"
17474,"fish)--and rapped loudly at the door with his knuckles. It was opened
"
45602,時々ありました。例えば、「旦那様、まったく、まったく気に入りません」
65420,そして、非常に太った。
52076,その周りに大勢の人が集まっていた。
18640,「なんと楽しそうに彼はにやりと笑うことか、
33081,うとうとし、ダイナと手をつないで
97649,"
"
51119,"
"
62784,「その通りよ」と公爵夫人は言いました。「そしてその教訓は――『ああ、愛こそが、
80962,「あなたの意見は誰も聞いてないわ」とアリスは言いました。
60334,アリスはとても不安になり始めました。確かに、まだ何の
85423,"
"
64777,なのに、あなたは鼻の先でウナギのバランスをとった。
74457,あなたは我々に三つ以上を与えた。
82770,"
"
56871,ちょうどヤマネが法廷を横切ったとき、彼女は士官の一人に言いました
57899,いるから。第二に、中でひどい騒ぎをしているから、誰も
84481,「時間がなかったんだ」とグリフォンは言いました。「でも古典の先生のところには行ったよ。
67830,一同に向かって、「お前たちは皆、許される」と言いました。「さあ、それはいい
74057,"just as well.
"
78553,口調で。「女王様に聞こえますよ！ご存知でしょう、女王様は少し遅れていらして、
50672,"
"
21318,「彼の庭を通りかかり、片目で見届けた、
90374,水から突然飛び出し、恐怖で全身が震えているように見えました。
46500,「まあ、自分で見せることはできないんだ」と代用ウミガメは言いました。「僕は
12207,"
"
98460,「私を食べて」と干しブドウで美しく書かれていました。「よし、これを食べよう」と
90704,この後、長い沈黙があり、アリスには
32045,「いいえ、言いませんでした」とアリスは言いました。「少しも残念だとは思いません。私は
53857,ネズミみたいにね。でも、猫はコウモリを食べるのかしら？」ここでアリスは
44819,すぐにウサギは、うろうろしているアリスに気づき、
34889,もちろんよ。でも、もうお茶の時間だから、急いで。遅くなるわ」それで
80701,そして小さな金の鍵を取り、庭に通じる
10473,「今のところは大丈夫だ」と王は言い、詩を
66595,"
"
85290,それを食べ、とても美味しいと思いました（実際、それはチェリータルト、
33431,アリスはどうしていいかわからず、絶望してポケットに
68558,",まっすぐに通じていました。「とても奇妙だわ！」と彼女は思いました。「でも、"""
49272,"
"
90551,「私があなたの腰に腕を回さないのを不思議に思っているでしょうね」
82818,"
"
44643,「――ええ、それがだいたい正しい距離ね――でも、それから緯度は
55512,「ここではみんな『さあ、行こう！』って言うのね」とアリスは、ゆっくりと
91086,地面の」それで彼女はそれを腕の下にしまい込み、
32670,"
"
69753,"through the air! Do you think you could manage it?) ‘And what an
"
87306,"
"
34442,美しいスープをたった1ペニー分？
49388,"「私はすべての手足をとてもしなやかに保っていた"""
51013,"
"
61336,前足で拍子をとり、代用ウミガメはこれをとてもゆっくりと
81812,幸運なことに、アリスにとって、小さな魔法の瓶は今や完全に効果を発揮し、
27279,すぐにそれを持ち去る機会を見つけた。彼女はあまりに素早くそれをやったので
47424,"a rabbit! I suppose Dinah’ll be sending me on messages next!’ And she
"
52546,くしゃみをしなかったのは、コックと、炉辺に座っていた大きな猫だけでした。
80193,大急ぎで。
38405,翼で彼女を激しく叩いていた。
54641,「ゲームは今、だいぶうまくいってるわね」と彼女は会話を
56023,「美しいスープ、とても濃厚で緑色、
73482,"
"
35326,"
"
18071,頭を下げようとしましたが、首が
37677,「はい」とアリスは言いました、「フランス語と音楽を習いました」
32944,涙。
35608,"
"
78255,お前は狂っている。
47363,優雅なジグザグに曲げることに成功し、
73471,ここで女王は眼鏡をかけ、帽子屋をじっと見つめ始めました、
21313,アリスは少しおずおずと言いました。「でも、昨日に戻っても無駄よ、
50320,とかわいそうな子供は思いました、「だって、今までこんなに小さかったことはないもの、絶対に！
65088,"
"
40474,轢かれないようにするため。そして、彼女が現れた瞬間
29743,"
"
46972,巨大な長さの首で、それは緑の葉の海から
42267,彼らの前に腕を組んで、雷雨のように顔をしかめて立っていました。
59406,「さあ、これから楽しくなるわ！」とアリスは思いました。「彼らが
26425,自分でね」
16082,「説明してもらいたいな」と代用ウミガメは言いました。
22183,"things--everything that begins with an M--’
"
55237,"
"
14761,"          no jury
"
81302,「僕の場合も全く同じだ」と帽子屋は言いました。
68543,それが話すとき、まっすぐに体を起こした（それはちょうど3インチの高さだった）。
61512,その見込みはなさそうだったので、彼女は周りのものすべてを
82635,でしょう。すみません、奥様、ここはニュージーランドですか、それともオーストラリアですか？」（そして
44792,腕を組み、再び口から水パイプを外し、「それで、君は
70580,てっぺんに腕を組んで座り、静かに長い
36004,それなのに、あなたは絶えず逆立ちしている。
51860,戸口に。「それに、たとえ頭が通ったとしても」とかわいそうなアリスは思いました、「
50808,ネズミのしっぽ。「でも、なぜそれを悲しいと呼ぶの？」そして彼女は考え続けた。
18873,"
"
51609,「そうだね、やめておいたほうがいいと思うよ」とグリフォンは言いました。そしてアリスは
99304,私が頼んだことをしろ！今はいつも6時なんだ。」
57671,「二列だ！」と代用ウミガメは叫びました。「アザラシ、カメ、サケ、その他いろいろ。
12423,この瓶がするわ。本当に、また大きくなれたらいいな、
52890,"
"
96235,知ってるわ、ああ、長くて巻き毛の茶色い髪で！そして
85728,「ああ、それは仕方ないさ」と猫は言いました。「ここではみんな狂ってる。僕も狂ってる。
78168,"
"
28830,"loud.
"
25277,ウサギが、見事に着飾って、白い子ヤギ革の手袋を
35144,尻尾の先から始まり、にやにや笑いで終わるのですが、そのにやにや笑いは
22393,"
"
63982,"
"
60079,"
"
19877,"
"
60894,再び始めました、インクを使って、それが続く限り顔を
26467,"
"
11132,「さあ、パット、窓にあるあれは何だい？」
18874,「そう思いますわ」とアリスは言いました。
76085,さて、もし君が彼と仲良くし続けていれば、彼は君が
61231,王は眼鏡をかけて、誰が
12160,"Lobster Quadrille is!’
"
26832,自身の子供時代と、幸せな夏の日々を思い出しながら。
14417,"that it was quite impossible to say whether the blows hurt it or not.
"
56476,陪審員の一人がキーキーと鳴る鉛筆を持っていました。もちろんアリスは
42538,井戸の側面を見て、それが食器棚で
19282,「まあ、そうではないかもしれません」アリスはなだめるような口調で言いました。「
67147,"
"
71916,"
"
62521,私たちの家の近くにいる、見せてあげたい犬がいるの！目がキラキラした小さなテリアよ、
69589,私が他の誰かになるまで」――でも、ああ、なんてこと！」とアリスは突然
30906,"
"
44805,チョッキのポケットや時計を
85724,"
"
99465,"‘And how did you manage on the twelfth?’ Alice went on eagerly.
"
66673,"        prosecute
"
22177,すっかり会話になっていた。しかし、数分後、彼女は
29309,"
"
99594,「確かにそうでございます、旦那様。しかし、それでも腕でございます」
17868,"
"
80616,ここへ持ってこい、若いの！――ここだ、この角に立てかけろ――いや、
94448,深く、ホールの半分まで達していた。
82049,「あなたはお年寄り」と若者は言いました、「ほとんど誰も
62981,この生き物を家に連れて帰ったらどうしよう？」そのとき、それは再び、あまりに激しく
90689,会話。「あなたは…あなたは…犬が好きですか？」ネズミは
10269,お茶とバター付きパンをいただき、それからヤマネの方を向いて、
68170,アリスはこれまで裁判所に行ったことはありませんでしたが、
73402,そして地面の他の場所へ歩いていくと、アリスはすぐに
66930,"
"
10250,経度も知りませんでしたが、口にするのに素敵で壮大な言葉だと思いました。）
71697,小さくするんでしょうね」
35771,何かが再び自然な方法で起こるかどうか不思議に思いながら。
18743,台所で会うと獰猛だった。
75728,私のことを書いた本があるべきだわ、絶対に！そして私が
60999,時々くしゃみをしていました。そして赤ちゃんは、
14787,"
"
12781,"long as there was room for her.
"
55407,もう片方の手にバター付きパンを持っていました。「失礼ですが、陛下、
42423,ドードーが突然「レースは終わりだ！」と叫び、彼らは皆
54388,猫や犬の話もしないわ、もし嫌いなら！」ネズミが
63762,自分でね」
26753,"           I’ll take no
"
36385,くすくすと笑った。
73156,"‘One side of WHAT? The other side of WHAT?’ thought Alice to herself.
"
50914,自分の涙で溺れるなんて！それは確かに奇妙なことになるわ！
92241,あなたのもの。」
43658,「少しも」とイモムシは言いました。
97989,は完全に消えていた。
44997,「なるほど！」と女王は、その間にバラを調べていたのですが、言いました。
54292,地面――そして、さっき女王様のハリネズミをクロッケーできたはずなのに、ただ
74902,彼女がフラミンゴを捕まえて連れ戻す頃には、戦いは
77535,できた。
84303,"leaves that had fluttered down from the trees upon her face.
"
42431,"head!”’
"
70138,「嫌だね」とコックは言いました。
89753,"
"
48664,"
"
45055,"
"
66386,"「小さなワニはいかにして"""
24012,「宛名が全くないんです」と白ウサギは言いました。「実際、
97926,と自分に言い聞かせました、「もし変える正しい方法を知っていれば――」その時
45667,皿かやかんが粉々に割れたような、大きな衝突音がしました。
39863,「それ以来」と帽子屋は悲しげな口調で続けました、「彼は
91626,"to Alice for protection.
"
80045,"
"
70093,"‘Are you content now?’ said the Caterpillar.
"
45072,"三月ウサギとその友人たちが"""
77954,「信じないわ」とハトは言いました。「でも、もしそうなら、じゃあ
57486,"
"
97519,「それは非常に重要だ」と王は陪審員の方を向いて言いました。彼らは
28441,"take more.’
"
97486,"
"
55925,"after that savage Queen: so she waited.
"
81626,作った。
28477,"set to work at once to eat some of the other bit. Her chin was pressed
"
27611,ついに彼らから解放されると思いきや、彼らはどうしても
50161,大変な好奇心をもって猫の頭に。
37158,彼らが私たちを捕まえて、ロブスターと一緒に海へ投げ込むとき！」
26080,「猫が好きじゃないって！」とネズミは甲高い情熱的な声で叫びました。「
28547,"
"
30113,"left alive!’
"
29471,重いため息。
13050,沈黙、そしてまた別の声の混乱――「頭を支えろ――ブランデーを
58009,"
"
34122,こう言いながら彼女は自分の手を見下ろし、驚きました。
68598,両方とも行く
45238,カメ。
12372,"‘One side of WHAT? The other side of WHAT?’ thought Alice to herself.
"
96565,"
"
84227,廷臣たち、あるいは自分の子供たちのうちの三人。
16500,小さくするんでしょうね」
81283,"
"
38892,"
"
53006,踊りへ。だから彼らは海に放り出された。だから彼らは長く
97099,「ここではみんな『さあ、行こう！』って言うのね」とアリスは、ゆっくりと
24235,"
"
66540,「まあ、自分で見せることはできないんだ」と代用ウミガメは言いました。「僕は
54573,王の主張は、頭を持つものは何でも
36144,"           (WITH ALICE’S LOVE).
"
59920,（絵の中でシェイクスピアがよく見られる姿勢）
86833,いつも目に入ってくる――そして彼女が聞いている、あるいは
40336,両腕をそれに回せるだけ回して、ひとかけら
90195,"
"
17097,"
"
67405,するとセブンは顔を上げて言いました、「その通りだ、ファイブ！いつも
75149,"
"
72753,"the March Hare.
"
80675,うさぎ。ウサギの穴に落ちなければよかったのに…でも…でも
12677,"海。先生は年老いたカメだった…私たちは彼をトータスと呼んでいた…"""
15689,瞬間、心配そうに庭を見渡していたファイブが
52579,私が命じた処刑だ」と言い、彼女は立ち去り、アリスを
28492,"
"
73735,私は泳げなかった――」あなたは泳げないんでしょう？」と彼は
53587,お腹が空かないでしょう」
47925,葉：「芸を教えるのがとても楽しかっただろうに、もし――もし私が
75510,間違いありませんでした。ただアリスはそう言われるのが好きではありませんでした。「本当に
37899,怯えたネズミが近くのプールをばしゃばしゃと進んでいった。
45428,それには特に驚くべきことは何もなかった。アリスもそうは思わなかった。
63044,"「全然違う！」と帽子屋は言った。「それならこう言っても同じことだ"""
61077,ゲームに戻ると、女王は少しの遅れが
70068,宵のスープ、美しいスープ！
74038,「そんなことをする猫は一匹も知りませんわ」アリスはとても丁寧に、すっかり
96417,"   An obstacle that came between
"
29159,そんなことは急いでやらないわ。「いや、まず見てから」と彼女は言いました、「そして
31062,"
"
87233,どちらと言うべきか）、そして彼らはしばらく黙って進みました。
74842,"
"
60167,「その答えを見つけ出せると思うということかい？」と
36921,"    (Before she had this fit)
"
47579,あの暗いホールを出て、明るい花壇や
72248,"
"
12534,"その瞬間、彼女は正しい英語の話し方をすっかり忘れてしまった）。「今、私は"""
35622,"
"
35036,"
"
86914,"
"
13598,"doesn’t suit my throat!’ and a Canary called out in a trembling voice to
"
85865,"
"
94279,"others.
"
49728,言う――それは同じことだよ」
96979,"‘Can’t remember WHAT things?’ said the Caterpillar.
"
41167,"
"
40257,（アリスは「一度味わったことがある――」と言いかけましたが、急いで口をつぐみ、
74674,しかし、潮が満ちてサメが現れると、
65969,「なんて変な感じ」とアリスは独り言を言いました、「
32256,"
"
69715,"
"
51599,アリスは白ウサギがリストをいじくり回すのを見ながら、とても
50611,「似たようなことを聞いたことがあります」とアリスは言いました。
28293,彼らは皆、彼からあなたの元へ戻った、
71191,「持ち場につけ！」と女王は雷のような声で叫び、
98938,"
"
98529,"      And took them quite away!’
"
58180,"
"
47224,"
"
96896,"
"
38414,"「小さなワニはいかにして"""
10605,再び、木の枝に座っていました。
65416,"with the dream of Wonderland of long ago: and how she would feel with
"
34962,「それで、一日に何時間授業を受けたの？」とアリスは急いで
88916,"
"
44954,「絶対にしません！」とアリスは、
53260,「確かにそうでございます、旦那様。しかし、それでも腕でございます」
30662,「今、このネズミに話しかけても役に立つかしら？」とアリスは思いました。
87321,「駄洒落だ！」と王は気分を害した口調で付け加え、皆が笑いました、
67601,"
"
29811,陛下」と彼は始めました、「これらを持ってきたことで。しかし、私はまだ
61016,「チェシャ猫がいつもにやにや笑うなんて知らなかったわ。実際、
21638,アリスはこれにはあまり驚きませんでした、奇妙な
45267,アリスは白ウサギがリストをいじくり回すのを見ながら、とても
26796,"
"
68645,"
"
66764,答えました。「靴墨でやってあるんだと思う」
95984,彼女の姿が見えなくなりました。それからそれはくすくす笑いました。「なんて面白いんだ！」とグリフォンは言いました、
98463,そして、まさにその通りでした。彼女は今や身長わずか10インチで、顔は
72103,腕を組み、再び口から水パイプを外し、「それで、君は
18495,お腹が空かないでしょう」
19019,"
"
98206,「ぼうやには乱暴に、
81136,それを無駄にすることについて。彼なんだ。
41948,彼女に気だるく、眠そうな声で言いました。
98314,「証言せよ」と王は言いました。「そして緊張するな、さもないと
14612,"
"
93080,口に。しかし、ついにそれをやり遂げ、
39566,『混乱学』、『醜化学』、『嘲笑学』」
16598,この発作を起こした――」あなたは発作を起こしたことがないでしょう、ねえ？」と彼は
90685,「重要でない、もちろん、そう言いたかったのだ」と王は急いで言い、
88633,ティースプーンで三月ウサギを指して）「――それは、
36306,"perhaps as this is May it won’t be raving mad--at least not so mad as
"
24657,"
"
46617,彼らはすぐに、太陽の下でぐっすり眠っているグリフォンに出くわしました。
72577,今回は誰も聞いていませんでした、全く
10565,「それなら話すべきじゃない」と帽子屋は言いました。
73255,アリスは彼女がそんなに機嫌が良いのを見てとても嬉しく、思いました
43662,"
"
68828,"
"
31388,"
"
82255,それから彼女が聞いたことのない声が、「確かに、俺はここにいる！
15544,"
"
99645,ラベルがあり、「私を飲んで」という言葉が大きな
91896,美しのスープ！
17341,"this was her dream:--
"
60611,彼女はこの突然の変化にかなり怯えましたが、感じました
48953,もし彼女を見ることができたら、猫が好きになるでしょう。彼女はとてもかわいくておとなしい
85420,深紅のビロードのクッションに乗せた王冠。そして、この壮大な行列の最後に
31169,時間よ」と彼女は言いました、「答えのないなぞなぞを尋ねて無駄にするよりも」
16770,「それがあなたのやり方なの？」とアリスは尋ねた。
96625,「木の根も試したし、土手も試したし、生け垣も試した」
44605,もし彼女が事を進めるなら、
70776,アリスは少し考えてから、「四番目」と言いました。
86577,"
"
72871,でも――なんだか不思議よね、こういう生活って！ いったい何が
73872,「確かに腕でございます、旦那様！」（彼はそれを「あーむ」と発音した）
15797,この質問にはドードーはよく考えないと答えられませんでした、
80354,立ち上がってそれを暗唱し始めましたが、頭の中はロブスターのことでいっぱいで
27585,それをあやす正しい方法を見つけ出すとすぐに、（それは
90837,"
"
97986,ため息をつきながら。
25133,"
"
87207,"
"
97297,"
"
73770,"hot tea upon its nose.
"
37148,彼らの間でぐっすり眠っており、他の二人はそれを
62901,"
"
91880,"sort of way to fly up into a tree.
"
51963,アリスは彼女がそんなに機嫌が良いのを見てとても嬉しく、思いました
97850,"
"
73221,「死刑執行人を自分で連れてこよう」と王は熱心に言い、
55785,どういうわけか海に落ちてしまったんだわ、「それなら鉄道で
15088,"
"
85361,"
"
35979,誰がそんなご馳走のために身をかがめないだろうか？
50977,"wise fish would go anywhere without a porpoise.’
"
10935,この間ずっと狂ったように飛び跳ねていたのですが、とても悲しそうに再び座り
89800,ああ！もし私が彼女を待たせたら、彼女は怒るだろうな！」アリスはとても
32534,宵のスープ、美しいスープ！
64626,次にコンフィットを食べることになった。これは多少の騒ぎと
35808,と、声に出して繰り返しました。
33540,「まだ開けていません」と白ウサギは言いました、「しかし、どうやら
62892,「でも、私は蛇じゃないって言ってるでしょ！」とアリスは言いました。「私は――私は――」
12468,暑い日だったのでとても眠くてぼんやりしていました）、ヒナギクの首飾りを作る
39891,"
"
28031,この後、長い沈黙があり、アリスには
87103,近くにあった植木鉢。三人の兵士はしばらくうろつき回った。
59420,ティースプーンで三月ウサギを指して）「――それは、
79970,彼女のお気に入りの言葉「教訓」の真ん中で、そして彼女の腕に絡んでいた
96252,これらの言葉を言ったとき、彼女の足が滑り、次の瞬間、ばしゃん！
74728,「とてもきれいな踊りなんでしょうね」とアリスはおずおずと言いました。
67839,ヤマネはイライラして首を振り、目も開けずに言いました、
20620,「それじゃあ」と猫は続けました、「犬は怒るとうなるだろ、
86413,もう片方の手にバター付きパンを持っていました。「失礼ですが、陛下、
72859,「ええと、神秘学があった」と代用ウミガメは指折り数えながら答えました、
80164,宵のスープ、美しいスープ！
73894,「ああ、ホワイティングについては」と代用ウミガメは言いました、「彼らは――見たことがあるでしょう、
94656,ヤマネにとって居心地が悪いだろうな」とアリスは思いました。「ただ、眠っているから、
99485,彼らに合わせるために！
40670,「そうだった、そうだった」とグリフォンもため息をつき、
32264,クロッケーをするために」カエルの従卒は、同じ厳粛な口調で繰り返しました、
52360,"
"
49482,"
"
57188,"「…そして、私はまだお茶を始めていなかった…せいぜい一週間かそこら…そして、"""
24461,トカゲの石筆、そして抑えられたモルモットたちのむせる音、
78267,"
"
59756,"
"
20212,ただ普通のコースを取っただけだ。
85280,"verse.’
"
92952,"as if nothing had happened.
"
75543,"moved.
"
25877,二人とも、私が終わるまで一言も話すんじゃない」
37393,ハートの女王様が開いたコンサートで、私は歌わなければならなかった
42364,考えているの？
18174,"彼女の耳元で声が聞こえて驚いた。「あなたは考えている"""
19948,* * * * * *
92965,戸口に。「それに、たとえ頭が通ったとしても」とかわいそうなアリスは思いました、「
45501,それを食べ、とても美味しいと思いました（実際、それはチェリータルト、
27598,"is--“Be what you would seem to be”--or if you’d like it put more
"
83123,「違う」とイモムシは言いました。
70787,"
"
37525,"
"
83570,考えられないわ！そして、ああ、鳥を追いかける彼女を見せてあげたいわ！なぜって、
22507,"
"
53433,「それ以来」と帽子屋は悲しげな口調で続けました、「彼は
50711,"
"
11586,その変化から利益を得た。そしてアリスは
27801,"
"
16283,美しのスープ！
33226,「何もありませんわ」とアリスは言いました。
74398,"
"
46101,"‘But what did the Dormouse say?’ one of the jury asked.
"
45716,"The first thing she heard was a general chorus of ‘There goes Bill!’
"
52746,哀れな帽子屋はひどく震え、両方の靴を脱ぎ捨ててしまいました。
75395,"
"
55739,"
"
86338,空気を満たし、遠くで聞こえる哀れな代用ウミガメの
89519,"
"
73365,金魚のことが頭から離れず、漠然とした考えが
22944,これ以上何もできない、何が起ころうと。私はどうなるのかしら？」
18052,ことが起こるので、人生が
78133,屋根を吹き飛ばせ」一、二分後、彼らは再び動き始め、
10195,"
"
74021,"and she could even make out that one of them didn’t know how to spell
"
87045,"
"
34961,"
"
37165,「そんなことないって言ったじゃない！」とアリスが割り込んだ。
61316,彼。そして王の近くには白ウサギがいて、片手にトランペット、
69690,「ぼうやには乱暴に、
94295,"
"
36721,ヤマネはゆっくりと目を開けました。「眠っていなかった」と彼は
78426,「あら、ばかなアリス！」と彼女は自分に答えました。「どうやって勉強
10304,* * * * * *
49419,非常に敬意のこもった口調で、しかし話しながら彼に顔をしかめ、変な顔をしました。
46823,"
"
90947,"
"
35247,自分とほとんど同じ大きさのものを、これをもう一方に手渡しました、
64788,これはアリスにとってとても新しい考えだったので、しばらく
77410,ちょうどその時、彼女は少し離れたプールで何かがはねる音を聞いた。
40230,"
"
54959,「世界の上をあなたは飛ぶ、
71860,「何でもお好きなものを」と従卒は言って、口笛を吹き始めました。
10425,「私はヘビじゃない！」とアリスは憤慨して言った。「放っておいて！」
59619,"
"
20054,とても小さい！それに、あの子はあの子で、私は私で――ああ、なんてややこしい
44405,そして時には、涙を流すほど厳しく自分を叱った。
19094,"oneself speak--and they don’t seem to have any rules in particular;
"
56473,十分乾いた！」彼らはすぐに、ネズミを
23602,それなら青ざめないで、愛しいカタツムリよ、さあ、踊りに加わって。
24447,しばらくすると、遠くで小さな足音がパタパタと聞こえ、
85965,次の瞬間には驚きに変わりました、彼女の肩が
42122,"
"
85574,子供、「でも、小さな女の子は蛇と同じくらい卵を食べるのよ、
68146,こんなに小さな存在でいるのにはもう飽きたわ！
35130,魚の従卒は、腕の下から大きな手紙を取り出すことから始めました、
87637,美しのスープ！
46650,今！なんてややこしい変化なんだろう！私は自分が何をするのか、決して確信できない。
73321,「私が彼女に話そう」と代用ウミガメは深く、うつろな声で言いました。「
99277,"of everything I’ve said as yet.’
"
25632,"
"
54193,「遠慮しておくよ」と猫は言いました。
39533,"
"
19809,"
"
29373,「彼らが全然公平にプレーしているとは思えないわ」アリスは、やや
93487,"
"
27323,"then she walked down the little passage: and THEN--she found herself at
"
26126,"
"
89028,「持ち場につけ！」と女王は雷のような声で叫び、
51007,"
"
86589,これ以上大きくなる――このままじゃ、ドアから出られない――あんなに
31168,すべてのものが生きているというのはややこしいわ。例えば、
68483,"
"
46848,情熱。彼女はすでにプレイヤーの三人に判決を下すのを聞いていた。
18194,大きさ：確かに、これは普通ケーキを食べると起こることですが、アリスは
71924,割り込みました：「重要でない、と陛下は仰りたいのですね、もちろん」と彼は
73494,代用ウミガメにまだ会っていないのかい？
23414,"
"
66774,場所にやってきました。そこには高さ4フィートほどの小さな家がありました。「誰が住んでいるにせよ、
15655,いいえ、涙はありませんでした。「もしあなたが豚になるつもりなら、ねえ、
77612,"
"
31738,入っていなかった）、そしてそれらを賞品として配りました。ちょうど一人
70277,物事は「大同小異」だ…そんなものを見たことがあるかい？
53702,踊りに参加しませんか、しませんか、しませんか、しませんか、しませんか？
99315,第7章 狂ったお茶会
66639,私の大きさに何らかの変化が。そして、それが私を大きくすることはありえないので、それは
54398,公爵夫人にクロッケーをプレイするよう招待状。」
56881,"
"
27295,「その通りよ」と公爵夫人は言いました。「そしてその教訓は――『ああ、愛こそが、
15403,彼を深く哀れみました。「彼の悲しみは何なの？」と彼女はグリフォンに尋ね、
85259,キュウリのフレームか、何かそんなものでした。
54817,"
"
35527,"
"
79379,それがネズミをみんな殺すって…ああ、大変！」アリスは悲しげに叫んだ。
41833,起き上がって手足で立ち、アーチを作るように。
69601,"          to
"
84446,陪審員全員が元の場所に戻っている――全員だ」と彼は
29211,"
"
39939,今朝起きたとき自分が誰だったか、でもきっと
26442,静かに。
80830,"
"
86488,"bread-and-butter.
"
39932,今、彼女が何かを暗唱しようとするのを聞きたい。彼女に
50276,"彼女は急いで涙を拭いて、何が来るのか見ようとした。それは白"""
28876,大司教は見つけたか？
33942,"‘Would you like to see a little of it?’ said the Mock Turtle.
"
39197,"
"
32278,死刑執行人の主張は、頭がなければ
69508,"‘What do you mean by that?’ said the Caterpillar sternly. ‘Explain
"
72091,"see what would happen next.
"
62922,ネズミに話しかける方法：彼女は以前にそんなことをしたことはありませんでしたが、
51323,「全く同感よ」と公爵夫人は言いました。「そしてその教訓は
90470,"
"
33789,"
"
26555,話しながら心配そうに肩越しに振り返り、それから
96578,"to Alice for protection.
"
25944,言葉がすべて違って出てきて、それから代用ウミガメは長く息を吸い、
83482,お腹が空いていて、その場合、どんなになだめても
21200,"
"
73934,"
"
48563,とても上を向いた鼻で、本物の鼻というよりは豚の鼻のようでした。また、その
14880,"
"
86695,今日は何もかもが奇妙だわ！昨日はいつも通りだったのに。
46926,"
"
61511,"
"
89162,ここで何をしてるんだ？今すぐ家に帰って、手袋と扇を取ってこい！
27901,あなたの気性よ！」「黙れ、母さん！」と若いカニは少し
73568,あの狭苦しい小さな家に住んで、おもちゃもほとんど
37765,"together first--they don’t reach half high enough yet--Oh! they’ll
"
27537,"that cats COULD grin.’
"
19730,"close by her.
"
69932,"
"
32012,"
"
10334,"
"
84215,"
"
62355,大人になっても、子供時代の素朴で愛情深い心を
25786,しかしカタツムリは「遠すぎる、遠すぎる！」と答え、横目でちらりと見た――
54303,"
"
87245,"‘Who are YOU?’ said the Caterpillar.
"
40082,「もし意味がないのなら」と王は言いました、「それは
90460,"アリスが言ったことすべて。「この近くに大きなマスタード鉱山があるんだ。そして"""
81905,"aloud; and in another moment it was out of sight.
"
35248,「そう言ったよ」と代用ウミガメは言いました。
93721,花や草の葉の間を、しかし
48724,"           you
"
36132,変な時計ね！」と彼女は言いました。「日付はわかるけど、
49526,「そうなると思ったよ」と猫は言って、再び姿を消しました。
66587,「それを読め」と王さまは言いました。
27652,第7章 狂ったお茶会
28618,白ウサギが急いで通り過ぎると、長い草が彼女の足元でざわめいた。
99378,「いいえ、どうぞ続けてください！」アリスはとても謙虚に言いました。「もう邪魔はしません。私は
49437,これに対し、白ウサギはトランペットを三回吹き鳴らし、それから
26458,自分が変わったと思いますか？」
65167,あなたの目が相変わらずしっかりしていたこと。
71315,"
"
38510,窓の外に、そして片足を煙突に入れ、独り言を言いました、「これで
26189,"This seemed to Alice a good opportunity for making her escape; so she
"
17605,チョッキのポケットから取り出し、それを見て、そして急いで行きました、
96740,"
"
37197,「まあまあ、お嬢さん！」と公爵夫人は言いました。「どんなことにも教訓はあるものよ、ただ
13581,"
"
85385,"loud.
"
38086,"
"
92736,「はい！」とアリスは叫んだ。
95620,「証言せよ」と王は言いました。「そして緊張するな、さもないと
92834,彼らの目を、多くの奇妙な物語で、おそらくは
34368,しかし、とにかく彼は質問に答えるかもしれない…どうやって入ればいいのかしら？と彼女は
29729,曲がり角だと思うけど？」
43755,目と口をとても大きく開けていましたが、彼女は進むにつれて勇気を
36399,踊りに参加しない、できない、しない、できない、できない。
87822,また怒らせてしまうだろう。
13308,「『ウィリアム父さん、あなたはお年寄り』を暗唱せよ」とイモムシは言いました。
65543,"   Waiting in a hot tureen!
"
32565,大急ぎで。
66115,次に何をしようかと思っていたとき、突然制服を着た従卒が
45668,"
"
84083,"
"
71593,急いで。
98782,さまよっていた木々の下で、鋭いシューという音に
40397,「教えていただけますか」アリスは少しおずおずと言いました、「どうして
69055,ついに美しい庭園へ、明るい花壇と涼しい
56371,「美しいスープ！魚なんて誰が気にする、
96159,しかし、いずれにせよ、どれも開きませんでした。しかし、二
31527,"
"
40668,「誰宛てだい？」と陪審員の一人が言った。
84996,"
"
61458,かなりきっぱりと、「今すぐやめることをお勧めしますわ！」彼女はたいてい
73368,"doesn’t suit my throat!’ and a Canary called out in a trembling voice to
"
82232,"
"
75732,白ウサギは、甲高い小さな声で、
82692,私の大きさに何らかの変化が。そして、それが私を大きくすることはありえないので、それは
61959,そして悲しそうに：
43277,",まっすぐに通じていました。「とても奇妙だわ！」と彼女は思いました。「でも、"""
69095,"
"
71258,"
"
70976,怯えたネズミが近くのプールをばしゃばしゃと進んでいった。
86561,"and had to stoop to save her neck from being broken. She hastily put
"
17863,彼らを見ようと近づき、ちょうど彼らのところに来たとき、
80991,"    What made you so awfully clever?’
"
87564,"
"
39415,美しい、美しいスープ！」
13492,自分の涙で溺れるなんて！それは確かに奇妙なことになるわ！
71078,"
"
72672,「証言せよ」と王は言いました。
87483,"
"
21208,つっけんどんに。「カキの我慢も限界だ！」
51636,死。」
88695,"
"
43544,"‘And what are they made of?’ Alice asked in a tone of great curiosity.
"
82256,行列でそのような規則があるとは。「それに、
31349,窓際に、そしてその上には（彼女が期待した通り）扇と二、三組の
95632,"
"
30333,そして彼がくしゃみをすると彼を叩く。
39260,左側のかけらをもう少し食べ、
61489,"
"
14930,獣やその他の不快なものたち、すべては彼らが
85101,他の二人とも、彼女が行くことに全く気づきませんでした、
48420,学校の教室の授業でこのようなことを、そしてこれが
55625,"
"
68726,テーブルに戻りました、半分は別の鍵を見つけられるかもしれないと期待して、あるいは
31158,さなぎにならなければならない――いつかそうなるのよ、知ってるでしょう――そして
88365,「あれはロブスターの声だ。彼が宣言するのを聞いた、
55913,他の者たちも皆、「はい、ぜひお願いします！」と合唱しましたが、ネズミは
39168,"
"
26259,「最高のバターだった」という最初の発言以外に何も言うことがなく、
40543,"
"
83300,"this was her dream:--
"
75261,"different sizes in a day is very confusing.’
"
64577,"
"
91001,"
"
51263,"
"
30891,それを外の空気に持ち出しました。「もし私がこの子を連れて行かなければ、
71288,"about half no time! Take your choice!’
"
46603,この時までに、彼女はテーブルのあるこぎれいな小部屋にたどり着いていた。
37181,30分ほど走って、すっかり乾いたとき、
51953,彼女が出て行くとき、フライパンを投げつけましたが、それはかすりもしませんでした。
35886,（絵の中でシェイクスピアがよく見られる姿勢）
97248,これに驚くべきだったと思いましたが、その時は
78802,"
"
67130,もし私か彼女がたまたま
70845,王家の子供たち、そして他の全員。
26869,"
"
67010,いつものように独り言を始めました。「さあ、計画の半分は終わったわ
35471,ヒゲが！
75362,あなた。――さあ、
54507,"
"
63130,すぐに庭へ。しかし、ああ、かわいそうなアリス！彼女が
20492,「――どこかへたどり着きさえすれば」とアリスは説明として付け加えました。
51382,"to go! Let me see: I’ll give them a new pair of boots every Christmas.’
"
68982,"
"
78975,かわいそうな小さな陪審員（それはトカゲのビルでした）が、
19702,スプーンを懐に入れることを親切にも許された。
52121,場所にやってきました。そこには高さ4フィートほどの小さな家がありました。「誰が住んでいるにせよ、
82020,「その通り」と帽子屋は言いました。「物が使い古されるにつれてね」
61362,「これ以上低くはなれないよ」と帽子屋は言いました。「今、床にいるんだから」
78182,その日20回目。
97421,"uncommon nonsense.’
"
53577,彼がそれをやるのはただいじめるため、
46257,"
"
75090,じゃあ、やらない！――ビルが下りるんだ――おい、ビル！旦那が
94102,"
"
26336,"Mabel! I’ll try and say “How doth the little--“’ and she crossed her
"
22496,アリスは何も言いませんでした。彼女は両手で顔を覆って座り込み、
95954,「まあ、面倒な話はやめて！」と公爵夫人は言いました。「私があなたに
46827,"
"
77071,"
"
94404,「ワインはいかが」と三月ウサギは励ますような口調で言いました。
63155,他のプレイヤーたち、そして「首をはねよ！」とか「あの女の首を
37983,"
"
18212,空気を満たし、遠くで聞こえる哀れな代用ウミガメの
66247,考えているの？
12901,外側には何も書かれていない」彼は話しながら紙を広げ、
93649,"
"
37841,混乱が生じました、大きな鳥たちが自分たちのものが
90914,アリスがちょうど「さて、この生き物をどうしようか」と
36328,「あなたはあまり海の下で暮らしたことがないかもしれないが――」（「ありません」と
39788,"be as well to introduce some other subject of conversation. While she
"
84286,金魚のことが頭から離れず、漠然とした考えが
42530,彼女はそれほど遠くへ行かないうちに、家の見えるところまで来た。
78483,"
"
32265,「みんなできるわよ」と公爵夫人は言いました。「そしてほとんどがそうしてるわ」
73931,「それは普通、時間がかかるものだ」とグリフォンが割り込みました。
27028,「どうしてわかるっていうの？」アリスは自分の勇気に驚いて言いました。「それは
51747,右側のかけらで効果を試す。次の瞬間、彼女は激しい
52902,「それは何？」とアリスは尋ねた。
49972,"
"
89271,方法で、そして一行全員が岸まで泳ぎました。
88913,「それじゃあ」と猫は続けました、「犬は怒るとうなるだろ、
21925,小さな車輪のゴロゴロという音と、たくさんの声が
32249,"
"
75168,"   By the use of this ointment--one shilling the box--
"
30656,「さあ、今のところは喜んでくれたわ」とアリスは思い、続けました。「
27291,「遠慮しておくよ」と猫は言いました。
69424,"
"
94706,彼女がそれをさらに運ぶのは全く馬鹿げていると感じた。
44567,さあ、庭へ！」そして彼女は全力で小さなドアへ走り戻った。
17581,「馬鹿なこと言わないで」アリスはもっと大胆に言いました。「大きくなってるって
75292,"
"
10025,"
"
78786,そして彼女はとても親切にそれらを探し始めましたが、
88694,「私は息子に厳しく言います、
97028,口をひもで結びました。この中に彼らはモルモットを滑り込ませ、
69223,"
"
59795,"
"
41638,あなた。――さあ、
97296,"The first thing she heard was a general chorus of ‘There goes Bill!’
"
25148,この最後の言葉を二、三度自分に言い聞かせ、
89144,もちろんこれをやるためにアーチであることをやめなければならず、そのため
96737,なくても大丈夫――たぶん、いつもコショウが人を短気にさせるのね」
89590,「君が言いたいのは『少なく』は取れないってことだろう」と帽子屋は言いました。「
11884,"
"
19160,"
"
98584,"about it. And yet I wish I could show you our cat Dinah: I think you’d
"
30253,腕に、脚をだらりと垂らして。しかし、たいていはちょうど
16043,羊飼いの少年の声に――そして赤ちゃんのくしゃみ、
12533,家へ、自分が今や千倍も大きいことをすっかり忘れて
88526,「陛下、私は貧しい男です」と帽子屋は震える声で始めました、
37062,"
"
52247,彼女のお気に入りの言葉「教訓」の真ん中で、そして彼女の腕に絡んでいた
18216,「髪を切ったほうがいい」と帽子屋は言いました。彼はアリスを
23499,"
"
24670,「猫は王様を見てもいい」とアリスは言いました。「どこかの本で読んだわ、
70128,お茶の道具がここに出されているの？」と彼女は尋ねた。
40604,「ああ、ホワイティングについては」と代用ウミガメは言いました、「彼らは――見たことがあるでしょう、
10518,"
"
17745,愛国的なカンタベリー大司教は、それが賢明だと判断した――」
11990,「昔」と代用ウミガメはついに、深くため息をついて言いました、「私は本物の
37703,小さくするんでしょうね」
67975,小さな金の鍵を錠に入れると、大喜びしたことに、ぴったりでした！
11577,「さあ、行こう！」とグリフォンが叫び、アリスの手を取って急いで
86454,「そんなことないって言ったじゃない！」とアリスが割り込んだ。
72013,子供たちに、「さあ、おいで、みんな！もう寝る時間だよ！」
67142,「コーカス・レースって何？」とアリスは言いました。あまり知りたかったわけではありませんでしたが、
22906,「どうぞ、それ以上長く言うのはおやめください」と
32917,テーブルがあり、その上にはタルトの大きな皿がありました。とても美味しそうに見えたので、
56416,知ってるわ、ああ、長くて巻き毛の茶色い髪で！そして
55563,「お茶を飲み終えたい」と帽子屋は、女王を
66843,"you speak?’
"
69644,"Hare. Visit either you like: they’re both mad.’
"
20842,問題は、何かってことだ」
81730,「また陸に戻って、それで最初の型は終わりだ」と代用
21627,変わってしまったに違いない。
64289,"
"
26964,窓！
42468,"
"
57483,知ってる。
76929,"
"
66030,そんなことは急いでやらないわ。「いや、まず見てから」と彼女は言いました、「そして
13499,"
"
67291,"
"
74082,でしょう。すみません、奥様、ここはニュージーランドですか、それともオーストラリアですか？」（そして
64927,"they pinched it on both sides at once.
"
33068,これらが白ウサギが読んだ詩だった。
84671,羊皮紙の巻物を広げ、次のように読み上げました：――
33859,「それからね」と代用ウミガメは続けました、「君は――を投げるんだ」
44018,"‘Please come back and finish your story!’ Alice called after it; and the
"
44578,すぐに出発し、すっかり疲れて息が切れるまで走り、
84381,"with the dream of Wonderland of long ago: and how she would feel with
"
22958,口調で、「また怒らせてしまったみたい！」と思いました。なぜなら、ネズミは
80864,「よーるーのーすーうーぷ、
96758,「駄洒落だ！」と王は気分を害した口調で付け加え、皆が笑いました、
32110,「私たちは最高の教育を受けました――実際、毎日学校に通っていました――」
99037,「わかったよ」と猫は言いました。そして今回は、とてもゆっくりと消えました、
88327,庭に通じていた。それから彼女はキノコをかじり始めた（彼女は
41716,ややはにかみながら、「わたくし――わたくし、よくわかりません、旦那様、ただ今は――少なくとも
20307,"think nothing of tumbling down stairs! How brave they’ll all think me at
"
32475,神経質な様子で、言われたことすべてに微笑みかけ、
28408,彼がくしゃみをすると私は彼を叩く。
94483,"
"
10322,静かに。
28374,"
"
76907,ハリネズミを、そして体を二つ折りにした兵士たちがいつも起き上がって
49305,「なんてひどく野蛮なの！」とアリスは叫んだ。
18585,"
"
66619,"
"
45281,あのヤマネを法廷から追い出せ！抑えつけろ！つねれ！首をはねろ！
90284,彼らが何について話しているか！
40788,前足で拍子をとり、代用ウミガメはこれをとてもゆっくりと
87262,テーブルは大きかったのですが、三人は片隅に
56002,彼女はつま先立ちで背伸びをし、
45194,（彼女はポケットにそのかけらをしまっていた）彼女の身長が約1フィートになるまで。
91445,アリスは、地面に沈んでしまいたい気持ちでした。ついにグリフォンが
53716,なのにあなたはガチョウを骨もくちばしも残さず平らげた――
24952,"just as well.
"
63019,"
"
72163,私たちを乾かす一番良い方法はコーカス・レースでしょう。」
38643,彼女はその体を、十分に快適に、
78586,涙を流し、周りには4インチほどの大きな水たまりができました。
32146,"    And mentioned me to him:
"
87146,ヒトデみたい」とアリスは思いました。かわいそうな小さな生き物は
48091,ヤマネにとって居心地が悪いだろうな」とアリスは思いました。「ただ、眠っているから、
92824,"birds hurried off at once: one old Magpie began wrapping itself up very
"
75344,そして言った。「とても奇妙だわ」
95094,"
"
55060,戸口に。「それに、たとえ頭が通ったとしても」とかわいそうなアリスは思いました、「
77576,ここで何をしてるんだ？今すぐ家に帰って、手袋と扇を取ってこい！
17354,"Mabel! I’ll try and say “How doth the little--“’ and she crossed her
"
91939,"
"
41377,一分に一度くらい「首をはねろ！」と叫びながら
20959,"Knave.
"
49769,"その瞬間、彼女は正しい英語の話し方をすっかり忘れてしまった）。「今、私は"""
59880,自分が変わったと思いますか？」
25623,小さな悲鳴を上げて、続けました。「――Mで始まるもの、例えば
35347,"
"
36056,明らかに彼女のためのものだった。
95812,「あなたは私を焼きすぎた、髪に砂糖をかけなければ」
43361,続けた。
84508,「カラスは書き物机とどうして似ている？」でした。
62761,釘に掛けられていた。彼女は棚の一つから瓶を取り出した。
43153,アリスは熱心に答えました、彼女はいつも自分のペットについて話すのが好きだったので：
38377,ような感じで、「猫はコウモリを食べる？猫はコウモリを食べる？」そして時々、「
61678,"
"
36896,そんなにしょっちゅう変わるのは好きじゃないんですよ」
72709,"
"
60959,イライラして頭を振り、少し速く歩きました。
76963,インコとワシの子、そしていくつかの他の奇妙な生き物がいました。アリスは
38030,"my tea when I was sent for.’
"
74178,"
"
73077,"   He sent them word I had not gone
"
81000,"
"
37317,"and broke to pieces against one of the trees behind him.
"
79715,"
"
63478,使った…そして私は10分間も同じ大きさでいられない！
83144,"「「もう少し速く歩かないかい？」とシロギスがカタツムリに言った。"""
89165,知ってるだろう。
44909,昨日、あなたは斬首されるべきだった！
60920,"
"
70800,庭の反対側で、アリスはそれがどうしようもなく
18442,ドアは大きな台所に直接通じており、そこは
95098,"
"
19141,軽蔑。「今までたくさんの小さな女の子を見てきたが、
27250,私のことを書いた本があるべきだわ、絶対に！そして私が
17477,"
"
53133,私は彼女に一つあげ、彼らは彼に二つあげた、
72760,"
"
46909,子犬に差し出した。すると子犬は空中に飛び上がった。
40912,すべてのものが生きているというのはややこしいわ。例えば、
30119,"
"
42070,始めました。「おお、ネズミさん、この池から出る道を知っていますか？私はとても疲れて
30610,コーラス。
73053,「相変わらずびしょ濡れだわ」アリスは憂鬱な声で言いました。「どうも
30400,"           I’ll take no
"
85505,公爵夫人の膝の上でくしゃみをしていました、一方、皿や食器が
45640,"
"
46551,次にコンフィットを食べることになった。これは多少の騒ぎと
47569,「息をする時に眠る」ことと同じだ！
24143,ややはにかみながら、「わたくし――わたくし、よくわかりません、旦那様、ただ今は――少なくとも
97285,彼女の手を取り、アリスは法廷に入る前にそれが誰だか
50886,「なんて変な感じ」とアリスは独り言を言いました、「
35415,「じゃあ、さっさと行ってしまいなさい！」とハトは不機嫌な口調で、
16888,"
"
37084,「駄洒落だ！」と王は気分を害した口調で付け加え、皆が笑いました、
91987,陪審員たちは皆、石板に「彼女は原子というものが
66470,"
"
94441,"
"
24708,テーブルの脚を一本登ろうと最善を尽くしましたが、滑りすぎて
70966,次に何をするつもりかしら！ もし分別があったら、
94943,飛び上がりました。しかし、次の瞬間、それが赤ちゃん宛てであることに気づきました、
58247,"
"
90887,絶望していたので、誰にでも助けを求める準備ができていました。それで、ウサギが
59411,右側のかけらで効果を試す。次の瞬間、彼女は激しい
55784,"
"
82919,"    to do.”
"
45509,"
"
71442,ネズミが話している間、それについて考えていたので、彼女の物語の
36436,それらをそんなにピカピカにするの？
69787,自分にとても良い忠告をしました（めったにそれに従いませんでしたが）、
40652,"
"
17563,"
"
75399,次の瞬間、小石の雨が窓からガラガラと降ってきたからだ。
43247,「まず第一に」と猫は言いました、「犬は狂っていない。それは認めるだろ？」
58632,「それはしないでしょうね」とアリスは思い、ヤマネが
93191,「でも、全然問題ないわ」と彼女は独り言を言いました。
82591,「今のところは大丈夫だ」と王は言い、詩を
39335,「初日は十時間」と代用ウミガメは言いました。「次は九時間、そして
72635,「それじゃあ、お願い」とアリスは言いました、「どうやって入ればいいの？」
93577,"
"
85012,明らかに彼女のためのものだった。
67349,"
"
35780,"
"
45687,土手で、何もすることがないこと。一度か二度、彼女は
98665,"nothing.
"
12034,「なぜって」とグリフォンは言いました、「まず海岸に沿って
12107,証人だ」そして彼は女王に小声で付け加えました、「本当に、ねえ、
90832,"
"
89081,史上最大の望遠鏡のように伸びていく！さようなら、足たち！」
99003,この時までに彼女は公爵夫人をすっかり忘れており、少し
52759,彼女が前の週にうっかりひっくり返したものだ。
68606,次に何が起こるかとても不思議に思いながら。
83287,「アリス！」という名前。
74395,ネズミが話している間、それについて考えていたので、彼女の物語の
67562,"
"
16475,彼女があれほど
32209,イライラして頭を振り、少し速く歩きました。
72756,"
"
37914,かすれた、か細い声で、「お前たちが言っていたこと、一言一句聞こえていたぞ」
27072,アリスは彼女がそんなに機嫌が良いのを見てとても嬉しく、思いました
30185,それは突然再び現れた。
27125,笑いながら。そしてその頭を下げさせ、
17224,ついに美しい庭園へ、明るい花壇と涼しい
14588,「それを書き留めろ」と王は陪審員に言い、陪審員は熱心に
51358,葉：「芸を教えるのがとても楽しかっただろうに、もし――もし私が
60262,りんごを探しにでございます、旦那様！」
84483,知ってる。
94700,「私はヘビじゃない！」とアリスは憤慨して言った。「放っておいて！」
12325,「あれはロブスターの声だ。彼が宣言するのを聞いた、
18938,この後、長い沈黙があり、アリスには
95612,「もし署名しなかったのなら」と王は言いました、「それは事態を
57664,「――ええ、それがだいたい正しい距離ね――でも、それから緯度は
92110,瓶の半分を飲むと、頭が天井に押し付けられているのに気づきました、
97660,「もし意味がないのなら」と王は言いました、「それは
32549,"
"
54318,"
"
77940,"The Caterpillar was the first to speak.
"
16153,それを中断することなくしばらく。
68696,自身の子供時代と、幸せな夏の日々を思い出しながら。
66139,ついに美しい庭園へ、明るい花壇と涼しい
16374,子犬に差し出した。すると子犬は空中に飛び上がった。
76967,"
"
26830,知識をひけらかすにはあまり良い機会ではありませんでした、なぜなら
78243,"角：次に10人の廷臣たち。彼らは全身を"""
14182,"‘What for?’ said Alice.
"
34242,"‘Who are YOU?’ said the Caterpillar.
"
86461,"everything’s curious today. I think I may as well go in at once.’ And in
"
33819,獣やその他の不快なものたち、すべては彼らが
98743,「でも、それじゃあ」とアリスは思いました、「私は今の
58702,あるいは裁判官、
21383,それから、あまりに近くを通り過ぎるときに彼女のつま先を踏み、
47484,"
"
26679,"
"
28402,アリスは少し考えてから、「四番目」と言いました。
50106,「あなたはお年寄り」と若者は言いました、「そしてあなたの顎は弱すぎる」
60630,"
"
64706,心の状態で、彼女は背を向けました。
89201,想像して――誰が煙突を下りるんだ？――いや、俺は嫌だ！お前がやれ！――それは
97561,言うべきことを！
24717,涙ながらに、「本当に頭を下げてくれたらいいのに！ とっても疲れたわ
23646,"
"
80360,自分自身で。そしてそれを下から、両側から、
37622,ここ数分で大きくなったことに気づき、あまりの
92968,二つの小さな悲鳴、そしてさらにガラスが割れる音。「なんてたくさんの
84152,「もし私がホワイティングだったら」とアリスは、まだ
17808,"
"
16707,「知らん」とイモムシは言いました。
98878,「いいえ、どうぞ続けてください！」アリスはとても謙虚に言いました。「もう邪魔はしません。私は
52222,彼女は驚いてその顔を覗き込んだ。今度は
97968,心配そうに彼女の周りを見ました。「ああ、どうかそれをほどくのを手伝わせてください！」
40577,"Hare. Visit either you like: they’re both mad.’
"
44005,マレットは生きたフラミンゴで、兵士たちは
22220,"
"
17621,「彼らはあなたが彼女のところへ行ったと私に言った、
63432,アリスが現れた途端、三人に決着をつけてくれと頼まれました。
47697,ネズミはこれを聞くと、向きを変えてゆっくりと彼女の方へ泳ぎ戻りました。その
47474,"それを見てアリスはすっかりお腹がすいてしまった。「彼らが"""
20988,"she fell past it.
"
93442,「そんなに欲しくはなかったでしょう」とアリスは言いました。「海の底に住んでいて
78170,そしてそれが私の顎に与えた筋力は、
89706,"
"
77774,彼女は辛抱強く待った。
55716,"you ARE a simpleton.’
"
47549,(コックと赤ん坊も加わって)：
54954,"
"
57160,「ありがとう、とても面白い踊りね」とアリスは、
30936,後年、自分自身が成長した女性になり、
81065,"doesn’t suit my throat!’ and a Canary called out in a trembling voice to
"
93766,しかし、とにかく彼は質問に答えるかもしれない…どうやって入ればいいのかしら？と彼女は
36345,"
"
52015,あなたのポケットに？」彼はアリスの方を向いて続けました。
48272,座り込んで泣いた。
22319,行列の先に、ハートの王様と女王様が。
75944,窓のすぐ下でウサギの声が聞こえたので、彼女は突然
41577,"
"
99047,"    For anything tougher than suet;
"
96264,小さな生き物を、そしてその腕と脚を四方八方に伸ばしました、「まるで
74729,"（ダイナは猫だった）。「彼女の牛乳皿を覚えていてくれるといいな"""
37357,アリスはヤマネを再び怒らせたくなかったので、とても
10206,時間よ」と彼女は言いました、「答えのないなぞなぞを尋ねて無駄にするよりも」
14887,銃声を聞き、男が走り去るのを見ました。彼は「Get Fit Now Gym」のバッグを持っていました。バッグの会員番号は「48Z」で始まっていました。そのバッグはゴールド会員だけのものです。男は「H42W」を含むナンバープレートの車に乗り込みました。
16371,私は殺人事件を目撃し、先週1月9日にジムでトレーニングをしていた時に、犯人が自分のジムの人間だと気づきました。
67318,私は大金持ちの女性に雇われました。名前は知りませんが、身長は5フィート5インチ（65インチ）から5フィート7インチ（67インチ）くらいです。彼女は赤毛で、テスラモデルSに乗っています。2017年12月にSQLシンフォニーコンサートに3回出席したことを知っています。
