person_id,event_id,event_name,date
28508,5880,ヌーディストとは、一つボタンのスーツを着る人々のことである。,20170913
63713,3865,しかし、それは素人にとってあらゆる物事に関する最高の本だからだ。,20171009
63713,3999,マーフィーの法則が間違っている可能性があるなら、それは間違っているだろう。,20170502
63713,6436,老いたプログラマーは死なず。ただ新しいアドレスに分岐するのみ。,20170926
82998,4470,ツバメがカピストラーノに着陸するのを手伝おう。,20171022
82998,6186,助けを必要としている旧友をがっかりさせるには良い日だ。,20170921
82998,7364,経済学者の間では、現実世界はしばしば特殊なケースである。,20170320
31811,8542,-- ハーバート・プロクナウ,20171203
31811,4387,豚は、もし私が間違っていなければ,20180106
61201,9621,もう一方には責任が。,20180418
61201,1750,A: 3人。1人が電球をねじ込み、2人がそれを邪魔する者たちを追い払う。,20180219
97207,1143,SQL交響楽団コンサート,20170322
97207,1143,SQL交響楽団コンサート,20180226
15165,811,ミニーマウスは迷路を覚えるのが遅い。,20180116
86208,1581,「お前は母親のような男には決してなれない！」,20170604
86208,8785,-- ルイス・キャロル,20170301
35267,1978,Fortranが存続し続ける可能性。,20170917
35267,89,自己中心主義とは、親切な自然が痛みを和らげるために与える麻酔である。,20170904
35267,4464,ポップアップ、プッシュダウン、バイト、バイト、バイト！,20170820
41421,3799,そしてこの言語が行くところどこでも,20171206
33856,9325,-- メイシーズ,20170830
84575,7454,勇気を奮い起こせ！他のものは全部台無しにしたんだから。,20170923
84575,8442,教授とは、誰かの睡眠中に話す人のことである。,20171102
82799,5313,恩知らず：餌を与えてくれた手を噛み、そして文句を言う男。,20170513
82799,315,今夜は料理するな――今日ネズミを餓死させろ！,20180214
82799,5963,捨てられる運命にある：重要なのは、常にそれを,20170425
96790,2506,経験とは、あなたが認識することを可能にする素晴らしいものである。,20180421
66493,816,医者があなたの症状に名前を付けたからといって、彼が,20171211
46263,9167,外交とは、石を見つけるまで「いい子だね、ワンちゃん」と言い続ける技術である。,20170417
46263,2559,ユーザー（名詞）：あなたが言ったことを何でも信じるプログラマー。,20170117
46263,8995,-- チャーリー・マッカーシー,20170819
98744,1097,父親は幼い息子に尋ねた。,20170818
98744,3826,速報！人類の知能が低下中。詳細は…ええと、いつだったか,20171018
54263,1581,失敗への対処は簡単だ。改善するために努力する。成功もまた,20170822
54263,4837,本物のプログラマーは文書化しない。ドキュメントは、,20170612
54263,2270,我々にハムと豚肉とベーコンを与えてくれる。,20180216
62764,1925,もう一方。,20171121
62764,2993,もしそうなら、そうなるだろう。しかし、そうではないから、そうではない。それが論理だ！,20171014
54206,2924,離婚から抜け出す。,20170830
54206,346,何としても現実を避けよ。,20171123
54206,232,チャイルドプルーフキャップに苦労するのは大人だけだ。,20170118
63126,1600,先週の火曜日がつまらなかったと思うなら、何が起こるか待ってみなさい。,20170427
16725,9035,終わる。,20170225
16725,4029,さて、GCよ、当面は,20171128
16725,4652,壊れないおもちゃは、他のおもちゃを壊すのに役立つ。,20170823
34615,1087,気分転換には良い日。寝室の壁紙を張り替えよう。,20170822
10007,6447,午前中は新しいプロジェクトに青信号。午後は交通に赤信号。,20170925
10007,4273,現代人とは、類人猿と人間との間の失われた環（ミッシング・リンク）である。,20171017
58408,9103,あなたのアナリストはあなたを別の患者と混同している。信じてはいけない。,20170211
44542,8416,パン。,20180411
44542,587,分析され、新たな弱点に置き換えられる。,20170707
25224,5089,-- W・C・フィールズ,20170810
96520,8784,良い忠告とは、悪い手本を示すには年を取りすぎた男が与えるものである。,20171218
96520,6658,5年間で、我々は一つの素晴らしいプログラミング言語を手に入れることができる。ただ,20180224
96520,7676,数学の法則が現実に関わる限り、それらは,20170921
65564,4681,重要な書類は、自発的に移動することでその重要性を示すだろう。,20171112
65564,7272,Q: 電球を交換するのに、異性愛者の男性は何人必要か？,20170624
65564,1194,「すべての肉は草である」,20170508
33355,9288,電球を交換するのに、テックライターは何人必要か？,20180417
33355,1973,"He sure is a fun god
",20171205
41899,2953,-- F・P・ジョーンズ,20170608
41899,7130,地球は小さな砂粒のようなものだ、ただずっとずっと重いだけ。,20171209
41899,7401,本物のプログラマーはFORTRANでは書かない。FORTRANは配管応力マニアや,20180423
84695,9007,金を持つ者がルールを作る。,20170302
84695,4448,ユニコーンを救えないなら、魔法に何の意味がある？,20171222
14087,8418,暇な時間に現金を稼ごう――友達を脅迫せよ。,20171203
14087,8342,キリスト：少なくとも5000年早く生まれすぎた男。,20170118
14087,811,明日は興味が持たれないため中止となります。,20180404
44789,8316,文句は言えない、でも時々言ってしまう。,20180310
44789,3382,"There was a young lady from Hyde
",20170108
44789,8883,価格が上がった。「すべて新品」「完全新品」あるいは「素晴らしい新品」というラベルは,20170812
43673,8522,彼があなたに言うこと。,20170520
43673,4354,やるべきことを先延ばしにするのに、今ほど良い時はない。,20170130
43673,8559,アメリカは、野蛮から飛躍した国としてユニークかもしれない。,20170530
10252,6595,過去は常にかつてより良く見える。それが心地よいのは、ただ,20170608
10252,8306,Q: 論理右シフトをするのにIBMのCPUは何個必要か？,20171004
10252,5415,文明に触れることなく退廃へ。,20180116
13861,3750,「アインシュタインをそっとしておけ！」は現状を回復した。,20171114
36487,786,電球を交換するのに、ハードウェアエンジニアは何人必要か？,20170714
96956,341,釘。,20170901
96956,2659,"Death is nature's way of telling you to slow down
",20170804
96956,7995,マーフィーの法則が間違っている可能性があるなら、それは間違っているだろう。,20170807
13759,8063,"Vote anarchist
",20170114
74158,7297,-- 合併形成外科医・工具製造社,20170520
59453,9624,そうだと告げられたとき,20170420
59453,1396,自然と自然の法則は夜に隠されていた,20170617
59453,2195,一度。,20170923
21408,5468,民主主義とは、国が一流の経営の下で何ができるか疑問に思うことが許される統治形態である。,20170209
21408,5925,老兵は死なず。若者は死ぬ。,20170203
21408,8773,登山靴を職場に。万一、,20171126
95437,2241,それはやる価値がなかった。,20170726
95437,6503,時間だ！」,20171029
57234,6653,持ち帰り試験を与えられると、どこに,20170506
57234,8629,人間は赤面する唯一の動物である――あるいは、そうする必要がある唯一の動物である。,20170717
61749,7258,生きている方がましだ。,20180109
61749,2755,そして薬はけいれんを引き起こす。,20171221
94461,9122,プログラミングについての考え方に影響を与えない言語は,20170408
30078,7245,他人があなたのことをどう思っているか心配するな。彼らは,20170403
30078,4687,絵で説明される。,20170328
65870,3734,"There once was a girl named Irene
",20170410
98581,2809,バグを修正し、再びダンプする：,20170710
98581,493,ゼロックスは決して独創的なものを生み出さない。,20170704
23035,6765,起こる。,20171210
23035,3629,未来はまだら模様。夕方遅くにスープをこぼすだろう。,20171217
23035,388,"Conscience is the inner voice that warns us somebody is looking
",20171218
49707,7466,-- オスカー・ワイルド,20170416
17543,8548,先週の火曜日がつまらなかったと思うなら、何が起こるか待ってみなさい。,20180407
17543,3009,フィルモア大統領を悪く言うな。彼は我々をベトナム戦争から遠ざけてくれた。,20171225
17543,8724,別のものの。,20170901
92433,1143,SQL交響楽団コンサート,20170821
92433,1143,SQL交響楽団コンサート,20180327
22036,3351,あなたが偏執病だからといって、彼らがあなたを狙っていないとは限らない。,20170113
22036,2863,そしてこれはとても奇妙だった、なぜならそれは,20170807
22036,5157,エネルギーを節約せよ：無関心であれ。,20180305
18970,1033,男たちは黙ってお茶をすすっていた。しばらくして、不器用な男が,20180210
18970,9414,エキサイティングなデラウェア、ニュージャージー。（バリー・フレッチャーの故郷！）,20170611
18970,7107,「カルビン・クーリッジはプリマスから出た最も偉大な人物だった,20180313
76489,5162,重役。,20171014
76489,8629,誰でも扱えるように作ることはできるが、,20170604
76489,5493,事故：心の落ち着きは良いが、,20170418
19421,8902,-- F・P・ジョーンズ,20180302
59914,8522,客1：「紅茶をください」,20171010
75331,1894,ポップアップ、プッシュダウン、バイト、バイト、バイト！,20170609
75331,6154,ポップアップ、プッシュダウン、バイト、バイト、バイト！,20171025
95548,6156,オーレオマイシン、コカイン、インターフェロン、そしてTLC。チキン,20170806
95548,2559,しかし、私が命じたことだけだ。,20170105
56181,1783,本物のプログラマーのプログラムは、最初は決して正しく動かない。しかし、もしあなたが,20170206
56181,9177,-- イディッシュ語のことわざ,20170624
56181,1396,ああ、決して、決して疑うまい,20171217
48712,4464,暇な時間に現金を稼ごう――友達を脅迫せよ。,20170505
48712,6437,-- ジュール・ド・ゴルティエ,20170103
48712,3441,暇な時間に現金を稼ごう――友達を脅迫せよ。,20171218
69965,3244,どんな組織にも、常に一人は知っている人がいる。,20171225
69965,446,慰謝料とは、二人が過ちを犯したとき、そのうちの一人が,20170414
96229,6379,"        Anything that can go wr
",20171026
26130,3997,-- オスカー・ワイルド,20170111
74708,9773,重要な書類は、自発的に移動することでその重要性を示すだろう。,20170502
23260,1171,チャイルドプルーフキャップに苦労するのは大人だけだ。,20180130
23260,124,この人物は解雇されなければならない。,20180309
23260,4062,（ウェイター退場、そして再登場）,20180204
85594,7758,「最適化コンパイラにおけるレジスタ割り付け」,20170304
85594,6131,5年間で、我々は一つの素晴らしいプログラミング言語を手に入れることができる。ただ,20170419
69003,1542,自動車：丘を駆け上がり、人々を駆け下りる四輪車。,20171227
69003,6015,なし。宇宙が電球を回し、禅師は,20170204
78804,6589,ダンという名の若い詩人がいた,20180207
51605,1144,事実への些細な投資から、推測という見返りを。,20170615
51605,8932,チケット。,20180119
54518,1468,一度。,20171207
54518,1926,平均的な女性は、頭脳よりも美貌を望む。なぜなら、,20171219
10654,1909,彼らがそうあるべきであると。ゆえに、スキタイ人の間では、,20180305
20267,1909,-- メイシーズ,20170417
20267,5493,確率は50対50だ。,20170517
20267,8864,政府などない方がましだ。,20170306
73127,1087,コンピュータが、事実を印刷するために,20180205
73127,2924,100ブロックのゴミ！,20170401
73127,8118,終わる。,20170917
78321,7349,我々にハムと豚肉とベーコンを与えてくれる。,20180215
78321,5396,トゥルナウカの法則：,20180227
20524,5865,柔和な者は地を受け継ぐだろう――彼らは弱すぎて断れないのだ。,20171022
20524,3570,確率は50対50だ。,20170610
17957,4069,裸の腕を持つ権利を支持せよ！（武器を持つ権利(bear arms)との掛詞）,20171208
17957,1909,客1：「紅茶をください」,20180226
17957,1978,-- ジョン・バリモアの最期の言葉,20170609
48348,3629,誰を信じる？,20171215
48348,8010,A: 3人。1人が電球をねじ込み、2人がそれを邪魔する者たちを追い払う。,20170808
74731,3570,そして雨が降り出した途端にそれを返して欲しがる。,20171108
74731,2677,速報！人類の知能が低下中。詳細は…ええと、いつだったか,20170327
74731,5517,リメリックは複雑な芸術形式,20170511
97671,8666,臆病者：危険な緊急事態に足で考える者。,20170824
97671,6625,もし入力が正確でなかったら。,20171103
97671,2338,なし。「ユーザーが解決できるだろう。」,20170116
10968,6801,地球は小さな砂粒のようなものだ、ただずっとずっと重いだけ。,20170402
10968,5282,ダクトテープはフォースのようなものだ。光の側面と闇の側面があり、,20170502
10968,6085,最悪な一日を過ごすには最高の日だ。,20170927
13692,6636,"
",20170518
13692,3199,今年は幸運な日を過ごす。,20171020
20655,3750,おそらく、広告看板が落ちてこない限りは,20170420
20655,6964,プロジェクトMACでの損失はどれくらいか？,20170123
11197,1302,誰かが「私がただ,20170421
11197,7035,"        If an idea can survive a bureaucratic review and be implemented
",20180105
51790,7684,「すべての肉は草である」,20171213
51790,5388,1分がどれだけ長いかは、トイレのドアのどちら側にいるかによる。,20170724
49911,5810,それが作った。,20170119
49911,2207,天才には限界があるかもしれないが、愚かさにはそのような,20170125
89135,1811,西洋文明？,20170729
89135,4476,午後：我々がどうやって,20170707
73646,4235,-- ジュール・ド・ゴルティエ,20180426
73646,7315,死ぬことは非常に退屈で陰気なことだ。そして、君への私のアドバイスは,20170528
62783,4754,中には何もない。,20170823
62783,9583,-- マーク・トウェイン,20180109
62783,7401,あなたは大きな音に驚くだろう。,20171109
90080,6884,今年は幸運な日を過ごす。,20180418
33793,6852,-- マクスウェル・スマート,20170416
33793,9784,中傷された。,20180205
33793,4554,嘘：真実の非常に粗末な代用品だが、発見された唯一のもの。,20170319
97633,70,ネーザーの法則：,20180405
97633,8279,生きている方がましだ。,20180214
97633,1782,プログラミング言語。,20180301
82421,124,パリティがわずかに失われている。,20170727
82421,9828,"        While her lover lamented
",20180324
82421,9319,すべてのハックには7つのバグがあった。,20170317
10914,8939,-- ケーログ・アルブラン,20170404
10914,6020,もし神があなたに裸で歩き回ってほしかったなら、もっと大きな,20170223
10914,916,批判するが、もし皆に嫌われたら、あなたも偏執病になるだろう。,20170917
51184,7349,"
",20170608
34086,924,アシッド――化学を通じたより良い生活。,20180411
34086,7454,「この核軍拡競争を続けるなら、君たちがやることは,20180220
34086,2033,カミソリは痛い。,20180301
26263,4062,「そして、私と同じくらい大きくなったら何をするの？」,20171016
26263,8187,長い目で見れば、すべてのプログラムはロココ調になり、そして瓦礫となる。,20180423
26263,8360,-- マクスウェル・スマート,20180102
34757,4464,人々が私に同意するときはいつも、私は自分が間違っているに違いないと感じる。,20170727
46117,7236,モグラの問題かい？,20170228
46117,3251,ユーカリの木で眠らない方がよい、もう一晩。,20180122
11059,2958,コンピュータがクラッシュする。,20170205
34722,9362,"
",20170612
34722,8925,おとぎ話：子供たちを新聞に備えさせるためのホラーストーリー。,20170723
34722,4429,我々のお気に入りの独占企業によって作られた！,20170802
75665,9250,大学とは、教員が,20170924
53269,5593,神は練習のために愚か者を作り、そして教育委員会を作った。,20170924
11015,5772,"Time flies like an arrow
",20180129
11015,624,人生は玉ねぎのようなものだ。一枚一枚皮をむいていくと、,20171002
11015,6701,覚えておけ、UNIXを逆から綴るとXINUになる。,20170303
48639,5155,人々はお一人様一点限りのものなら何でも買う。,20170105
48639,4781,ダイナマイトで空高く吹き飛ばされる神聖な権利の目に見える兆候。,20180316
17183,3322,"Today is the first day of the rest of the mess
",20170623
17183,7841,本物のプログラマーはBASICでは書かない。実際、BASICで書くプログラマーはいない。,20170213
17183,4576,今日。,20170406
56580,4291,ノスタルジアは、もはや昔のものではない。,20170729
56580,2863,割り、掛け、そして引くだろう。,20180408
56580,3885,他人に彼の心が大きいと思わせておけ,20180319
89123,4884,驚くほど大きいかということだ。つまり、あなたは,20170329
65076,8902,正気だ。」,20170213
65076,7156,本物のプログラマーはFORTRANでは書かない。FORTRANは配管応力マニアや,20170624
50176,7478,暴力は無能な者の最後の砦である。,20170807
50176,7305,-- ビル・ホースト,20170525
90251,5727,今年の最悪野菜：芽キャベツ。これはまた、,20180425
90251,3992,「なぜ足の甲に特別な名前がないんだろう？」,20170202
48656,4149,「ボンベイの気候は、その住民が生活しなければならないほどのものである」,20170821
48656,3244,アシッド――化学を通じたより良い生活。,20170623
48656,6589,それは彼らが徹夜していたからだ。,20170902
64769,7271,死とは、人生があなたに「お前はクビだ」と告げる方法である。,20170211
64769,1567,-- アルベルト・アインシュタイン,20170629
73509,5011,今日は空飛ぶ円盤に近づかないように。,20180108
73509,3266,主は、もしそうでなければ、なぜ我々にこれほどの素早い動きを与えられたのか。,20170622
11161,4520,グループの人数によって。,20170816
11161,9626,やるべきことを先延ばしにするのに、今ほど良い時はない。,20170401
11161,134,私にできること。」,20170405
49234,2033,人生は玉ねぎのようなものだ。一枚一枚皮をむいていくと、,20171002
50931,4331,感情的に活発であれ。お気に入りの神経症に迎合せよ。,20170718
50931,9159,「彼はとても心が狭く、鍵穴から両目で,20170803
34473,2295,おそらく、広告看板が落ちてこない限りは,20180426
34473,4485,朝。,20170426
34473,8059,"A.A.A.A.A.: An organization for drunks who drive
",20170615
59581,1999,1分がどれだけ長いかは、トイレのドアのどちら側にいるかによる。,20180321
50705,4674,症状、兆候、バグ、そしてハック。,20170719
16858,8249,大人：もっと分別があってもよい年齢の者。,20180112
16858,7822,汝のプログラムは走り、汝のシステムコールは成されたり。,20170928
16858,9432,確実である。そして、それらが確実である限り、それらは現実には言及しない。,20170914
65907,9319,-- 『銀河ヒッチハイク・ガイド』,20170423
65907,2716,ハチドリは歌の歌詞を決して覚えない。,20170630
65907,8759,より懸命に。,20171111
11470,9472,コンピュータがクラッシュする。,20170127
57469,4387,もう一方。,20171008
71632,8569,一度。,20180308
71632,6612,彼らは通常、処女を,20180321
71632,658,少なくとも二つの人為的ミスを見つけるだろう、それを,20171007
46925,1519,1. 再現性が問題になる可能性がある場合、テストは,20170622
46925,845,民主主義とは、国が一流の経営の下で何ができるか疑問に思うことが許される統治形態である。,20170410
31538,7937,彼らの話題は主にセックスに及ぶ。,20170319
84561,9917,平均的な男性は考えるよりも見ることの方が得意である。,20170313
84561,1994,アコーディオン：プリーツ付きのバグパイプ。,20170824
73315,2755,我々にハムと豚肉とベーコンを与えてくれる。,20180407
73315,1290,文明に触れることなく退廃へ。,20171106
73315,8468,優越性は劣性である。,20170424
93531,4143,まあいい、全部の卵を一つのカゴに入れちまえ。,20171008
93531,3865,-- クラレンス・ダロウ,20170720
21720,8515,終わる。,20170305
41653,737,心配するために。,20170606
41334,2986,"It's because I try to put every possible syllable into that last line
",20170523
41334,8798,もう一方には責任が。,20171121
20640,9712,リメリックは複雑な芸術形式,20171112
62265,6178,機械上で、彼らは「ほんの数回」の30時間で動作するようにパッチを当てることができる。,20171115
62265,9406,すべてのプログラムをRPGで実行する！,20171004
49020,2167,政府機関の解決策があなたの問題に合わないとき、あなたは,20180226
49020,183,CPUにいます我らのOSよ、御名をUNIXと称えさせたまえ。,20170508
28217,8109,"Who lived on distilled kerosene
",20170106
28217,4683,割り、掛け、そして引くだろう。,20170201
28217,6579,猫に頑固さで勝とうとするな。,20171004
44558,4461,朝に、そして学校に着くまで止まらない。,20180414
67481,7535,ホーングレンの観察：,20170313
33944,8233,政府機関の解決策があなたの問題に合わないとき、あなたは,20170109
53486,4072,誘惑を取り除く唯一の方法は、それに屈することだ。,20170726
53486,1673,"        The mouse dissolved
",20180421
59511,9375,地球は小さな砂粒のようなものだ、ただずっとずっと重いだけ。,20170204
59511,4464,少なくとも二つの人為的ミスを見つけるだろう、それを,20170503
88952,1143,SQL交響楽団コンサート,20170918
88952,1143,SQL交響楽団コンサート,20171016
88952,1143,SQL交響楽団コンサート,20171031
88952,1143,SQL交響楽団コンサート,20170526
46781,8057,軽く油を塗った。」,20171010
46781,8727,しばらくハリケーンに近づかないように。,20171120
46781,1998,"Call Avogardo 6.02 x 10^23
",20171208
43331,3851,-- グルーチョ・マルクス,20170423
43331,6156,バグを修正し、再びダンプする：,20171113
43331,5616,政治家がつまらない人物であればあるほど、彼は,20170522
68352,6063,プログラミングについての考え方に影響を与えない言語は,20171210
73373,517,今日は大きな嘘をつくな。小さな嘘でも同じくらい効果的だ。,20170821
73373,9353,多数派：犯罪と法律を区別する性質。,20170224
73373,7535,「それは素晴らしいに違いない！私には全く理解できない。」,20171030
84318,1923,真実は今朝明らかになるだろう。（それが事態を本当に混乱させるかもしれない。）,20180326
84318,8335,-- ジョン・オハラ,20170816
84318,5201,"...And malt does more than Milton can
",20170617
77396,3251,彼がその向こう側から現れるまで、あなたは彼を見ることはないだろう。,20171226
30771,6986,「結婚（Matrimony）は言葉じゃない、宣告（sentence）だ。」,20170201
30771,8468,ローマ帝国はなぜ崩壊したのか？事務所のラテン語は何？,20170324
30771,4723,驚くほど大きいかということだ。つまり、あなたは,20170827
30887,9273,「私の友人たちと私は皆、狂っている。それが我々を,20170325
30887,6148,A: 3人。1人が電球をねじ込み、2人がそれを邪魔する者たちを追い払う。,20171201
98797,6999,名誉ある紳士は卑劣な犬である。」,20171228
98797,712,"
",20180120
64827,276,ユーカリの木の中で。,20170606
64827,1365,ポップアップ、プッシュダウン、バイト、バイト、バイト！,20180409
64827,9167,旗。,20170622
82643,9570,他人に彼の心が大きいと思わせておけ,20171023
82643,8442,-- ラ・ロシュフコー,20170223
82643,7156,マーフィーの法則が間違っている可能性があるなら、それは間違っているだろう。,20180330
36731,5294,コンピュータ。,20171109
36731,5851,なし。「ソフトウェアで修正する。」,20170302
68787,6072,今日は大きな嘘をつくな。小さな嘘でも同じくらい効果的だ。,20170905
68787,346,電球を交換するのに、ソフトウェアエンジニアは何人必要か？,20170201
68787,4938,全国半袖シャツ協会は言う：,20180103
16558,3244,-- マーク・トウェイン,20171212
16558,3053,分析され、新たな弱点に置き換えられる。,20171026
74135,3490,死とは、人生があなたに「お前はクビだ」と告げる方法である。,20180303
74135,8341,注意：呼吸はあなたの健康に有害な場合があります。,20170922
74135,3199,-- アドレー・スティーブンソン,20170612
67501,9346,運転免許を失うのは、神が「ブーガ、ブーガ！」と言うための一つの方法に過ぎない。,20180407
67501,8785,その講師のコースのために勉強することを除いて。,20170818
69482,1728,-- マーク・トウェイン,20170710
69482,4859,Fortranが存続し続ける可能性。,20170630
69482,126,-- ベラミー・ブルックス,20170622
10946,174,我が国には良い5セント葉巻がたくさんあるが、問題は,20180212
47740,2089,それを直し、そして…,20171218
11385,8548,私はあらゆる緊急事態には備えているが、日常には全く備えていない。,20170729
11385,8383,気分転換には良い日。寝室の壁紙を張り替えよう。,20171225
11385,4993,「要するに、_Nがリシャール的であるのは、_Nがリシャール的でない場合に限る。」,20171105
49342,8663,「今こそすべての善良な人々が立ち上がる時だ。」,20170617
49342,5922,私はあなたが思うほど酔っていない。（I'm not as think as you drunk I am. の言葉遊び）,20170129
49342,6393,「私の友人たちと私は皆、狂っている。それが我々を,20170213
89916,4072,「私の友人たちと私は皆、狂っている。それが我々を,20171113
45812,3072,コンウェイの法則：,20171224
45812,6938,丸一日得られない。可能な限り2月は避けよう。,20171216
21134,7737,"Ass（尻/ロバ）：""lass""（娘）の男性形。",20180216
21134,2792,「サイを盗むことは軽々しく試みるべきではない。」,20180308
21134,2924,IBMにはPL/Iがあった,20171212
58907,9414,「サイを盗むことは軽々しく試みるべきではない。」,20180225
58907,1926,政府機関の解決策があなたの問題に合わないとき、あなたは,20180418
58907,9388,神は言われた。「ニュートンあれ」と。するとすべてが光であった。,20170119
97362,6801,助けを必要としている旧友をがっかりさせるには良い日だ。,20171029
18108,11,その構文はJOSSより悪い。,20171207
45776,8504,"I think that I shall never see
",20180409
26676,3490,第二法則：働くことで達成できる最大のことは、,20180308
26676,8004,"        If an idea can survive a bureaucratic review and be implemented
",20170204
44776,1229,「一度でいいから、,20170409
44776,537,国が一流の経営の下で何ができるかを声高に。,20171005
44776,85,その間にタバコ。,20170319
11062,3629,幸福：他人の不幸を熟考することから生じる心地よい感覚。,20170625
11062,4534,コンピュータがクラッシュする。,20170512
11062,5269,-- ルイス・キャロル,20170209
49553,8612,LISPプログラマーはすべての価値を知っているが、そのコストは,20170409
15211,8569,もし時がすべての傷を癒すなら、なぜへそは変わらないのか？,20170505
15211,4137,そして彼女の内部でリンゴ酒を作った。,20180127
15211,5982,光の速さより速いものはない…,20170810
99106,8727,-- ジョン・バリモアの最期の言葉,20171230
99106,9974,死ぬ？とんでもない、友よ。バリモア家はそんな,20170907
99106,6156,これを自分で証明するには、,20180306
59076,5468,-- ラザルス・ロング,20170430
93928,3623,カミソリは痛い。,20180414
69859,5157,2. 直線あてはめが必要な場合、データは2点のみ取得すること。,20171230
69859,2059,"Advertisement: The most truthful part of a newspaper
",20170308
69859,1200,床を磨いたり、その他のエキサイティングなことをするのに最適な日。,20180425
63794,8727,経験を共有しようとするカリフォルニア人。,20180124
56334,6148,"        when someone inadvertently opens the darkroom door and all of
",20170213
39280,5606,とんでもない馬鹿であることの。,20171013
51629,9273,-- ミッキーマウス,20170118
96804,4318,-- ジョー・ウォルシュ,20180107
96804,5536,彼らの良心の欠如。,20170602
96804,2581,-- D・J・ヒックス,20180219
76797,8559,マクガワンのマディソン・アベニュー公理：,20171013
62806,7995,神のみが無作為な選択をすることができる。,20180224
91893,7416,-- マーク・トウェイン,20171209
91893,3415,人生を深刻に受け止めすぎるな。生きては出られないのだから。,20170602
37903,6114,ああ、決して、決して疑うまい,20170309
37903,7259,提案を拒否する。,20170416
59131,9434,私はあらゆる緊急事態には備えているが、日常には全く備えていない。,20170119
59131,746,死ぬ：突然罪を犯すのをやめること。,20171225
83986,9159,-- ホークウインド,20170709
60957,3810,自然と自然の法則は夜に隠されていた,20180130
59060,6229,"enough cheese
",20171202
59060,8605,中傷された。,20171125
33193,9780,紙に当たる。,20170912
33193,5851,他人はあなたに安定を求めるだろう。だから、,20170928
36669,8642,誘惑を取り除く唯一の方法は、それに屈することだ。,20170221
36669,6843,している。,20170319
36669,1093,消化不良。,20170807
27485,9126,警官を避けるには良い日。学校まで這って行こう。,20170416
27485,6722,-- クリント・イーストウッド,20170614
27485,9776,"
",20170417
85272,2433,来週危機が起こるはずがない。私のスケジュールはすでにいっぱいだ。,20170611
85272,3878,「私がしてほしいことを言いなさい」と言ったら、彼にロリポップをあげなさい。,20171005
85272,9159,「三重アイソ分岐クリプトンゲートMOSプロセス…」,20180227
68219,8034,最も短い、けれど。,20180124
68219,924,"Computer programmers do it byte by byte
",20170319
68219,9267,講師はプラナリアについて200ページを課すだろう。,20180123
53063,2924,簡単な問題はすべて解決済みだ。,20170527
53063,6869,"Brain fried -- Core dumped
",20170521
68458,2924,-- A・E・ハウスマン,20170103
68458,2210,-- ビル・ホースト,20170922
68458,3900,ラー！ラー！ラー！,20171019
96266,988,しかし、私が命じたことだけだ。,20170430
52739,5606,コーナー、バーモント州」,20180118
52739,1344,注意：呼吸はあなたの健康に有害な場合があります。,20180219
29826,134,感嘆：他人が,20171217
85937,515,現実は幻覚の障害である。,20180106
75716,8029,誘惑以外なら何にでも抵抗できる。,20171020
75716,574,科学とは、先入観が検証に出会ったときに起こることである。,20170313
75716,5101,-- ケーログ・アルブラン,20180202
18309,8025,主は、もしそうでなければ、なぜ我々にこれほどの素早い動きを与えられたのか。,20180418
42113,6517,大統領や王から地の果てのクズまで…,20180303
42113,3007,モリソンの官僚主義仮説：,20170221
42113,4354,"It was the reader's CONS
",20180131
47204,816,"I must have slipped a disk -- my pack hurts
",20170614
47204,7275,どんな組織にも、常に一人は知っている人がいる。,20171212
84292,8082,未来の仕事は危険であることだ。,20170928
78795,3581,全面核戦争ゲームをプレイしますか？,20170601
78795,4993,この国に必要なのは、良質な5セントの「何か」だ！,20170705
78795,3595,-- カール・ツヴァンツィヒ,20180209
56027,1290,1分がどれだけ長いかは、トイレのドアのどちら側にいるかによる。,20180323
56027,6656,人々に考えさせていると思わせれば、彼らはあなたを愛するだろう。しかし、もしあなたが,20170220
76132,1960,それらに15セントを請求する。,20170224
61375,1878,コンピュータにゴミを入れれば、ゴミしか出てこない。しかし,20171120
35311,7236,永遠を傷つけずに時間を潰すことはできない。,20170419
35311,3072,あなたのアナリストはあなたを別の患者と混同している。信じてはいけない。,20171103
35311,1483,コンサルタントとは、会社に数字を尋ね、そして,20171203
38907,4681,「私は経済学者ではない。私は正直者だ！」,20180424
38907,8698,おばあちゃんを路上から遠ざけろ――ビンゴを合法化せよ。,20170401
52297,5606,暇な時間に現金を稼ごう――友達を脅迫せよ。,20170508
52297,8152,貧しい人々をお互いから守るために。,20170214
41484,4448,それがいかに走るか見よ！それがいかに走るか見よ！,20170626
12178,1404,-- エレノア・ルーズベルト,20170821
12178,6702,-- グルーチョ・マルクス,20170110
12178,2403,犯罪の兆候：絶叫または助けを求める叫び声。,20170925
60886,4318,子供に装填済みの鯉で遊ばせるな。,20170706
60886,8068,それは、死んだ方がましだと思う人々のための時間つぶしの本だった。,20180125
60886,1851,グループのIQは、グループのメンバーの最低IQを,20170113
74332,2731,力の限り輝いて：,20170715
74332,1574,シルバーマンの法則：,20170402
74332,124,低空飛行する蝶に注意。,20170621
41914,8442,その構文はJOSSより悪い。,20170114
22369,2918,しばらくサウスダコタでサーフィンをするな。,20171017
42815,2177,"
",20171115
25814,5982,彼を。,20170525
25814,9373,電気処刑：すべての現代的な改良が施された火あぶり。,20170622
91065,2241,どんな組織にも、常に一人は知っている人がいる。,20170520
95491,9876,"Whether you can hear it or not
",20170810
95491,5023,バグを修正し、再びダンプする：,20170821
36563,5269,「サワークリームのボウルのように？」と他方が尋ねた。「なぜ？」,20171112
36563,6965,探すのをやめなさい。幸福はあなたのすぐ隣にある。さて、もし彼らがただ,20180103
91302,7990,"It was the reader's CONS
",20170319
89343,4612,"        But the good ones I've seen
",20170715
89343,8538,コンピューティングの第43法則：,20171207
72648,6801,午後は明るくなるだろう。警官があなたの顔にライトを当てるから。,20180206
72648,2918,"WHERE CAN THE MATTER BE
",20180129
72648,786,99ブロックのゴミ！,20170721
69333,9520,バグを修正し、再びダンプする：,20170312
69333,4029,-- フィンリー・ピーター・ダン（ミスター・ドゥーリー）,20170219
69333,4331,本物のプログラマーは9時から5時まで働かない。もし本物のプログラマーが午前9時頃にいるなら,20170730
55598,2365,ああ、決して、決して疑うまい,20170309
55598,8538,まあいい、全部の卵を一つのカゴに入れちまえ。,20171206
55598,7498,許可を得るより許しを得る方が簡単だ。,20180405
14532,9589,さて、GCよ、当面は,20170117
67045,4290,多数派：犯罪と法律を区別する性質。,20170906
97245,3139,無政府状態は最良の統治形態ではないかもしれないが、,20170825
84066,5715,"不在者：収入があり、""",20170902
84066,6572,「今こそすべての善良な人々が立ち上がる時だ。」,20170725
84066,6004,おそらく、広告看板が落ちてこない限りは,20170801
83673,3810,行方不明者になる絶好の機会。,20170912
83673,7275,コーナー、バーモント州」,20171007
83673,5135,豚の愚かさだと思う。,20180311
55804,1077,「なぜ足の甲に特別な名前がないんだろう？」,20180218
55804,3232,-- ルイス・キャロル,20171115
55804,1106,"
",20180122
84819,2633,"一目惚れは、""",20170921
84819,1625,A: 33人。1人がビットを持ち、32人がレジスタを押す。,20180308
84819,4702,アレクサンダー・グラハム・ベルはニューヨークで健在で、まだ,20171110
73141,3998,"        If an idea can survive a bureaucratic review and be implemented
",20170221
73141,5922,神は練習のために愚か者を作り、そして教育委員会を作った。,20170204
73141,6127,-- メイシーズ,20170814
39426,8995,低空飛行する蝶に注意。,20170801
39426,4387,時空間スキップの中で。,20170808
54867,6852,最初で成功しないなら、諦めろ。とんでもない馬鹿になる必要はない。,20180327
54867,4804,電球を交換するのに、ソフトウェアエンジニアは何人必要か？,20170123
44733,3251,もしそうなら、そうなるだろう。しかし、そうではないから、そうではない。それが論理だ！,20170511
44733,9768,彼は、注文していない付け合わせでも見るかのように私を見た。,20170521
29338,9677,"        But this output can be
",20180330
29338,2984,大人：もっと分別があってもよい年齢の者。,20170820
60974,493,ハチドリは歌の歌詞を決して覚えない。,20180324
60974,9712,事柄は常に支配的で制御的であった。,20170930
60974,7454,「もっと必要になるまで、乗り切るのに十分なだけ必要だ。」,20171216
36829,8040,「それは素晴らしいに違いない！私には全く理解できない。」,20170711
36829,1649,宇宙は大きい。あなたはそれがどれほど広大で、巨大で、心を,20171213
36829,3734,学生たちの中に。,20170327
82606,1978,あなたは仕事のことで心配しすぎだ。やめなさい。あなたは十分に給料をもらっていない。,20170110
82606,7310,本物のプログラマーはアプリケーションプログラムを書かない。彼らは,20170121
82606,8361,"Today is the tomorrow you worried about yesterday
",20171102
46163,6148,運転免許を失うのは、神が「ブーガ、ブーガ！」と言うための一つの方法に過ぎない。,20170508
22268,8873,神は死んでいない、ただ駐車スペースを見つけられなかっただけだ。,20170129
22268,8650,現実は幻覚の障害である。,20180424
22268,5388,インテリよ、団結せよ！失うものは君たちの黄身（yolks=yokes=束縛）だけだ。,20180219
93699,5512,-- マーク・トウェイン,20170322
93699,8798,「結婚（Matrimony）は言葉じゃない、宣告（sentence）だ。」,20170726
93699,5605,ソフトウェアが他の何物とも似ておらず、それが,20171004
38006,7331,彼らは私を偏執病に見せようとしているだけだ！,20171201
49286,622,真実は今朝明らかになるだろう。（それが事態を本当に混乱させるかもしれない。）,20180414
49286,746,コンピュータが人間より多くの仕事をこなせる一つの良い理由は、彼らが,20171029
49286,932,靴。,20171112
80156,482,本当に考えさせると、彼らはあなたを嫌うだろう。,20170117
80156,2227,現代人とは、類人猿と人間との間の失われた環（ミッシング・リンク）である。,20170107
27590,2993,グループの人数によって。,20171206
27590,8442,-- オスカー・ワイルド,20170702
68586,4318,変化。,20170723
68586,493,"WHERE CAN THE MATTER BE
",20170618
75555,9188,"
",20180215
28166,1143,SQL交響楽団コンサート,20170903
28166,1143,SQL交響楽団コンサート,20170328
28166,1143,SQL交響楽団コンサート,20170407
18111,418,オーレオマイシン、コカイン、インターフェロン、そしてTLC。チキン,20171023
18111,446,子供は、,20170801
18111,1033,精神病院：楽観主義が最も栄える場所。,20170315
42818,3770,良い知らせ。金曜日から10週間後は、かなり良い日になるだろう。,20170427
95511,2809,チキン・リトルは正しかった。,20170524
95511,5151,ヴァン・ロイの法則：,20170219
95511,9246,-- 愚者の辞書,20171029
12378,7245,もし神があなたに裸で歩き回ってほしかったなら、もっと大きな,20170112
12378,2506,優越性は劣性である。,20170707
65815,2089,あなたが偏執病だからといって、彼らがあなたを狙っていないとは限らない。,20180316
65815,9110,平均的な女性は、頭脳よりも美貌を望む。なぜなら、,20170809
46697,9934,私は木を全く見ることがないだろう。,20170511
46697,9137,もし10個のパラメータを持つプロシージャがあるなら、おそらくいくつか見逃している。,20170822
22085,1046,紙に当たる。,20170522
68889,9624,タイプライターで2つのキーを打つと、望まない方が,20170120
68889,1410,"We wish you a Hare Krishna
",20171001
68889,6659,長い目で見れば、すべてのプログラムはロココ調になり、そして瓦礫となる。,20171008
92692,212,"It was the reader's CONS
",20180127
92692,8666,-- 『銀河ヒッチハイク・ガイド』,20170727
65661,1552,先週の火曜日がつまらなかったと思うなら、何が起こるか待ってみなさい。,20170616
98773,7780,蒸気配管工のピクニックで。,20180106
98773,7937,絵で説明される。,20170309
67825,5255,世の中で噂されることより悪いことは一つしかない。そしてそれは,20170711
35324,8548,マクガワンのマディソン・アベニュー公理：,20170412
35324,2338,人工知能に一年費やせば、,20170901
24087,3998,1ビットたりとも取るな！,20180217
24087,9771,物事は今よりも昔のようになっている。,20180113
57774,6801,電気処刑：すべての現代的な改良が施された火あぶり。,20170222
57774,2513,自動化？,20170710
22874,7637,メッセージが郵便で届く。FBIに見られる前に破壊せよ。,20180308
22874,2059,すべてが可能だが、,20170311
22874,9110,それ。,20171230
22894,2400,あなたは尾行されている。数日間はいかがわしい行為をやめなさい。,20170315
22894,2054,咳き込んでいる。」,20170604
22894,9310,医者があなたの症状に名前を付けたからといって、彼が,20180307
57715,9190,-- エルバート・ハバード,20171117
58039,6084,"Today is the first day of the rest of the mess
",20170726
58039,2940,すべてが可能だが、,20170628
63823,276,-- クラレンス・ダロウ,20171030
63823,8029,バグを修正し、再びダンプする：,20170208
63823,9167,ダクトテープはフォースのようなものだ。光の側面と闇の側面があり、,20170612
56400,4941,"We wish you a Hare Krishna
",20170930
56400,1266,ウィル・ロジャースが言ったように、「無料の,20170821
56400,792,午後：我々がどうやって,20170813
72921,3037,もし入力が正確でなかったら。,20170713
72921,1714,-- ジョージ・サンダースの最期の言葉,20170425
26560,842,LISPプログラマーはすべての価値を知っているが、そのコストは,20170501
37295,5560,"The Universe is laughing behind your back
",20170623
24633,6894,2. 直線あてはめが必要な場合、データは2点のみ取得すること。,20180118
57922,6105,クリンクラーの第二法則：,20170202
57922,4675,クリーブランドはまだ生きている。神は死んだに違いない。,20170604
49872,1753,この国に必要なのは、良質な5セントの「何か」だ！,20170323
38822,537,本物のプログラマーはコードにコメントをしない。書くのが難しかったのなら、,20170723
38822,9469,本物のプログラマーはBASICでは書かない。実際、BASICで書くプログラマーはいない。,20170312
38822,3378,独身者とは、ある女性を,20180224
20452,916,それがエネルギーに変換されるとき？,20180425
26042,9310,「成功できるのに、なぜ男でいる必要がある？」,20170207
26042,5195,その構文はJOSSより悪い。,20170105
31448,8012,インテリよ、団結せよ！失うものは君たちの黄身（yolks=yokes=束縛）だけだ。,20170329
26673,7504,UFOは実在する。空軍は存在しない。,20180207
26673,5388,人生は玉ねぎのようなものだ。一枚一枚皮をむいていくと、,20171017
26673,4884,-- ハーバート・フーバー,20180214
15361,2433,歩行者。,20171008
12665,6964,-- イディッシュ語のことわざ,20180302
96985,9615,完全に避けられることを、明日に延ばすな。,20171202
96985,1623,彼は言った、「ああ、知っているよ」,20171110
96985,6239,"        But the good ones I've seen
",20170205
23531,8777,"miss
",20170603
23531,7043,許可を得るより許しを得る方が簡単だ。,20180311
23531,1625,UFOは実在する。空軍は存在しない。,20171109
60368,6503,-- ジョージ・サンダースの最期の言葉,20170121
12761,5512,確率は50対50だ。,20171112
12761,1785,メビウスの輪の上のネズミ,20170210
12761,703,彼女は彼に、,20180328
64955,8513,"
",20180213
64955,2153,"算数とは、""",20170108
64955,5517,"        But the good ones I've seen
",20170503
50227,1799,法は、その荘厳な平等において、富める者にも,20170412
50227,5865,誘惑を取り除く唯一の方法は、それに屈することだ。,20171109
50227,1743,アシッド――化学を通じたより良い生活。,20180103
47316,1625,光の速さより速いものはない…,20170710
47316,5287,"        A new hydrocarbon
",20170524
56902,651,人間はアルコールを発明した。,20170301
56902,5294,リメリックは複雑な芸術形式,20170307
56902,85,無政府状態は最良の統治形態ではないかもしれないが、,20170704
54218,5966,永遠を傷つけずに時間を潰すことはできない。,20170730
54218,551,中傷された。,20170922
43066,9103,"It's because I try to put every possible syllable into that last line
",20170406
43066,690,後からよりも。,20171201
43066,4612,-- ヨハネ・パウロ1世,20180117
43202,1386,おとぎ話：子供たちを新聞に備えさせるためのホラーストーリー。,20171012
43202,8131,本物のプログラマーはFORTRANでは書かない。FORTRANは配管応力マニアや,20170209
16959,7830,素人のためのプログラミングに関する最高の本は『不思議の国のアリス』だ。,20170930
87455,5963,パーティーを開くには良い日だ。彼をできるだけ遠くに投げ飛ばせ。,20180102
87455,8504,現実は幻覚の障害である。,20170102
87455,4987,ヌーディストとは、一つボタンのスーツを着る人々のことである。,20170908
10866,1604,目…」,20170218
10866,6722,Q: 論理右シフトをするのにIBMのCPUは何個必要か？,20180311
38798,9902,"He sure is a fun god
",20170629
41966,3570,グループの人数によって。,20171012
67893,9188,目…」,20171206
67893,8569,今夜はコウモリに餌をやらないで。,20170929
67893,4520,Q: 電球を交換するのに、オレゴン州民は何人必要か？,20170727
69426,4300,その道を。,20170501
55484,3382,何をしているかわからないときは、きれいにやれ。,20180118
55484,3037,-- マーク・トウェイン,20180126
95621,3382,-- 『銀河ヒッチハイク・ガイド』,20170915
95621,2499,コンピュータ科学の言語。強い型付けは記憶力の弱い人々のためのものだ。,20170915
95621,4223,電球を交換するのに、テックライターは何人必要か？,20180427
80651,8403,あなたが置いた場所から、見つけられない場所へ。,20180305
80651,9906,「何もしなくても誰が気にする？これは我々の新しい,20180306
41829,8004,長い目で見れば、すべてのプログラムはロココ調になり、そして瓦礫となる。,20170921
67630,9388,ゼロックスはそれを何度も何度も何度も…,20170623
44199,1799,ウェイター：「紅茶二つ。きれいなグラスを頼んだのはどちら様ですか？」,20180224
44199,7349,ダイヤルトーンを求めて。,20171110
11522,4612,-- ドロシー・パーカー,20171122
20933,2573,すべてが可能だが、,20171204
49877,777,そして徹夜した。,20170224
39020,1143,SQL交響楽団コンサート,20170529
39020,1143,SQL交響楽団コンサート,20170712
39020,1143,SQL交響楽団コンサート,20180224
98025,6765,感情的に活発であれ。お気に入りの神経症に迎合せよ。,20171109
98025,6059,-- ジョン・チアルディ,20170126
22722,1374,大学とは、教員が,20170812
59678,8784,そしてサン・ミョン・ムーン（文鮮明）！,20180411
59678,4069,真夜中。,20170914
59678,8753,社会遺伝学の根本原理：,20171007
52287,3357,さて、GCよ、当面は,20170904
52287,3266,重要な書類は、自発的に移動することでその重要性を示すだろう。,20170502
52287,2984,最新の公式数値によると、全統計の43%は,20180429
80126,5162,-- マーク・トウェイン,20180122
80126,1144,コーナー、バーモント州」,20171114
80126,551,コーナー、バーモント州」,20171117
35613,2679,未来はまだら模様。夕方遅くにスープをこぼすだろう。,20170313
71673,6642,何もない。,20170509
71673,4652,彼らは私を偏執病に見せようとしているだけだ！,20180430
87057,3750,-- アーサー・ナイマン,20171009
87057,5469,事柄は常に支配的で制御的であった。,20170521
85276,6884,そして彼女の内部でリンゴ酒を作った。,20170105
71331,7660,改革するために。,20170613
50862,1542,トゥルナウカの法則：,20170317
55037,9192,口を閉ざしていれば、足は集まらない。（口は災いの元）,20170906
55037,4612,死：突然罪を犯すのをやめること。,20171019
69103,4818,しばらくサウスダコタでサーフィンをするな。,20180308
69103,8114,興味深いものは何も簡単ではない。,20180417
11120,9923,もし神が完全なら、なぜ不連続関数を創造されたのか？,20170201
11120,4938,6ヶ月ごとに。,20170923
94527,2526,"Advertisement: The most truthful part of a newspaper
",20170403
94527,3900,薬局への道は遠いかもしれないが、宇宙に比べればピーナッツみたいなものだ。,20170226
25298,8932,今年は幸運な日を過ごす。,20170422
25298,1667,1) 「心配するな、俺が何とかする」,20170726
25298,7929,さもなければ、より難しい思考を必要とする。,20170705
13017,1193,芸術的な冒険が注目される。美術館を襲え。,20170827
96937,4612,99ブロックのゴミ！,20170401
92884,8559,ソフトウェアが他の何物とも似ておらず、それが,20171028
92884,6986,深まる憂鬱の中で、あなたの犬がようやく,20180402
92884,2937,「可能性は三つある。パイオニアの太陽電池パネルが,20180228
82144,8650,瓦礫にすぎない,20180409
82144,7262,再び同じ間違いを犯したときに。,20180105
82144,5512,死ぬ：突然罪を犯すのをやめること。,20170228
91271,1004,コンピュータのせいにされるすべてのエラーの根源には、,20180415
91271,706,幸福：他人の不幸を熟考することから生じる心地よい感覚。,20170315
33470,5101,-- ケーログ・アルブラン,20170521
33470,9133,-- カール・ツヴァンツィヒ,20170902
97186,2295,本物のプログラマーはFORTRANでは書かない。FORTRANは配管応力マニアや,20180325
72959,3779,歴史の第一法則：,20170830
72959,2264,-- トーマス・ジェファーソン,20180118
76763,7830,「ここ電話会社では、あらゆる種類の人々にサービスを提供しています。,20180219
76763,9791,ゼロックスはそれを何度も何度も何度も…,20170103
18034,1659,警官を避けるには良い日。学校まで這って行こう。,20170825
12347,61,アメリカを美しく保とう。ビール缶を飲み込め。,20180128
12347,8233,助けを必要としている旧友をがっかりさせるには良い日だ。,20171129
63997,7587,コンピュータにゴミを入れれば、ゴミしか出てこない。しかし,20170425
63997,2151,ウェイター：「紅茶かコーヒー、どちらになさいますか？」,20170103
63997,8778,彼らがそれを売ってくれればいいのに。,20170207
78440,9110,この国に必要なのは、良質な5セントのニッケル硬貨だ。,20170212
78440,5605,第四次世界大戦は棒と石で戦われるだろう。」,20170322
78440,5925,キリスト：少なくとも5000年早く生まれすぎた男。,20171117
57215,4287,バグを修正し、再びダンプする：,20171008
57215,5880,蒸気配管工のピクニックで。,20170528
57215,8456,電気技術者はより少ない抵抗でやる。,20171209
30415,793,プログラマーが英語で書けないことを見つけるだろう。,20170705
30415,624,相手のエラーの原因を取り除くこと。,20170611
30415,8859,神は言われた。「ニュートンあれ」と。するとすべてが光であった。,20171010
74850,8864,何かが起こる確率が百万分の一なら、,20170211
35557,9470,私は7つのハックを持つQuuxに出会った。,20171126
48233,8468,-- ジョン・マクナルティ,20170411
18661,4702,-- ウォルト・ケリー,20170608
18661,4069,経済学者の間では、現実世界はしばしば特殊なケースである。,20180408
18661,1625,恋は感傷的なはしかである。,20170414
72906,3187,すべてのバグには7つの兆候があった。,20170222
72906,9472,本物のプログラマーはCOBOLでは書かない。COBOLは弱々しいアプリケーションのためのものだ。,20171112
72906,2937,「三重アイソ分岐クリプトンゲートMOSプロセス…」,20170201
31537,6186,シャボン玉？,20180427
31537,9388,しかし、私が命じたことだけだ。,20170106
78861,2443,後からよりも。,20170119
78861,4318,鍋は向こうの端にある。,20170521
78861,4069,そうだと告げられたとき,20170818
35409,8997,"Steinbach's Guideline for Systems Programming
",20180220
81641,5003,バグを修正し、再びダンプする：,20171012
26360,8131,不幸は仲間を好むが、仲間はそれに応えない。,20170715
36560,18,"There once was a girl named Irene
",20180429
36560,9288,現代人とは、類人猿と人間との間の失われた環（ミッシング・リンク）である。,20170524
35859,3297,"I really hate this damned machine
",20170716
35859,4137,ユーザー（名詞）：あなたが言ったことを何でも信じるプログラマー。,20171215
35859,7830,何としても現実を避けよ。,20170917
96710,7609,"Bizarreness is the essence of the exotic
",20180403
96710,9529,主は、もしそうでなければ、なぜ我々にこれほどの素早い動きを与えられたのか。,20170123
49919,3072,電気処刑：すべての現代的な改良が施された火あぶり。,20171115
49919,6437,俗語とは、コートを脱ぎ、手に唾を吐きかけ、,20170430
92588,9162,チキン・リトルは正しかった。,20180303
92588,4867,大酒を飲むには最高の日。オフィスのウォータークーラーに酒を入れろ。,20170623
92588,2910,"If I traveled to the end of the rainbow
",20170312
25872,9902,"It was the reader's CONS
",20180114
25872,4892,ハンディキャップのある。,20170516
25872,7523,コンピュータの集中力は、その,20180409
62223,6653,それは、死んだ方がましだと思う人々のための時間つぶしの本だった。,20171027
88966,6589,"God is a polythiest
",20170827
88966,1811,時々、無実の人が議会に送られる。,20170628
88966,7181,生きている方がましだ。,20170312
73801,6154,-- アナトール・フランス,20180113
12007,5201,手。,20170129
12007,9192,ヴェリリンドの実験の法則：,20170515
20826,2033,-- G・B・ショー,20170623
88059,5914,-- イザヤ,20170410
88059,5344,それが作った。,20170708
61577,4715,今週は自分で機会を作り出せる。上級,20180320
61577,2044,猫に頑固さで勝とうとするな。,20170317
61577,4717,-- ポール・マクラッケン,20171118
50332,7364,全く価値がない。,20170923
90133,5715,英語では、すべての単語を動詞化できる。我々の,20170907
90133,104,あなたが偏執病だからといって、彼らがあなたを狙っていないとは限らない。,20170613
90133,9520,コーナー、バーモント州」,20171115
23830,488,電球を交換するのに、テックライターは何人必要か？,20170707
23830,1077,この国に必要なのは、良質な5セントのニッケル硬貨だ。,20170829
55320,446,裸の腕を持つ権利を支持せよ！（武器を持つ権利(bear arms)との掛詞）,20170927
55320,4837,彼を避けろ。彼は共産主義者だ。,20170117
55320,6131,覚えておけ、たとえ出世競争に勝ったとしても――お前はまだネズミだ。,20171219
50045,7705,一度。,20170611
91755,8421,政府などない方がましだ。,20180315
91755,8187,体の方が良い。,20170208
40307,1728,私はあらゆる緊急事態には備えているが、日常には全く備えていない。,20171215
40307,8004,"
",20170216
29797,9133,事実への些細な投資から、推測という見返りを。,20180409
29797,1001,-- ペギー・ジョイス,20180416
29797,7587,-- 愚者の辞書,20180412
86677,2033,暇な時間に現金を稼ごう――友達を脅迫せよ。,20170821
86677,5015,"
",20170422
86677,6292,-- ペギー・ジョイス,20170206
65068,106,この種のゴミ。,20170326
19333,8650,まあいい、全部の卵を一つのカゴに入れちまえ。,20180315
19333,9,-- ドクター・フー,20170919
19333,8548,その間にタバコ。,20180330
57096,6789,正気だ。」,20180319
57096,9362,今日。,20170129
57096,622,キッシュと綴る。彼らはトゥインキーや四川料理を食べる。,20170723
94329,1381,ウェイター：「紅茶二つ。きれいなグラスを頼んだのはどちら様ですか？」,20171111
94329,5468,何としても現実を避けよ。,20171220
47308,7460,-- オスカー・ワイルド,20170428
47308,649,彼らに良いマナーを教える努力。,20170801
47308,3799,-- ハーバート・フーバー,20180129
80663,8541,太陽から。大きな隕石が通信を妨げているか、あるいは誰かが,20170726
93892,7275,本物のプログラマーはBASICでは書かない。実際、BASICで書くプログラマーはいない。,20180326
93892,1107,搾取の範囲から自分自身を。,20170311
93892,3779,「どうして知るものか？私は何だ、哲学者か？」,20170912
23087,6982,文明に触れることなく退廃へ。,20170911
23087,5519,-- イディッシュ語のことわざ,20180131
23087,4723,-- アラン・パーリス,20170118
66003,2404,理性の命令に従って行動するように。,20180206
71883,2506,例。,20171205
69407,6439,「ここ電話会社では、あらゆる種類の人々にサービスを提供しています。,20170316
50346,6515,-- 『ドクター・フー』より、准将,20170523
50346,4300,我々のビデオプロセッサに『スタートレック3.2』をロードした。」,20170115
43382,658,1981年、滑降スキーに最悪の月：1月。行列は,20170916
33303,8476,-- ピーター・S・ビーグル,20171222
33303,4235,候補者とは、金持ちから金をもらい、,20170927
46344,8004,"Conscience is the inner voice that warns us somebody is looking
",20170321
46344,8657,本物のプログラマーはCOBOLでは書かない。COBOLは弱々しいアプリケーションのためのものだ。,20170824
17677,374,外交とは、石を見つけるまで「いい子だね、ワンちゃん」と言い続ける技術である。,20171229
17677,126,本物のプログラマーはアプリケーションプログラムを書かない。彼らは,20171201
17677,5972,それはやる価値がなかった。,20170115
31033,2365,あなたは間もなく認識されるかもしれない。隠れなさい。,20170323
62606,2918,タルムードで最も古くから puzzling されてきた問題の一つは、「なぜ神は,20170622
62606,2886,おばあちゃんを路上から遠ざけろ――ビンゴを合法化せよ。,20170812
62606,9784,私は7つのハックを持つQuuxに出会った。,20180310
92946,5851,外交とは、石を見つけるまで「いい子だね、ワンちゃん」と言い続ける技術である。,20180313
92946,6393,本物のプログラマーは文書化しない。ドキュメントは、,20170406
92946,994,ユーザー空間と同じようにカーネル空間でも！,20170211
96125,5469,扱う。,20171227
96125,1574,そしてこれはとても奇妙だった、なぜならそれは,20170228
11181,9529,私は酒はやらない。,20170715
11181,2443,ポップアップ、プッシュダウン、バイト、バイト、バイト！,20180318
11181,5748,彼らにそれを返す。,20180222
56269,1988,今日は空飛ぶ円盤に近づかないように。,20170622
56269,9245,経験とは、あなたが認識することを可能にする素晴らしいものである。,20171206
56269,1753,「もっと必要になるまで、乗り切るのに十分なだけ必要だ。」,20180115
82480,1194,"A city is a large community where people are lonesome together
",20170805
19360,241,悪意に帰するな、,20180220
19360,2809,-- ハーバート・プロクナウ,20170919
19360,871,それはかつて私を指していた。,20170807
15607,1290,クリスマスに子供にメンタルブロックを与えなさい。,20171108
15607,6292,あなたは仕事のことで心配しすぎだ。やめなさい。あなたは十分に給料をもらっていない。,20180214
15607,5966,エキサイティングなデラウェア、ニュージャージー。（バリー・フレッチャーの故郷！）,20171104
74485,4731,最新の公式数値によると、全統計の43%は,20171004
74485,3156,本物のプログラマーは9時から5時まで働かない。もし本物のプログラマーが午前9時頃にいるなら,20180127
74485,9150,コンピュータがクラッシュする。,20170306
83191,7262,その講師のコースのために勉強することを除いて。,20180501
83191,786,リストまたはオブジェクトデッキ。,20170311
83191,7637,重力は神話だ、地球は吸い込む。,20170402
99486,7107,"
",20170826
99486,364,縄は緩む。,20180307
84113,5269,ニヒリズムは自己から始めるべきだ。,20170716
42299,2311,父親は幼い息子に尋ねた。,20170120
66847,4818,ダンという名の若い詩人がいた,20170222
66847,7338,戴冠式：君主に外見上と,20170629
37192,1782,コンピュータのせいにされるすべてのエラーの根源には、,20171217
69314,6722,噂されていないことだ。,20170307
17537,5091,そして男性的な衝動,20170525
17537,3885,人生はヨーヨーで、人類はその糸に結び目を作る。,20180113
53053,5777,花嫁：幸せな未来を背後に持つ女性。,20180408
32858,176,電球を交換するのに、ハードウェアエンジニアは何人必要か？,20171219
11323,9310,先週の火曜日がつまらなかったと思うなら、何が起こるか待ってみなさい。,20170522
11323,8342,英語では、すべての単語を動詞化できる。我々の,20170214
59864,4414,非戦闘員：死んだクエーカー教徒。,20171012
17862,7862,彼らは私を偏執病に見せようとしているだけだ！,20170107
17862,2958,そのモニターは完全に負ける！,20170705
38222,3652,ガスはひどい匂いがする。,20170717
14023,9784,優越性は劣性である。,20171216
69503,871,彼らは通常、処女を,20170910
69503,1393,ストリップは回転した。,20180120
57900,6085,政府などない方がましだ。,20170717
57900,8363,スープが治せないのは、母親への神経症的な依存である。,20180209
33768,9306,"It never does quite what I want
",20180228
33768,3351,価格が大幅に上がったことを意味する。,20170103
45879,1093,"Bizarreness is the essence of the exotic
",20170603
14734,9103,時々、無実の人が議会に送られる。,20170120
14734,8753,波の上に立つ者もまた、サーフィンをする。,20180218
14734,3851,その道を。,20170225
37257,3415,"
",20180302
37257,2218,結果が事前に分かっていない限り、資金提供機関は,20171101
65935,6740,ラー！ラー！ラー！,20180304
65935,3190,神を。,20180320
65935,7862,彼があなたに言うこと。,20171213
46568,8131,"enough cheese
",20171221
46568,746,誰を信じる？,20170331
46568,881,-- カール・ツヴァンツィヒ,20170515
46132,7331,正しいプログラムを理解するより、間違ったプログラムを書く方が簡単だ。,20170629
46132,3581,ヴェリリンドの実験の法則：,20180305
46132,6999,毛皮のコート。,20180305
45420,3284,酸はあなたを汚す。,20171121
83927,9346,幸福：他人の不幸を熟考することから生じる心地よい感覚。,20180125
68038,9470,"We wish you a Hare Krishna
",20170812
87702,845,裸の腕を持つ権利を支持せよ！（武器を持つ権利(bear arms)との掛詞）,20170702
69510,9626,私はあらゆる緊急事態には備えているが、日常には全く備えていない。,20170314
69510,5469,"We wish you a Hare Krishna
",20170824
69510,4591,"Ass（尻/ロバ）：""lass""（娘）の男性形。",20170928
78596,5519,ネーザーの法則：,20171012
78596,3940,ゴイムを創造したのか？」一般的に受け入れられている答えは、「誰かが,20170522
78596,8778,後知恵は精密科学である。,20180421
83519,134,明かりがつく。,20170207
83519,8559,-- カール・ツヴァンツィヒ,20170311
83519,1625,ハンディキャップのある。,20180220
95601,7841,「もっと必要になるまで、乗り切るのに十分なだけ必要だ。」,20180419
95601,2110,未来の仕事は危険であることだ。,20170211
76329,3046,人々はお一人様一点限りのものなら何でも買う。,20170130
42073,2071,ミニーマウスは迷路を覚えるのが遅い。,20170223
42073,5282,我が国には良い5セント葉巻がたくさんあるが、問題は,20180122
42073,7333,「ラクダが針の穴を通るのは、それが,20170903
12855,7182,汝のプログラムは走り、汝のシステムコールは成されたり。,20170717
12855,4246,政府機関の解決策があなたの問題に合わないとき、あなたは,20171002
45876,8729,-- ブラウン・セキュリティ犯罪防止パンフレットより,20170323
16852,3595,精神科医は4人に1人が精神的に病んでいると言う。,20180324
16852,6965,変化。,20170922
16852,3869,神は言われた。「ニュートンあれ」と。するとすべてが光であった。,20170212
63864,3114,平均的な男性は考えるよりも見ることの方が得意である。,20170510
19825,8233,-- アドレー・スティーブンソン,20170831
43966,418,弾丸に免疫がある」,20171107
29020,6878,最適化は進化を妨げる。,20170824
29020,2049,私は木を全く見ることがないだろう。,20170503
43924,3351,-- フィンリー・ピーター・ダン（ミスター・ドゥーリー）,20170319
43924,8068,コンピュータプログラミングの法則：,20171126
43924,2311,-- アラン・パーリス,20170703
92052,3190,"
",20180205
92052,8716,-- オスカー・ワイルド,20170418
92052,6965,"There's no future in time travel
",20171021
68689,5388,皮肉屋の目を、彼の視力を改善するために。,20171115
68689,8341,神は7日で世界を創造したのではない。6日間遊び呆けて,20180428
68689,5003,こんにちは、ファルケン博士。,20180213
77085,8932,「サイを盗むことは軽々しく試みるべきではない。」,20170303
32652,3016,神は練習のために愚か者を作り、そして教育委員会を作った。,20170313
32652,6636,点。,20170615
32652,1107,-- ジョン・チアルディ,20170925
15046,2147,エキサイティングなデラウェア、ニュージャージー。（バリー・フレッチャーの故郷！）,20180430
15046,4576,誰かが「私がただ,20170317
15046,1926,名誉ある紳士は卑劣な犬である。」,20170115
16433,2035,そうに違いないと我々を安心させてくれる。,20180416
16433,6127,「それどころか」とトゥイードルディーは続けた。「もしそうだったら、そうだったかもしれないし、,20170830
16433,5714,アレクサンダー・グラハム・ベルはニューヨークで健在で、まだ,20170204
78801,4414,最新の公式数値によると、全統計の43%は,20170401
78801,1393,私は酒はやらない。,20170730
78801,5478,大きな財産を持って。」,20170919
55923,8804,クリンクラーの第一法則：,20180102
55923,4223,"A limerick packs laughs anatomical
",20171231
73699,6575,彼に起こるありふれたこと。,20170509
41496,1923,名誉ある：手の届く範囲に障害があること。立法府では,20171028
41496,4414,人生をやり直せるかもしれない――もし最初の,20170814
41496,388,-- 『ドクター・フー』より、准将,20171107
40590,3595,先週の火曜日がつまらなかったと思うなら、何が起こるか待ってみなさい。,20170223
40590,5865,ノスタルジアは、もはや昔のものではない。,20170510
40590,6878,"I must have slipped a disk -- my pack hurts
",20171216
16328,5748,朝に自己嫌悪するな――昼まで寝ろ。,20171009
16328,5972,LSDは、その重さの47倍の過剰な現実を消費する。,20180215
16328,2071,反意語：あなたが考えようとしている言葉の反対。,20170522
14973,5003,注意：呼吸はあなたの健康に有害な場合があります。,20180120
14973,5778,プログラマーが英語で書けないことを見つけるだろう。,20170604
44736,3635,コンピュータが人間より多くの仕事をこなせる一つの良い理由は、彼らが,20171111
44736,2789,探すのをやめなさい。幸福はあなたのすぐ隣にある。さて、もし彼らがただ,20170413
44736,9185,ツバメがカピストラーノに着陸するのを手伝おう。,20170823
27927,9432,電球を交換するのに、ハードウェアエンジニアは何人必要か？,20170720
27927,1520,優越性は劣性である。,20171227
27927,7705,"I really hate this damned machine
",20180328
21239,6878,大西洋を、口に動詞をくわえて。,20180422
21239,7035,あなたは賢く、機知に富み、素晴らしいが、あまりに多くの時間を,20170528
69615,5004,-- アラン・パーリス,20170613
69615,1393,ディスク上の99ブロックのゴミ,20171230
69615,7705,-- ウディ・アレン,20180222
47657,7107,年齢に敬意を払え。たまには良いスコッチを飲め。,20170813
47657,8778,文明に触れることなく退廃へ。,20171203
45435,1552,今日。,20171201
45435,9780,熱力学の三法則：,20170208
67292,3323,「それは素晴らしいに違いない！私には全く理解できない。」,20170215
67292,6186,チャイルドプルーフキャップに苦労するのは大人だけだ。,20180419
67292,3415,有名な最期の言葉：,20170825
48320,7460,臆病者：危険な緊急事態に足で考える者。,20180127
88712,3915,そして他のエロティックな効果。,20180102
88712,4993,他人に彼の心が大きいと思わせておけ,20170628
88712,3351,-- ソーパー上院議員,20180307
48204,6659,民主主義とは、国が一流の経営の下で何ができるか疑問に思うことが許される統治形態である。,20170221
42887,2206,男たちは黙ってお茶をすすっていた。しばらくして、不器用な男が,20171030
42887,9923,覚えておけ、たとえ出世競争に勝ったとしても――お前はまだネズミだ。,20170525
42887,5914,外交とは、石を見つけるまで「いい子だね、ワンちゃん」と言い続ける技術である。,20170430
61768,3799,まあいい、全部の卵を一つのカゴに入れちまえ。,20170223
61768,8698,言った、「人生はサワークリームのボウルのようなものだ。」,20180311
41768,2917,間違いはしばしば、完全な失敗への踏み石となる。,20170301
41768,5972,-- ウディ・アレン,20170212
41768,9434,運勢：セグメンテーション違反――コアダンプ,20180213
98814,7401,-- ジョン・バリモアの最期の言葉,20180331
98814,9289,身を粉にして働け！,20180321
63190,4542,-- ソーパー上院議員,20180216
63190,7995,それがいかに走るか見よ！それがいかに走るか見よ！,20170807
63190,7737,酵素とは、生物学者が発明したものであり、,20180322
85253,2501,「そして、私と同じくらい大きくなったら何をするの？」,20170217
85253,6439,馬の分別とは、馬が,20170522
85253,6148,サンフランシスコはかつての姿ではなく、そして決してそうではなかった。,20171121
37279,5142,献身的な追随者の不足により、偉大な指導者の生産は,20171119
37279,3517,柔和な者は地を受け継ぐだろう――彼らは弱すぎて断れないのだ。,20170216
59915,3629,障害を克服するには良い日。障害物競走を試してみよう。,20170102
59915,8663,リュシストラタは良いアイデアを持っていた。,20170427
49795,7424,服を着替える。登山はOKで、本物のプログラマーは,20180330
76128,8078,今日は友達を吸おう。,20180418
76128,3878,太陽は海の上で輝いていた。,20180407
90434,1143,SQL交響楽団コンサート,20180102
90434,1143,SQL交響楽団コンサート,20170226
76632,651,献身的な追随者の不足により、偉大な指導者の生産は,20170515
76632,718,応用テロの第四法則：,20170529
76632,5425,豚は、もし私が間違っていなければ,20170216
83356,7043,対処法を知らないエラー条件をテストするな。,20170831
83356,4554,システム、その主要な弱点がすべて露呈した,20170718
83356,7498,全面核戦争ゲームをプレイしますか？,20180403
52333,5963,感情的に活発であれ。お気に入りの神経症に迎合せよ。,20170402
52333,1909,今月は忘れられない月になるだろう――どんなに忘れようとしても。,20170308
52333,8883,精神科医は4人に1人が精神的に病んでいると言う。,20171226
99191,8176,解決策ではなく、問題を修正する。,20171112
99191,4520,もし入力が正確でなかったら。,20170130
99191,3517,姉妹や近親者が弾くピアノよりも迷惑だ。,20170129
32377,9314,きわどいアリアを専門とする歌姫は、オフコロラトゥーラソプラノだ…,20180317
32377,9669,後からよりも。,20170927
65450,1659,中傷された。,20180425
12272,845,は中止された。,20180326
12272,2831,クリンクラーの第二法則：,20180115
12272,8010,-- フレッド・アレン,20171010
89767,2206,神は7日で世界を創造したのではない。6日間遊び呆けて,20170928
89767,5023,やるべきことを先延ばしにするのに、今ほど良い時はない。,20170309
72406,3826,また轢かれないことを願う。,20171218
72406,1137,社会遺伝学の根本原理：,20180405
10152,5313,コンピュータプログラミングの法則：,20180228
79752,4583,良い忠告とは、悪い手本を示すには年を取りすぎた男が与えるものである。,20170801
31995,2809,酸はあなたを汚す。,20180410
31995,8902,なし。宇宙が電球を回し、禅師は,20180316
31995,5590,本物のプログラマーはCOBOLでは書かない。COBOLは弱々しいアプリケーションのためのものだ。,20170607
51771,134,世の中で噂されることより悪いことは一つしかない。そしてそれは,20171003
15218,2264,"BLISS is ignorance
",20171224
15218,3382,シルバーマンの法則：,20180324
15218,916,最も短い、けれど。,20171026
53844,8059,一つ。,20180217
53844,4476,今夜は家族のことを考えなさい。,20171110
23908,1360,未来の仕事は危険であることだ。,20170529
23908,6982,私は木を全く見ることがないだろう。,20170115
23908,3999,朝に自己嫌悪するな――昼まで寝ろ。,20171120
28145,8939,つまり、もしアパートを借りるなら、あなたは3つの,20170520
28145,2365,牛は、我々人間が,20170422
28145,9214,そのモニターは完全に負ける！,20170111
69115,4754,解決策ではなく、問題を修正する。,20171105
64040,4029,LISPプログラマーはすべての価値を知っているが、そのコストは,20180317
64040,8316,有り余るエネルギーを発散させるには良い日だ。何か重いものを盗め。,20180428
64040,5061,爆弾。,20171216
14387,8716,デフリース家のジレンマ：,20171205
32085,7219,問題を十分注意深く見れば、,20180317
32085,4470,人工知能に一年費やせば、,20180417
51470,8777,収支を合わせられると思った頃に、誰かが,20180209
25642,8034,芸術的な冒険が注目される。美術館を襲え。,20171203
20946,4951,社会遺伝学の根本原理：,20170916
95165,5914,変数。」,20180308
95165,8633,紙に当たる。,20171016
95165,9145,それが何か知っている。,20180128
42762,6659,-- H・L・メンケン,20180329
15954,6156,ユニコーンを救えないなら、魔法に何の意味がある？,20170303
86819,1389,システム/3！システム/3！,20180416
86819,6127,「成功できるのに、なぜ男でいる必要がある？」,20170724
40449,363,もし神が我々に裸でいてほしかったなら、我々はそのように生まれていただろう。,20170716
60765,2594,すべてはトップダウンで構築されるべきだ、最初の時を除いては。,20170223
60765,4554,（ウェイター退場、そして再登場）,20180104
60765,9388,正直者：口がきけず、読み書きができない。,20170208
44024,9250,我々のビデオプロセッサに『スタートレック3.2』をロードした。」,20170930
44024,719,失敗への対処は簡単だ。改善するために努力する。成功もまた,20171115
93553,7822,フィルモア大統領を悪く言うな。彼は我々をベトナム戦争から遠ざけてくれた。,20180326
93553,8657,-- ウディ・アレン,20180108
93553,6085,予定説は最初から運命づけられていた。,20170112
32449,1581,もし持ち込み可の試験を与えられたら、本を忘れるだろう。,20171205
79030,7305,もし10個のパラメータを持つプロシージャがあるなら、おそらくいくつか見逃している。,20180212
79030,9353,神は死んでいない、ただ駐車スペースを見つけられなかっただけだ。,20170326
79030,8010,COBOLで書くかFORTRANで書くか。,20170202
58054,6084,障害を克服するには良い日。障害物競走を試してみよう。,20171028
58054,8476,-- D・J・ヒックス,20170623
58054,6229,今夜はユーカリの木で眠るな。,20171004
90034,2092,ジョニーは祭りからなかなか帰らない。,20171208
90034,3251,未来はまだら模様。夕方遅くにスープをこぼすだろう。,20170306
90034,9192,ヴァン・ロイの法則：,20170305
44821,793,クリンクラーの第一法則：,20170203
44821,1200,本物のプログラマーはFORTRANでは書かない。FORTRANは配管応力マニアや,20171012
20540,3992,全面核戦争ゲームをプレイしますか？,20171015
99187,3670,"It's because I try to put every possible syllable into that last line
",20170629
99187,276,上司がそれを読んでいる。,20171231
67575,8650,"WHERE CAN THE MATTER BE
",20170601
67575,6722,最適化は進化を妨げる。,20170220
67575,8541,100ブロックのゴミ！,20180129
46487,6377,"Vitamin C deficiency is apauling
",20180301
45972,4273,"It never does quite what I want
",20170219
25452,2679,-- ホークウインド,20170625
25452,8061,それはかつて私を指していた。,20180121
65172,8836,UFOは実在する。空軍は存在しない。,20171017
65172,5415,軽く油を塗った。」,20170507
43223,7219,私は木を全く見ることがないだろう。,20180125
43223,9362,改革するために。,20170125
57354,1925,旗。,20170311
57354,4583,"It's not that I'm afraid to die.  I just don't want to be there when it
",20170302
57354,5240,「可能性は三つある。パイオニアの太陽電池パネルが,20170101
87874,4507,"Computer programmers do it byte by byte
",20180121
87874,2433,今日は空飛ぶ円盤に近づかないように。,20171121
47473,5344,釘。,20180415
47473,9188,デバッグセッション。,20180411
47473,7386,噂されていないことだ。,20171118
17454,8114,-- ウディ・アレン,20170804
17454,5412,"God is not dead!  He's alive and autographing bibles at Cody's
",20170325
17454,7333,モリソンの官僚主義仮説：,20180204
85721,5385,彼らがそうあるべきであると。ゆえに、スキタイ人の間では、,20170916
85721,9559,時間だ！」,20180205
85721,341,"...And malt does more than Milton can
",20170325
80248,9250,-- ペギー・ジョイス,20170126
80248,1552,軍事諜報は矛盾した言葉である。,20170718
80248,8521,明日は興味が持たれないため中止となります。,20180109
14669,2338,この人物は解雇されなければならない。,20180417
59779,6999,彼を避けろ。彼は共産主義者だ。,20170206
59779,1894,さもなければ、より難しい思考を必要とする。,20171129
92333,3232,金を持つ者がルールを作る。,20180404
92333,6185,候補者とは、金持ちから金をもらい、,20170923
62292,4986,扱いやすい：あなたは間違った問題を解決した。,20170824
64635,1483,ソフトウェアが他の何物とも似ておらず、それが,20170411
54682,7474,消化不良。,20170515
24413,9103,対処法を知らないエラー条件をテストするな。,20170614
40118,7927,答えは42だ。,20180304
40118,339,左にシフト！右にシフト！,20170522
40118,8158,未来はまだら模様。夕方遅くにスープをこぼすだろう。,20180118
23216,4207,重力は神話だ、地球は吸い込む。,20171026
27950,8784,なし。「ユーザーが解決できるだろう。」,20170116
27950,9771,そして雨が降り出した途端にそれを返して欲しがる。,20170101
27950,6131,彼は、注文していない付け合わせでも見るかのように私を見た。,20170814
33074,2092,物事は今よりも昔のようになっている。,20180217
33074,2502,すべてのバグには7つの兆候があった。,20170224
35077,1077,プログラミングについての考え方に影響を与えない言語は,20170103
71802,402,非戦闘員：死んだクエーカー教徒。,20170531
67262,8605,郵便。対応するエラーは、,20180130
23383,1675,12歳以降に。,20180311
83474,9520,プログラマーの視点は、彼の,20171027
83474,9780,「第三次世界大戦がどのような兵器で戦われるかはわからないが,20170531
83474,709,ユーザー（名詞）：あなたが言ったことを何でも信じるプログラマー。,20170419
69519,89,勇気を奮い起こせ！他のものは全部台無しにしたんだから。,20170820
52474,1438,-- サルヴァー・ハーディン,20170603
52474,7994,Q: 論理右シフトをするのにIBMのCPUは何個必要か？,20180208
52474,3463,-- アドレー・スティーブンソン,20180407
64790,4941,ホーングレンの観察：,20171005
64790,5011,-- マーク・トウェイン,20180228
72639,6262,名誉ある紳士は卑劣な犬である。」,20180222
41715,9880,-- ハーバート・プロクナウ,20180118
85555,8504,-- マーク・トウェイン,20180501
17282,3841,本ではなく、スープを濃縮せよ！,20170716
17282,4329,プログラミングについての考え方に影響を与えない言語は,20180228
72980,43,服を着替える。登山はOKで、本物のプログラマーは,20171124
72980,8569,あなたが偏執病だからといって、彼らがあなたを狙っていないとは限らない。,20170713
77616,418,長い目で見れば、すべてのプログラムはロココ調になり、そして瓦礫となる。,20180321
77616,622,しかし、我々は熱意のあまり、,20180304
77616,5344,そのモニターは完全に負ける！,20170518
56906,6072,"Computer programmers do it byte by byte
",20171112
56906,6965,丸一日得られない。可能な限り2月は避けよう。,20170808
48261,8504,-- ドロシー・パーカー,20171118
48261,1290,アシッド――化学を通じたより良い生活。,20170309
18893,8698,彼は、注文していない付け合わせでも見るかのように私を見た。,20170102
20268,3484,さて、GCよ、当面は,20170303
34777,5282,「三重アイソ分岐クリプトンゲートMOSプロセス…」,20170406
34777,5512,メビウスの輪の上のネズミ,20170923
34777,6993,ダイナマイトで空高く吹き飛ばされる神聖な権利の目に見える兆候。,20170707
14849,4993,短い針が…にある。,20171015
57840,3885,ユニコーンを救えないなら、魔法に何の意味がある？,20170522
79701,5383,それに慣れろ。,20170212
47148,2677,Q: 電球を交換するのに、異性愛者の男性は何人必要か？,20180214
47148,2910,鍋は向こうの端にある。,20170505
32211,5606,先週の火曜日がつまらなかったと思うなら、何が起こるか待ってみなさい。,20170919
32211,2183,彼がその向こう側から現れるまで、あなたは彼を見ることはないだろう。,20170228
18573,8118,機械室の真ん中に。,20180203
24991,649,提案を拒否する。,20170507
24991,1046,"It never does quite what I want
",20171114
64496,6789,誰かが「私がただ,20171121
64496,9314,"A city is a large community where people are lonesome together
",20170310
85116,5493,あなたの同意なしに、誰もあなたを劣っていると感じさせることはできない。,20180124
85116,1016,"
",20170220
24718,8716,ディスク上の100ブロックのゴミ,20170221
24718,6105,今日は旅行が重要。明日、国税庁の役人が来る。,20180107
98447,7660,めったにきれいではなく,20170506
51036,2526,靴。,20170807
51036,8040,神のみが無作為な選択をすることができる。,20170818
82698,5091,私は聴衆に、彼らがなしうる最善のことは,20171007
82698,816,電球を交換するのに、ソフトウェアエンジニアは何人必要か？,20180201
18768,1785,-- ギゴ,20180410
18768,4681,本物のプログラマーはBASICでは書かない。実際、BASICで書くプログラマーはいない。,20170108
18768,5104,本物のプログラマーはPASCAL、BLISS、ADA、その他赤みがかった,20180304
27177,649,"Kin: An affliction of the blood
",20170410
27177,1999,ミニーマウスは迷路を覚えるのが遅い。,20170513
27177,3737,酵素とは、生物学者が発明したものであり、,20170512
81297,2147,グループのIQは、グループのメンバーの最低IQを,20171112
66308,2668,人々はお一人様一点限りのものなら何でも買う。,20180405
66308,4699,「最適化コンパイラにおけるレジスタ割り付け」,20171101
66308,8421,素人のためのプログラミングに関する最高の本は『不思議の国のアリス』だ。,20170307
36602,4239,ローマ帝国はなぜ崩壊したのか？事務所のラテン語は何？,20171006
36602,5004,床を磨いたり、その他のエキサイティングなことをするのに最適な日。,20170330
36602,4965,"不在者：収入があり、""",20170726
31129,1750,"
",20170518
31129,2789,「商品市場で小金を稼ぐ方法は、始めることだ」,20170106
30629,6914,問題を十分注意深く見れば、,20170623
30629,6229,すべてのプログラムは、他のプログラムの一部であり、めったに適合しない。,20180330
30629,3218,何としても現実を避けよ。,20170806
26159,3157,Q: 電球を交換するのに、オレゴン州民は何人必要か？,20170302
26159,2241,エネルギーを節約せよ：無関心であれ。,20170222
26159,7927,それは宇宙を一つにまとめている…,20180405
15609,8071,一度。,20170316
15609,1016,-- ケーログ・アルブラン,20170411
15609,4723,独身者とは、ある女性を,20180316
99206,6602,系論：,20170419
37992,4149,あなたは犬のような生活を送ってきた。家具から離れていなさい。,20170304
37992,8541,左にシフト！右にシフト！,20170405
32304,2206,やるべきことを先延ばしにするのに、今ほど良い時はない。,20170914
24541,1381,ポップアップ、プッシュダウン、バイト、バイト、バイト！,20170728
24541,3115,"Conscience is the inner voice that warns us somebody is looking
",20170907
64196,2677,そしてサン・ミョン・ムーン（文鮮明）！,20170828
64196,2049,コンピュータのせいにされるすべてのエラーの根源には、,20171109
88423,6254,-- メイシーズ,20171103
20247,2714,神を。,20171227
20247,4731,何もない。,20170617
66737,4464,彼らの話題は主にセックスに及ぶ。,20171224
38867,6894,"It's not that I'm afraid to die.  I just don't want to be there when it
",20170108
38867,6589,ユーザー（名詞）：あなたが言ったことを何でも信じるプログラマー。,20171225
28129,3357,システム/3！システム/3！,20170331
28129,9214,もし良い写真が撮れたとしても、それらは台無しになるだろう,20180501
70588,7130,光の速さより速いものはない…,20171122
77275,2677,再生業者よ、その木を助けてやれ！,20170121
77275,651,自分の評判を考えなさい。名前を変えて、,20171101
25125,3157,老兵は死なず。若者は死ぬ。,20180425
25125,4982,"Advertisement: The most truthful part of a newspaper
",20170101
40880,7331,ポップアップ、プッシュダウン、バイト、バイト、バイト！,20171126
40880,9273,それがいかに走るか見よ！それがいかに走るか見よ！,20170820
40880,9877,道徳的にハンディキャップのある人を雇いなさい。,20180119
91292,8158,彼女は彼に、,20180215
91292,1046,コンピュータプログラミングの法則：,20170606
91292,2089,確固たる決断の日だ！！！！！それとも違うか？,20171213
65872,1193,過去は常にかつてより良く見える。それが心地よいのは、ただ,20180428
65872,374,強い酒には気をつけろ。それは税務署員を撃ちたくさせ、そして,20171107
59023,6815,人々に考えさせていると思わせれば、彼らはあなたを愛するだろう。しかし、もしあなたが,20171206
81585,3810,その構文はJOSSより悪い。,20170925
52690,3201,早朝にコーヒーを飲むな。昼まで目が覚めてしまうぞ。,20171107
52690,136,正しいプログラムを理解するより、間違ったプログラムを書く方が簡単だ。,20170523
52690,7331,-- W・サマセット・モーム,20180131
14217,6801,捨てられる運命にある：重要なのは、常にそれを,20180324
14217,3053,サラダにとってのニンニクが、芸術にとっての狂気である。,20170916
35280,6659,"
",20180420
94218,6184,ユニコーンを救えないなら、魔法に何の意味がある？,20170314
94218,1200,あなたのプログラムを説明しているときに聞き手がうなずいたら、,20180115
33598,9589,世の中で噂されることより悪いことは一つしかない。そしてそれは,20171108
49966,418,プログラミング言語。,20171127
49966,2274,再び同じ間違いを犯したときに。,20170422
93284,1468,青リンゴを食べて死んだ。,20170102
93284,4069,は一時的に中止されます。,20180306
86692,8084,あなたは間もなく認識されるかもしれない。隠れなさい。,20170807
86692,4534,今、私はそれを守っている。,20180417
86692,9780,"Death is nature's way of telling you to slow down
",20170822
18763,5562,-- ウォルト・ケリー,20170220
18763,5648,ミニーマウスは迷路を覚えるのが遅い。,20180105
18763,2834,-- アーサー・ナイマン,20170414
63423,1552,ハチドリは歌の歌詞を決して覚えない。,20170602
63423,3357,"God is a polythiest
",20171205
97852,2858,偏執病の人も人間だ。彼らにも彼ら自身の問題がある。簡単に,20170407
63668,6884,キリスト：少なくとも5000年早く生まれすぎた男。,20180319
63668,9035,後からよりも。,20171013
63668,5469,「本当？なんて偶然、私も浅はかよ！」,20170515
29176,1137,改善する。,20180114
69872,2917,最も短い、けれど。,20180405
69872,8498,A: 3人。1人が電球をねじ込み、2人がそれを邪魔する者たちを追い払う。,20171026
69872,9558,あなたは大きな音に驚くだろう。,20170521
33195,8522,神を。,20170519
94814,4059,本物のプログラマーはBASICでは書かない。実際、BASICで書くプログラマーはいない。,20171130
94814,8316,定言命法を打倒せよ！,20170121
22705,3218,プロジェクトMACを通り過ぎたとき,20170826
22705,4884,-- ドン・クイン,20171219
22705,9828,金を持つ者がルールを作る。,20170811
72792,2253,-- ピーター・S・ビーグル,20171003
72792,2910,-- アーサー・ナイマン,20170714
39954,5351,他人に彼の心が大きいと思わせておけ,20171114
39954,8468,彼女は彼に、,20171226
39954,6156,他人に彼の心が大きいと思わせておけ,20170427
40764,9126,白いひげを生やし、赤いスーツを着たぽっちゃりした男が間もなくあなたに近づくだろう。,20171222
40764,7310,"Death is nature's way of telling you to slow down
",20170730
29140,5590,「可能性は三つある。パイオニアの太陽電池パネルが,20180419
29140,6393,死ぬ？とんでもない、友よ。バリモア家はそんな,20170712
91530,2111,現実は幻覚の障害である。,20170302
68953,7929,「もっと必要になるまで、乗り切るのに十分なだけ必要だ。」,20170118
35528,345,神は練習のために愚か者を作り、そして教育委員会を作った。,20180418
96649,4876,アコーディオン：プリーツ付きのバグパイプ。,20170912
96649,4239,旗。,20180208
89851,1859,"
",20171227
89851,9974,"It never does quite what I want
",20180306
96882,1750,-- ジョン・バリモアの最期の言葉,20180413
28707,6447,永遠を傷つけずに時間を潰すことはできない。,20170909
28707,4930,無政府状態は最良の統治形態ではないかもしれないが、,20180116
28707,4240,-- ジョン・チアルディ,20180309
31851,2917,コンウェイの法則：,20171105
31851,17,確実である。そして、それらが確実である限り、それらは現実には言及しない。,20180420
31851,3037,来週から、パスワードはモールス信号で入力されることになります。,20171219
29158,8057,ミッキーマウスはスピロ・アグニューの腕時計をしている。,20180131
29158,8939,メニュー：レストランがちょうど品切れにした料理のリスト。,20170806
29158,506,私は未来を見たが、それは現在と全く同じで、ただ長いだけだった。,20171222
70762,9177,その詩は決して韻律に合わなかった。,20171206
15315,5425,完全に避けられることを、明日に延ばすな。,20170708
15315,4507,"Bizarreness is the essence of the exotic
",20170529
89046,7676,不幸は仲間を好むが、仲間はそれに応えない。,20170515
89046,6722,経済学者の間では、現実世界はしばしば特殊なケースである。,20180206
89046,6515,不在：友人や知人の攻撃にさらされること。中傷されること。,20171008
71970,9583,あなたのアナリストはあなたを別の患者と混同している。信じてはいけない。,20170921
90431,9432,人生は玉ねぎのようなものだ。一枚一枚皮をむいていくと、,20170820
90431,1468,5年間で、我々は一つの素晴らしいプログラミング言語を手に入れることができる。ただ,20170324
20796,9214,今日は驚きが待っている。家賃もだ。,20180224
20796,712,世界は終わる！悔い改め、図書館の本を返しなさい！,20170715
54616,1960,もう一方。,20171020
54616,374,新しい町。,20171205
17266,8431,本物のプログラマーはCOBOLでは書かない。COBOLは弱々しいアプリケーションのためのものだ。,20170426
17266,5539,後からよりも。,20180309
46642,3634,さて、GCよ、当面は,20170826
72695,8905,ノスタルジアは、もはや昔のものではない。,20180423
72695,3151,分子生物学者はデザイナー遺伝子（デザイナーズジーンズとの掛詞）を身に着けるのか？,20170701
18188,7837,-- ジョン・マクナルティ,20180320
93667,6999,"
",20170504
43782,574,銀行家とは、太陽が輝いているときに傘を貸してくれ,20170131
44803,2206,もし時がすべての傷を癒すなら、なぜへそは変わらないのか？,20180422
44803,3952,興味深いものは何も簡単ではない。,20171228
44803,8657,講師はプラナリアについて200ページを課すだろう。,20180323
98592,1374,上司がそれを読んでいる。,20170410
98592,6262,"        While her lover lamented
",20180330
98592,8249,分子生物学者はデザイナー遺伝子（デザイナーズジーンズとの掛詞）を身に着けるのか？,20170705
23627,6938,-- W・サマセット・モーム,20170420
38813,2600,いかにしてそうしないかを教えられなければならなかっただろう。偉大なプログラマーも同様である。,20180328
51016,6239,銀行家とは、太陽が輝いているときに傘を貸してくれ,20170609
51016,3640,誘惑を取り除く唯一の方法は、それに屈することだ。,20170802
51016,9589,グループのIQは、グループのメンバーの最低IQを,20171127
22816,8114,"
",20170813
22816,6852,力の限り輝いて：,20170812
22816,2967,他人はあなたに安定を求めるだろう。だから、,20170513
96664,9007,世の中で噂されることより悪いことは一つしかない。そしてそれは,20170219
96664,2111,本物のプログラマーは9時から5時まで働かない。もし本物のプログラマーが午前9時頃にいるなら,20180106
38007,2594,バグを修正し、再びダンプする：,20180213
38007,9775,客1：「紅茶をください」,20180216
38007,4252,名誉ある紳士は卑劣な犬である。」,20170811
59809,4754,「成功できるのに、なぜ男でいる必要がある？」,20170220
59809,4329,"
",20170907
90959,5778,ヴェリリンドの実験の法則：,20170708
83998,1143,SQL交響楽団コンサート,20170525
83998,1143,SQL交響楽団コンサート,20170901
83998,1143,SQL交響楽団コンサート,20170426
83998,1143,SQL交響楽団コンサート,20170518
52524,9432,カサブランカから出て、ドイツ人は奇跡を非合法化した。」,20170727
59680,1033,委員会――それが彼らを破滅させるだろう。,20171009
59680,3841,カサブランカから出て、ドイツ人は奇跡を非合法化した。」,20180420
58215,9373,覚えておけ、たとえ出世競争に勝ったとしても――お前はまだネズミだ。,20171015
58215,6254,そしてそれ以来、ベンゼン（been seen=見られたとの掛詞）になったことはない。,20171021
46328,1483,老兵は死なず。若者は死ぬ。,20171212
46328,9599,大人：もっと分別があってもよい年齢の者。,20170610
72898,5914,驚くほど大きいかということだ。つまり、あなたは,20170426
72898,8431,このゴミは、非常に高価な機械を通過した後,20171215
72898,6178,-- クリント・イーストウッド,20170108
39321,1925,コンウェイの法則：,20170314
39321,3382,注意：呼吸はあなたの健康に有害な場合があります。,20180316
39321,6020,今日は友達を吸おう。,20171106
87007,1229,上司を驚かせろ。時間通りに出勤しろ。,20170118
87007,9630,もし神が我々に裸でいてほしかったなら、我々はそのように生まれていただろう。,20170209
75447,9314,力の限り輝いて：,20170203
75447,2311,トゥルナウカの法則：,20170715
75447,3984,今日はあなたが勝者になるだろう。4歳児に喧嘩を売れ。,20170406
67647,7364,銀行家とは、太陽が輝いているときに傘を貸してくれ,20170109
67647,2858,人生。,20170903
87487,8176,しかし、我々は熱意のあまり、,20170403
73091,8187,明日は興味が持たれないため中止となります。,20170703
73091,104,「ダイエット」,20180115
32320,3940,政府などない方がましだ。,20180306
37450,8513,酸はあなたを汚す。,20170819
37450,3213,システム/3！,20170205
20908,8898,デュシャームの公理：,20180323
61740,5512,軽く油を塗った。」,20170921
88405,1046,好機は常に、最も不都合な瞬間に訪れる。,20180418
78356,6178,皮肉屋の目を、彼の視力を改善するために。,20171223
78356,5287,"Bizarreness is the essence of the exotic
",20170611
78356,622,-- ケーログ・アルブラン,20170211
48755,345,午後はロマンスに非常に好都合。一人の人を,20180426
48755,2910,フィルモア大統領を悪く言うな。彼は我々をベトナム戦争から遠ざけてくれた。,20170701
73835,61,再生業者よ、その木を助けてやれ！,20180316
73835,8949,結晶学のオタクたち。,20170516
63602,4986,改革するために。,20180210
63602,1104,毛皮のコート。,20170506
63602,5748,「率直に申し上げましょう、ムッシュ。あなたを,20171015
88892,1830,それが何であれ、私は再び結婚するだろう。,20180323
63008,6965,ディスク上に101ブロックのゴミ！…,20171020
63008,5616,銃は合法ではない。,20171002
53117,363,-- F・P・ジョーンズ,20180320
60153,7420,点。,20170619
60153,8759,最も短い、けれど。,20170920
60153,5493,異なれ：順応せよ。,20170308
51623,3869,-- マーク・トウェイン,20171121
51623,5772,経済学者の間では、現実世界はしばしば特殊なケースである。,20170210
51623,2274,LISPプログラマーはすべての価値を知っているが、そのコストは,20170622
41188,3,-- グルーチョ・マルクス,20170610
41188,1673,今日はあなたが勝者になるだろう。4歳児に喧嘩を売れ。,20180210
60998,517,これを自分で証明するには、,20170211
60998,6085,扱いやすい：あなたは間違った問題を解決した。,20170813
55015,2652,ローマ帝国はなぜ崩壊したのか？事務所のラテン語は何？,20170820
55015,5033,今年の最悪野菜：芽キャベツ。これはまた、,20180427
55015,4659,学生たちの中に。,20180313
38050,8071,それはここにない。,20170330
38050,7182,「もし神が地上に住んでいたら、人々は彼の窓をすべて叩き割るだろう。」,20171125
11759,5865,クリンクラーの第一法則：,20180404
23161,3904,-- エルバート・ハバード,20170616
23161,1921,誰もが彫刻を教わることができる。ミケランジェロは,20170212
38409,5593,恋は感傷的なはしかである。,20170719
38409,9934,民主主義とは、,20170519
38409,5927,さようなら。私は退屈だから去る。,20180326
62206,9133,-- トーマス・ジェファーソン,20171211
62206,2652,すべてのハックには7つのバグがあった。,20180501
57837,4717,「第三次世界大戦がどのような兵器で戦われるかはわからないが,20180123
57837,1386,歌手がいなければ、オペラはどれほど素晴らしいだろう。,20171106
57837,3901,来年の最悪野菜。,20180427
18197,4754,ウィル・ロジャースが言ったように、「無料の,20180203
66361,9046,"God is a comic playing to an audience that's afraid to laugh
",20170814
66361,4235,コーナー、バーモント州」,20170321
26973,1978,"We wish you a Hare Krishna
",20170507
86537,3415,アメリカを美しく保とう。ビール缶を飲み込め。,20170328
86537,2526,-- アルベルト・アインシュタイン,20170730
66535,9267,ウェイター：「紅茶二つ。きれいなグラスを頼んだのはどちら様ですか？」,20170331
66535,1077,LISPプログラマーはすべての価値を知っているが、そのコストは,20170221
52488,6292,パタパタ、ばたばた、ぱたん,20170523
52488,9673,LISPプログラマーはすべての価値を知っているが、そのコストは,20180310
41877,1306,もし持ち込み可の試験を与えられたら、本を忘れるだろう。,20170917
41877,9956,電気コード。,20170803
57724,3187,暇な時間に現金を稼ごう――友達を脅迫せよ。,20180406
57724,7258,彼らがあなたのことをどう思っているか心配することで忙しい。,20170226
27354,2986,コンピュータ科学の言語。強い型付けは記憶力の弱い人々のためのものだ。,20180202
27354,9064,チャイルドプルーフキャップに苦労するのは大人だけだ。,20171107
52418,7947,サラダにとってのニンニクが、芸術にとっての狂気である。,20170502
82390,345,事故：心の落ち着きは良いが、,20171118
88522,3251,キッシュと綴る。彼らはトゥインキーや四川料理を食べる。,20180406
66121,8012,あなたのプログラムを説明しているときに聞き手がうなずいたら、,20170504
66121,61,ベアメタルで。アプリケーションプログラミングは、システム,20170627
21478,3382,-- エルバート・ハバード,20180105
21478,8864,全面核戦争ゲームをプレイしますか？,20171127
18980,9775,-- ドロシー・パーカー,20171016
18980,5925,「それは素晴らしいに違いない！私には全く理解できない。」,20180327
57653,8335,-- サルヴァー・ハーディン,20171228
57653,1728,しかし、それは素人にとってあらゆる物事に関する最高の本だからだ。,20170909
98142,4542,豚の愚かさだと思う。,20170430
98142,2633,ディスク上の100ブロックのゴミ！,20170831
98142,284,"
",20170827
86094,865,プロジェクトMACを通り過ぎたとき,20180218
86094,4331,時空間スキップの中で。,20170611
48066,3587,政府などない方がましだ。,20170805
49735,4818,本物のプログラマーはCOBOLでは書かない。COBOLは弱々しいアプリケーションのためのものだ。,20180106
49735,136,"I really hate this damned machine
",20180224
49735,212,「ボンベイの気候は、その住民が生活しなければならないほどのものである」,20170311
26782,1878,分析され、新たな弱点に置き換えられる。,20170202
32033,3640,"Steinbach's Guideline for Systems Programming
",20180418
32033,6463,消化不良。,20180317
32033,624,あなたは大きな音に驚くだろう。,20170409
97727,4993,我々のお気に入りの独占企業によって作られた！,20180123
38937,9353,すべてのプログラムには（少なくとも）二つの目的がある。一つは,20170117
43748,8363,どんな組織にも、常に一人は知っている人がいる。,20180209
43748,5659,完全に避けられることを、明日に延ばすな。,20171230
76493,6575,-- オスカー・ワイルド,20170715
76493,8864,彼らの良心の欠如。,20170602
76493,5415,-- R・ガイス,20180417
65137,574,誰も確信していないこと。,20171027
73668,1137,ディスク上の99ブロックのゴミ,20171013
73668,9319,ローマ帝国はなぜ崩壊したのか？事務所のラテン語は何？,20170903
45438,7830,これを自分で証明するには、,20180119
45438,2272,歴史の第一法則：,20170124
23289,3755,そして徹夜した。,20170929
23289,1973,青リンゴを食べて死んだ。,20170923
23289,816,最も短い、けれど。,20170629
36188,6656,捨てられる運命にある：重要なのは、常にそれを,20171204
36188,5015,子供に装填済みの鯉で遊ばせるな。,20170202
36188,1794,「今こそすべての善良な人々が立ち上がる時だ。」,20170621
94977,2311,明日は興味が持たれないため中止となります。,20170630
84180,9773,コンピュータが、事実を印刷するために,20170614
84180,8061,何もない。,20170512
38444,5287,確実である。そして、それらが確実である限り、それらは現実には言及しない。,20170910
38444,6993,彼らに良いマナーを教える努力。,20180415
38444,8642,あなたは大きな音に驚くだろう。,20180325
31119,786,バグを修正し、再びダンプする：,20170622
31119,1675,"He did his very best to make
",20170309
31119,1701,一番大声で鳴く鶏が、最も,20170727
50810,3623,1分がどれだけ長いかは、トイレのドアのどちら側にいるかによる。,20170310
50810,9924,-- アドレー・スティーブンソン,20180102
37118,4448,プログラムに合わせて仕様を変更する方が、その逆よりも簡単だ。,20180403
37118,8826,口を閉ざしていれば、足は集まらない。（口は災いの元）,20170225
37118,8306,-- ホークウインド,20180206
82247,746,コンピュータが、事実を印刷するために,20171220
77309,1344,"God is not dead!  He's alive and autographing bibles at Cody's
",20171222
77309,6958,コンサルタントとは、会社に数字を尋ね、そして,20171017
40829,8633,やる価値のあることは、誰かにやってもらう手間をかける価値がある。,20180212
82250,1926,サンフランシスコはかつての姿ではなく、そして決してそうではなかった。,20170206
82250,7822,豚は、もし私が間違っていなければ,20171217
98857,9192,長い目で見れば、すべてのプログラムはロココ調になり、そして瓦礫となる。,20180324
98857,1542,-- ウディ・アレン,20180408
52081,8342,勇気を奮い起こせ！他のものは全部台無しにしたんだから。,20180217
88987,9974,不在：友人や知人の攻撃にさらされること。中傷されること。,20170127
95573,4290,中には何もない。,20170311
95573,6914,"Rocky's Lemma of Innovation Prevention
",20170108
72087,5562,-- ウィンストン・チャーチル,20170408
80624,2189,"不在者：収入があり、""",20170807
94798,2714,すべてのバグには7つの兆候があった。,20170925
94798,9469,-- ヘンリー・キッシンジャー,20170423
94798,5124,今年は幸運な日を過ごす。,20171206
37721,346,献身的な追随者の不足により、偉大な指導者の生産は,20170117
18583,1794,ガンジー：それは良い考えだと思う。,20180401
18583,5415,三人の友人。もし彼らが大丈夫なら、あなたがそうだ。,20170503
92514,9564,-- オスカー・ワイルド,20170511
80737,7181,-- ポール・マクラッケン,20170701
92185,1649,「何もしなくても誰が気にする？これは我々の新しい,20170827
24333,7315,"Conscience is the inner voice that warns us somebody is looking
",20170704
25834,9250,"God is a comic playing to an audience that's afraid to laugh
",20171109
25834,2189,"        when someone inadvertently opens the darkroom door and all of
",20170121
25834,4682,年：365回の失望の期間。,20180129
90514,6878,メニュー：レストランがちょうど品切れにした料理のリスト。,20170517
63902,3901,新しい議員たちは政府を立て直すと言っている。私は,20170915
15247,9260,大西洋を、口に動詞をくわえて。,20170811
86040,5616,自分の評判を考えなさい。名前を変えて、,20171202
86040,9472,私にできること。」,20170506
86040,2403,2) 「お前と、どの軍隊だ？」,20170508
25763,1155,反意語：あなたが考えようとしている言葉の反対。,20170219
88079,3629,全国半袖シャツ協会は言う：,20170126
88079,2152,明かりがつく。,20170714
72509,2206,「演技とは、観客に,20170106
72509,7219,2) 「お前と、どの軍隊だ？」,20180419
65073,932,恋は感傷的なはしかである。,20180125
65073,517,偏執病の人も人間だ。彼らにも彼ら自身の問題がある。簡単に,20170402
15995,8172,ジョニーは祭りからなかなか帰らない。,20180429
15995,7474,それは薬の効果を鈍らせる。,20170102
30841,7305,"        The mouse dissolved
",20180403
30841,61,-- R・ガイス,20170627
30841,8421,真に賢い者は、決してユニコーンと馬跳びをしない。,20180325
30287,1998,それに慣れろ。,20170816
99670,212,モグラの問題かい？,20170905
99670,8468,-- アラン・パーリス,20180307
35262,2806,その講師のコースのために勉強することを除いて。,20171026
61939,8541,-- R・ガイス,20170723
61939,1763,-- ジョージ・サンダースの最期の言葉,20170615
61939,7378,何が起こっているか。,20180420
51042,3629,ワッフルにかけたことがある。,20180215
51042,9917,コーナー、バーモント州」,20180214
51042,8515,今日は大きな嘘をつくな。小さな嘘でも同じくらい効果的だ。,20171008
25518,6186,本物のプログラマーのプログラムは、最初は決して正しく動かない。しかし、もしあなたが,20170608
25518,5777,サラダにとってのニンニクが、芸術にとっての狂気である。,20170312
25518,1107,2) 「お前と、どの軍隊だ？」,20170429
50417,7822,本物のプログラマーは文書化しない。ドキュメントは、,20171125
50417,2993,システム、その主要な弱点がすべて露呈した,20180107
50417,2659,"Today is the tomorrow you worried about yesterday
",20170310
57074,5383,天才には限界があるかもしれないが、愚かさにはそのような,20180417
75059,6142,ああ、決して、決して疑うまい,20171007
75059,6701,死ぬことは非常に退屈で陰気なことだ。そして、君への私のアドバイスは,20171207
75059,3046,LSDは、その重さの47倍の過剰な現実を消費する。,20170712
61198,9917,-- マーク・トウェイン,20170510
61198,674,軍事諜報は矛盾した言葉である。,20170423
61198,8859,ユニコーンを救えないなら、魔法に何の意味がある？,20171003
17884,1143,SQL交響楽団コンサート,20170522
17884,1143,SQL交響楽団コンサート,20170918
17884,1143,SQL交響楽団コンサート,20180315
13480,295,-- グルーチョ・マルクス,20180130
13480,2831,完全に避けられることを、明日に延ばすな。,20170730
62234,9171,"Advertisement: The most truthful part of a newspaper
",20170515
16307,4223,口を閉ざしていれば、足は集まらない。（口は災いの元）,20170925
16307,6852,「サワークリームのボウルのように？」と他方が尋ねた。「なぜ？」,20171018
16307,2183,ああ、一体どうしたのだろう,20170418
85817,5714,感嘆：他人が,20170901
85817,61,核攻撃の場合、学校での祈りを禁じる連邦政府の判決は,20170523
85817,816,向かっている。,20180304
22288,574,コンピューティングの第43法則：,20170218
93249,6184,それは完全な損失だった。,20170623
55639,624,重役。,20170831
95289,709,そして他のエロティックな効果。,20180427
95289,8249,電球を交換するのに、ハードウェアエンジニアは何人必要か？,20170412
95289,4286,システム/3！システム/3！,20170221
21407,9432,"BLISS is ignorance
",20170826
21407,3997,あなたのプログラムを説明しているときに聞き手がうなずいたら、,20170406
21407,1137,パリティがわずかに失われている。,20170114
90943,5585,「もっと必要になるまで、乗り切るのに十分なだけ必要だ。」,20170712
88749,6986,確固たる決断の日だ！！！！！それとも違うか？,20170512
71259,8898,答えは42だ。,20170216
51266,9630,狂気は遺伝する。子供から受け継ぐのだ。,20180331
93824,8666,とは全く関係がない。,20180315
93824,9222,システム、その主要な弱点がすべて露呈した,20170612
93824,8576,「素晴らしい！この半,20171006
31363,8559,永遠を傷つけずに時間を潰すことはできない。,20180225
31363,4331,マーフィーの法則が間違っている可能性があるなら、それは間違っているだろう。,20170227
74224,6602,-- ヒレア・ベロック,20180224
74224,5011,すべてのプログラムには（少なくとも）二つの目的がある。一つは,20170508
18446,8804,今夜はコウモリに餌をやらないで。,20171024
40920,8909,私にできること。」,20180303
40920,994,あなたは犬のような生活を送ってきた。家具から離れていなさい。,20170630
40920,5867,アメリカを美しく保とう。ビール缶を飲み込め。,20180429
80951,9406,パタパタ、ばたばた、ぱたん,20180401
80951,4581,平均的な男性は考えるよりも見ることの方が得意である。,20171225
80951,1878,今日は旅行が重要。明日、国税庁の役人が来る。,20170524
96067,5829,今日。,20170715
96067,7535,後からよりも。,20170312
86979,5865,そして先月分を前払いで。,20170820
86979,8061,私は木を全く見ることがないだろう。,20170207
71717,6015,靴。,20180202
71717,295,これを自分で証明するには、,20180224
10531,8667,1ビットたりとも取るな！,20171023
10531,5478,「サイを盗むことは軽々しく試みるべきではない。」,20170805
87333,8279,-- ベルトルト・ブレヒト,20170208
87333,5030,ガンジー：それは良い考えだと思う。,20171209
87333,2501,-- アナトール・フランス,20170823
46318,2558,事柄は常に支配的で制御的であった。,20170124
46318,3517,もしそうなら、そうなるだろう。しかし、そうではないから、そうではない。それが論理だ！,20170109
83323,364,幸せな結婚をする方法は一つしかない。そして私が,20180214
83323,8522,扱いやすい：あなたは間違った問題を解決した。,20170626
83323,5914,16歳以上で、美しく裕福で、,20180428
15922,4354,彼女は彼に、,20171112
33877,4352,-- エレノア・ルーズベルト,20171231
33877,2967,カサブランカから出て、ドイツ人は奇跡を非合法化した。」,20170115
33877,9046,簡単な問題はすべて解決済みだ。,20180206
20167,8995,"Steinbach's Guideline for Systems Programming
",20170307
71809,3623,-- ヘンリー・キッシンジャー,20180321
71809,5388,低空飛行する蝶に注意。,20180428
33361,5970,趣味に余分な時間を費やせ。巻紙をたくさん手に入れろ。,20170822
33361,1468,例。,20170526
47391,1998,こんにちは、ファルケン博士。,20180325
47391,1599,"Call Avogardo 6.02 x 10^23
",20170102
30919,1077,機械室の真ん中に。,20180329
30919,7460,-- グルーチョ・マルクス,20171102
21345,106,少年：泥のついた騒音。,20180118
21345,6341,システム/3！システム/3！,20180319
21345,6845,人々はお一人様一点限りのものなら何でも買う。,20170718
61308,2858,今日は友達を吸おう。,20180320
61308,8476,決して美徳の道に迷い込むな。,20171127
89509,1066,第四次世界大戦は棒と石で戦われるだろう。」,20180430
89509,6789,少なくとも二つの人為的ミスを見つけるだろう、それを,20170131
85700,7262,爆弾を禁止せよ。通常戦争のために世界を救え。,20171014
37292,8442,大学：ソフトウェアハウスのようなもの。ただし、ソフトウェアは無料で、,20171029
37292,2433,蒸気配管工のピクニックで。,20171221
39011,8976,-- リリー・トムリン,20170609
39011,9624,大学とは、教員が,20180426
39011,2033,天才には限界があるかもしれないが、愚かさにはそのような,20170617
91448,8131,-- エルバート・ハバード,20171004
91448,7219,サンフランシスコはかつての姿ではなく、そして決してそうではなかった。,20180320
81783,1753,ヴェリリンドの実験の法則：,20170225
81783,1166,-- オスカー・ワイルド,20171120
14495,5702,責任は常に権限を上回る。,20180302
60774,1673,-- ドクター・フー,20180314
60774,5003,さえ。,20180310
60774,4207,候補者とは、金持ちから金をもらい、,20180430
19085,9791,間違いはしばしば、完全な失敗への踏み石となる。,20170915
19085,5313,「もし知っていたら、私は錠前屋になっていただろう。」,20170515
27412,690,食べる。,20170226
27412,2993,-- ドン・クイン,20170501
27412,7841,サラダにとってのニンニクが、芸術にとっての狂気である。,20180210
93597,2834,爆弾を禁止せよ。通常戦争のために世界を救え。,20170813
97225,2716,エラーのないプログラムを書く方法は二つある。三番目の方法だけが,20171208
58460,1143,SQL交響楽団コンサート,20171012
58460,1143,SQL交響楽団コンサート,20170610
37694,4682,経験とは、あなたが認識することを可能にする素晴らしいものである。,20180105
37694,1667,午後は明るくなるだろう。警官があなたの顔にライトを当てるから。,20170209
37694,8476,解決策ではなく、問題を修正する。,20170212
48818,1998,ああ、決して、決して疑うまい,20180206
60750,9273,人々はお一人様一点限りのものなら何でも買う。,20180219
60750,3745,-- ギゴ,20170827
21037,2858,人々はお一人様一点限りのものなら何でも買う。,20170821
21037,8071,とんでもない馬鹿であることの。,20170818
65185,2834,結晶学のオタクたち。,20170805
65185,7245,無政府状態は最良の統治形態ではないかもしれないが、,20170522
98587,17,核攻撃の場合、学校での祈りを禁じる連邦政府の判決は,20180322
98587,3635,年：365回の失望の期間。,20170123
98587,8063,システム/3！システム/3！,20170919
22245,9469,向かっている。,20170726
22245,9171,学生たちの中に。,20180326
22245,3007,勇気を奮い起こせ！他のものは全部台無しにしたんだから。,20171107
73222,8491,「なぜ私は不安なのか？」（ラテン語）,20180208
39919,932,もし神が我々に裸でいてほしかったなら、我々はそのように生まれていただろう。,20180406
61080,1193,私にできること。」,20170917
61080,482,その構文はJOSSより悪い。,20180112
61080,9712,「ダイエット」,20180411
46966,4287,コンピュータが、事実を印刷するために,20180219
46966,8433,軽く油を塗った。」,20171207
49062,3251,絵で説明される。,20180119
89818,3471,応用テロの第五法則：,20171029
89818,916,「家具との議論は、めったに生産的ではない。」,20171003
89818,9791,プログラマーが英語で書けるようにすれば、,20170514
10126,9306,対処法を知らないエラー条件をテストするな。,20180408
10126,7854,大酒を飲むには最高の日。オフィスのウォータークーラーに酒を入れろ。,20171103
10126,587,改善する。,20180327
23763,1166,より懸命に。,20170920
23763,8932,クリンクラーの第一法則：,20170308
23763,3589,確固たる決断の日だ！！！！！それとも違うか？,20170505
19182,5030,アメリカは、野蛮から飛躍した国としてユニークかもしれない。,20170901
19182,9776,愚かさ。,20170427
93318,4867,-- エレノア・ルーズベルト,20170223
70340,3297,「私の友人たちと私は皆、狂っている。それが我々を,20170514
20227,2513,政治家がつまらない人物であればあるほど、彼は,20180115
13703,8418,そして雨が降り出した途端にそれを返して欲しがる。,20171117
13703,6753,それは彼らが徹夜していたからだ。,20170803
13703,6148,もしそうなら、そうなるだろう。しかし、そうではないから、そうではない。それが論理だ！,20170802
66437,6642,LISPプログラマーはすべての価値を知っているが、そのコストは,20170812
66437,70,真に賢い者は、決してユニコーンと馬跳びをしない。,20170820
66437,1093,"God is not dead!  He's alive and autographing bibles at Cody's
",20171226
60785,3896,主は、もしそうでなければ、なぜ我々にこれほどの素早い動きを与えられたのか。,20170807
60785,9773,さもなければ、より難しい思考を必要とする。,20170507
60785,719,腐敗した：政治において、信任または利益のある職に就くこと。,20170426
86047,4754,"Familiarity breeds attempt
",20180205
18330,9564,ポップアップ、プッシュダウン、バイト、バイト、バイト！,20170807
18330,3570,そしてきれいなものは、めったに滑稽ではない。,20171207
51457,2147,リストまたはオブジェクトデッキ。,20170322
51457,8421,"It's because I try to put every possible syllable into that last line
",20171109
75594,9373,もし神が我々に裸でいてほしかったなら、我々はそのように生まれていただろう。,20170325
22937,658,つまり、もしアパートを借りるなら、あなたは3つの,20180221
22937,1155,自動車：丘を駆け上がり、人々を駆け下りる四輪車。,20170129
77054,89,もし持ち込み可の試験を与えられたら、本を忘れるだろう。,20170711
53568,4287,"        But she started absorbin'
",20180316
33278,3053,-- ドロシー・パーカー,20170508
78564,6579,自然な傾向に屈せよ。憎らしく、退屈であれ。,20171218
43868,9306,コンピュータにゴミを入れれば、ゴミしか出てこない。しかし,20180127
43868,4982,使いやすく、動作し、もし壊れたら、彼らはすぐに,20170419
43868,3940,その構文はJOSSより悪い。,20170629
82242,537,瓦礫を跳ねさせる,20180424
82242,8804,馬の分別とは、馬が,20170421
82242,9590,そして彼女の内部でリンゴ酒を作った。,20170116
73165,2659,第四次世界大戦は棒と石で戦われるだろう。」,20170831
73165,2189,事故：心の落ち着きは良いが、,20180213
73165,1046,そして彼女の内部でリンゴ酒を作った。,20171212
59438,2350,彼女は彼に、,20170621
59438,9375,正気だ。」,20170117
59438,6884,デュシャームの教訓：,20180320
61796,7937,"
",20170109
61796,2792,今日は象の唇にキスをするな。,20180206
46708,9583,酵素とは、生物学者が発明したものであり、,20171115
23828,4915,全くプログラムを手に入れられず、手に入れたものを受け入れる。,20170730
23828,8187,「それは素晴らしいに違いない！私には全く理解できない。」,20171115
89561,3463,人生を深刻に受け止めすぎるな。生きては出られないのだから。,20170918
89561,9145,信仰とは、ピクニックでブラックベリージャムを食べることを可能にする資質である。,20170712
96094,176,3) 「もしお前が自分で思うほど賢いなら、,20171118
96094,3595,「この核軍拡競争を続けるなら、君たちがやることは,20170823
27366,2502,アレクサンダー・グラハム・ベルはニューヨークで健在で、まだ,20180425
27366,9681,縄は緩む。,20170105
27366,3517,多数派の側にいることに気づいたときはいつでも、,20170321
57352,786,完全に避けられることを、明日に延ばすな。,20171002
57352,5043,デバッグセッション。,20170104
98662,4194,-- マーク・トウェイン,20170123
98662,6653,今日まで。,20180119
98662,346,今日は何か変わったことをしなさい。請求書を払いなさい。,20171112
93826,932,非戦闘員：死んだクエーカー教徒。,20170309
93826,8515,そしてそれ以来、ベンゼン（been seen=見られたとの掛詞）になったことはない。,20170314
93826,8538,真夜中。,20170721
52940,3810,-- ペギー・ジョイス,20170527
52940,2089,相手が綴りを知っていること。,20170510
22470,5493,年：365回の失望の期間。,20170409
71352,5628,"
",20171006
71352,5963,驚くほど大きいかということだ。つまり、あなたは,20170128
13945,6136,警官だ。」,20170410
13945,4448,明日は興味が持たれないため中止となります。,20170117
65611,2270,川は湿っている。,20170330
78937,7245,プログラマーが英語で書けないことを見つけるだろう。,20170605
78937,8176,-- リリー・トムリン,20170322
78937,5323,-- ジョン・オハラ,20180306
48061,7156,ああ、決して、決して疑うまい,20170714
10224,4675,核攻撃の場合、学校での祈りを禁じる連邦政府の判決は,20180317
99743,9974,人間はアルコールを発明した。,20170731
99743,8418,-- マーク・トウェイン,20180127
99743,3517,プログラマー。,20170606
43449,1001,中傷された。,20180208
99259,3984,私は木を全く見ることがないだろう。,20170720
82788,551,神は7日で世界を創造したのではない。6日間遊び呆けて,20180420
13054,1166,死：突然罪を犯すのをやめること。,20170619
48307,1028,「新発売」および／または「改良」と表示されたものは、そうではない。その表示は,20170415
74072,1410,責任は常に権限を上回る。,20170110
88291,446,文句は言えない、でも時々言ってしまう。,20170823
88291,2594,事柄は常に支配的で制御的であった。,20170415
88291,7093,バグを修正し、再びダンプする：,20180129
71038,9306,"Hail to the sun god
",20180227
71038,8158,"I think that I shall never see
",20180426
27871,6878,死ぬ：突然罪を犯すのをやめること。,20180203
27871,517,オーレオマイシン、コカイン、インターフェロン、そしてTLC。チキン,20170503
27871,146,最悪な一日を過ごすには最高の日だ。,20170215
88350,4286,警官を避けるには良い日。学校まで這って行こう。,20180221
88350,106,そして彼女の内部でリンゴ酒を作った。,20171016
98708,1701,ディスク上に101ブロックのゴミ！…,20180420
98708,6341,外交官とは、妻に,20171231
45962,7364,タバコ：一端に火、もう一端に愚か者、そして,20180222
45962,1750,プログラミング。,20170421
66842,241,つまり、もしアパートを借りるなら、あなたは3つの,20170510
29601,2834,"It's because I try to put every possible syllable into that last line
",20170223
29601,5517,プログラムに合わせて仕様を変更する方が、その逆よりも簡単だ。,20170716
29601,1097,丸一日得られない。可能な限り2月は避けよう。,20171222
80526,5829,今日はあなたが勝者になるだろう。4歳児に喧嘩を売れ。,20171110
80526,3362,-- トーマス・ジェファーソン,20171102
25426,1728,「サイを盗むことは軽々しく試みるべきではない。」,20171025
25426,690,"不在者：収入があり、""",20180116
92835,4195,-- ジェローム・レトヴィン,20170623
49242,4240,解決策ではなく、問題を修正する。,20180412
49242,9520,芸術的な冒険が注目される。美術館を襲え。,20170604
99340,6131,チケット。,20170505
83183,3484,会話：息を切らしている方が,20170525
18180,9167,死ぬことは非常に退屈で陰気なことだ。そして、君への私のアドバイスは,20171025
18180,1782,"A limerick packs laughs anatomical
",20170512
18180,6254,レーガン大統領は、経済評論家が多すぎると指摘し,20170702
80180,3323,クリーブランドはまだ生きている。神は死んだに違いない。,20170131
80180,1229,-- ポール・マクラッケン,20171206
58076,3623,とは全く関係がない。,20170714
88031,9924,-- オスカー・ワイルド,20170807
88031,1077,「要するに、_Nがリシャール的であるのは、_Nがリシャール的でない場合に限る。」,20170726
80191,1077,やる価値のあることは、誰かにやってもらう手間をかける価値がある。,20171216
80191,3823,人々はお一人様一点限りのものなら何でも買う。,20170626
80191,2594,警句があるなら、メタ警句もなければならない。,20180218
33220,4717,注意：呼吸はあなたの健康に有害な場合があります。,20171001
33220,6292,デフリース家のジレンマ：,20180128
33220,6127,「三重アイソ分岐クリプトンゲートMOSプロセス…」,20170217
11917,8010,人々に考えさせていると思わせれば、彼らはあなたを愛するだろう。しかし、もしあなたが,20170601
11917,3878,体の方が良い。,20171229
11917,2513,最適化は進化を妨げる。,20171217
55729,9934,書くこと。,20171004
55729,932,-- ジョン・オハラ,20180321
55729,9902,その講師のコースのために勉強することを除いて。,20180408
32024,1988,来週から、パスワードはモールス信号で入力されることになります。,20170709
32024,769,-ディープ・ソート,20170205
32024,3640,自己中心主義とは、親切な自然が痛みを和らげるために与える麻酔である。,20170214
57470,6765,ヴェリリンドの実験の法則：,20180303
57470,8433,それを直し、そして…,20170712
64613,8455,本物のプログラマーはキッシュを食べない。実際、本物のプログラマーは,20170530
37639,3900,来週から、パスワードはモールス信号で入力されることになります。,20180210
37639,6958,政府などない方がましだ。,20180308
37639,4006,彼は言った、「ああ、知っているよ」,20170920
43593,2183,身を粉にして働け！,20180104
43593,3384,猫に頑固さで勝とうとするな。,20180301
91635,6869,数学の法則が現実に関わる限り、それらは,20170224
79663,9103,成功の秘訣は誠実さだ。それを偽ることを学べば、,20170113
79663,5727,-- ベルトルト・ブレヒト,20170328
30484,2167,プログラマー。,20171209
69050,8727,向かっている。,20171006
96905,5753,そして雨が降り出した途端にそれを返して欲しがる。,20180402
96905,9250,子供は、,20170322
96905,1066,クリンクラーの第二法則：,20180121
92293,651,低空飛行する蝶に注意。,20180307
14792,1137,サンフランシスコ？,20170210
97149,6131,障害を克服するには良い日。障害物競走を試してみよう。,20180330
97149,5963,噂されていないことだ。,20180220
16420,6480,息をしている方がリスナーと呼ばれる。,20180214
16420,2075,電気コード。,20170311
41036,8187,もし神が完全なら、なぜ不連続関数を創造されたのか？,20170809
61483,6229,-- オスカー・ワイルド,20180201
62345,8631,本物のプログラマーはCOBOLでは書かない。COBOLは弱々しいアプリケーションのためのものだ。,20180313
40176,4223,法は、その荘厳な平等において、富める者にも,20180316
40176,4273,"God is a comic playing to an audience that's afraid to laugh
",20170224
40176,2092,警官を避けるには良い日。学校まで這って行こう。,20180313
92041,2400,起こる。,20170315
78196,9314,「そして、私と同じくらい大きくなったら何をするの？」,20170824
78196,3799,何もない。,20180331
78196,3115,"
",20171014
60802,1753,"Fruit flies like a banana
",20170706
60802,2917,新しい議員たちは政府を立て直すと言っている。私は,20170812
60802,4717,"一目惚れは、""",20170709
71284,8727,言った、「人生はサワークリームのボウルのようなものだ。」,20180429
71284,2089,物忘れ：神が債務者に、,20170222
71284,2195,朝。,20170206
83003,9007,"There was a young lady from Hyde
",20170106
51340,1001,系論：,20180330
41131,4723,-- R・ガイス,20170806
41131,5493,-- 『ドクター・フー』より、准将,20170710
90717,5157,私にできること。」,20170127
90717,3755,ヴェリリンドの実験の法則：,20170406
90717,488,人を馬鹿と呼ぶな。彼から借りろ。,20180106
80533,4987,我々のビデオプロセッサに『スタートレック3.2』をロードした。」,20170916
24169,5982,A: 33人。1人がビットを持ち、32人がレジスタを押す。,20180422
24169,2937,コンピュータ。,20170520
45577,8078,-- ラザルス・ロング,20171118
45577,7459,シルバーマンの法則：,20170908
43632,9250,"Laetrile is the pits
",20170916
19108,1625,時空間スキップの中で。,20180402
16620,3799,オーレオマイシン、コカイン、インターフェロン、そしてTLC。チキン,20170724
16620,1202,している。,20170323
16620,9162,"
",20171220
36108,7841,今夜は家族のことを考えなさい。,20180306
49462,9934,プログラマーが英語で書けないことを見つけるだろう。,20170319
66495,6701,-- オスカー・ワイルド,20170807
66495,9103,ストリップは回転した。,20171022
66495,3483,扱いやすい：あなたは間違った問題を解決した。,20170318
40373,517,-- ギゴ,20170611
40373,968,誰を信じる？,20170926
40373,793,ワッフルにかけたことがある。,20170103
23228,2475,時空間スキップの中で。,20170830
81896,3077,彼があなたに言うこと。,20170524
72451,8939,-- アンブローズ・ビアス,20171221
50026,4137,-- リリー・トムリン,20180124
50026,4149,自然と自然の法則は夜に隠されていた,20170819
50026,1542,言った、「人生はサワークリームのボウルのようなものだ。」,20170511
90469,4576,今年はハンニバル・デーを祝おう。象を昼食に連れて行け。,20170418
90469,8898,あなたは賢く、機知に富み、素晴らしいが、あまりに多くの時間を,20170310
11561,7401,働くために。,20180125
95119,8836,神は草を発明した。,20171022
95119,8114,外交官とは、妻に,20170508
95119,4219,彼は、注文していない付け合わせでも見るかのように私を見た。,20171212
52425,1104,幸せな結婚をする方法は一つしかない。そして私が,20180306
52425,5425,ウェイター：「紅茶かコーヒー、どちらになさいますか？」,20170125
52425,7698,来年の最悪野菜。,20171219
99476,5425,英語では、すべての単語を動詞化できる。我々の,20170924
99476,2075,"Whether you can hear it or not
",20170701
99476,2362,重役。,20170807
72529,9624,"Kin: An affliction of the blood
",20180317
72529,2272,後からよりも。,20170918
72529,5519,5年間で、我々は一つの素晴らしいプログラミング言語を手に入れることができる。ただ,20170106
11182,1200,"A.A.A.A.A.: An organization for drunks who drive
",20170430
11182,6852,クリンクラーの第二法則：,20170825
14112,2731,タイプライターは、感情を込めて演奏されると、,20171210
14112,4837,"to justify God's ways to man
",20170712
14112,8633,よそで。」,20170305
79764,4246,「何もしなくても誰が気にする？これは我々の新しい,20171105
79764,2924,-- フレッド・アレン,20180416
39142,9681,タイプライターは、感情を込めて演奏されると、,20170602
39142,5605,モリソンの官僚主義仮説：,20170106
39142,9122,イギリス史の中間試験の前夜、あなたの生物学の,20170809
31054,5089,大西洋を、口に動詞をくわえて。,20170427
31054,5810,とんでもない馬鹿であることの。,20171008
86296,8727,-- F・P・ジョーンズ,20170622
48503,8939,「カルビン・クーリッジはプリマスから出た最も偉大な人物だった,20170721
48503,315,波の上に立つ者もまた、サーフィンをする。,20170518
55005,9414,木のように美しい広告看板。,20170308
55005,402,系論：,20170314
44155,8152,それらに15セントを請求する。,20171118
44155,7130,サンフランシスコはかつての姿ではなく、そして決してそうではなかった。,20180214
44155,3640,"Vote anarchist
",20170712
53610,7822,今年の最悪野菜：芽キャベツ。これはまた、,20171026
90672,3517,-- ジョー・ウォルシュ,20170809
90672,1104,良い忠告とは、悪い手本を示すには年を取りすぎた男が与えるものである。,20171012
80150,1763,赤ん坊とは、一端に大きな声、もう一端に,20171202
80150,3851,タルムードで最も古くから puzzling されてきた問題の一つは、「なぜ神は,20170328
80150,3953,神は練習のために愚か者を作り、そして教育委員会を作った。,20170323
87917,9314,上司を驚かせろ。時間通りに出勤しろ。,20170821
95769,7416,コンピュータは絶対に間違わない。,20180331
95769,4300,-- ルイス・キャロル,20171217
47932,8361,ジョニーは祭りからなかなか帰らない。,20170413
94192,4951,A: 3人。1人が電球をねじ込み、2人がそれを邪魔する者たちを追い払う。,20171127
56014,4859,「彼はとても心が狭く、鍵穴から両目で,20180220
56014,2021,LISPプログラマーはすべての価値を知っているが、そのコストは,20171010
56014,551,大学：ソフトウェアハウスのようなもの。ただし、ソフトウェアは無料で、,20171027
91697,8380,2) 「お前と、どの軍隊だ？」,20180221
91697,8902,グラフィックスについて：一枚の絵は1万語の価値がある――しかし、,20170228
69802,6740,私にできること。」,20180130
69802,5195,その5年間がいつ始まるかを我々は制御できない。,20170709
69802,4982,エネルギーを節約せよ：無関心であれ。,20180328
21350,4290,我々自身。,20171006
21350,9126,めったにきれいではなく,20180118
21350,3037,ヴェリリンドの実験の法則：,20180212
97591,4381,本物のプログラマーはテニスや、,20170117
99355,2714,"Advertisement: The most truthful part of a newspaper
",20171003
99355,6964,死とは、人生があなたに「お前はクビだ」と告げる方法である。,20170615
99355,6765,症状、兆候、バグ、そしてハック。,20170312
62023,6993,風呂に入る…,20171124
58176,2153,客2：「私も――そしてグラスがきれいであることを確認してくれ！」,20180331
58176,1295,信仰とは、ピクニックでブラックベリージャムを食べることを可能にする資質である。,20170221
21298,1386,川は湿っている。,20170715
21298,6503,価格が大幅に上がったことを意味する。,20171025
50851,7947,名誉ある紳士は卑劣な犬である。」,20171203
56755,5999,なし。「ユーザーが解決できるだろう。」,20170106
56755,6999,先週の火曜日がつまらなかったと思うなら、何が起こるか待ってみなさい。,20170615
25990,6127,Q: 電球を交換するのに、異性愛者の男性は何人必要か？,20170115
25990,5101,気分転換には良い日。寝室の壁紙を張り替えよう。,20170628
25990,5240,症状、兆候、バグ、そしてハック。,20170118
21255,7929,裸の腕を持つ権利を支持せよ！（武器を持つ権利(bear arms)との掛詞）,20171119
21255,6753,行方不明者になる絶好の機会。,20180419
21255,4273,Q: 電球を交換するのに、異性愛者の男性は何人必要か？,20171129
54054,6393,"        But this output can be
",20171110
54054,5351,腐敗した：政治において、信任または利益のある職に就くこと。,20180114
54054,2089,ゼロックスは決して独創的なものを生み出さない。,20171209
45389,2755,その構文はJOSSより悪い。,20170723
45389,5772,それに慣れろ。,20170619
45389,2075,フィナグルの信条：,20170902
17830,8504,ゼロックスはそれを何度も何度も何度も…,20170520
87694,5972,書くこと。,20171009
87694,792,-- トーマス・ジェファーソン,20180113
60336,8798,確固たる決断の日だ！！！！！それとも違うか？,20170108
33528,1999,今日は友達を吸おう。,20180311
33528,4149,価格が上がった。「すべて新品」「完全新品」あるいは「素晴らしい新品」というラベルは,20170223
33528,515,-- アナトール・フランス,20170513
90867,7420,年：365回の失望の期間。,20180207
90867,8152,カサブランカから出て、ドイツ人は奇跡を非合法化した。」,20171221
90867,4951,非常に経済的な宇宙へ。,20170919
30654,1194,民主主義とは、国が一流の経営の下で何ができるか疑問に思うことが許される統治形態である。,20180403
30654,5753,ウェイター：「紅茶かコーヒー、どちらになさいますか？」,20180410
30654,4352,逆もまた然り。,20170103
21349,1386,この国に必要なのは、良質な5セントのニッケル硬貨だ。,20180123
21349,1542,他人があなたのことをどう思っているか心配するな。彼らは,20170823
21349,1166,酸はあなたを汚す。,20170708
96068,1190,"        The mouse dissolved
",20171231
96068,8335,我が国には良い5セント葉巻がたくさんあるが、問題は,20171122
21810,1389,神は草を発明した。,20170221
87065,2210,人々。,20170715
93806,8059,1) 「心配するな、俺が何とかする」,20180501
57524,1859,彼らは通常、処女を,20170624
57524,7929,どんな組織にも、常に一人は知っている人がいる。,20170412
48957,5015,本物のプログラマーはアプリケーションプログラムを書かない。彼らは,20180419
48957,7258,LISPプログラマーはすべての価値を知っているが、そのコストは,20170503
48957,996,"I must have slipped a disk -- my pack hurts
",20171008
98678,9105,おばあちゃんを路上から遠ざけろ――ビンゴを合法化せよ。,20171025
98678,746,そして他のエロティックな効果。,20170818
13047,4006,トゥルナウカの法則：,20170824
13047,129,"We wish you a Hare Krishna
",20180418
13047,7478,ヴァン・ロイの法則：,20180325
68838,2270,深まる憂鬱の中で、あなたの犬がようやく,20170627
98943,3953,ハンディキャップのある。,20171206
27222,651,「なぜ私は不安なのか？」（ラテン語）,20170217
27222,9414,未来の仕事は危険であることだ。,20180412
27222,8416,皮肉屋の目を、彼の視力を改善するために。,20171029
91290,6653,外交とは、石を見つけるまで「いい子だね、ワンちゃん」と言い続ける技術である。,20170701
91290,8883,メビウスの輪の上のネズミ,20180501
61343,2731,先週の火曜日がつまらなかったと思うなら、何が起こるか待ってみなさい。,20170312
61343,9738,ゼロックスはそれを何度も何度も何度も…,20180319
61343,70,"We wish you a Hare Krishna
",20180315
20665,8176,服を着替える。登山はOKで、本物のプログラマーは,20180413
68056,1087,大きな財産を持って。」,20170326
68056,3940,"It was the reader's CONS
",20170401
33526,1894,精神病院：楽観主義が最も栄える場所。,20180315
99487,2735,風呂に入る…,20171005
96886,8233,ゼロックスは決して独創的なものを生み出さない。,20170204
96886,7386,"
",20170324
84800,9775,"Death is nature's way of telling you to slow down
",20171016
84800,1306,団体では、すべてのメンバーを名誉あるものとして言及するのが通例である。例えば、「,20170310
21343,1155,人間は赤面する唯一の動物である――あるいは、そうする必要がある唯一の動物である。,20180402
21343,7272,相手のエラーの原因を取り除くこと。,20171116
21343,4219,何かが起こる確率が百万分の一なら、,20170324
50809,6439,午後は明るくなるだろう。警官があなたの顔にライトを当てるから。,20180209
50809,2110,柔和な者は地を受け継ぐだろう――彼らは弱すぎて断れないのだ。,20180217
50809,3885,酵素とは、生物学者が発明したものであり、,20170131
71120,8383,なし。「ユーザーが解決できるだろう。」,20170408
71120,7257,大学：ソフトウェアハウスのようなもの。ただし、ソフトウェアは無料で、,20170503
71120,8131,-- アルベルト・アインシュタイン,20170222
28863,8559,1. 再現性が問題になる可能性がある場合、テストは,20171105
28863,4591,神は言われた。「ニュートンあれ」と。するとすべてが光であった。,20170709
34873,4867,"Fruit flies like a banana
",20170702
34873,5865,客2：「私も――そしてグラスがきれいであることを確認してくれ！」,20171029
34873,6595,-- ジョージ・サンダースの最期の言葉,20170211
96579,3415,あなたのアナリストはあなたを別の患者と混同している。信じてはいけない。,20180114
96579,9273,それは薬の効果を鈍らせる。,20170627
31772,4781,ファッションとは、あまりに耐え難い醜さの一形態であり、我々はそれを,20180129
31772,1360,ヴェリリンドの実験の法則：,20170118
81856,9188,"
",20171026
81856,7474,銃は合法ではない。,20170511
16881,7271,防衛運転をしろ。戦車を買え。,20180422
16881,4576,「成功できるのに、なぜ男でいる必要がある？」,20170626
16881,7236,チキン・リトルは正しかった。,20171219
76889,7262,事故：心の落ち着きは良いが、,20180118
99159,1529,"Advertisement: The most truthful part of a newspaper
",20170814
99159,1567,A: 3人。1人が電球をねじ込み、2人がそれを邪魔する者たちを追い払う。,20170223
99159,2253,チキン・リトルは正しかった。,20170111
98780,8798,もう一方。,20171002
24755,6517,私は木を全く見ることがないだろう。,20170726
24755,4290,正直者：口がきけず、読み書きができない。,20170922
24755,4674,もし神が我々に裸でいてほしかったなら、我々はそのように生まれていただろう。,20180425
59660,9362,-- グルーチョ・マルクス,20170726
47261,1229,は一時的に中止されます。,20170125
47261,737,"Laetrile is the pits
",20170916
45211,8433,ミニーマウスは迷路を覚えるのが遅い。,20180402
20187,1599,人々はお一人様一点限りのものなら何でも買う。,20170826
20187,1163,「お前は母親のような男には決してなれない！」,20170904
20187,6136,委員会――それが彼らを破滅させるだろう。,20170428
62940,574,「すべての肉は草である」,20170926
13064,8753,三人の友人。もし彼らが大丈夫なら、あなたがそうだ。,20170110
22665,746,両利きになるためなら右腕を差し出してもいい。,20180402
22665,6503,郵便。対応するエラーは、,20171019
38979,8316,レーガン大統領は、経済評論家が多すぎると指摘し,20180413
17142,1599,"
",20171205
17142,8342,ブラッドリーの陳腐な言葉：,20170602
17142,7929,歌手がいなければ、オペラはどれほど素晴らしいだろう。,20180121
44426,66,科学とは、先入観が検証に出会ったときに起こることである。,20171220
44426,8716,オーレオマイシン、コカイン、インターフェロン、そしてTLC。チキン,20171002
65413,9776,"Rocky's Lemma of Innovation Prevention
",20170518
65413,6938,瓦礫にすぎない,20170505
65413,4993,臆病者：危険な緊急事態に足で考える者。,20180110
20967,5914,太陽から。大きな隕石が通信を妨げているか、あるいは誰かが,20180128
29596,6072,-- マーク・トウェイン,20180115
29596,9110,もし神があなたに裸で歩き回ってほしかったなら、もっと大きな,20170923
87309,5628,デフリース家のジレンマ：,20180303
87309,8777,-- アルベルト・アインシュタイン,20180311
74948,4291,正気だ。」,20170911
49542,2195,"I think that I shall never see
",20180320
51678,9319,悪意に帰するな、,20170411
43181,176,共同制作：,20180402
69112,8902,腐敗した少数による、無能な多数の任命。,20170812
29181,2311,"Laetrile is the pits
",20170402
97964,9288,-- ジョン・バリモアの最期の言葉,20180311
97964,2151,さようなら。私は退屈だから去る。,20171203
97964,7113,コンサルタントとは、会社に数字を尋ね、そして,20170107
21246,1520,マクガワンのマディソン・アベニュー公理：,20170328
28870,8335,大学とは、教員が,20171003
28870,3382,"There once was a girl named Irene
",20171114
75213,6393,平均的な女性は、頭脳よりも美貌を望む。なぜなら、,20171112
75213,7258,-- ポール・マクラッケン,20170217
70478,8949,-- D・J・ヒックス,20170625
70478,4059,-- クリント・イーストウッド,20170724
70478,1921,木のように美しい広告看板。,20170901
23359,9103,無政府状態は最良の統治形態ではないかもしれないが、,20180419
18362,8522,再び同じ間違いを犯したときに。,20170325
48472,1107,郵便。対応するエラーは、,20170925
79049,8059,種が動くかどうかを見ずに。,20170604
79049,7338,一度。,20170216
34494,8925,-- トーマス・ジェファーソン,20170725
34494,7035,道徳的にハンディキャップのある人を雇いなさい。,20170502
34494,9673,分子生物学者はデザイナー遺伝子（デザイナーズジーンズとの掛詞）を身に着けるのか？,20170908
47365,7093,-- ジョン・チアルディ,20170406
97041,3139,コンピュータのせいにされるすべてのエラーの根源には、,20170217
97041,3345,パン。,20171006
97041,1104,5年間で、我々は一つの素晴らしいプログラミング言語を手に入れることができる。ただ,20180330
73570,8698,"        But this output can be
",20180426
51757,9626,"It was the reader's CONS
",20170430
51757,5971,瓦礫を跳ねさせる,20170421
51757,8864,-- ラ・ロシュフコー,20170101
27190,7841,食べる。,20170325
27190,4591,"THE GOLDEN RULE OF ARTS AND SCIENCES
",20170223
17601,8158,「結婚（Matrimony）は言葉じゃない、宣告（sentence）だ。」,20170104
17601,2099,ハンディキャップのある。,20170503
17601,3900,コンピュータは絶対に間違わない。,20180215
48938,5927,白いひげを生やし、赤いスーツを着たぽっちゃりした男が間もなくあなたに近づくだろう。,20170619
48938,8995,自然と自然の法則は夜に隠されていた,20170728
48938,2111,ユーザー空間と同じようにカーネル空間でも！,20180119
30555,3878,自由で、オープンで、陽気であれ！楽しめ！事態はこれ以上良くならないから,20171218
30555,6377,爆弾。,20180414
41726,8061,服を着替える。登山はOKで、本物のプログラマーは,20180304
41726,5344,「アインシュタインをそっとしておけ！」は現状を回復した。,20170911
78565,9177,-- メイシーズ,20170409
78565,7587,本ではなく、スープを濃縮せよ！,20170203
12836,9828,「商品市場で小金を稼ぐ方法は、始めることだ」,20180305
12836,2206,パン。,20170405
88895,4675,持ち帰り試験を与えられると、どこに,20170329
88895,4461,医者があなたの症状に名前を付けたからといって、彼が,20170203
92297,9162,事柄は常に支配的で制御的であった。,20171026
92297,8657,その絵を説明する。1万語のセットで適切に,20170510
92297,9335,そのモニターは完全に負ける！,20171230
36480,212,それが何であれ、私は再び結婚するだろう。,20170723
36480,9130,もし入力が正確でなかったら。,20171229
87114,1894,写真の第三法則：,20180119
87114,8541,それは続かなかった。悪魔が「ホー！」と叫び,20171022
87114,4913,本当に考えさせると、彼らはあなたを嫌うだろう。,20170313
69068,9775,年：365回の失望の期間。,20170122
86974,4414,考えてみろ！VLSIがあれば、1平方センチメートルに100台のENIACを詰め込める！,20170821
51010,1404,結晶学のオタクたち。,20170717
51010,1290,相手のエラーの原因を取り除くこと。,20180214
58188,8498,「なぜ足の甲に特別な名前がないんだろう？」,20180303
58188,5396,左にシフト！右にシフト！,20171020
75593,4470,「もっと必要になるまで、乗り切るのに十分なだけ必要だ。」,20171119
42653,4429,偏執病とは、単に人生に対する楽観的な見方である。,20180430
42653,232,「商品市場で小金を稼ぐ方法は、始めることだ」,20170714
60100,3323,タイプライターで2つのキーを打つと、望まない方が,20171002
60100,7660,コンピューティングの第43法則：,20180401
98091,9171,人間は赤面する唯一の動物である――あるいは、そうする必要がある唯一の動物である。,20180319
74122,1581,皮肉屋の目を、彼の視力を改善するために。,20170405
60316,3007,人生。,20171017
98681,8548,ジョニーは祭りからなかなか帰らない。,20170502
98681,89,-- バート・ウィットニー,20170222
53189,3750,闇が漏れ出す。,20170213
53189,916,なし。「ユーザーが解決できるだろう。」,20170530
31477,9673,すべてのプログラムには（少なくとも）二つの目的がある。一つは,20180220
31477,3984,彼らの話題は主にセックスに及ぶ。,20170508
31477,1386,核攻撃の場合、学校での祈りを禁じる連邦政府の判決は,20180101
76442,6004,-- W・サマセット・モーム,20171118
44402,6765,「ラクダが針の穴を通るのは、それが,20180325
44402,2924,団体では、すべてのメンバーを名誉あるものとして言及するのが通例である。例えば、「,20171205
44402,1701,-- アドレー・スティーブンソン,20170225
56391,2151,幸福：他人の不幸を熟考することから生じる心地よい感覚。,20170426
12161,3351,ああ、決して、決して疑うまい,20170516
12161,8187,その構文はJOSSより悪い。,20180427
12161,9353,クリーブランドはまだ生きている。神は死んだに違いない。,20170506
67435,4143,ハンロンの剃刀：,20170827
67435,4240,ダンという名の若い詩人がいた,20170810
31182,4318,-- ラ・ロシュフコー,20170611
31182,7862,思春期：思春期と不倫の間の段階。,20170114
27375,1567,（ウェイター退場、そして再登場）,20170427
27375,4240,薬局への道は遠いかもしれないが、宇宙に比べればピーナッツみたいなものだ。,20170222
27375,5970,コンピュータ。,20170209
57431,2089,こんにちは、ファルケン博士。,20180410
57431,5517,メッセージが郵便で届く。FBIに見られる前に破壊せよ。,20171015
29598,506,郵便。対応するエラーは、,20171014
29598,482,サラダにとってのニンニクが、芸術にとっての狂気である。,20171216
29598,9162,-- ベルトルト・ブレヒト,20180427
42775,2671,-- 『銀河ヒッチハイク・ガイド』,20171027
45026,2350,インテリよ、団結せよ！失うものは君たちの黄身（yolks=yokes=束縛）だけだ。,20170608
45026,1107,"
",20170327
43176,9346,失敗への対処は簡単だ。改善するために努力する。成功もまた,20170926
43176,315,朝。,20170118
57024,1878,"        The mouse dissolved
",20171214
78931,8778,-- 『銀河ヒッチハイク・ガイド』,20170415
49312,2933,想像力は、現実との戦いにおける唯一の武器である。,20171127
49312,4476,アメリカは、野蛮から飛躍した国としてユニークかもしれない。,20170915
49312,517,助けを必要としている旧友をがっかりさせるには良い日だ。,20171208
42660,2433,完全な馬鹿でも扱えるように。,20170114
89721,6262,今日は何か変わったことをしなさい。請求書を払いなさい。,20171216
89721,9669,他人に彼の心が大きいと思わせておけ,20180126
89721,7929,結果が事前に分かっていない限り、資金提供機関は,20171007
15440,4715,スープが治せないのは、母親への神経症的な依存である。,20180501
59507,8132,プログラマー。,20170926
17157,1670,今夜は半月。（少なくとも、月がないよりはましだ。）,20170111
17157,3213,皮肉屋：色眼鏡を通して物事を偏見の目で見る者。,20170415
17157,786,経験を共有しようとするカリフォルニア人。,20170326
39888,7822,科学は真実である。事実に惑わされるな。,20170303
22985,2633,タイプライターで2つのキーを打つと、望まない方が,20170523
22985,7035,あなたは仕事のことで心配しすぎだ。やめなさい。あなたは十分に給料をもらっていない。,20180329
44683,6789,朝。,20170701
44683,6131,川は湿っている。,20171211
71534,793,デバッグセッション。,20180429
64275,746,バグを修正し、再びダンプする：,20180207
64275,3209,我々のビデオプロセッサに『スタートレック3.2』をロードした。」,20170624
64275,7780,人間は、,20170718
89997,129,なし。宇宙が電球を回し、禅師は,20170525
89997,792,猫に頑固さで勝とうとするな。,20170312
89997,2033,終わる。,20180314
19012,2177,外交官とは、妻に,20170920
19012,2306,コーナー、バーモント州」,20170709
41743,5927,LISPプログラマーはすべての価値を知っているが、そのコストは,20171003
74882,8132,柔和な者は地を受け継ぐだろう――彼らは弱すぎて断れないのだ。,20171118
74882,2295,中傷された。,20180120
74882,2558,"It's not that I'm afraid to die.  I just don't want to be there when it
",20180226
87521,9768,-- アンブローズ・ビアス,20171121
24467,6236,助けを必要としている旧友をがっかりさせるには良い日だ。,20180131
24467,7364,-- F・P・ジョーンズ,20171122
24467,3244,午前中は新しいプロジェクトに青信号。午後は交通に赤信号。,20171017
56056,2207,人を馬鹿と呼ぶな。彼から借りろ。,20171011
49040,6999,5年間で、我々は一つの素晴らしいプログラミング言語を手に入れることができる。ただ,20170409
10346,6275,しばらくサウスダコタでサーフィンをするな。,20171105
65246,5388,第三法則：絶対零度でしか収支はとんとんにならない。,20170621
65246,9677,責任は常に権限を上回る。,20171206
56531,5142,予算とは、金を使う前に心配するための方法に過ぎない。,20180106
43451,5155,食べる。,20180115
43451,7364,精神科医は4人に1人が精神的に病んでいると言う。,20180124
24142,6612,臆病者：危険な緊急事態に足で考える者。,20170408
24142,4219,行方不明者になる絶好の機会。,20171205
24142,134,"        If an idea can survive a bureaucratic review and be implemented
",20180306
44634,346,経験とは、あなたが認識することを可能にする素晴らしいものである。,20180109
44634,2953,我が国には良い5セント葉巻がたくさんあるが、問題は,20180220
44634,3137,系論：,20171026
70130,3077,"        But she started absorbin'
",20170328
70130,9185,これを自分で証明するには、,20170225
70130,3284,老いたプログラマーは死なず。ただ新しいアドレスに分岐するのみ。,20170213
14948,3841,-- サルヴァー・ハーディン,20170212
14948,792,運勢：セグメンテーション違反――コアダンプ,20170609
95526,3201,今日。,20170114
86830,3992,LSDは、その重さの47倍の過剰な現実を消費する。,20170718
86830,3490,本物のプログラマーはFORTRANでは書かない。FORTRANは配管応力マニアや,20180125
92326,9558,イギリス史の中間試験の前夜、あなたの生物学の,20170418
92326,541,-- アルベルト・アインシュタイン,20170417
92326,4137,-- アルベルト・アインシュタイン,20170419
12344,9335,そして他のエロティックな効果。,20180322
12344,709,メニュー：レストランがちょうど品切れにした料理のリスト。,20170216
54257,7242,この国に必要なのは、良質な5セントのニッケル硬貨だ。,20170717
54257,1604,"Ass（尻/ロバ）：""lass""（娘）の男性形。",20170822
54257,2967,自己中心主義とは、親切な自然が痛みを和らげるために与える麻酔である。,20170721
51363,2152,豚の愚かさだと思う。,20180315
51363,4283,朝。,20170814
22650,5914,"He did his very best to make
",20180307
17535,2918,時間とは、すべてが同時に起こらないようにするための自然の方法である。,20171019
17535,1302,ネーザーの法則：,20170128
70477,6722,彼らがその代金を払い続ける。,20170321
70143,6239,今夜がその夜だ：ユーカリの木で眠れ。,20170512
52059,8883,"
",20170923
46367,5344,神は練習のために愚か者を作り、そして教育委員会を作った。,20180202
46367,8976,"He sure is a fun god
",20171213
60675,8491,-- オスカー・ワイルド,20180225
60675,737,今日は友達を吸おう。,20180409
60675,6184,覚えておけ、UNIXを逆から綴るとXINUになる。,20171217
62342,7182,「サワークリームのボウルのように？」と他方が尋ねた。「なぜ？」,20171205
18436,2365,プロジェクトMACを通り過ぎたとき,20180423
29520,5851,"Call Avogardo 6.02 x 10^23
",20180217
12111,9122,-- ピーター・S・ビーグル,20170119
12111,9016,広い心：高邁な精神を平らにした結果。,20180313
15889,9288,ユーザー（名詞）：あなたが言ったことを何でも信じるプログラマー。,20170610
97370,2640,彼女は彼に、,20170119
97370,3841,来年の最悪野菜。,20180305
97370,4352,彼は言った、「ああ、知っているよ」,20170525
91149,865,ポップアップ、プッシュダウン、バイト、バイト、バイト！,20170306
91149,345,誰かが「私がただ,20170726
91149,9974,その間にタバコ。,20170821
65666,4930,街角の酒場を活性化させる。,20180131
92205,1054,-- ミッキーマウス,20170312
95936,9469,彼を避けろ。彼は共産主義者だ。,20170917
95936,5778,改革するために。,20170703
62208,8114,知る価値がない。,20180112
62208,4913,-- カール・ツヴァンツィヒ,20180428
80605,4612,"Paul Revere was a tattle-tale
",20180121
46703,9406,もし神が我々に裸でいてほしかったなら、我々はそのように生まれていただろう。,20170406
46703,3750,-- ブラウン・セキュリティ犯罪防止パンフレットより,20171129
46703,7130,書くこと。,20170812
40760,3587,-- ジュール・ド・ゴルティエ,20171214
71494,4682,もし神が完全なら、なぜ不連続関数を創造されたのか？,20170103
71494,4818,ハチドリは歌の歌詞を決して覚えない。,20170615
74364,8176,噂されていないことだ。,20170211
74364,8859,防衛運転をしろ。戦車を買え。,20170504
51777,5015,"Whether you can hear it or not
",20170425
59459,994,科学は真実である。事実に惑わされるな。,20170626
59459,5287,"
",20180101
59459,2502,服を着替える。登山はOKで、本物のプログラマーは,20170726
36522,4235,それは完全な損失だった。,20170930
36522,8759,"Rocky's Lemma of Innovation Prevention
",20170725
13488,9016,クリンクラーの第一法則：,20170521
13488,1654,地球は小さな砂粒のようなものだ、ただずっとずっと重いだけ。,20170127
56897,4149,-- マーク・トウェイン,20171011
56897,4965,時空間スキップの中で。,20170524
61879,8513,捨てられる運命にある：重要なのは、常にそれを,20180416
61879,2652,オーレオマイシン、コカイン、インターフェロン、そしてTLC。チキン,20170417
79238,7338,名誉ある紳士は卑劣な犬である。」,20170103
79238,6341,デバッグセッション。,20170414
77835,8773,コンピュータ。,20170918
77835,5867,生きている方がましだ。,20180303
50170,17,もし神が我々に裸でいてほしかったなら、我々はそのように生まれていただろう。,20180222
50170,3123,その道を。,20170529
50170,4719,人間は赤面する唯一の動物である――あるいは、そうする必要がある唯一の動物である。,20171108
13108,7587,-- エルバート・ハバード,20170726
13108,4004,彼は言った、「ああ、知っているよ」,20180227
13108,3123,-- エルバート・ハバード,20180101
73933,9362,その間にタバコ。,20180403
63742,8455,モリソンの官僚主義仮説：,20170425
63742,1923,幸福：他人の不幸を熟考することから生じる心地よい感覚。,20180309
86842,9126,なし。「マニュアルに文書化しておく。」,20180309
21623,1600,今日は友達を吸おう。,20170928
61047,341,-- バート・ウィットニー,20170613
61047,2502,銀行家とは、太陽が輝いているときに傘を貸してくれ,20171119
61047,9773,上司がそれを読んでいる。,20171120
54976,7460,オーレオマイシン、コカイン、インターフェロン、そしてTLC。チキン,20180307
54976,4137,コンピューティングの第43法則：,20170723
54976,8158,大学とは、教員が,20170617
52288,9599,最新の公式数値によると、全統計の43%は,20171209
52288,5344,すべての兆候には7つの症状があった。,20180322
52288,6753,歌手がいなければ、オペラはどれほど素晴らしいだろう。,20170409
56422,6986,不幸は仲間を好むが、仲間はそれに応えない。,20170225
68221,3521,暴力は無能な者の最後の砦である。,20170406
68221,5714,それが、点で対になって,20180417
68221,3046,神は7日で世界を創造したのではない。6日間遊び呆けて,20171202
25957,3629,予報官たち、そして超過預言者税を決定した。,20170321
25957,4818,-- グルーチョ・マルクス,20180101
66108,6612,再び同じ間違いを犯したときに。,20170423
74232,6656,趣味に余分な時間を費やせ。巻紙をたくさん手に入れろ。,20170909
96053,5517,波の上に立つ者もまた、サーフィンをする。,20170418
96053,1004,その間にタバコ。,20170919
96053,6575,ファッションとは、あまりに耐え難い醜さの一形態であり、我々はそれを,20170904
96408,4300,"        But she started absorbin'
",20171123
47026,1390,何もない。,20180427
47026,811,物忘れ：神が債務者に、,20180303
47026,8342,-- ギゴ,20170928
30258,6131,男たちは黙ってお茶をすすっていた。しばらくして、不器用な男が,20171022
30258,7780,調査の日。あなたは召喚されるだろう。,20180403
35673,7466,グラフィックスについて：一枚の絵は1万語の価値がある――しかし、,20170930
35673,7474,向かっている。,20170817
35673,232,それはかつて私を指していた。,20171218
87260,2558,良い知らせ。金曜日から10週間後は、かなり良い日になるだろう。,20180126
87260,1529,で責任を回避するか？,20170526
87260,3521,現実は幻覚の障害である。,20180103
18164,9520,"Laetrile is the pits
",20170609
18164,709,白いひげを生やし、赤いスーツを着たぽっちゃりした男が間もなくあなたに近づくだろう。,20171107
18164,4674,許可を得るより許しを得る方が簡単だ。,20170619
22148,1190,ディスク上の99ブロックのゴミ,20170423
22148,7947,馬の分別とは、馬が,20180223
22148,3797,-- アルベルト・アインシュタイン,20170601
28703,7420,ヴァン・ロイの法則：,20170207
47031,1785,死とは、人生があなたに「お前はクビだ」と告げる方法である。,20180105
47031,8342,外交とは、石を見つけるまで「いい子だね、ワンちゃん」と言い続ける技術である。,20171206
77939,706,-- ケーログ・アルブラン,20170912
34613,7093,-- ジョン・チアルディ,20171116
97761,7474,戴冠式：君主に外見上と,20170421
52372,1202,"There was a young lady from Hyde
",20180304
59488,5772,本物のプログラマーはBASICでは書かない。実際、BASICで書くプログラマーはいない。,20171105
20936,5784,インテリよ、団結せよ！失うものは君たちの黄身（yolks=yokes=束縛）だけだ。,20170303
61157,7275,使いやすく、動作し、もし壊れたら、彼らはすぐに,20170122
30357,339,結果が事前に分かっていない限り、資金提供機関は,20170718
87031,4583,IBMにはPL/Iがあった,20180412
78644,5323,男たちは黙ってお茶をすすっていた。しばらくして、不器用な男が,20170930
65238,4675,「今こそすべての善良な人々が立ち上がる時だ。」,20171016
65238,3734,犯罪の兆候：絶叫または助けを求める叫び声。,20180117
81475,7587,男たちは黙ってお茶をすすっていた。しばらくして、不器用な男が,20171112
81475,4581,他人があなたのことをどう思っているか心配するな。彼らは,20170422
81475,9472,-- ラザルス・ロング,20170408
38768,4652,しかし、私が命じたことだけだ。,20170220
38768,9956,気分転換には良い日。寝室の壁紙を張り替えよう。,20170926
38768,5030,金を持つ者がルールを作る。,20171206
40923,5362,-- マーク・トウェイン,20170426
94061,3595,本物のプログラマーは仕様書を書かない――ユーザーは,20180424
94061,8380,-- ヨハネ・パウロ1世,20170105
44793,6131,エラーのない重要な手紙は、,20170714
44793,7854,現代人とは、類人猿と人間との間の失われた環（ミッシング・リンク）である。,20170319
44793,3218,もし我々が進む方向を変えなければ、我々は,20171127
53438,212,助けを必要としている旧友をがっかりさせるには良い日だ。,20171028
53438,1077,来週から、パスワードはモールス信号で入力されることになります。,20180214
96853,8541,事故：心の落ち着きは良いが、,20180126
96853,402,今日は旅行が重要。明日、国税庁の役人が来る。,20180310
61915,3491,そして彼女の内部でリンゴ酒を作った。,20180418
87464,1625,汝のプログラムは走り、汝のシステムコールは成されたり。,20170407
87464,9167,「すべての肉は草である」,20180413
81057,1194,考えてみろ！VLSIがあれば、1平方センチメートルに100台のENIACを詰め込める！,20180123
69823,7609,今月は忘れられない月になるだろう――どんなに忘れようとしても。,20170506
69823,8498,プログラミング。,20171106
81848,9267,嘘：真実の非常に粗末な代用品だが、発見された唯一のもの。,20170204
81848,6275,瓦礫にすぎない,20171204
81848,6178,丸一日得られない。可能な限り2月は避けよう。,20170120
32270,9880,扱う。,20170307
39644,7259,死：突然罪を犯すのをやめること。,20170105
39644,7227,脳は素晴らしい器官だ。あなたが起きた瞬間に働き始め,20171118
75166,3,私は聴衆に、彼らがなしうる最善のことは,20170416
75166,4534,今回のログインセッション：$13.99、しかしあなたには$11.88,20180117
75166,5970,"
",20180125
90049,6015,誰も確信していないこと。,20170513
90049,2264,-- アナトール・フランス,20171005
90049,6505,ダイナマイトで空高く吹き飛ばされる神聖な権利の目に見える兆候。,20171004
18652,9064,結果が事前に分かっていない限り、資金提供機関は,20180315
18652,1925,本物のプログラマーはキッシュを食べない。実際、本物のプログラマーは,20170207
18652,871,ミッキーマウスはスピロ・アグニューの腕時計をしている。,20170823
88148,2558,イギリス史の中間試験の前夜、あなたの生物学の,20180329
88148,7854,記者（マハトマ・ガンジーへ）：ガンジーさん、,20171021
34985,5269,もし10個のパラメータを持つプロシージャがあるなら、おそらくいくつか見逃している。,20180121
50142,2888,ああ、決して、決して疑うまい,20180127
50142,7227,-- ポール・マクラッケン,20180105
50142,9395,探すのをやめなさい。幸福はあなたのすぐ隣にある。さて、もし彼らがただ,20180422
92542,126,"Today is the tomorrow you worried about yesterday
",20171225
92542,5157,終わる。,20170913
92542,1837,つまり、もしアパートを借りるなら、あなたは3つの,20170218
43000,2167,男たちは黙ってお茶をすすっていた。しばらくして、不器用な男が,20170512
43000,5659,確固たる決断の日だ！！！！！それとも違うか？,20171015
61208,3587,自動車：丘を駆け上がり、人々を駆け下りる四輪車。,20170130
61208,4674,スープが治せないのは、母親への神経症的な依存である。,20171231
61208,5033,「結婚（Matrimony）は言葉じゃない、宣告（sentence）だ。」,20170411
97067,2984,もし商品が「50ドル未満」と宣伝されているなら、それが19.95ドルでないことは確かだ。,20171022
97067,1667,-- ラザルス・ロング,20170726
97067,5412,人工知能に一年費やせば、,20180216
89807,1973,大きな財産を持って。」,20170525
89807,1016,小売りで買う必要がある。」,20170409
89807,9053,変化。,20180210
99924,6101,-- ラザルス・ロング,20170616
45102,1859,「素晴らしい！この半,20171225
73518,493,-- D・J・ヒックス,20170702
73518,6114,団体では、すべてのメンバーを名誉あるものとして言及するのが通例である。例えば、「,20170627
73518,5294,少年：泥のついた騒音。,20170106
15961,8964,さもなければ、より難しい思考を必要とする。,20170108
15961,2581,「ここ電話会社では、あらゆる種類の人々にサービスを提供しています。,20170609
15961,3745,"Brain fried -- Core dumped
",20180129
64422,295,電球を交換するのに、禅師は何人必要か？,20171117
35934,4149,それがエネルギーに変換されるとき？,20171107
35934,4612,その構文はJOSSより悪い。,20170610
35934,5606,している。,20171201
34102,8548,花嫁：幸せな未来を背後に持つ女性。,20170811
25819,3799,あなたのプログラムを説明しているときに聞き手がうなずいたら、,20170329
25819,6156,ダイナマイトで空高く吹き飛ばされる神聖な権利の目に見える兆候。,20180108
66365,988,キッシュと綴る。彼らはトゥインキーや四川料理を食べる。,20171218
75345,7242,素人のためのプログラミングに関する最高の本は『不思議の国のアリス』だ。,20170527
75345,9660,「そして、私と同じくらい大きくなったら何をするの？」,20170115
59288,8442,何もない。,20171012
59288,9192,白いひげを生やし、赤いスーツを着たぽっちゃりした男が間もなくあなたに近づくだろう。,20170210
92655,4993,グラフィックスについて：一枚の絵は1万語の価値がある――しかし、,20170130
92655,9388,割り、掛け、そして引くだろう。,20170921
92655,8666,-- エレノア・ルーズベルト,20170510
22112,2863,優越性は劣性である。,20180408
22112,3115,貧しい人々をお互いから守るために。,20170226
88401,9192,本当に考えさせると、彼らはあなたを嫌うだろう。,20171009
43853,3053,馬の分別とは、馬が,20180423
43853,9780,"Paul Revere was a tattle-tale
",20170809
43853,6765,-- ソーパー上院議員,20170319
13131,3885,「要するに、_Nがリシャール的であるのは、_Nがリシャール的でない場合に限る。」,20170220
13131,9472,他人はあなたに安定を求めるだろう。だから、,20170608
33406,5269,好機は常に、最も不都合な瞬間に訪れる。,20180311
33406,2153,あなたが置いた場所から、見つけられない場所へ。,20170129
33406,574,私は7つのハックを持つQuuxに出会った。,20180327
56106,2652,汝、それを再生するなかれ。,20171231
56106,7242,"
",20170506
56106,8040,電球を交換するのに、禅師は何人必要か？,20170619
30220,1973,"
",20170524
30220,2886,何が起こっているか。,20170730
56782,5195,「家具との議論は、めったに生産的ではない。」,20170326
56782,4683,そうだと告げられたとき,20180324
56782,1837,馬の分別とは、馬が,20171004
93774,4675,-- マーク・トウェイン,20170123
93774,5396,暇な時間に現金を稼ごう――友達を脅迫せよ。,20170512
12394,149,今週は自分で機会を作り出せる。上級,20170704
63849,2054,扱いやすい：あなたは間違った問題を解決した。,20180304
87373,2177,不在：友人や知人の攻撃にさらされること。中傷されること。,20170605
23153,515,何もない。,20170522
23153,8034,数学の法則が現実に関わる限り、それらは,20170203
79828,7995,3) 「もしお前が自分で思うほど賢いなら、,20180311
79828,9145,イギリス史の中間試験の前夜、あなたの生物学の,20170713
37439,5810,"
",20180216
37439,5560,-- ジョン・オハラ,20171003
37439,1923,チキンスープ：,20170519
59304,8367,100ブロックのゴミ！,20170215
59304,5922,"It's not that I'm afraid to die.  I just don't want to be there when it
",20170524
30444,5089,小売りで買う必要がある。」,20180430
30444,1654,チキン・リトルは正しかった。,20170330
30444,7478,"It was the reader's CONS
",20171209
64588,8416,扱いやすい：あなたは間違った問題を解決した。,20170730
82385,70,グラフィックスについて：一枚の絵は1万語の価値がある――しかし、,20170429
82385,9087,"        If an idea can survive a bureaucratic review and be implemented
",20170208
82385,2475,予報官たち、そして超過預言者税を決定した。,20180120
12000,5659,外交官とは、妻に,20170926
12000,2195,本物のプログラマーはアプリケーションプログラムを書かない。彼らは,20180316
12000,8784,で責任を回避するか？,20170612
19434,6447,LISPプログラマーはすべての価値を知っているが、そのコストは,20180126
19434,8909,今夜がその夜だ：ユーカリの木で眠れ。,20171105
40745,9347,悪意に帰するな、,20171116
40745,2735,生きる。,20170216
40745,764,私にできること。」,20170116
23347,777,平均的な女性は、頭脳よりも美貌を望む。なぜなら、,20170802
24772,1852,猫に頑固さで勝とうとするな。,20170826
24772,9162,「第三次世界大戦がどのような兵器で戦われるかはわからないが,20170526
97746,5385,5年間で、我々は一つの素晴らしいプログラミング言語を手に入れることができる。ただ,20170215
97746,996,今日は友達を吸おう。,20171231
97746,5778,英語では、すべての単語を動詞化できる。我々の,20170323
76616,1144,よそで。」,20170110
76616,8431,"
",20170301
25387,9529,コンピュータは絶対に間違わない。,20170801
42531,3797,タバコ：一端に火、もう一端に愚か者、そして,20170312
42531,6148,点。,20170427
42531,1190,第一法則：働かずに何も得ることはできない。,20170204
32403,55,「一度でいいから、,20170216
29257,3297,-- ハーバート・プロクナウ,20170905
29257,8082,-- ウォルト・ケリー,20180430
56939,574,幸福：他人の不幸を熟考することから生じる心地よい感覚。,20180415
56939,5865,"A limerick packs laughs anatomical
",20170312
56939,1163,-- チャーリー・マッカーシー,20171020
19235,5829,腐敗した：政治において、信任または利益のある職に就くこと。,20170103
19235,6914,「率直に申し上げましょう、ムッシュ。あなたを,20170723
19235,8363,割り、掛け、そして引くだろう。,20170502
44905,6914,精神科医は4人に1人が精神的に病んでいると言う。,20180408
26591,9621,-- アラン・パーリス,20170419
26591,8341,このゴミは、非常に高価な機械を通過した後,20180324
26591,9564,一つ。,20180402
33031,8541,なし。「ソフトウェアで修正する。」,20170219
10034,3755,薬局への道は遠いかもしれないが、宇宙に比べればピーナッツみたいなものだ。,20170813
10034,1852,コンピュータの集中力は、その,20170310
30326,2177,軽く油を塗った。」,20170209
90789,5003,使いやすく、動作し、もし壊れたら、彼らはすぐに,20170624
90789,3218,"
",20170221
90789,9791,-- ペギー・ジョイス,20170531
71756,8193,1ビットたりとも取るな！,20170918
59865,6753,「ラクダが針の穴を通るのは、それが,20170522
59865,6958,機能する。,20170903
88870,6077,点。,20180430
20751,9738,ジョージ・オーウェルは楽観主義者だった。,20170927
27448,7271,ゼロックスはそれを何度も何度も何度も…,20171117
23204,1782,他人があなたのことをどう思っているか心配するな。彼らは,20170808
58487,5101,"        But she started absorbin'
",20170412
37558,1106,大酒を飲むには最高の日。オフィスのウォータークーラーに酒を入れろ。,20170922
37558,8778,後知恵は精密科学である。,20170423
86124,9434,"Brain fried -- Core dumped
",20170115
15213,2714,「そして、私と同じくらい大きくなったら何をするの？」,20180418
15213,7242,社会遺伝学の根本原理：,20180501
61817,1386,ユーザー（名詞）：あなたが言ったことを何でも信じるプログラマー。,20170131
61817,9260,本物のプログラマーはPL/Iでは書かない。PL/Iは,20171006
14111,3225,今年はハンニバル・デーを祝おう。象を昼食に連れて行け。,20170715
14111,9570,"
",20170108
49339,6178,全国半袖シャツ協会は言う：,20170223
49339,8667,重役。,20180311
32374,3750,学生たちの中に。,20171216
32374,9599,タバコ：一端に火、もう一端に愚か者、そして,20180117
38931,8442,確実である。そして、それらが確実である限り、それらは現実には言及しない。,20170705
65520,6377,絵で説明される。,20171209
65520,493,-- ラザルス・ロング,20171222
37480,6843,-- R・ガイス,20170711
37480,6393,汝、それを再生するなかれ。,20170525
37480,6229,どういうわけか高貴なものとされ、誰もそれを批判しようとしない。,20170412
37308,5157,あなたは賢く、機知に富み、素晴らしいが、あまりに多くの時間を,20180123
37308,8925,年間最悪の月：2月。2月は28日しかなく,20171224
37308,1973,A: 両方だ。,20170621
39657,3570,「ダイエット」,20170320
39657,8883,もしそうなら、そうなるだろう。しかし、そうではないから、そうではない。それが論理だ！,20170113
39657,2362,臆病者：危険な緊急事態に足で考える者。,20171112
96567,1194,人を馬鹿と呼ぶな。彼から借りろ。,20170727
96567,3998,両利きになるためなら右腕を差し出してもいい。,20170701
96567,2049,年間最悪の月：2月。2月は28日しかなく,20170713
21287,9162,"Computer programmers do it byte by byte
",20171214
21287,7236,"
",20170210
21287,8456,もし10個のパラメータを持つプロシージャがあるなら、おそらくいくつか見逃している。,20170214
93726,1143,SQL交響楽団コンサート,20170820
93726,1143,SQL交響楽団コンサート,20170325
93726,1143,SQL交響楽団コンサート,20170602
42327,5287,-- マーク・トウェイン,20170119
42327,8566,予算とは、金を使う前に心配するための方法に過ぎない。,20171206
42327,871,「なぜ足の甲に特別な名前がないんだろう？」,20170704
39641,9780,"Today is the first day of the rest of the mess
",20170813
87907,3190,脳（動詞）：[「脳する」のように]  bluntly に、しかし pointedly ではなく叱責すること。,20170525
69897,4520,コンピュータが、事実を印刷するために,20170217
69897,968,-- アーサー・ナイマン,20171204
69897,4652,応用テロの第五法則：,20170528
94073,6386,"There was a young lady from Hyde
",20170504
94073,9214,軍事諜報は矛盾した言葉である。,20171209
76627,5287,自己中心主義とは、親切な自然が痛みを和らげるために与える麻酔である。,20170613
70024,4207,ベアメタルで。アプリケーションプログラミングは、システム,20171006
98416,7927,機械上で、彼らは「ほんの数回」の30時間で動作するようにパッチを当てることができる。,20170711
92230,2035,神は練習のために愚か者を作り、そして教育委員会を作った。,20170112
92230,3869,-- ジョン・バリモアの最期の言葉,20170810
92230,4149,-ディープ・ソート,20170925
50035,8949,死ぬ：突然罪を犯すのをやめること。,20180306
29621,2272,"
",20170203
29621,9768,自動車：丘を駆け上がり、人々を駆け下りる四輪車。,20180311
70601,5605,ストリップは回転した。,20171002
70601,811,人々に考えさせていると思わせれば、彼らはあなたを愛するだろう。しかし、もしあなたが,20171123
58668,8367,第四次世界大戦は棒と石で戦われるだろう。」,20170415
99439,1563,それは続かなかった。悪魔が「ホー！」と叫び,20171002
52610,4470,生きている方がましだ。,20170528
52610,881,プログラミング。,20180422
89737,1028,おばあちゃんを路上から遠ざけろ――ビンゴを合法化せよ。,20170401
89737,5748,-- サルヴァー・ハーディン,20170128
89782,339,100ブロックのゴミ！,20180129
89782,2420,"Accuracy: The vice of being right
",20171224
28609,2044,世の中で噂されることより悪いことは一つしかない。そしてそれは,20180324
28609,3587,「すべての肉は草である」,20170825
45320,6656,強い酒には気をつけろ。それは税務署員を撃ちたくさせ、そして,20170531
45320,7305,大人：もっと分別があってもよい年齢の者。,20170117
45320,3865,なし。「マニュアルに文書化しておく。」,20171018
80485,1851,アレクサンダー・グラハム・ベルはニューヨークで健在で、まだ,20171017
80485,3745,最も短い、けれど。,20171106
80485,4448,酸はあなたを汚す。,20171116
11686,4219,クリーブランドはまだ生きている。神は死んだに違いない。,20180105
84681,146,時空間スキップの中で。,20180402
62184,1143,SQL交響楽団コンサート,20170723
62184,1143,SQL交響楽団コンサート,20170821
68807,2513,強い酒には気をつけろ。それは税務署員を撃ちたくさせ、そして,20170603
68807,4837,政府機関の解決策があなたの問題に合わないとき、あなたは,20170717
46233,124,そうに違いないと我々を安心させてくれる。,20170827
46233,2147,"
",20180406
46233,517,ミニーマウスは迷路を覚えるのが遅い。,20180219
26171,4246,"        But the good ones I've seen
",20170523
26171,2071,医者があなたの症状に名前を付けたからといって、彼が,20170406
26171,3635,強い酒には気をつけろ。それは税務署員を撃ちたくさせ、そして,20170808
10389,7660,三人の友人。もし彼らが大丈夫なら、あなたがそうだ。,20180213
10389,4300,12歳以降に。,20180316
10389,1763,ジョニーは祭りからなかなか帰らない。,20180329
27198,8995,現実は幻覚の障害である。,20180407
27198,7780,彼らにそれを返す。,20180407
27198,7271,「最適化コンパイラにおけるレジスタ割り付け」,20170831
71108,1056,彼らに良いマナーを教える努力。,20180115
71108,7773,ああ、決して、決して疑うまい,20171114
71108,8873,コンピュータプログラミングの法則：,20171224
23880,1288,太陽から。大きな隕石が通信を妨げているか、あるいは誰かが,20171117
23880,9,今日は空飛ぶ円盤に近づかないように。,20170715
40038,146,もう一方には責任が。,20170910
40038,8071,プロジェクトMACを通り過ぎたとき,20170529
40038,7523,歌手がいなければ、オペラはどれほど素晴らしいだろう。,20180409
29250,9325,人生は玉ねぎのようなものだ。一枚一枚皮をむいていくと、,20170719
29250,709,ジョージ・オーウェルは楽観主義者だった。,20170313
29250,9137,ガンジー：それは良い考えだと思う。,20170807
36008,5925,"
",20180110
47664,8716,しばらくハリケーンに近づかないように。,20170226
47664,3,サンフランシスコはかつての姿ではなく、そして決してそうではなかった。,20180202
10680,968,システム、その主要な弱点がすべて露呈した,20171122
63152,4137,コンピュータが人間より多くの仕事をこなせる一つの良い理由は、彼らが,20171222
63152,2984,献身的な追随者の不足により、偉大な指導者の生産は,20170813
19341,6184,"Advertisement: The most truthful part of a newspaper
",20170816
19341,4683,彼らにそれを返す。,20170117
52392,3463,-- 愚者の辞書,20170616
52392,4004,文明に触れることなく退廃へ。,20180218
52392,3878,バグを修正し、再びダンプする：,20170430
70043,402,未来の仕事は危険であることだ。,20170807
70043,8109,記者（マハトマ・ガンジーへ）：ガンジーさん、,20170415
23097,2111,99ブロックのゴミ！,20171024
23097,1529,価格が大幅に上がったことを意味する。,20170802
71185,1811,私は未来を見たが、それは現在と全く同じで、ただ長いだけだった。,20180203
71185,5925,軍事諜報は矛盾した言葉である。,20170219
79116,9373,心配するために。,20170722
61986,6515,共同制作：,20170711
61986,9612,-- F・P・ジョーンズ,20170312
61986,8753,パタパタ、ばたばた、ぱたん,20180402
75400,3589,"WHERE CAN THE MATTER BE
",20180126
75400,7262,自由で、オープンで、陽気であれ！楽しめ！事態はこれ以上良くならないから,20180317
77433,5385,チキン・リトルは正しかった。,20170517
77433,126,"
",20171213
82678,6642,"
",20170309
82678,9559,-- サルヴァー・ハーディン,20170420
68926,6131,その講師のコースのために勉強することを除いて。,20180124
68926,1994,10年間の不採用通知は、自然があなたにやめるよう告げる方法である。,20170111
68926,2021,「どんなに親しい友人でも、互いの葬式には参列できない。」,20170522
50047,5865,ウィル・ロジャースが言ったように、「無料の,20170623
50047,2499,自由で、オープンで、陽気であれ！楽しめ！事態はこれ以上良くならないから,20170323
50047,6101,「カルビン・クーリッジはプリマスから出た最も偉大な人物だった,20171212
39346,3851,グラフィックスについて：一枚の絵は1万語の価値がある――しかし、,20180219
14421,341,熱力学の三法則：,20171209
93538,574,すべての兆候には7つの症状があった。,20171222
93538,7947,全くプログラムを手に入れられず、手に入れたものを受け入れる。,20180305
93538,4240,コンピュータプログラミングの法則：,20170409
48399,6229,すべてのバグには7つの兆候があった。,20180426
48399,9626,多数派：犯罪と法律を区別する性質。,20170312
48399,1753,毛皮のコート。,20170423
27923,3904,ゴイムを創造したのか？」一般的に受け入れられている答えは、「誰かが,20180413
27923,3755,物忘れ：神が債務者に、,20170918
27923,5628,-- トーマス・ジェファーソン,20180406
63173,3984,モグラの問題かい？,20171121
38336,2652,他人に彼の心が大きいと思わせておけ,20170122
34054,5033,気分転換には良い日。寝室の壁紙を張り替えよう。,20170204
34054,3072,-- R・ガイス,20170909
34054,2633,私は7つのハックを持つQuuxに出会った。,20170804
70059,658,プロジェクトMACでの損失はどれくらいか？,20170318
70059,3190,「ボンベイの気候は、その住民が生活しなければならないほどのものである」,20170124
13189,5648,こんにちは、ファルケン博士。,20180208
13189,4351,街角の酒場を活性化させる。,20170630
13189,718,チケット。,20180401
33596,9469,ダイナマイトで空高く吹き飛ばされる神聖な権利の目に見える兆候。,20180321
33596,994,プログラミングについての考え方に影響を与えない言語は,20170103
88096,8964,誰を信じる？,20170623
88096,5003,素人のためのプログラミングに関する最高の本は『不思議の国のアリス』だ。,20170908
88096,4699,少年：泥のついた騒音。,20170710
66390,1542,で責任を回避するか？,20170105
66390,4414,"BLISS is ignorance
",20180227
66390,2910,働くために。,20171219
57987,1785,"It never does quite what I want
",20171203
64998,8456,床を磨いたり、その他のエキサイティングなことをするのに最適な日。,20170815
64998,8663,自分自身を問題の一部として。,20170419
64998,1004,つまり、もしアパートを借りるなら、あなたは3つの,20170724
68134,212,"God is a polythiest
",20170324
68134,1155,「それどころか」とトゥイードルディーは続けた。「もしそうだったら、そうだったかもしれないし、,20180303
68134,551,今年は幸運な日を過ごす。,20171005
57891,6503,興味深いものは何も簡単ではない。,20170417
91800,8513,良い知らせ。金曜日から10週間後は、かなり良い日になるだろう。,20180118
91800,8826,-- ケーログ・アルブラン,20170914
43434,8131,「もし知っていたら、私は錠前屋になっていただろう。」,20180105
43434,8152,嘘：真実の非常に粗末な代用品だが、発見された唯一のもの。,20170907
87001,8316,注意：呼吸はあなたの健康に有害な場合があります。,20170120
87001,1794,フィラデルフィアは退屈ではない――ただ、隣にあるからそう見えるだけだ。,20180307
87001,3115,犯罪の兆候：絶叫または助けを求める叫び声。,20170205
89905,7182,「結婚（Matrimony）は言葉じゃない、宣告（sentence）だ。」,20180127
89905,4754,皮肉屋：色眼鏡を通して物事を偏見の目で見る者。,20170804
76745,6377,私はあなたが思うほど酔っていない。（I'm not as think as you drunk I am. の言葉遊び）,20171105
76745,8976,良い忠告とは、悪い手本を示すには年を取りすぎた男が与えるものである。,20180417
38795,3384,2) 「お前と、どの軍隊だ？」,20170109
38795,9388,ガスはひどい匂いがする。,20180420
27339,3345,優越性は劣性である。,20171116
27339,3629,"Accuracy: The vice of being right
",20171231
41973,9434,彼らがそうあるべきであると。ゆえに、スキタイ人の間では、,20180307
41973,2218,「もし知っていたら、私は錠前屋になっていただろう。」,20170506
41973,8826,そして先月分を前払いで。,20171107
51450,5858,「率直に申し上げましょう、ムッシュ。あなたを,20170519
51450,9314,事故：心の落ち着きは良いが、,20180223
48997,8864,その5年間がいつ始まるかを我々は制御できない。,20170128
74802,3670,しばらくハリケーンに近づかないように。,20180411
62398,2403,-- ハーバート・プロクナウ,20170926
52378,4137,午後は明るくなるだろう。警官があなたの顔にライトを当てるから。,20170401
52378,9126,100ブロックのゴミ！,20180109
52378,9414,"A city is a large community where people are lonesome together
",20170828
55002,7609,パーティーを開くには良い日だ。彼をできるだけ遠くに投げ飛ばせ。,20170705
68204,811,"        The apple fermented
",20170519
27483,5539,中には何もない。,20170105
40704,9177,何としても現実を避けよ。,20180109
40704,5810,失敗への対処は簡単だ。改善するために努力する。成功もまた,20180312
95177,4004,身を粉にして働け！,20170510
95177,1978,アメリカを美しく保とう。ビール缶を飲み込め。,20170417
95177,6393,機能する。,20180208
91037,4675,ユーカリの木の中で。,20170217
18497,8034,A: 33人。1人がビットを持ち、32人がレジスタを押す。,20170825
18497,8029,なし。「ユーザーが解決できるだろう。」,20171129
18497,7705,彼らがあなたのことをどう思っているか心配することで忙しい。,20171009
17623,8193,旗。,20180418
17623,3745,サンフランシスコ？,20180409
17623,2167,つまり、もしアパートを借りるなら、あなたは3つの,20171001
28857,5865,彼がその向こう側から現れるまで、あなたは彼を見ることはないだろう。,20180102
28857,3470,何もない。,20171218
28857,8513,年間最悪の月：2月。2月は28日しかなく,20170217
34155,2059,過去は常にかつてより良く見える。それが心地よいのは、ただ,20170803
34155,7862,「もっと必要になるまで、乗り切るのに十分なだけ必要だ。」,20170803
34155,8316,"算数とは、""",20171012
19018,1137,"You have the capacity to learn from mistakes.  You'll learn a lot
",20171026
19018,8753,している。,20170524
35110,2633,なし。宇宙が電球を回し、禅師は,20171031
35110,2210,噂されていないことだ。,20180106
35110,4059,-- ハーバート・プロクナウ,20171016
69303,9289,それは彼らが徹夜していたからだ。,20180306
69303,5195,もし我々が進む方向を変えなければ、我々は,20170921
24094,6386,ラー！ラー！ラー！,20180311
24094,5089,過去は常にかつてより良く見える。それが心地よいのは、ただ,20170812
53663,4273,-- オスカー・ワイルド,20180419
94828,8753,「ダイエット」,20180311
94828,8417,金を持つ者がルールを作る。,20180109
94828,8316,平均的な男性は考えるよりも見ることの方が得意である。,20180205
38626,9122,あなたは尾行されている。数日間はいかがわしい行為をやめなさい。,20170819
99043,9828,真実は今朝明らかになるだろう。（それが事態を本当に混乱させるかもしれない。）,20170713
34651,8629,生きている方がましだ。,20170509
34651,1468,エラーのないプログラムを書く方法は二つある。三番目の方法だけが,20180221
38210,5294,コンウェイの法則：,20180216
96357,8380,何かが起こる確率が百万分の一なら、,20170315
96357,5396,ダイヤルトーンを求めて。,20180304
96357,3209,コーナー、バーモント州」,20170114
79164,5839,"If I traveled to the end of the rainbow
",20170524
79164,1563,今夜は家族のことを考えなさい。,20171119
33448,446,有り余るエネルギーを発散させるには良い日だ。何か重いものを盗め。,20180419
33448,7862,ホーングレンの観察：,20170331
33448,7390,神のみが無作為な選択をすることができる。,20180315
47108,9583,"Kin: An affliction of the blood
",20170328
47108,8082,離婚から抜け出す。,20180322
47108,4965,-- オスカー・ワイルド,20170511
95241,1288,エラーのないプログラムを書く方法は二つある。三番目の方法だけが,20171105
95241,3734,系論：,20170223
95241,2652,コンピュータが、事実を印刷するために,20180124
48409,2979,1. 再現性が問題になる可能性がある場合、テストは,20170803
58113,7181,彼らは通常、処女を,20170211
58113,2659,食べる。,20170804
98321,9214,もし持ち込み可の試験を与えられたら、本を忘れるだろう。,20170817
21297,988,我々自身。,20170126
93969,363,プログラマーが英語で書けるようにすれば、,20170715
66879,1567,今日は旅行が重要。明日、国税庁の役人が来る。,20171021
66879,8642,彼らは通常、処女を,20170504
66879,1785,もし10個のパラメータを持つプロシージャがあるなら、おそらくいくつか見逃している。,20170927
19525,1087,-- アラン・パーリス,20170628
19525,1519,コンウェイの法則：,20170609
80421,1200,すべてのプログラムには（少なくとも）二つの目的がある。一つは,20180404
31219,9630,「一度でいいから、,20180403
31219,4884,ミッキーマウスはスピロ・アグニューの腕時計をしている。,20170917
31219,9583,変化。,20171006
45578,3652,「三重アイソ分岐クリプトンゲートMOSプロセス…」,20171228
45578,8132,もう一方。,20170226
54419,9712,完全に避けられることを、明日に延ばすな。,20180429
54419,2099,決して立ち止まって電話に出る必要がない。,20170407
22672,183,失敗への対処は簡単だ。改善するために努力する。成功もまた,20170609
22672,6515,サンフランシスコはかつての姿ではなく、そして決してそうではなかった。,20170824
22672,6131,それは宇宙を一つにまとめている…,20180225
85032,3016,応用テロの第五法則：,20170625
56384,9347,もし10個のパラメータを持つプロシージャがあるなら、おそらくいくつか見逃している。,20170820
40832,8541,フィルモア大統領を悪く言うな。彼は我々をベトナム戦争から遠ざけてくれた。,20170110
40832,994,「この核軍拡競争を続けるなら、君たちがやることは,20170302
28500,4818,-- ギゴ,20170927
28500,9346,症状、兆候、バグ、そしてハック。,20170216
28500,4542,腐敗した少数による、無能な多数の任命。,20170223
15376,1137,変数。」,20180316
15376,2863,ああ、一体どうしたのだろう,20170810
75736,7684,非公式なものから公式なものへ、公式な手段で進むことはできない。,20170625
75736,8633,客2：「私も――そしてグラスがきれいであることを確認してくれ！」,20180227
75736,2831,ああ、一体どうしたのだろう,20170124
54339,4149,「カルビン・クーリッジはプリマスから出た最も偉大な人物だった,20180125
92075,2311,「ここ電話会社では、あらゆる種類の人々にサービスを提供しています。,20180407
61445,1567,今夜はコウモリに餌をやらないで。,20180325
61445,5966,そうだと告げられたとき,20180407
60418,8193,"        But she started absorbin'
",20170403
60418,3797,この種のゴミ。,20180321
60418,6572,神は7日で世界を創造したのではない。6日間遊び呆けて,20170729
75357,9159,これを自分で証明するには、,20170302
75357,8836,そして先月分を前払いで。,20170527
75357,6436,警官を避けるには良い日。学校まで這って行こう。,20170717
49236,6463,それが何か知っている。,20170902
49236,5777,よそで。」,20170819
49236,3826,"Whether you can hear it or not
",20170508
85615,4581,戴冠式：君主に外見上と,20171016
85615,5468,メビウスの輪の上のネズミ,20170624
85615,6884,コンピュータの集中力は、その,20170721
19300,5412,他人があなたのことをどう思っているか心配するな。彼らは,20171103
19300,1973,他人があなたのことをどう思っているか心配するな。彼らは,20170607
38178,9624,アメリカを美しく保とう。ビール缶を飲み込め。,20180219
38178,881,ガンジー：それは良い考えだと思う。,20170204
38178,7035,もし良い写真が撮れたとしても、それらは台無しになるだろう,20170712
78304,4652,-- カール・ツヴァンツィヒ,20180301
55954,6843,フィルモア大統領を悪く言うな。彼は我々をベトナム戦争から遠ざけてくれた。,20180410
15851,4876,少なくとも二つの人為的ミスを見つけるだろう、それを,20180314
72282,1438,-- アラン・パーリス,20170901
72282,7338,コンピュータの集中力は、その,20180105
56806,871,メビウスの輪の上のネズミ,20170717
56806,9289,自分の評判を考えなさい。名前を変えて、,20170814
56806,6612,"I must have slipped a disk -- my pack hurts
",20170612
85322,7259,決して立ち止まって電話に出る必要がない。,20170711
85322,3998,"Death is nature's way of telling you to slow down
",20170919
86790,9362,-- ジョン・バリモアの最期の言葉,20170505
86790,5648,プログラミング言語。,20180206
86790,8859,しかし、私が命じたことだけだ。,20180101
96271,3737,デフリース家のジレンマ：,20170906
84921,2075,「すべての肉は草である」,20180113
84921,9325,恩知らず：餌を与えてくれた手を噛み、そして文句を言う男。,20170513
84921,8335,-- ヘンリー・キッシンジャー,20180128
91906,7315,すべてのプログラムは、他のプログラムの一部であり、めったに適合しない。,20170909
91906,5023,もし我々が進む方向を変えなければ、我々は,20180226
90478,5970,結果が事前に分かっていない限り、資金提供機関は,20170228
90478,7478,プログラミング言語。,20171114
87733,746,爆弾を禁止せよ。通常戦争のために世界を救え。,20170507
81377,8012,-- ブラウン・セキュリティ犯罪防止パンフレットより,20180112
22134,9,真夜中。,20170729
22134,7498,解決策ではなく、問題を修正する。,20171007
84351,5478,相手のエラーの原因を取り除くこと。,20170315
84351,2595,デュシャームの公理：,20180116
26520,6969,-- ウディ・アレン,20170417
26520,8132,今夜は家族のことを考えなさい。,20170223
55891,3,私にできること。」,20171114
55891,537,ツバメがカピストラーノに着陸するのを手伝おう。,20170627
11220,624,"If I traveled to the end of the rainbow
",20170203
11220,7837,12歳以降に。,20180421
11220,3490,「今こそすべての善良な人々が立ち上がる時だ。」,20170908
45597,1785,我が国には良い5セント葉巻がたくさんあるが、問題は,20170831
45597,764,"A limerick packs laughs anatomical
",20180225
48978,3797,サンフランシスコ？,20170905
48978,3745,"        But the good ones I've seen
",20170714
83781,3123,人生を深刻に受け止めすぎるな。生きては出られないのだから。,20180105
83781,3737,ストリップは回転した。,20180225
85074,3284,世の中で噂されることより悪いことは一つしかない。そしてそれは,20170609
85074,6740,人々に考えさせていると思わせれば、彼らはあなたを愛するだろう。しかし、もしあなたが,20170531
34403,703,それは彼らが徹夜していたからだ。,20170702
34403,881,団体では、すべてのメンバーを名誉あるものとして言及するのが通例である。例えば、「,20170420
34403,2054,誰かが「私がただ,20171030
97857,3199,マーフィーの法則が間違っている可能性があるなら、それは間違っているだろう。,20170507
97857,2404,それを直し、そして…,20170529
34665,9880,クリンクラーの第二法則：,20170710
34665,7043,-- チャーリー・マッカーシー,20170505
80128,7773,波の上に立つ者もまた、サーフィンをする。,20170407
39087,8538,「率直に申し上げましょう、ムッシュ。あなたを,20180403
39087,2206,「それどころか」とトゥイードルディーは続けた。「もしそうだったら、そうだったかもしれないし、,20170105
39087,1728,収支を合わせられると思った頃に、誰かが,20171108
74233,8335,非戦闘員：死んだクエーカー教徒。,20171127
74233,1004,その構文はJOSSより悪い。,20170629
34236,8949,改革するために。,20170930
34236,674,我々のお気に入りの独占企業によって作られた！,20170608
65239,85,-- アラン・パーリス,20170901
65239,2671,知る価値がない。,20170324
65239,924,3) 「もしお前が自分で思うほど賢いなら、,20170307
79491,994,我々のビデオプロセッサに『スタートレック3.2』をロードした。」,20170803
79491,4682,-- フィンリー・ピーター・ダン（ミスター・ドゥーリー）,20170109
79491,9110,一番大声で鳴く鶏が、最も,20170506
99799,1143,SQL交響楽団コンサート,20170819
99799,1143,SQL交響楽団コンサート,20170820
99799,1143,SQL交響楽団コンサート,20170815
73314,1998,それに慣れろ。,20170422
61140,7333,-- ソーパー上院議員,20170824
61140,4464,スープが治せないのは、母親への神経症的な依存である。,20170320
61140,5033,感情的に活発であれ。お気に入りの神経症に迎合せよ。,20180326
43428,7637,子供に装填済みの鯉で遊ばせるな。,20171029
43428,3901,新しい町。,20170422
43428,134,そしてきれいなものは、めったに滑稽ではない。,20171204
45128,339,ウェイター：「紅茶二つ。きれいなグラスを頼んだのはどちら様ですか？」,20171111
45128,5585,あなたが置いた場所から、見つけられない場所へ。,20170516
45128,6993,ツバメがカピストラーノに着陸するのを手伝おう。,20180213
60312,5155,-- エレノア・ルーズベルト,20170904
20126,7780,「どうして知るものか？私は何だ、哲学者か？」,20180331
20126,1519,目…」,20170921
91269,6753,他人に彼の心が大きいと思わせておけ,20170701
45852,1830,"Bizarreness is the essence of the exotic
",20170422
45852,2499,"        But this output can be
",20170221
45852,3623,私はあらゆる緊急事態には備えているが、日常には全く備えていない。,20170912
55582,4193,それらに15セントを請求する。,20170619
44485,2679,不在：友人や知人の攻撃にさらされること。中傷されること。,20171218
70112,1714,-- ラザルス・ロング,20171220
70112,1763,おとぎ話：子供たちを新聞に備えさせるためのホラーストーリー。,20171010
70112,9064,「素晴らしい！この半,20170716
60216,482,そしてこれはとても奇妙だった、なぜならそれは,20180222
60216,1851,自然と自然の法則は夜に隠されていた,20170730
60216,9185,靴。,20171020
53272,6999,"Fruit flies like a banana
",20180128
89435,6969,-- マーク・トウェイン,20170224
54450,8642,働くために。,20170820
54450,1670,-- D・J・ヒックス,20180409
66100,1374,"Rocky's Lemma of Innovation Prevention
",20170609
21022,3156,ジョージ・オーウェルは楽観主義者だった。,20180210
28826,9414,タバコ：一端に火、もう一端に愚か者、そして,20180413
28826,8541,"        But she started absorbin'
",20170429
43227,2274,起こる。,20170222
43227,8360,-- ペギー・ジョイス,20170513
43227,651,汝のプログラムは走り、汝のシステムコールは成されたり。,20180117
57536,7837,Fortranが存続し続ける可能性。,20170417
57536,4300,それは完全な損失だった。,20171101
77432,257,それはかつて私を指していた。,20170927
77432,364,神を。,20171209
77432,3378,誘惑以外なら何にでも抵抗できる。,20170721
20870,6579,-- メイシーズ,20170823
82262,6136,リュシストラタは良いアイデアを持っていた。,20170603
13080,8629,「本当？なんて偶然、私も浅はかよ！」,20170203
13080,7271,"Time flies like an arrow
",20180222
13080,5784,消化不良。,20180323
57445,3904,-- エルバート・ハバード,20170802
57445,4310,もう一方。,20180314
40234,5519,6ヶ月ごとに。,20171026
40234,610,価格が大幅に上がったことを意味する。,20180120
29164,1542,"BLISS is ignorance
",20180408
91949,1104,もし10個のパラメータを持つプロシージャがあるなら、おそらくいくつか見逃している。,20170109
91949,8873,核攻撃の場合、学校での祈りを禁じる連邦政府の判決は,20170608
91949,2558,シャボン玉？,20170903
74312,9784,「どんなに親しい友人でも、互いの葬式には参列できない。」,20171208
74312,658,-- アドレー・スティーブンソン,20171021
22385,7262,今日は何か変わったことをしなさい。請求書を払いなさい。,20171108
20693,446,"
",20170325
28193,8504,ホーングレンの観察：,20170427
28193,7093,"        A new hydrocarbon
",20171219
28193,4470,重役。,20170103
41353,8010,今夜はコウモリに餌をやらないで。,20180306
41136,3037,速報！人類の知能が低下中。詳細は…ええと、いつだったか,20170224
41136,7929,定言命法を打倒せよ！,20170729
41136,842,"算数とは、""",20180207
39959,2513,民主主義とは、,20180115
67424,7107,生きる。,20170131
67424,6962,それらに15セントを請求する。,20180315
22095,9188,エラーのない重要な手紙は、,20170517
22095,6377,障害を克服するには良い日。障害物競走を試してみよう。,20170224
80583,6085,めったにきれいではなく,20170415
84191,2241,ゼロックスは決して独創的なものを生み出さない。,20170811
84191,1998,-- ジョージ・サンダースの最期の言葉,20170529
84191,8898,-- ギゴ,20180228
19915,6914,赤ん坊とは、一端に大きな声、もう一端に,20170629
97163,6575,「すべての肉は草である」,20170125
60475,8977,自分がどこにいるか気にしないなら、迷子ではない。,20171003
60475,5914,-- オスカー・ワイルド,20171231
12778,2559,臆病者：危険な緊急事態に足で考える者。,20170612
12778,3376,ソフトウェアが他の何物とも似ておらず、それが,20171116
91578,1306,彼らがその代金を払い続ける。,20180412
91578,55,最も短い、けれど。,20171210
76784,4223,有り余るエネルギーを発散させるには良い日だ。何か重いものを盗め。,20171102
76784,2306,我々のお気に入りの独占企業によって作られた！,20180128
76784,9046,時空間スキップの中で。,20180410
77093,5616,全面核戦争ゲームをプレイしますか？,20170825
77093,9130,ウェイター：「紅茶かコーヒー、どちらになさいますか？」,20171031
77093,769,会話：息を切らしている方が,20170527
76597,5966,世の中で噂されることより悪いことは一つしかない。そしてそれは,20180223
76597,6437,そして薬はけいれんを引き起こす。,20170211
76597,4804,点。,20170921
83170,1714,偏執病とは、単に人生に対する楽観的な見方である。,20170120
83170,1016,花嫁：幸せな未来を背後に持つ女性。,20170716
23766,8025,写真の第三法則：,20170830
50207,7242,本物のプログラマーは文書化しない。ドキュメントは、,20180204
50207,865,"Brain fried -- Core dumped
",20171101
50207,8864,"
",20170610
47977,1004,そしてサン・ミョン・ムーン（文鮮明）！,20170113
47977,3851,私は未来を見たが、それは現在と全く同じで、ただ長いだけだった。,20170716
47977,7711,彼らにそれを返す。,20170724
88923,1909,「もし知っていたら、私は錠前屋になっていただろう。」,20171222
39741,6958,扱いやすい：あなたは間違った問題を解決した。,20170819
48996,3998,あなたは賢く、機知に富み、素晴らしいが、あまりに多くの時間を,20170430
48996,3750,解決策ではなく、問題を修正する。,20180202
48996,6575,"If I traveled to the end of the rainbow
",20180422
20252,9902,記者（マハトマ・ガンジーへ）：ガンジーさん、,20170925
20252,8082,-- アンブローズ・ビアス,20180312
80361,8114,デフリース家のジレンマ：,20170416
55683,3187,時空間スキップの中で。,20170513
61663,865,"Fruit flies like a banana
",20170929
61663,9712,彼らの良心の欠如。,20180209
61663,6436,軽く油を塗った。」,20171223
57161,4286,良い忠告とは、悪い手本を示すには年を取りすぎた男が与えるものである。,20170122
57161,9192,-- オスカー・ワイルド,20170913
57161,8176,「サイを盗むことは軽々しく試みるべきではない。」,20180429
71912,2937,大酒を飲むには最高の日。オフィスのウォータークーラーに酒を入れろ。,20170524
79169,8864,ゼロックスは決して独創的なものを生み出さない。,20180207
79169,5478,登山靴を職場に。万一、,20170104
42424,2888,割り、掛け、そして引くだろう。,20170113
42424,6114,ジョージ・オーウェルは楽観主義者だった。,20180206
47443,2475,CPUにいます我らのOSよ、御名をUNIXと称えさせたまえ。,20170710
47443,3284,人生は玉ねぎのようなものだ。一枚一枚皮をむいていくと、,20170526
47443,6964,"Familiarity breeds attempt
",20170513
35634,2924,本物のプログラマーは仕様書を書かない――ユーザーは,20180205
35634,6210,そのモニターは完全に負ける！,20170823
35634,537,"
",20170512
54997,3629,"There once was a girl named Irene
",20170221
21014,6275,-- クラレンス・ダロウ,20180108
90546,7504,人々。,20171006
90546,709,彼らは通常、処女を,20180211
41576,7390,釘。,20170801
82827,3463,候補者とは、金持ちから金をもらい、,20171015
82827,43,今日まで。,20180428
51265,2177,アレクサンダー・グラハム・ベルはニューヨークで健在で、まだ,20170329
51265,3115,「演技とは、観客に,20170725
51265,9626,強い酒には気をつけろ。それは税務署員を撃ちたくさせ、そして,20180330
40454,6815,10年間の不採用通知は、自然があなたにやめるよう告げる方法である。,20170202
80879,5753,法は、その荘厳な平等において、富める者にも,20180224
80879,3647,金を持つ者がルールを作る。,20170109
92010,3973,"God is not dead!  He's alive and autographing bibles at Cody's
",20180329
20981,7460,今年は幸運な日を過ごす。,20180118
20981,8804,今日。,20170627
20981,1288,人生はヨーヨーで、人類はその糸に結び目を作る。,20171115
11992,3823,ディスク上の100ブロックのゴミ！,20170428
11992,1926,脳は素晴らしい器官だ。あなたが起きた瞬間に働き始め,20180318
11992,5033,ニヒリズムは自己から始めるべきだ。,20180329
13872,4659,すべてのバグには7つの兆候があった。,20170227
75304,9974,今日は象の唇にキスをするな。,20171116
59152,8082,タバコ：一端に火、もう一端に愚か者、そして,20171109
59152,6178,誰も確信していないこと。,20180427
59152,7990,"BLISS is ignorance
",20180305
71222,690,UFOは実在する。空軍は存在しない。,20171019
71222,9472,その講師のコースのために勉強することを除いて。,20170111
71222,1127,登山靴を職場に。万一、,20171220
22089,2311,ゴイムを創造したのか？」一般的に受け入れられている答えは、「誰かが,20180226
22089,8566,主は、もしそうでなければ、なぜ我々にこれほどの素早い動きを与えられたのか。,20170805
22089,9677,この人物は解雇されなければならない。,20180108
83009,4652,誘惑を取り除く唯一の方法は、それに屈することだ。,20180222
83009,6602,服を着替える。登山はOKで、本物のプログラマーは,20180306
30755,9130,"Call Avogardo 6.02 x 10^23
",20170727
68911,6765,アメリカを美しく保とう。ビール缶を飲み込め。,20170415
68911,2831,コンピュータは絶対に間違わない。,20170420
76937,9775,名誉ある紳士は卑劣な犬である。」,20180327
76937,6914,興味深いものは何も簡単ではない。,20170524
36759,418,父親は幼い息子に尋ねた。,20170203
36759,2559,歴史は繰り返さない――歴史家が互いに繰り返すだけだ。,20170924
36759,5927,-- リリー・トムリン,20180425
58751,5851,-- クラレンス・ダロウ,20180218
25536,5560,嘘：真実の非常に粗末な代用品だが、発見された唯一のもの。,20170901
25536,5415,99ブロックのゴミ！,20180305
81379,134,変化。,20180310
81379,2111,"        If an idea can survive a bureaucratic review and be implemented
",20171119
76719,8629,感嘆：他人が,20180420
43103,9167,ディスク上に101ブロックのゴミ！…,20180204
43103,3471,"Ass（尻/ロバ）：""lass""（娘）の男性形。",20170818
74262,4731,今年はハンニバル・デーを祝おう。象を昼食に連れて行け。,20170109
20501,6589,本物のプログラマーは仕様書を書かない――ユーザーは,20170925
21518,4287,"        Every instructor assumes that you have nothing else to do
",20171103
21518,1137,物忘れ：神が債務者に、,20170507
31309,5851,すべてのプログラムをRPGで実行する！,20170115
31309,7820,シルバーマンの法則：,20170131
45019,2888,三人の友人。もし彼らが大丈夫なら、あなたがそうだ。,20170902
70666,3322,"I think that I shall never see
",20180323
70666,8176,LISPプログラマーはすべての価値を知っているが、そのコストは,20171128
26181,2210,生きている方がましだ。,20170727
26181,4612,"算数とは、""",20180317
34084,7364,キッシュと綴る。彼らはトゥインキーや四川料理を食べる。,20170121
34084,8569,ああ、決して、決して疑うまい,20170719
30743,7929,ヴァン・ロイの法則：,20171228
30743,5124,人を馬鹿と呼ぶな。彼から借りろ。,20171115
98424,4659,年齢に敬意を払え。たまには良いスコッチを飲め。,20170224
98424,5145,風呂に入る…,20171010
54189,6386,予報官たち、そして超過預言者税を決定した。,20171114
25012,9589,子供は、,20170930
43062,4781,-- ウディ・アレン,20180411
43062,2193,朝に自己嫌悪するな――昼まで寝ろ。,20171015
33600,2714,-- ルイス・キャロル,20180109
33600,6964,一番大声で鳴く鶏が、最も,20171209
33600,2054,-- 合併形成外科医・工具製造社,20170601
36903,8114,"It's not that I'm afraid to die.  I just don't want to be there when it
",20170624
76271,3570,-- ラザルス・ロング,20171105
76271,3670,熱力学の三法則：,20170108
53357,4754,汝のプログラムは走り、汝のシステムコールは成されたり。,20170530
34482,3053,覚えておけ、たとえ出世競争に勝ったとしても――お前はまだネズミだ。,20170801
94678,5240,-- ブルース・レヴェレット,20180126
94678,7272,歩行者。,20170306
26951,9564,そして雨が降り出した途端にそれを返して欲しがる。,20171104
87543,374,馬鹿：人間社会において影響力を持つ、大きくて強力な部族のメンバー。,20170128
87543,988,彼らの話題は主にセックスに及ぶ。,20171013
32075,6059,イギリス史の中間試験の前夜、あなたの生物学の,20170627
32075,2668,系論：,20180123
32075,8753,働くために。,20170402
62084,6447,レーガン大統領は、経済評論家が多すぎると指摘し,20180314
62084,6015,-- ドクター・フー,20180122
62084,6999,その構文はJOSSより悪い。,20180308
84181,9470,リストまたはオブジェクトデッキ。,20171007
84181,5255,探すのをやめなさい。幸福はあなたのすぐ隣にある。さて、もし彼らがただ,20180315
84181,5043,-- ドロシー・パーカー,20170419
99667,6101,-- アドレー・スティーブンソン,20171120
14579,1659,"
",20180315
14579,5478,それが、点で対になって,20170221
21331,7478,明かりがつく。,20170806
21331,551,-- ミッキーマウス,20180317
62427,5043,それ。,20171028
43387,4591,彼らがそれを売ってくれればいいのに。,20180301
43387,6642,「ここ電話会社では、あらゆる種類の人々にサービスを提供しています。,20171221
43387,2559,現実は幻覚の障害である。,20180301
97630,446,瓦礫を跳ねさせる,20170310
97630,9103,神は死んでいない、ただ駐車スペースを見つけられなかっただけだ。,20170918
47435,5867,経験を共有しようとするカリフォルニア人。,20171212
47435,66,UFOは実在する。空軍は存在しない。,20180326
84257,4062,そしてきれいなものは、めったに滑稽ではない。,20170210
84257,3053,一度。,20171030
84257,4485,LISPプログラマーはすべての価値を知っているが、そのコストは,20170219
99262,4252,老兵は死なず。若者は死ぬ。,20171215
99262,5003,「それどころか」とトゥイードルディーは続けた。「もしそうだったら、そうだったかもしれないし、,20170608
99262,7245,もう一方。,20170826
21668,7705,恋は感傷的なはしかである。,20170403
21668,7035,タイプライターで2つのキーを打つと、望まない方が,20180113
31574,488,物事は今よりも昔のようになっている。,20180330
18261,9053,ユーザー空間と同じようにカーネル空間でも！,20171213
18261,8667,今日は何か変わったことをしなさい。請求書を払いなさい。,20170415
18261,1926,ローマ帝国はなぜ崩壊したのか？事務所のラテン語は何？,20170322
55346,2659,芸術的な冒険が注目される。美術館を襲え。,20170310
55346,1389,-- ポール・マクラッケン,20170904
55346,158,今回のログインセッション：$13.99、しかしあなたには$11.88,20170626
80681,341,Fortranが存続し続ける可能性。,20180315
80681,9122,あなたは犬のような生活を送ってきた。家具から離れていなさい。,20180202
80681,1295,-- ホークウインド,20170502
59730,2059,犯罪の兆候：絶叫または助けを求める叫び声。,20171017
59730,7349,クリンクラーの第一法則：,20171028
59730,5648,16歳以上で、美しく裕福で、,20170714
45498,4961,-- バート・ウィットニー,20170110
49152,1097,小売りで買う必要がある。」,20170705
75695,9472,今年の最悪野菜：芽キャベツ。これはまた、,20171206
75695,5519,もし我々が進む方向を変えなければ、我々は,20180401
75695,134,ハンディキャップのある。,20171003
45746,8121,-- ビル・ホースト,20170830
45746,1878,プログラマーの視点は、彼の,20180131
45746,8010,その道を。,20170422
26693,8418,本物のプログラマーはBASICでは書かない。実際、BASICで書くプログラマーはいない。,20171112
26693,3471,書かれたものと、そうでないもののために。,20170416
74438,9130,想像力は、現実との戦いにおける唯一の武器である。,20180123
74438,5124,何が起こっているか。,20180207
74438,5493,言った、「人生はサワークリームのボウルのようなものだ。」,20170709
87820,8010,定言命法を打倒せよ！,20171229
31931,8869,平均的な男性は考えるよりも見ることの方が得意である。,20170923
31931,8010,恩知らず：餌を与えてくれた手を噛み、そして文句を言う男。,20180209
31931,5982,"We wish you a Hare Krishna
",20170915
93953,1137,ユーザー空間と同じようにカーネル空間でも！,20180121
93953,4470,そしてそれ以来、ベンゼン（been seen=見られたとの掛詞）になったことはない。,20180409
78874,3072,一度。,20170708
78874,8859,もし神があなたに裸で歩き回ってほしかったなら、もっと大きな,20170805
37340,3901,LSDは、その重さの47倍の過剰な現実を消費する。,20170726
37340,1520,"Laetrile is the pits
",20170621
53176,3607,今年はハンニバル・デーを祝おう。象を昼食に連れて行け。,20170712
53176,6765,客2：「私も――そしてグラスがきれいであることを確認してくれ！」,20170410
37730,1107,裸の腕を持つ権利を支持せよ！（武器を持つ権利(bear arms)との掛詞）,20170525
10357,4876,よそで。」,20180430
75165,7862,"A limerick packs laughs anatomical
",20170103
66675,4702,豚は、もし私が間違っていなければ,20171218
66675,1519,"We wish you a Hare Krishna
",20171226
66675,6084,グループの人数によって。,20180428
58105,9122,機械室の真ん中に。,20170503
87663,718,後知恵は精密科学である。,20170110
87663,7416,症状、兆候、バグ、そしてハック。,20170219
87663,6292,素人のためのプログラミングに関する最高の本は『不思議の国のアリス』だ。,20170802
89956,7227,重力は神話だ、地球は吸い込む。,20170706
89956,587,本物のプログラマーはテニスや、,20170323
89956,6625,"A city is a large community where people are lonesome together
",20170514
15567,2749,学生たちの中に。,20170121
15126,8249,少年：泥のついた騒音。,20170523
15126,2189,コンピューティングの第43法則：,20171124
15126,6022,汝のプログラムは走り、汝のシステムコールは成されたり。,20170116
15893,9583,小売りで買う必要がある。」,20170814
22569,7219,確率は50対50だ。,20170812
40525,4044,カリフォルニアは住むには良い場所だ――もしあなたがオレンジなら。,20170727
40525,9414,バグを修正し、再びダンプする：,20180129
28240,2937,結果が事前に分かっていない限り、資金提供機関は,20180413
13582,6386,愚かさ。,20180407
13582,6982,"Advertisement: The most truthful part of a newspaper
",20171212
13582,8068,あなたが偏執病だからといって、彼らがあなたを狙っていないとは限らない。,20170330
17017,4659,ストリップは回転した。,20170315
17017,5702,とんでもない馬鹿であることの。,20180418
17017,6136,それは宇宙を一つにまとめている…,20171208
47693,4681,ガンジー：それは良い考えだと思う。,20171014
47693,4006,新しい議員たちは政府を立て直すと言っている。私は,20180329
59993,2668,レーガン大統領は、経済評論家が多すぎると指摘し,20171116
88607,2677,「三重アイソ分岐クリプトンゲートMOSプロセス…」,20170609
88607,1193,"Vote anarchist
",20171027
18093,7773,彼を。,20170922
18093,9246,"
",20170623
11874,9630,それがエネルギーに変換されるとき？,20170928
11874,3999,系論：,20180131
11874,9171,私は聴衆に、彼らがなしうる最善のことは,20170819
76789,4246,"Today is the tomorrow you worried about yesterday
",20170320
76789,765,「要するに、_Nがリシャール的であるのは、_Nがリシャール的でない場合に限る。」,20170407
76789,7773,人間は赤面する唯一の動物である――あるいは、そうする必要がある唯一の動物である。,20170101
45753,1925,人々はお一人様一点限りのものなら何でも買う。,20170110
45753,4520,来週の金曜日はあなたの幸運な日ではない。実を言うと、あなたは,20170725
45753,134,「それどころか」とトゥイードルディーは続けた。「もしそうだったら、そうだったかもしれないし、,20170523
89265,7113,長い目で見れば、すべてのプログラムはロココ調になり、そして瓦礫となる。,20170514
89265,1202,それがいかに走るか見よ！それがいかに走るか見よ！,20180219
45204,9775,人間はアルコールを発明した。,20180314
34255,4930,電気コード。,20170116
27061,6965,-- イザヤ,20170425
27061,11,-- ハーバート・プロクナウ,20170520
36947,7156,よそで。」,20170206
48643,1166,服を着替える。登山はOKで、本物のプログラマーは,20180417
84163,2306,最も短い、けれど。,20170122
84163,8361,「それどころか」とトゥイードルディーは続けた。「もしそうだったら、そうだったかもしれないし、,20180302
34453,1290,政府機関の解決策があなたの問題に合わないとき、あなたは,20171226
34453,5004,赤ん坊とは、一端に大きな声、もう一端に,20180303
34453,3750,来年の最悪野菜。,20170619
62448,3156,「ラクダが針の穴を通るのは、それが,20180127
62448,9105,多数派：犯罪と法律を区別する性質。,20171119
62448,2350,軍法は正義にとって、軍楽が音楽にとってそうであるようなものだ。,20170726
35993,2967,本物のプログラマーはCOBOLでは書かない。COBOLは弱々しいアプリケーションのためのものだ。,20170411
35993,2195,許可を得るより許しを得る方が簡単だ。,20170827
35993,2993,力の限り輝いて：,20170405
19635,6503,本物のプログラマーはPL/Iでは書かない。PL/Iは,20170724
19635,5561,経験を共有しようとするカリフォルニア人。,20180215
59565,5061,"        If an idea can survive a bureaucratic review and be implemented
",20170612
59565,7822,なし。宇宙が電球を回し、禅師は,20170526
59565,622,-- アラン・パーリス,20171222
79934,7275,文学的なドイツ人が文章に飛び込むときはいつでも、それが最後だ。,20170819
79934,1104,それは薬の効果を鈍らせる。,20180106
66162,7862,姉妹や近親者が弾くピアノよりも迷惑だ。,20170124
66162,517,-- ウディ・アレン,20170209
56949,7275,"...And malt does more than Milton can
",20170303
56949,737,「一度でいいから、,20171011
30777,2206,来週の金曜日はあなたの幸運な日ではない。実を言うと、あなたは,20180117
30777,777,-- R・ガイス,20170528
55686,6767,-- マーク・トウェイン,20171222
55686,4729,働くために。,20171015
29794,1229,汝、それを再生するなかれ。,20170302
29794,2581,午前中は新しいプロジェクトに青信号。午後は交通に赤信号。,20180218
29794,2253,-ディープ・ソート,20170811
13262,4476,-- リリー・トムリン,20171118
13262,3865,太陽から。大きな隕石が通信を妨げているか、あるいは誰かが,20180225
13262,446,真実は今朝明らかになるだろう。（それが事態を本当に混乱させるかもしれない。）,20170718
34642,1520,彼を。,20170326
34240,9222,クリーブランドはまだ生きている。神は死んだに違いない。,20170930
95916,9150,あなたは仕事のことで心配しすぎだ。やめなさい。あなたは十分に給料をもらっていない。,20170624
95916,2933,"        But she started absorbin'
",20170707
22948,5269,-- W・サマセット・モーム,20170220
22948,6436,捨てられる運命にある：重要なのは、常にそれを,20180425
33912,5162,しばらくハリケーンに近づかないように。,20170910
33912,5865,この種のゴミ。,20170926
33912,4837,もし神があなたに裸で歩き回ってほしかったなら、もっと大きな,20170201
56430,9110,先週の火曜日がつまらなかったと思うなら、何が起こるか待ってみなさい。,20170205
56430,8784,我々のビデオプロセッサに『スタートレック3.2』をロードした。」,20170807
56430,3797,「ここ電話会社では、あらゆる種類の人々にサービスを提供しています。,20170223
14939,2594,そしてこの言語が行くところどこでも,20171013
15657,4429,神は死んでいない、ただ駐車スペースを見つけられなかっただけだ。,20170817
63072,1894,「ダイエット」,20171204
63072,6884,そして先月分を前払いで。,20170821
63072,4993,早朝にコーヒーを飲むな。昼まで目が覚めてしまうぞ。,20180124
96449,1143,SQL交響楽団コンサート,20180329
66934,6275,そしてそれ以来、ベンゼン（been seen=見られたとの掛詞）になったことはない。,20171209
66934,2195,知る価値がない。,20170402
12818,7820,"
",20170908
79776,4062,すべてのプログラムは、他のプログラムの一部であり、めったに適合しない。,20171221
79776,1077,働くために。,20170330
79776,1837,一番大声で鳴く鶏が、最も,20170810
42856,6185,もし我々が進む方向を変えなければ、我々は,20170531
39132,4687,臆病者：危険な緊急事態に足で考える者。,20180324
39132,9372,Q: 電球を交換するのに、異性愛者の男性は何人必要か？,20180224
39132,4675,分析され、新たな弱点に置き換えられる。,20171112
33292,6114,-- ジョン・オハラ,20180208
33292,1649,良い知らせ。金曜日から10週間後は、かなり良い日になるだろう。,20171020
33292,3322,本物のプログラマーのプログラムは、最初は決して正しく動かない。しかし、もしあなたが,20170119
17729,1673,精神病院：楽観主義が最も栄える場所。,20170706
17729,2295,それがエネルギーに変換されるとき？,20180413
99934,2831,防衛運転をしろ。戦車を買え。,20170805
11455,8306,"        But the good ones I've seen
",20170603
46025,6393,人生をやり直せるかもしれない――もし最初の,20170822
49826,5270,そうに違いないと我々を安心させてくれる。,20171021
67331,8421,国が一流の経営の下で何ができるかを声高に。,20180306
29267,792,すべての兆候には7つの症状があった。,20170810
89630,5914,馬の分別とは、馬が,20180217
73303,3670,LSDは、その重さの47倍の過剰な現実を消費する。,20180314
73303,537,「私は経済学者ではない。私は正直者だ！」,20170927
73303,9583,大西洋を、口に動詞をくわえて。,20180218
45410,7156,"        Every instructor assumes that you have nothing else to do
",20180221
45410,9681,銀行家とは、太陽が輝いているときに傘を貸してくれ,20171221
54883,5004,助けを必要としている旧友をがっかりさせるには良い日だ。,20170829
54883,9669,私は7つのハックを持つQuuxに出会った。,20170605
78112,1404,正気だ。」,20170615
78112,5784,私はあなたが思うほど酔っていない。（I'm not as think as you drunk I am. の言葉遊び）,20170809
88683,9273,1ビットたりとも取るな！,20170525
88683,3157,"God is a polythiest
",20170313
12630,9923,経験を共有しようとするカリフォルニア人。,20170212
12630,4286,死ぬ？とんでもない、友よ。バリモア家はそんな,20171218
12630,2677,良い忠告とは、悪い手本を示すには年を取りすぎた男が与えるものである。,20180124
55059,5867,神のみが無作為な選択をすることができる。,20170905
10242,7349,-- ジョン・バリモアの最期の言葉,20171113
87248,1193,そうだと告げられたとき,20170911
41244,3984,完全に避けられることを、明日に延ばすな。,20170714
41244,9353,コンピュータのせいにされるすべてのエラーの根源には、,20170526
41244,4682,間違いはしばしば、完全な失敗への踏み石となる。,20180120
89262,7994,"It's because I try to put every possible syllable into that last line
",20170421
85169,9612,それが何であれ、私は再び結婚するだろう。,20170505
85169,346,"
",20170210
85169,8600,タルムードで最も古くから puzzling されてきた問題の一つは、「なぜ神は,20171206
46322,2933,もし我々が進む方向を変えなければ、我々は,20170907
85769,4687,ダンという名の若い詩人がいた,20170412
85769,6129,多数派：犯罪と法律を区別する性質。,20180119
85769,4859,5年間で、我々は一つの素晴らしいプログラミング言語を手に入れることができる。ただ,20171003
83612,7420,客1：「紅茶をください」,20180330
50587,5030,興味深いものは何も簡単ではない。,20171110
50587,1714,-- R・ガイス,20180419
62012,4702,変化。,20170506
62012,4915,"THE GOLDEN RULE OF ARTS AND SCIENCES
",20170113
62012,5715,コンピュータのせいにされるすべてのエラーの根源には、,20171026
91316,6571,トゥルナウカの法則：,20170110
91316,8826,無政府状態は最良の統治形態ではないかもしれないが、,20180223
91316,1625,"Familiarity breeds attempt
",20180411
47776,8976,今年の最悪野菜：芽キャベツ。これはまた、,20171022
47776,5313,"We wish you a Hare Krishna
",20170604
47776,3491,-- マーク・トウェイン,20180206
71064,5104,マーフィーの法則が間違っている可能性があるなら、それは間違っているだろう。,20180314
61001,537,10年間の不採用通知は、自然があなたにやめるよう告げる方法である。,20180418
38423,8548,歩行者。,20180115
38423,7110,レーガン大統領は、経済評論家が多すぎると指摘し,20171201
38423,8657,グラフィックスについて：一枚の絵は1万語の価値がある――しかし、,20171023
62222,6642,"不在者：収入があり、""",20170714
96374,8057,-- マーク・トウェイン,20170401
96374,8249,許可を得るより許しを得る方が簡単だ。,20171217
25389,797,何としても現実を避けよ。,20170429
25389,6254,重力は神話だ、地球は吸い込む。,20170203
70700,9122,扱う。,20170711
70700,4687,クリスマスに子供にメンタルブロックを与えなさい。,20170719
65232,5270,すべての兆候には7つの症状があった。,20170305
65232,8995,銀行家とは、太陽が輝いているときに傘を貸してくれ,20171115
95009,2993,先週の火曜日がつまらなかったと思うなら、何が起こるか待ってみなさい。,20171026
94542,6229,我が国には良い5セント葉巻がたくさんあるが、問題は,20170618
94542,2731,"to justify God's ways to man
",20170227
94542,2433,-- オスカー・ワイルド,20170401
61162,8939,きわどいアリアを専門とする歌姫は、オフコロラトゥーラソプラノだ…,20170609
61162,3187,思春期：思春期と不倫の間の段階。,20170501
76924,5982,今夜は半月。（少なくとも、月がないよりはましだ。）,20170418
66967,8650,「なぜ足の甲に特別な名前がないんだろう？」,20170704
66967,3199,弾丸に免疫がある」,20180120
69217,7093,人生は玉ねぎのようなものだ。一枚一枚皮をむいていくと、,20180102
48201,1143,SQL交響楽団コンサート,20170524
48201,1143,SQL交響楽団コンサート,20180205
48201,1143,SQL交響楽団コンサート,20170318
74978,5972,リメリックは複雑な芸術形式,20170422
74978,8342,-- アーサー・ナイマン,20180101
91349,3201,来年の最悪野菜。,20171116
56203,5702,なし。宇宙が電球を回し、禅師は,20170310
63179,5201,ミニーマウスは迷路を覚えるのが遅い。,20170302
80458,1567,アコーディオン：プリーツ付きのバグパイプ。,20170907
80458,4542,今夜はユーカリの木で眠るな。,20171207
80458,2210,「カルビン・クーリッジはプリマスから出た最も偉大な人物だった,20171015
29586,5839,2) 「お前と、どの軍隊だ？」,20170510
72536,7711,さもなければ、より難しい思考を必要とする。,20170811
72536,6236,もう一方。,20171229
72536,2206,カリフォルニアは住むには良い場所だ――もしあなたがオレンジなら。,20180327
53562,8977,書くこと。,20170302
53562,2270,少年：泥のついた騒音。,20170610
80627,3629,解決策ではなく、問題を修正する。,20170805
80627,3776,「何もしなくても誰が気にする？これは我々の新しい,20170417
80627,2167,逆もまた然り。,20171203
22909,9306,「それどころか」とトゥイードルディーは続けた。「もしそうだったら、そうだったかもしれないし、,20170626
22909,5539,すべてのプログラムは、他のプログラムの一部であり、めったに適合しない。,20170522
58114,865,変化。,20180411
58114,7259,文明に触れることなく退廃へ。,20180419
58114,2668,今年はハンニバル・デーを祝おう。象を昼食に連れて行け。,20170328
68084,6852,午後：我々がどうやって,20171022
68084,2350,-- カール・ツヴァンツィヒ,20180216
68003,9784,まあいい、全部の卵を一つのカゴに入れちまえ。,20170616
21975,2035,-- グルーチョ・マルクス,20170608
21975,2167,運転免許を失うのは、神が「ブーガ、ブーガ！」と言うための一つの方法に過ぎない。,20170914
98593,5778,-- ケーログ・アルブラン,20170906
98593,9917,扱う。,20180210
98593,3204,「率直に申し上げましょう、ムッシュ。あなたを,20171012
27225,2940,電気コード。,20170522
11503,3,-- エルバート・ハバード,20170608
11503,7822,"Vote anarchist
",20170125
42406,4576,ヴァン・ロイの法則：,20180418
42406,1623,年：365回の失望の期間。,20170321
42406,5925,「私がしてほしいことを言いなさい」と言ったら、彼にロリポップをあげなさい。,20170111
96742,4554,偏執病の人も人間だ。彼らにも彼ら自身の問題がある。簡単に,20180118
96742,2167,レーガン大統領は、経済評論家が多すぎると指摘し,20170118
96742,4915,エラーのない重要な手紙は、,20171008
14956,4291,1ビットたりとも取るな！,20180224
14956,4859,自動車：丘を駆け上がり、人々を駆け下りる四輪車。,20170227
14956,5963,全国半袖シャツ協会は言う：,20180201
68388,1365,IBMにはPL/Iがあった,20171121
68388,8207,理性の命令に従って行動するように。,20170423
68388,8620,向かっている。,20180111
63092,1552,メビウスの輪の上のネズミ,20170815
63092,4951,システム/3！,20180306
29226,3,神は7日で世界を創造したのではない。6日間遊び呆けて,20171124
29226,706,"It's because I try to put every possible syllable into that last line
",20170415
41102,4961,「何もしなくても誰が気にする？これは我々の新しい,20170126
41102,2167,地球は小さな砂粒のようなものだ、ただずっとずっと重いだけ。,20171214
62687,1410,私にできること。」,20170915
62687,1107,"一目惚れは、""",20170108
62687,3647,偏執病の人も人間だ。彼らにも彼ら自身の問題がある。簡単に,20180317
91006,5149,-- オスカー・ワイルド,20171201
10600,8316,今日は友達を吸おう。,20171001
39809,5648,コンピューティングの第43法則：,20180104
39809,1973,波は滑らかで輝いている――,20170513
39809,8559,全くプログラムを手に入れられず、手に入れたものを受け入れる。,20171013
81644,9145,-- ジョン・オハラ,20180420
81644,55,決して立ち止まって電話に出る必要がない。,20180425
75573,2714,"I really hate this damned machine
",20171003
75573,1106,今夜は料理するな――今日ネズミを餓死させろ！,20170618
75573,4719,脳は素晴らしい器官だ。あなたが起きた瞬間に働き始め,20170724
28461,8869,"Murphy would be there to tell me
",20170626
28461,4520,靴。,20170627
28461,5089,理解するのが難しいだろう。,20170125
94220,8836,"        A new hydrocarbon
",20170627
96333,9906,すべてはトップダウンで構築されるべきだ、最初の時を除いては。,20170715
14536,6914,ヌーディストとは、一つボタンのスーツを着る人々のことである。,20170419
59364,8538,-- オスカー・ワイルド,20170813
59364,9924,プログラマーが英語で書けるようにすれば、,20180205
59364,5195,A: 3人。1人が電球をねじ込み、2人がそれを邪魔する者たちを追い払う。,20180315
83865,8785,すべてが可能だが、,20180423
83865,3998,ヴァン・ロイの法則：,20171004
95332,5753,"...And malt does more than Milton can
",20180317
89904,1794,不在：友人や知人の攻撃にさらされること。中傷されること。,20170412
89904,777,失敗への対処は簡単だ。改善するために努力する。成功もまた,20170307
89904,9406,本ではなく、スープを濃縮せよ！,20170613
19135,9346,パン。,20180313
19135,3635,そして薬はけいれんを引き起こす。,20170205
19135,4687,政府などない方がましだ。,20180331
74354,7338,カサブランカから出て、ドイツ人は奇跡を非合法化した。」,20180111
74354,3415,その絵を説明する。1万語のセットで適切に,20180204
74354,4290,オーレオマイシン、コカイン、インターフェロン、そしてTLC。チキン,20180302
13660,3072,とんでもない馬鹿であることの。,20171228
75688,6659,"        Every instructor assumes that you have nothing else to do
",20170420
45395,1171,最適化は進化を妨げる。,20170603
22902,146,外交官とは、妻に,20180402
22902,126,彼らがあなたのことをどう思っているか心配することで忙しい。,20171123
85744,7333,ノスタルジアは、もはや昔のものではない。,20170322
85744,9880,記者（マハトマ・ガンジーへ）：ガンジーさん、,20180106
30736,4273,最新の公式数値によると、全統計の43%は,20170216
30736,1360,また轢かれないことを願う。,20170702
19027,8061,異なれ：順応せよ。,20170410
40989,6914,電球を交換するのに、ハードウェアエンジニアは何人必要か？,20170228
40989,8869,予報官たち、そして超過預言者税を決定した。,20170426
58602,9780,深まる憂鬱の中で、あなたの犬がようやく,20180406
24303,1529,自動車：丘を駆け上がり、人々を駆け下りる四輪車。,20171010
47296,9902,電球を交換するのに、ハードウェアエンジニアは何人必要か？,20170214
47296,6015,"        But the good ones I've seen
",20170901
45403,1960,ラー！ラー！ラー！,20171231
45403,3362,貧しい人々が、橋の下で眠り、路上で物乞いをし、,20170213
82307,5157,は一時的に中止されます。,20170620
82307,8004,すべてはトップダウンで構築されるべきだ、最初の時を除いては。,20170521
82307,587,趣味に余分な時間を費やせ。巻紙をたくさん手に入れろ。,20170709
94382,1978,何をしているかわからないときは、きれいにやれ。,20171222
13253,2270,人間は赤面する唯一の動物である――あるいは、そうする必要がある唯一の動物である。,20170805
13253,8538,Fortranが存続し続ける可能性。,20170102
59988,6020,真に賢い者は、決してユニコーンと馬跳びをしない。,20180412
31237,6379,しかし、それは素人にとってあらゆる物事に関する最高の本だからだ。,20171123
31237,4207,ヴァン・ロイの法則：,20180101
69016,9103,"enough cheese
",20171029
69016,5412,-- エルバート・ハバード,20170108
86141,8538,「カルビン・クーリッジはプリマスから出た最も偉大な人物だった,20170924
86141,6801,暴力は無能な者の最後の砦である。,20170919
86141,8176,異なれ：順応せよ。,20171018
53764,5922,太陽から。大きな隕石が通信を妨げているか、あるいは誰かが,20170329
53764,1600,もし神が完全なら、なぜ不連続関数を創造されたのか？,20171105
53764,8600,多数派の側にいることに気づいたときはいつでも、,20170514
95652,5104,ウェイター：「紅茶二つ。きれいなグラスを頼んだのはどちら様ですか？」,20170109
19194,2792,"一目惚れは、""",20170318
19194,786,豚は、もし私が間違っていなければ,20170423
66224,3384,その絵を説明する。1万語のセットで適切に,20170509
66224,2206,予報官たち、そして超過預言者税を決定した。,20180318
66224,3490,-- マーク・トウェイン,20180228
22911,2595,年：365回の失望の期間。,20170725
22911,5616,-- アラン・パーリス,20171111
22911,8538,COBOLで書くかFORTRANで書くか。,20170215
37381,4818,警官だ。」,20171129
37381,9162,良い忠告とは、悪い手本を示すには年を取りすぎた男が与えるものである。,20170227
37381,1302,向かっている。,20170206
98609,5772,私は木を全く見ることがないだろう。,20170809
98609,8078,フィルモア大統領を悪く言うな。彼は我々をベトナム戦争から遠ざけてくれた。,20170928
98609,5157,あなたが偏執病だからといって、彼らがあなたを狙っていないとは限らない。,20170717
62001,3587,ファッションとは、あまりに耐え難い醜さの一形態であり、我々はそれを,20170619
12279,3953,おとぎ話：子供たちを新聞に備えさせるためのホラーストーリー。,20171218
12279,690,本物のプログラマーはコードにコメントをしない。書くのが難しかったのなら、,20170424
84164,9470,分析され、新たな弱点に置き換えられる。,20170224
84164,2152,防衛運転をしろ。戦車を買え。,20180421
84164,9902,写真の第三法則：,20170906
33131,1143,SQL交響楽団コンサート,20170702
33131,1143,SQL交響楽団コンサート,20170502
30319,3471,我々自身。,20170723
30319,9250,プログラマーの視点は、彼の,20180326
14373,5590,本物のプログラマーはコードにコメントをしない。書くのが難しかったのなら、,20170724
81124,8826,神は死んでいない、ただ駐車スペースを見つけられなかっただけだ。,20170601
81124,6004,"Whether you can hear it or not
",20180102
81124,1171,"He did his very best to make
",20170929
62181,6845,ダイヤルトーンを求めて。,20170906
62181,9775,すべてのハックには7つのバグがあった。,20170524
18358,9222,地球は小さな砂粒のようなものだ、ただずっとずっと重いだけ。,20170406
53517,5560,"It never does quite what I want
",20170103
53517,85,なし。宇宙が電球を回し、禅師は,20170720
53517,8207,もし良い写真が撮れたとしても、それらは台無しになるだろう,20170222
42708,8193,闇が漏れ出す。,20171227
90951,7460,死：突然罪を犯すのをやめること。,20171231
90951,4044,電球を交換するのに、ハードウェアエンジニアは何人必要か？,20180110
42655,176,コンピュータが、事実を印刷するために,20170613
42655,1097,批判するが、もし皆に嫌われたら、あなたも偏執病になるだろう。,20171201
49097,5344,献身的な追随者の不足により、偉大な指導者の生産は,20170926
49097,3589,"I really hate this damned machine
",20180421
49097,3869,-- 『銀河ヒッチハイク・ガイド』,20170928
31581,6186,"        when someone inadvertently opens the darkroom door and all of
",20180105
31581,4930,-- ハーバート・プロクナウ,20171207
31581,5867,今夜はコウモリに餌をやらないで。,20170527
51800,7219,-ディープ・ソート,20170822
76858,6154,そしてサン・ミョン・ムーン（文鮮明）！,20180403
55030,6275,すべての兆候には7つの症状があった。,20180430
55030,4273,教授とは、誰かの睡眠中に話す人のことである。,20170528
55030,9784,午前中は新しいプロジェクトに青信号。午後は交通に赤信号。,20171127
94005,551,"
",20170127
94005,8084,-- ピーター・S・ビーグル,20180425
94005,8667,助けを必要としている旧友をがっかりさせるには良い日だ。,20170323
36031,6572,ディスク上の100ブロックのゴミ,20180211
36031,276,私は聴衆に、彼らがなしうる最善のことは,20171120
36031,5606,少年：泥のついた騒音。,20170426
34723,3463,人を馬鹿と呼ぶな。彼から借りろ。,20170729
34723,5383,ユニコーンを救えないなら、魔法に何の意味がある？,20180302
34723,1056,-- オスカー・ワイルド,20170108
14749,5033,モリソンの官僚主義仮説：,20170313
14749,7110,プログラミング。,20180226
14749,6148,-- ジョン・チアルディ,20170414
53891,9472,一番大声で鳴く鶏が、最も,20170103
24294,9373,暇な時間に現金を稼ごう――友達を脅迫せよ。,20170405
24294,4659,本物のプログラマーのプログラムは、最初は決して正しく動かない。しかし、もしあなたが,20180322
55663,2207,もし入力が正確でなかったら。,20170304
55663,8667,バグを修正し、再びダンプする：,20170414
55663,6958,-- ジョン・バリモアの最期の言葉,20171102
33209,2054,"
",20170126
88529,3865,自己中心主義とは、親切な自然が痛みを和らげるために与える麻酔である。,20171017
88529,5043,さもなければ、より難しい思考を必要とする。,20171121
86756,8118,リストまたはオブジェクトデッキ。,20171223
86756,6379,"It's because I try to put every possible syllable into that last line
",20180307
86756,8633,団体では、すべてのメンバーを名誉あるものとして言及するのが通例である。例えば、「,20170917
73556,7587,ダイナマイトで空高く吹き飛ばされる神聖な権利の目に見える兆候。,20170708
73556,2809,「ラクダが針の穴を通るのは、それが,20170923
59417,1404,もし神が完全なら、なぜ不連続関数を創造されたのか？,20170215
59417,3915,-- カール・ツヴァンツィヒ,20170324
19467,8790,"I must have slipped a disk -- my pack hurts
",20170610
54085,1542,「どんなに親しい友人でも、互いの葬式には参列できない。」,20170720
54085,1306,書かれたものと、そうでないもののために。,20171007
54085,8542,本物のプログラマーはPL/Iでは書かない。PL/Iは,20170109
25628,6669,神のみが無作為な選択をすることができる。,20180320
82329,4194,「素晴らしい！この半,20170131
82329,9105,-- W・C・フィールズ,20170811
82329,7994,もし神があなたに裸で歩き回ってほしかったなら、もっと大きな,20170818
53067,5585,「私たちは気にしない。気にする必要はない。私たちは電話会社だから。」,20170306
53067,6503,主は、もしそうでなければ、なぜ我々にこれほどの素早い動きを与えられたのか。,20171206
30815,1785,コンサルタントとは、会社に数字を尋ね、そして,20170624
34352,346,コンピュータが人間より多くの仕事をこなせる一つの良い理由は、彼らが,20170730
62723,7994,スープが治せないのは、母親への神経症的な依存である。,20180217
62723,786,重役。,20180421
60753,9162,時間を無駄にすることは、生きることの重要な一部である。,20170802
60753,3915,「私の友人たちと私は皆、狂っている。それが我々を,20171019
60753,9773,-- ジョー・ウォルシュ,20171206
42026,9375,脳は素晴らしい器官だ。あなたが起きた瞬間に働き始め,20180409
42026,4930,向かっている。,20180331
25829,6503,ミッキーマウスはスピロ・アグニューの腕時計をしている。,20170628
25829,7780,名誉ある：手の届く範囲に障害があること。立法府では,20170928
25829,8569,-- サルヴァー・ハーディン,20170707
77235,5972,本物のプログラマーのプログラムは、最初は決して正しく動かない。しかし、もしあなたが,20170812
77235,2210,我々にハムと豚肉とベーコンを与えてくれる。,20170531
77235,5003,警句があるなら、メタ警句もなければならない。,20170204
54844,9353,文学的なドイツ人が文章に飛び込むときはいつでも、それが最後だ。,20170624
54844,1438,第一法則：働かずに何も得ることはできない。,20170107
16351,4149,-- マーク・トウェイン,20180223
16351,8121,波の上に立つ者もまた、サーフィンをする。,20170221
16351,8187,問題を十分注意深く見れば、,20171117
46289,5011,彼らがそうあるべきであると。ゆえに、スキタイ人の間では、,20171220
46289,6185,-- ラ・ロシュフコー,20170317
46289,488,-- ジュール・ド・ゴルティエ,20170921
91756,9902,銃は合法ではない。,20180122
91756,5287,書かれたものと、そうでないもののために。,20170823
67552,6210,俗語とは、コートを脱ぎ、手に唾を吐きかけ、,20170608
99628,1623,朝。,20170127
34151,5385,-- アルベルト・アインシュタイン,20170403
22804,2403,サラダにとってのニンニクが、芸術にとっての狂気である。,20180108
22804,8642,事実への些細な投資から、推測という見返りを。,20170314
22804,2033,何もない。,20170531
21673,3737,後からよりも。,20170220
21673,1994,A: 3人。1人が電球をねじ込み、2人がそれを邪魔する者たちを追い払う。,20180302
94627,339,今夜は料理するな――今日ネズミを餓死させろ！,20170808
94627,816,貧しい人々が、橋の下で眠り、路上で物乞いをし、,20180217
94627,7737,来週から、パスワードはモールス信号で入力されることになります。,20180501
61160,2573,16歳以上で、美しく裕福で、,20171107
61160,8977,プログラミングについての考え方に影響を与えない言語は,20171216
22636,3570,-- マクスウェル・スマート,20171013
22636,574,"        But the good ones I've seen
",20180328
53579,8380,食べる。,20180122
53579,70,1) 「心配するな、俺が何とかする」,20170101
53579,7929,本物のプログラマーのプログラムは、最初は決して正しく動かない。しかし、もしあなたが,20170331
21257,5648,記者（マハトマ・ガンジーへ）：ガンジーさん、,20180224
21257,6022,"
",20170625
21257,3376,もし10個のパラメータを持つプロシージャがあるなら、おそらくいくつか見逃している。,20170628
54853,3998,文明に触れることなく退廃へ。,20180212
54853,6275,ダクトテープはフォースのようなものだ。光の側面と闇の側面があり、,20170501
54853,5362,少なくとも二つの人為的ミスを見つけるだろう、それを,20170927
43490,2195,柔和な者は地を受け継ぐだろう――彼らは弱すぎて断れないのだ。,20170910
43490,6958,書かれたものと、そうでないもののために。,20180305
45783,8078,それを直し、そして…,20171129
45783,5091,人間はアルコールを発明した。,20170723
45783,3123,精神科医は4人に1人が精神的に病んでいると言う。,20170724
34016,6965,豚の愚かさだと思う。,20180401
42756,6229,「どんなに親しい友人でも、互いの葬式には参列できない。」,20180113
42756,2792,向かっている。,20180322
42756,3940,「素晴らしい！この半,20180418
23803,1581,彼女は彼に、,20180418
23803,5089,チャイルドプルーフキャップに苦労するのは大人だけだ。,20180128
23803,8716,あっちへ行け！邪魔だ！,20171112
59085,8249,完全に避けられることを、明日に延ばすな。,20171004
59085,9046,"WHERE CAN THE MATTER BE
",20170908
59085,3776,驚くほど大きいかということだ。つまり、あなたは,20170825
40930,1520,もし神があなたに裸で歩き回ってほしかったなら、もっと大きな,20180226
40930,7830,1. 再現性が問題になる可能性がある場合、テストは,20170113
40930,786,一度。,20171224
24965,8548,簡単な問題はすべて解決済みだ。,20170915
45943,9712,Q: 論理右シフトをするのにIBMのCPUは何個必要か？,20180313
45943,7181,俗語とは、コートを脱ぎ、手に唾を吐きかけ、,20170119
45943,1643,生きている方がましだ。,20170207
41425,4351,太陽は海の上で輝いていた。,20170925
41425,3382,団体では、すべてのメンバーを名誉あるものとして言及するのが通例である。例えば、「,20170429
41425,8798,「率直に申し上げましょう、ムッシュ。あなたを,20170119
16019,7315,メッセージが郵便で届く。FBIに見られる前に破壊せよ。,20180224
16019,8569,新しい町。,20171120
83131,2594,-- R・ガイス,20180410
59964,8666,シャボン玉？,20180313
59964,2295,"There once was a girl named Irene
",20180413
51942,7780,上司がそれを読んでいる。,20170522
51942,8541,慰謝料とは、二人が過ちを犯したとき、そのうちの一人が,20170207
64255,6572,"Steinbach's Guideline for Systems Programming
",20171109
64255,5469,本ではなく、スープを濃縮せよ！,20171021
85873,4591,ウェイター：「紅茶かコーヒー、どちらになさいますか？」,20171016
85873,9353,不幸は仲間を好むが、仲間はそれに応えない。,20180417
16321,3209,"God is not dead!  He's alive and autographing bibles at Cody's
",20170113
16321,6379,A: 33人。1人がビットを持ち、32人がレジスタを押す。,20180104
36456,9559,収支を合わせられると思った頃に、誰かが,20180322
35261,6154,ベアメタルで。アプリケーションプログラミングは、システム,20180127
14255,341,"Call Avogardo 6.02 x 10^23
",20170426
14255,315,カミソリは痛い。,20171223
92821,7259,神を。,20170904
81951,1155,ファッションとは、あまりに耐え難い醜さの一形態であり、我々はそれを,20180216
81951,4719,機械上で、彼らは「ほんの数回」の30時間で動作するようにパッチを当てることができる。,20170403
67498,3318,全国半袖シャツ協会は言う：,20180104
67498,9103,真夜中。,20171128
94452,9934,それはかつて私を指していた。,20180423
41841,7130,理解するのが難しいだろう。,20171213
41841,2183,キリスト：少なくとも5000年早く生まれすぎた男。,20171020
41841,7466,「商品市場で小金を稼ぐ方法は、始めることだ」,20170603
59253,4702,精神病院：楽観主義が最も栄える場所。,20170604
50754,4300,-- ハーバート・フーバー,20171003
50754,9923,"Time flies like an arrow
",20170906
60433,3190,あなたは尾行されている。数日間はいかがわしい行為をやめなさい。,20170802
60433,3204,扱う。,20180115
60433,3734,Q: 電球を交換するのに、異性愛者の男性は何人必要か？,20171120
61867,2153,確固たる決断の日だ！！！！！それとも違うか？,20171016
61867,4723,全国半袖シャツ協会は言う：,20180402
23885,3463,目…」,20170528
86656,6869,"
",20170131
86656,6447,ゴイムを創造したのか？」一般的に受け入れられている答えは、「誰かが,20170404
86656,7093,チキンスープ：,20170724
33253,3826,定言命法を打倒せよ！,20170506
33253,8383,柔和な者は地を受け継ぐだろう――彼らは弱すぎて断れないのだ。,20171107
33253,7509,探すのをやめなさい。幸福はあなたのすぐ隣にある。さて、もし彼らがただ,20170421
70590,4300,非常に経済的な宇宙へ。,20170717
48578,3266,CPUにいます我らのOSよ、御名をUNIXと称えさせたまえ。,20170420
48578,7820,"Vitamin C deficiency is apauling
",20170216
84280,6753,本物のプログラマーは仕様書を書かない――ユーザーは,20170730
54326,3209,覚えておけ、UNIXを逆から綴るとXINUになる。,20171209
54326,5829,本物のプログラマーはFORTRANでは書かない。FORTRANは配管応力マニアや,20170301
15723,3607,"
",20170831
87764,1574,科学には何か魅力的なものがある。人はそのような卸売りの,20170708
26781,2749,-- クリント・イーストウッド,20170623
18044,1144,コンピュータのせいにされるすべてのエラーの根源には、,20170722
44049,6101,今日はあなたが勝者になるだろう。4歳児に喧嘩を売れ。,20180130
74747,9,コンピュータの集中力は、その,20170926
74747,3823,あなたは仕事のことで心配しすぎだ。やめなさい。あなたは十分に給料をもらっていない。,20180417
74747,5772,もし神が完全なら、なぜ不連続関数を創造されたのか？,20170108
15532,8071,バグを修正し、再びダンプする：,20171212
15532,1410,しばらくサウスダコタでサーフィンをするな。,20180321
15532,3776,歌手がいなければ、オペラはどれほど素晴らしいだろう。,20171009
22568,5714,モグラの問題かい？,20170127
22568,9776,"Call Avogardo 6.02 x 10^23
",20171006
36823,8118,午後：我々がどうやって,20180102
36823,9902,人々。,20170525
36823,3779,青リンゴを食べて死んだ。,20170327
18130,5606,"Vitamin C deficiency is apauling
",20170520
18130,3357,多数派の側にいることに気づいたときはいつでも、,20180427
18130,8667,もし商品が「50ドル未満」と宣伝されているなら、それが19.95ドルでないことは確かだ。,20170828
70230,551,ユーザー（名詞）：あなたが言ったことを何でも信じるプログラマー。,20170314
70230,4754,-- オスカー・ワイルド,20180314
70230,5142,神は練習のために愚か者を作り、そして教育委員会を作った。,20170927
80041,1837,法は、その荘厳な平等において、富める者にも,20170518
89577,3213,それがエネルギーに変換されるとき？,20180108
74727,6239,プログラマーが英語で書けるようにすれば、,20170614
74727,6722,何をしているかわからないときは、きれいにやれ。,20170507
74727,9306,そうに違いないと我々を安心させてくれる。,20180428
43325,4915,趣味に余分な時間を費やせ。巻紙をたくさん手に入れろ。,20170626
43325,7454,第一法則：働かずに何も得ることはできない。,20170611
76653,1295,我々のビデオプロセッサに『スタートレック3.2』をロードした。」,20180226
42911,2677,トゥルナウカの法則：,20170404
42911,8777,別のものの。,20170114
83197,3851,12歳以降に。,20180321
83197,70,コンピュータ。,20170311
83197,6292,そうに違いないと我々を安心させてくれる。,20180401
90543,9414,パタパタ、ばたばた、ぱたん,20170929
90543,3053,「サイを盗むことは軽々しく試みるべきではない。」,20171017
75225,9188,"Familiarity breeds attempt
",20171104
23363,5784,現実は幻覚の障害である。,20170716
21112,9110,服を着替える。登山はOKで、本物のプログラマーは,20180319
21112,765,「どんなに親しい友人でも、互いの葬式には参列できない。」,20170808
41776,6437,もう一方には責任が。,20171208
41776,4581,ディスク上の100ブロックのゴミ,20180207
41776,9630,他人に彼の心が大きいと思わせておけ,20180428
38882,3940,エラーのない重要な手紙は、,20170722
38882,3670,それは薬の効果を鈍らせる。,20170121
78678,4965,シャボン玉？,20170209
78678,1830,主は、もしそうでなければ、なぜ我々にこれほどの素早い動きを与えられたのか。,20180402
78678,2731,"不在者：収入があり、""",20171023
20746,8249,Q: 電球を交換するのに、オレゴン州民は何人必要か？,20170906
78369,6131,-- ベラミー・ブルックス,20170214
27790,4017,「ダイエット」,20170925
27790,2167,完全な馬鹿でも扱えるように。,20180111
78220,7822,コンピューティングの第43法則：,20171113
78220,6015,死ぬ：突然罪を犯すのをやめること。,20170920
78220,2834,すべてのプログラムは、他のプログラムの一部であり、めったに適合しない。,20180322
48674,916,覚えておけ、UNIXを逆から綴るとXINUになる。,20170328
48674,6579,客1：「紅茶をください」,20170608
73464,9775,歴史の第一法則：,20170529
73464,7315,腐敗した少数による、無能な多数の任命。,20180225
73464,8576,どういうわけか高貴なものとされ、誰もそれを批判しようとしない。,20180317
54109,8605,フィルモア大統領を悪く言うな。彼は我々をベトナム戦争から遠ざけてくれた。,20170819
46099,2886,"Vote anarchist
",20170828
46099,8864,貧しい人々が、橋の下で眠り、路上で物乞いをし、,20170120
84041,1106,学生たちの中に。,20170320
72540,6142,神のみが無作為な選択をすることができる。,20170919
13995,2153,フィラデルフィアは退屈ではない――ただ、隣にあるからそう見えるだけだ。,20170927
13995,1751,経験を共有しようとするカリフォルニア人。,20180123
25400,4476,プログラミング。,20170320
25400,8034,エラーのないプログラムを書く方法は二つある。三番目の方法だけが,20180401
28173,2210,"
",20170925
28173,9372,ラー！ラー！ラー！,20171110
28173,1077,-- W・サマセット・モーム,20170916
24394,9564,3) 「もしお前が自分で思うほど賢いなら、,20180302
24394,3251,強い酒には気をつけろ。それは税務署員を撃ちたくさせ、そして,20180410
24394,4290,"There was a young lady from Hyde
",20170818
59584,8152,今日は象の唇にキスをするな。,20170702
59584,2270,客2：「私も――そしてグラスがきれいであることを確認してくれ！」,20170215
59584,4993,科学は真実である。事実に惑わされるな。,20170709
28904,183,すべてのバグには7つの兆候があった。,20170416
22644,1166,死ぬ：突然罪を犯すのをやめること。,20170214
22644,61,汝のプログラムは走り、汝のシステムコールは成されたり。,20170920
22644,7305,許可を得るより許しを得る方が簡単だ。,20170730
24912,2917,その講師のコースのために勉強することを除いて。,20171223
24912,3251,"        Every instructor assumes that you have nothing else to do
",20180406
24912,769,正しいプログラムを理解するより、間違ったプログラムを書く方が簡単だ。,20170130
21616,9162,我々のビデオプロセッサに『スタートレック3.2』をロードした。」,20171229
13915,9245,朝。,20170327
13915,8012,"to justify God's ways to man
",20180225
30054,284,イギリス史の中間試験の前夜、あなたの生物学の,20171103
30054,7888,ああ、一体どうしたのだろう,20180205
30054,7333,間違いはしばしば、完全な失敗への踏み石となる。,20170407
50488,2640,そして先月分を前払いで。,20180207
50488,4729,警官だ。」,20180412
50488,8650,白いひげを生やし、赤いスーツを着たぽっちゃりした男が間もなくあなたに近づくだろう。,20170919
12092,8131,電球を交換するのに、ソフトウェアエンジニアは何人必要か？,20170205
12092,5971,「私がしてほしいことを言いなさい」と言ったら、彼にロリポップをあげなさい。,20170918
12092,8513,それは、死んだ方がましだと思う人々のための時間つぶしの本だった。,20180130
41305,2595,時間だ！」,20171013
41305,8905,幸福：他人の不幸を熟考することから生じる心地よい感覚。,20171012
41305,2953,覚えておけ、UNIXを逆から綴るとXINUになる。,20170713
34646,1374,本物のプログラマーは9時から5時まで働かない。もし本物のプログラマーが午前9時頃にいるなら,20170707
86588,3444,2. 直線あてはめが必要な場合、データは2点のみ取得すること。,20170712
86588,6136,エラーのない重要な手紙は、,20180111
98058,9087,それが作った。,20170602
96927,8380,ウェイター：「紅茶二つ。きれいなグラスを頼んだのはどちら様ですか？」,20171016
29457,4273,「サワークリームのボウルのように？」と他方が尋ねた。「なぜ？」,20170204
71636,2668,3) 「もしお前が自分で思うほど賢いなら、,20170121
71636,2600,"不在者：収入があり、""",20171014
71636,2264,暇な時間に現金を稼ごう――友達を脅迫せよ。,20170404
64679,7093,イギリス史の中間試験の前夜、あなたの生物学の,20170705
13252,6184,-- ジョージ・サンダースの最期の言葉,20180316
13252,4287,"        when someone inadvertently opens the darkroom door and all of
",20180422
82655,8383,ホーングレンの観察：,20180222
82655,339,もう一方。,20171022
79322,7888,人間は、,20170719
79322,5151,-- アーサー・ナイマン,20180330
74908,8873,「本当？なんて偶然、私も浅はかよ！」,20170508
74908,9289,正しいプログラムを理解するより、間違ったプログラムを書く方が簡単だ。,20170714
94953,2167,なし。「ソフトウェアで修正する。」,20170119
31247,9589,今年は幸運な日を過ごす。,20170525
60544,2443,-- ジョン・チアルディ,20170828
60544,4194,あなたは大きな音に驚くだろう。,20170727
84249,7780,向かっている。,20170604
84249,9583,-- G・B・ショー,20180414
84249,5914,暴力は無能な者の最後の砦である。,20170907
48349,5142,その道を。,20171115
48349,6636,神は言われた。「ニュートンあれ」と。するとすべてが光であった。,20180414
48349,4004,記者（マハトマ・ガンジーへ）：ガンジーさん、,20180424
94384,8790,今夜がその夜だ：ユーカリの木で眠れ。,20171112
94384,8864,太陽から。大きな隕石が通信を妨げているか、あるいは誰かが,20180327
33694,3382,偏執病とは、単に人生に対する楽観的な見方である。,20180419
65889,6341,-- リリー・トムリン,20170614
65889,7310,ヴェリリンドの実験の法則：,20170402
76704,5880,A: 3人。1人が電球をねじ込み、2人がそれを邪魔する者たちを追い払う。,20170127
76704,446,もし神があなたに裸で歩き回ってほしかったなら、もっと大きな,20180107
36384,6015,ホーングレンの観察：,20180310
36384,3244,新しい町。,20180322
36384,3734,おばあちゃんを路上から遠ざけろ――ビンゴを合法化せよ。,20170408
67617,212,風呂に入る…,20170708
67617,6669,知る価値がない。,20170712
67617,718,ワッフルにかけたことがある。,20171113
94895,6658,-- ブラウン・セキュリティ犯罪防止パンフレットより,20171121
94895,9660,警官だ。」,20170910
94895,1365,本物のプログラマーはPL/Iでは書かない。PL/Iは,20170516
10016,9469,馬の分別とは、馬が,20180415
10016,8306,本物のプログラマーはキッシュを食べない。実際、本物のプログラマーは,20171205
10016,2092,科学とは、先入観が検証に出会ったときに起こることである。,20171205
48152,916,とんでもない馬鹿であることの。,20171211
48152,8902,爆弾を禁止せよ。通常戦争のために世界を救え。,20171104
11018,8515,-- ドン・クイン,20180131
18512,4414,ダンという名の若い詩人がいた,20171004
18512,3652,カミソリは痛い。,20171129
29124,4240,有り余るエネルギーを発散させるには良い日だ。何か重いものを盗め。,20170118
29124,2167,-- リリー・トムリン,20170329
29594,1001,もし我々が進む方向を変えなければ、我々は,20171215
58567,7262,-- マーク・トウェイン,20180313
57253,5240,おとぎ話：子供たちを新聞に備えさせるためのホラーストーリー。,20180321
57253,8657,12歳以降に。,20180325
57253,9273,服を着替える。登山はOKで、本物のプログラマーは,20170506
12839,4381,政治家がつまらない人物であればあるほど、彼は,20170215
73284,6869,きわどいアリアを専門とする歌姫は、オフコロラトゥーラソプラノだ…,20170829
62171,7780,ポップアップ、プッシュダウン、バイト、バイト、バイト！,20171126
73911,8631,世の中で噂されることより悪いことは一つしかない。そしてそれは,20170424
73911,1670,"We wish you a Hare Krishna
",20180214
60983,5195,本当に考えさせると、彼らはあなたを嫌うだろう。,20180416
60983,6625,物事は今よりも昔のようになっている。,20170208
32998,4837,白いひげを生やし、赤いスーツを着たぽっちゃりした男が間もなくあなたに近づくだろう。,20171104
91095,9677,捨てられる運命にある：重要なのは、常にそれを,20170615
43764,765,一度。,20170101
83263,2735,科学とは、先入観が検証に出会ったときに起こることである。,20171020
48182,8859,真実は今朝明らかになるだろう。（それが事態を本当に混乱させるかもしれない。）,20180208
48182,2433,ユーザー（名詞）：あなたが言ったことを何でも信じるプログラマー。,20170610
48182,5149,-- ラザルス・ロング,20170915
35441,4723,広い心：高邁な精神を平らにした結果。,20180214
41033,1016,中には何もない。,20180211
79522,2806,「本当？なんて偶然、私も浅はかよ！」,20171011
79522,517,上司を驚かせろ。時間通りに出勤しろ。,20170329
17397,793,グラフィックスについて：一枚の絵は1万語の価値がある――しかし、,20170827
58761,2986,何もない。,20170411
58761,2049,彼は、注文していない付け合わせでも見るかのように私を見た。,20180427
90979,1166,ソフトウェアが他の何物とも似ておらず、それが,20170710
90979,3841,大きな財産を持って。」,20170115
22150,6085,「率直に申し上げましょう、ムッシュ。あなたを,20180321
22150,4520,1) 「心配するな、俺が何とかする」,20180412
22150,6275,年齢に敬意を払え。たまには良いスコッチを飲め。,20171220
87117,3007,確実である。そして、それらが確実である限り、それらは現実には言及しない。,20170526
87117,7259,自分の評判を考えなさい。名前を変えて、,20170204
87117,3607,"Death is nature's way of telling you to slow down
",20170702
95738,9828,気分転換には良い日。寝室の壁紙を張り替えよう。,20171005
95738,3156,社会遺伝学の根本原理：,20180118
95738,3570,戴冠式：君主に外見上と,20180127
34465,3755,-- ジョン・オハラ,20170718
57410,3841,より懸命に。,20170610
57410,6505,神は7日で世界を創造したのではない。6日間遊び呆けて,20171119
57410,1649,それが何か知っている。,20170701
49157,7711,世界がかつて見たことのない。,20180320
16703,8360,とは全く関係がない。,20171101
48687,674,チキンスープ：,20180321
48687,9214,名誉ある：手の届く範囲に障害があること。立法府では,20170922
44671,7424,-- ビル・ホースト,20180129
44671,5867,"
",20180223
44671,9030,-- ピーター・S・ビーグル,20170215
67993,845,しかし、我々は熱意のあまり、,20170409
67993,5195,明かりがつく。,20171016
31683,9137,"Conscience is the inner voice that warns us somebody is looking
",20170627
38749,7711,-- ホークウインド,20170319
38749,1552,世界がかつて見たことのない。,20180301
38749,3362,貧しい人々をお互いから守るために。,20170619
69856,3357,噂されていないことだ。,20180306
69856,9876,探すのをやめなさい。幸福はあなたのすぐ隣にある。,20170215
61843,3595,最も短い、けれど。,20180221
61843,3139,もし神が完全なら、なぜ不連続関数を創造されたのか？,20170507
61843,537,裸の腕を持つ権利を支持せよ！（武器を持つ権利(bear arms)との掛詞）,20171028
12732,5004,人生。,20180416
60222,284,我々にハムと豚肉とベーコンを与えてくれる。,20180409
60222,9167,システム/3！,20171030
66396,8548,変数。」,20180214
66396,3037,今日は大きな嘘をつくな。小さな嘘でも同じくらい効果的だ。,20170220
13808,7841,-- ブラウン・セキュリティ犯罪防止パンフレットより,20171008
13808,7792,彼を避けろ。彼は共産主義者だ。,20170411
99721,3998,そして先月分を前払いで。,20170622
99721,5195,-- ペギー・ジョイス,20170208
48118,1926,何もない。,20170801
48118,6210,噂されていないことだ。,20171017
10814,764,英語では、すべての単語を動詞化できる。我々の,20170717
36443,1033,コンピュータプログラミングの法則：,20170701
47126,3570,"        The mouse dissolved
",20170120
83427,624,悪意に帰するな、,20170505
83427,7837,何が起こっているか。,20180103
28325,8059,他人に彼の心が大きいと思わせておけ,20171120
28325,1266,医者があなたの症状に名前を付けたからといって、彼が,20180313
28325,7822,脳（動詞）：[「脳する」のように]  bluntly に、しかし pointedly ではなく叱責すること。,20170426
82588,4731,サラダにとってのニンニクが、芸術にとっての狂気である。,20170129
39873,1673,メビウスの輪の上のネズミ,20171101
31411,5043,後知恵は精密科学である。,20171231
31411,488,オーレオマイシン、コカイン、インターフェロン、そしてTLC。チキン,20180302
31411,4930,「三重アイソ分岐クリプトンゲートMOSプロセス…」,20171103
85645,374,正しいプログラムを理解するより、間違ったプログラムを書く方が簡単だ。,20170811
85645,8131,"        But she started absorbin'
",20170826
85645,5999,今回のログインセッション：$13.99、しかしあなたには$11.88,20180327
22838,764,-- A・E・ハウスマン,20170117
89863,9784,暇な時間に現金を稼ごう――友達を脅迫せよ。,20170113
89863,7504,彼らがそれを売ってくれればいいのに。,20170914
89863,8642,プログラミング。,20180404
49096,1438,"        when someone inadvertently opens the darkroom door and all of
",20170507
28862,7454,"Ass（尻/ロバ）：""lass""（娘）の男性形。",20170521
28862,4352,-- アドレー・スティーブンソン,20170718
70851,482,さようなら。私は退屈だから去る。,20171227
70851,6022,勇気を奮い起こせ！他のものは全部台無しにしたんだから。,20171230
70851,1200,時間を無駄にすることは、生きることの重要な一部である。,20180430
66351,8233,「ボンベイの気候は、その住民が生活しなければならないほどのものである」,20180215
66351,769,幸せな結婚をする方法は一つしかない。そして私が,20170824
66351,6612,皮肉屋：色眼鏡を通して物事を偏見の目で見る者。,20170704
28235,9319,"        But the good ones I've seen
",20180203
28235,4461,"Rocky's Lemma of Innovation Prevention
",20170423
28235,8118,"        when someone inadvertently opens the darkroom door and all of
",20171120
13985,3984,おそらく、広告看板が落ちてこない限りは,20171227
13985,797,皮肉屋：物事をありのままに、あるべき姿ではなく見る、欠陥のある視力を持つ悪党。,20180107
13985,4470,改善する。,20170407
50203,1374,鍋は向こうの端にある。,20170314
81055,4859,批判するが、もし皆に嫌われたら、あなたも偏執病になるだろう。,20171021
72987,9192,「彼はとても心が狭く、鍵穴から両目で,20180327
72987,9974,この国に必要なのは、良質な5セントの「何か」だ！,20171104
97406,4781,電気処刑：すべての現代的な改良が施された火あぶり。,20180320
97406,345,幸福：他人の不幸を熟考することから生じる心地よい感覚。,20171001
60279,6999,"        But she started absorbin'
",20170707
60279,6185,"A city is a large community where people are lonesome together
",20170214
29646,4193,天才には限界があるかもしれないが、愚かさにはそのような,20180424
29646,8541,全く価値がない。,20180201
29646,8341,学生たちの中に。,20170922
17193,6077,対処法を知らないエラー条件をテストするな。,20180221
17193,2506,100ブロックのゴミ！,20180403
11663,2207,最初で成功しないなら、諦めろ。とんでもない馬鹿になる必要はない。,20180428
11663,8667,子供に装填済みの鯉で遊ばせるな。,20170927
11663,5469,彼らがそうあるべきであると。ゆえに、スキタイ人の間では、,20170724
92643,89,神を。,20170910
92643,9630,それらに15セントを請求する。,20170217
92643,5561,ネーザーの法則：,20170906
74568,1056,運転免許を失うのは、神が「ブーガ、ブーガ！」と言うための一つの方法に過ぎない。,20170615
85712,7364,なし。「ユーザーが解決できるだろう。」,20170315
85712,9681,政府などない方がましだ。,20180310
34728,2075,持ち帰り試験を与えられると、どこに,20170703
34728,4719,「そして、私と同じくらい大きくなったら何をするの？」,20170612
34728,3776,我々のビデオプロセッサに『スタートレック3.2』をロードした。」,20171116
83258,9130,「私は経済学者ではない。私は正直者だ！」,20170522
83258,6938,私は7つのハックを持つQuuxに出会った。,20170424
61090,2195,数学の法則が現実に関わる限り、それらは,20170620
61090,6965,「なぜ足の甲に特別な名前がないんだろう？」,20170925
53699,3046,彼らにそれを返す。,20170704
98788,1143,SQL交響楽団コンサート,20180202
85026,1143,SQL交響楽団コンサート,20180414
85026,1143,SQL交響楽団コンサート,20171006
48222,3797,彼女は彼に、,20170226
48222,2940,彼らにそれを返す。,20170325
16814,7460,彼らがそうあるべきであると。ゆえに、スキタイ人の間では、,20170717
16814,104,-- ビル・ホースト,20170131
16814,746,エラーのないプログラムを書く方法は二つある。三番目の方法だけが,20180128
90105,2295,誘惑以外なら何にでも抵抗できる。,20171108
95086,7331,コンピュータ科学の言語。強い型付けは記憶力の弱い人々のためのものだ。,20170612
80195,3483,名誉ある：手の届く範囲に障害があること。立法府では,20170606
80195,6658,リメリックは複雑な芸術形式,20171211
91237,1360,-- ルイス・キャロル,20171012
91237,1921,死ぬ？とんでもない、友よ。バリモア家はそんな,20171219
87427,8172,平均的な女性は、頭脳よりも美貌を望む。なぜなら、,20171031
69339,7888,「それどころか」とトゥイードルディーは続けた。「もしそうだったら、そうだったかもしれないし、,20170306
19277,2499,完全な馬鹿でも扱えるように。,20180221
86689,5784,波は滑らかで輝いている――,20170301
80610,8426,予算とは、金を使う前に心配するための方法に過ぎない。,20180307
78408,1866,-- 愚者の辞書,20170103
78408,4286,-- ケーログ・アルブラン,20170701
34960,1389,"Murphy would be there to tell me
",20170701
79551,2918,今夜がその夜だ：ユーカリの木で眠れ。,20180212
22206,9053,信仰とは、ピクニックでブラックベリージャムを食べることを可能にする資質である。,20171002
53341,9171,正気だ。」,20170812
53341,6999,手。,20170525
13900,9923,プログラマーが英語で書けるようにすれば、,20170324
13900,1714,自由で、オープンで、陽気であれ！楽しめ！事態はこれ以上良くならないから,20170128
13900,8417,ウィル・ロジャースが言ったように、「無料の,20180117
45037,8335,少年：泥のついた騒音。,20170416
32502,1654,壊れないおもちゃは、他のおもちゃを壊すのに役立つ。,20170618
73184,4674,貧しい人々が、橋の下で眠り、路上で物乞いをし、,20171005
52151,9615,で責任を回避するか？,20170323
52243,89,ダイヤルトーンを求めて。,20171217
52243,5715,真に賢い者は、決してユニコーンと馬跳びをしない。,20170730
52243,1144,とんでもない馬鹿であることの。,20170920
30118,9414,5年間で、我々は一つの素晴らしいプログラミング言語を手に入れることができる。ただ,20170319
30118,988,"
",20180408
69458,4818,誰もが彫刻を教わることができる。ミケランジェロは,20170706
69458,6131,その詩は決して韻律に合わなかった。,20170608
36493,11,しばらくサウスダコタでサーフィンをするな。,20180223
36493,1581,道徳的にハンディキャップのある人を雇いなさい。,20170703
42866,865,青リンゴを食べて死んだ。,20180131
79651,1028,電球を交換するのに、ハードウェアエンジニアは何人必要か？,20170420
79651,9,「成功できるのに、なぜ男でいる必要がある？」,20170406
79651,8176,消化不良。,20170328
87052,8335,死ぬ？とんでもない、友よ。バリモア家はそんな,20171108
87998,8798,自然な傾向に屈せよ。憎らしく、退屈であれ。,20170202
53535,9053,アメリカは、野蛮から飛躍した国としてユニークかもしれない。,20170313
27976,622,ヴェリリンドの実験の法則：,20170531
27976,7830,神は7日で世界を創造したのではない。6日間遊び呆けて,20171117
27976,3156,働くために。,20170615
46286,257,幸せな結婚をする方法は一つしかない。そして私が,20180221
46286,2979,あなたが偏執病だからといって、彼らがあなたを狙っていないとは限らない。,20180224
46286,1701,ユーザー空間と同じようにカーネル空間でも！,20180405
22365,241,は去ることだった。,20171223
78711,2403,分析され、新たな弱点に置き換えられる。,20171224
78711,8193,私はあらゆる緊急事態には備えているが、日常には全く備えていない。,20171105
52218,493,すべてのプログラムをRPGで実行する！,20170305
52218,6575,多数派の側にいることに気づいたときはいつでも、,20170401
76790,9016,主は、もしそうでなければ、なぜ我々にこれほどの素早い動きを与えられたのか。,20170306
15618,1410,系論：,20180217
23355,8569,タイプライターは、感情を込めて演奏されると、,20170126
80571,4235,改善する。,20170730
80571,6969,「今こそすべての善良な人々が立ち上がる時だ。」,20170620
80571,2659,心配するために。,20170602
44988,3009,幸福：他人の不幸を熟考することから生じる心地よい感覚。,20180428
44988,9564,言った、「人生はサワークリームのボウルのようなものだ。」,20170120
55409,5606,自然な傾向に屈せよ。憎らしく、退屈であれ。,20170616
55409,1988,あなたのプログラムを説明しているときに聞き手がうなずいたら、,20170329
55409,4062,"算数とは、""",20180308
88383,7995,"        when someone inadvertently opens the darkroom door and all of
",20180403
88383,2953,ディスク上に101ブロックのゴミ！…,20170620
88383,9150,「すべての肉は草である」,20170810
70602,7820,ベアメタルで。アプリケーションプログラミングは、システム,20170803
67577,85,世界がかつて見たことのない。,20170202
67577,4951,木のように美しい広告看板。,20170913
73485,7181,「ここ電話会社では、あらゆる種類の人々にサービスを提供しています。,20171012
73485,1830,人々が私に同意するときはいつも、私は自分が間違っているに違いないと感じる。,20171209
73485,2513,チキン・リトルは正しかった。,20170919
66552,4252,-- ポール・マクラッケン,20171226
66552,1360,批判するが、もし皆に嫌われたら、あなたも偏執病になるだろう。,20170530
66552,4941,ウィル・ロジャースが言ったように、「無料の,20170914
20775,1794,全国半袖シャツ協会は言う：,20180116
20775,7028,予定説は最初から運命づけられていた。,20180413
20775,7242,「率直に申し上げましょう、ムッシュ。あなたを,20171126
60358,5101,1981年、滑降スキーに最悪の月：1月。行列は,20170121
94087,1093,タバコ：一端に火、もう一端に愚か者、そして,20170121
94087,2195,重要な書類は、自発的に移動することでその重要性を示すだろう。,20170910
94087,8773,波の上に立つ者もまた、サーフィンをする。,20171104
54721,9245,キリスト：少なくとも5000年早く生まれすぎた男。,20171116
54721,2295,LISPプログラマーはすべての価値を知っているが、そのコストは,20170903
83768,8873,生きる。,20170411
22316,5043,「もし知っていたら、私は錠前屋になっていただろう。」,20180313
22316,1649,つまり、もしアパートを借りるなら、あなたは3つの,20170306
22316,6765,「なぜ私は不安なのか？」（ラテン語）,20171007
30556,6702,あなたのアナリストはあなたを別の患者と混同している。信じてはいけない。,20170311
30556,4069,現代人とは、類人猿と人間との間の失われた環（ミッシング・リンク）である。,20171008
30556,4941,神のみが無作為な選択をすることができる。,20180412
27633,3745,"
",20170519
27633,3114,「もし神が地上に住んでいたら、人々は彼の窓をすべて叩き割るだろう。」,20171204
62596,1143,SQL交響楽団コンサート,20170711
62596,1143,SQL交響楽団コンサート,20171225
72844,8650,有り余るエネルギーを発散させるには良い日だ。何か重いものを盗め。,20171119
45548,4329,しかし、我々は熱意のあまり、,20180201
45548,5843,正義：あなたに有利な決定。,20171201
79304,3470,死：突然罪を犯すのをやめること。,20171119
79304,2834,人工知能に一年費やせば、,20180410
54201,346,ディスク上の99ブロックのゴミ,20170913
90077,9222,丸一日得られない。可能な限り2月は避けよう。,20170826
90077,1056,-- ポール・マクラッケン,20171114
90077,649,-- マーク・トウェイン,20180415
37325,2433,勇気を奮い起こせ！他のものは全部台無しにしたんだから。,20171225
37325,9362,しばらくサウスダコタでサーフィンをするな。,20170501
37325,6789,モグラの問題かい？,20180316
24514,8360,そして先月分を前払いで。,20170708
24514,5425,一度。,20170906
90171,1143,SQL交響楽団コンサート,20171115
90171,1143,SQL交響楽団コンサート,20170130
90171,1143,SQL交響楽団コンサート,20170813
11140,488,重力は神話だ、地球は吸い込む。,20170316
11140,7758,彼は言った、「ああ、知っているよ」,20170625
11140,8925,12歳以降に。,20170829
47364,7498,男たちは黙ってお茶をすすっていた。しばらくして、不器用な男が,20180216
47364,363,今日は何か変わったことをしなさい。請求書を払いなさい。,20170223
47364,1200,感情的に活発であれ。お気に入りの神経症に迎合せよ。,20171105
15363,3284,"        Anything that can go wr
",20170304
15363,4143,-- イディッシュ語のことわざ,20170103
15363,3415,今日まで。,20170605
62105,5748,-- ウディ・アレン,20171119
21676,6965,世界は終わる！悔い改め、図書館の本を返しなさい！,20170224
21676,3521,暇な時間に現金を稼ごう――友達を脅迫せよ。,20170906
45875,6612,彼を避けろ。彼は共産主義者だ。,20170318
45875,3470,"算数とは、""",20180101
45875,6105,-- オスカー・ワイルド,20180404
58572,3007,本物のプログラマーはBASICでは書かない。実際、BASICで書くプログラマーはいない。,20170305
48335,104,神は7日で世界を創造したのではない。6日間遊び呆けて,20170403
48335,2035,-- フレッド・アレン,20170301
48335,2002,名誉ある：手の届く範囲に障害があること。立法府では,20180128
67140,6436,今日は驚きが待っている。家賃もだ。,20171228
67140,276,優越性は劣性である。,20171002
67140,2270,それが、点で対になって,20180215
57100,6503,酵素とは、生物学者が発明したものであり、,20180109
57100,4702,運転免許を失うのは、神が「ブーガ、ブーガ！」と言うための一つの方法に過ぎない。,20180225
57100,7219,あなたは賢く、機知に富み、素晴らしいが、あまりに多くの時間を,20170302
65765,9260,クリンクラーの第二法則：,20171120
85079,3139,「サワークリームのボウルのように？」と他方が尋ねた。「なぜ？」,20170905
24954,9171,それ。,20170322
24954,9660,今日まで。,20170811
21394,8657,あなたは尾行されている。数日間はいかがわしい行為をやめなさい。,20180223
21394,7156,豚は、もし私が間違っていなければ,20180429
21394,6059,あなたのプログラムを説明しているときに聞き手がうなずいたら、,20170311
11005,8576,こんにちは、ファルケン博士。,20180331
11005,7830,現実は幻覚の障害である。,20170331
27707,517,これを自分で証明するには、,20180312
27707,1229,プログラミングについての考え方に影響を与えない言語は,20170311
27707,5011,「私がしてほしいことを言いなさい」と言ったら、彼にロリポップをあげなさい。,20171209
23394,4754,Fortranが存続し続ける可能性。,20170712
23394,6993,-- イディッシュ語のことわざ,20170622
23804,66,"
",20180223
23804,9030,なし。「マニュアルに文書化しておく。」,20170423
82369,3896,"Steinbach's Guideline for Systems Programming
",20170122
47105,9064,今、自然に振る舞いなさい。煮えくり返り、怒り狂い、かんしゃくを起こしなさい。,20170527
15130,2403,床を磨いたり、その他のエキサイティングなことをするのに最適な日。,20180315
15130,7219,この国に必要なのは、良質な5セントの「何か」だ！,20180210
15130,9470,有名な最期の言葉：,20170206
86463,6210,今日まで。,20171005
31254,5753,点。,20171017
31254,9016,本当に考えさせると、彼らはあなたを嫌うだろう。,20170201
67417,4581,リュシストラタは良いアイデアを持っていた。,20171012
23315,9188,興味深いものは何も簡単ではない。,20180418
23315,1701,悪意に帰するな、,20170911
18116,2167,犯罪の兆候：絶叫または助けを求める叫び声。,20180317
18116,5585,チャイルドプルーフキャップに苦労するのは大人だけだ。,20170412
18116,4381,我が国には良い5セント葉巻がたくさんあるが、問題は,20170318
33441,9319,咳き込んでいる。」,20171001
33441,2993,モグラの問題かい？,20170221
33441,3640,来週の金曜日はあなたの幸運な日ではない。実を言うと、あなたは,20170302
23128,6602,プログラミング言語。,20180222
23128,9319,-- ブルース・レヴェレット,20170506
60229,6801,きわどいアリアを専門とする歌姫は、オフコロラトゥーラソプラノだ…,20170824
60229,622,レーガン大統領は、経済評論家が多すぎると指摘し,20171006
13664,7994,野心とは、怠けるほどの分別がないことの粗末な言い訳である。,20170419
13664,7043,本物のプログラマーは仕様書を書かない――ユーザーは,20171109
20716,8836,ジョージ・オーウェルは楽観主義者だった。,20170814
83188,9615,今日まで。,20170203
71545,6765,-- ミッキーマウス,20170721
71545,89,プログラムに合わせて仕様を変更する方が、その逆よりも簡単だ。,20180313
71545,7459,電気技術者はより少ない抵抗でやる。,20170303
79317,9053,人を馬鹿と呼ぶな。彼から借りろ。,20170702
79317,3225,カサブランカから出て、ドイツ人は奇跡を非合法化した。」,20170520
39786,6275,それはかつて私を指していた。,20170603
39786,1988,「私は経済学者ではない。私は正直者だ！」,20180417
80579,8476,おばあちゃんを路上から遠ざけろ――ビンゴを合法化せよ。,20170516
80579,7822,-- ウィンストン・チャーチル,20170506
80579,2227,すべての兆候には7つの症状があった。,20180213
64960,7386,学生たちの中に。,20180424
64960,1599,"
",20170126
30012,8538,「なぜ足の甲に特別な名前がないんだろう？」,20180321
30012,4470,別のものの。,20170219
30012,4029,価格が大幅に上がったことを意味する。,20171224
28294,143,12歳以降に。,20170629
28294,3376,本ではなく、スープを濃縮せよ！,20170227
28294,3999,もし誰かが、私がいつか教皇になると言っていたら、私は,20180317
72268,5415,-- H・L・メンケン,20170406
72268,7705,その絵を説明する。1万語のセットで適切に,20171108
72268,5972,事故：心の落ち着きは良いが、,20170423
77563,7946,幸運の女神が意図したように,20170529
41594,174,「この核軍拡競争を続けるなら、君たちがやることは,20170521
70884,2749,科学には何か魅力的なものがある。人はそのような卸売りの,20171013
70884,1542,「もし知っていたら、私は錠前屋になっていただろう。」,20170815
51154,9388,-- マーク・トウェイン,20170708
51154,3115,神は練習のために愚か者を作り、そして教育委員会を作った。,20170908
16759,8666,-- フレッド・アレン,20170829
16759,3973,今年は幸運な日を過ごす。,20170527
16759,3826,科学とは、先入観が検証に出会ったときに起こることである。,20180418
21465,2967,障害を克服するには良い日。障害物競走を試してみよう。,20170713
21465,6595,目…」,20170215
48944,8605,ガスはひどい匂いがする。,20170522
46563,4219,今週は自分で機会を作り出せる。上級,20180419
46563,1104,"Familiarity breeds attempt
",20170817
85325,7156,3) 「もしお前が自分で思うほど賢いなら、,20180328
85325,1410,最適化は進化を妨げる。,20170223
85325,1097,簡単な問題はすべて解決済みだ。,20180325
49350,1978,"
",20180308
82733,7837,この種のゴミ。,20170629
82733,7474,その絵を説明する。1万語のセットで適切に,20180121
36774,7609,ダクトテープはフォースのようなものだ。光の側面と闇の側面があり、,20171015
36774,7275,"算数とは、""",20170901
36774,4781,何もない。,20171212
50473,8949,12歳以降に。,20180329
95553,5865,"        But the good ones I've seen
",20171107
47107,3623,"BLISS is ignorance
",20170808
47107,9222,目…」,20171216
47107,4461,アシッド――化学を通じたより良い生活。,20170107
65956,2918,ハンディキャップのある。,20180315
41019,8416,-- 愚者の辞書,20180216
41019,3589,"        The mouse dissolved
",20170320
41019,5344,今夜はユーカリの木で眠るな。,20170518
21256,1077,世界は終わる！悔い改め、図書館の本を返しなさい！,20170909
28350,4318,ハチドリは歌の歌詞を決して覚えない。,20180215
16135,1329,"
",20170121
16135,3997,薬局への道は遠いかもしれないが、宇宙に比べればピーナッツみたいなものだ。,20180424
16135,7698,もし神が完全なら、なぜ不連続関数を創造されたのか？,20170805
16548,7830,床を磨いたり、その他のエキサイティングなことをするのに最適な日。,20170731
27123,8538,"He sure is a fun god
",20180326
52978,932,手。,20180418
73578,2306,良い忠告とは、悪い手本を示すには年を取りすぎた男が与えるものである。,20170821
73578,4982,改善する。,20170417
73578,9828,歴史の第一法則：,20171210
98357,3323,探すのをやめなさい。幸福はあなたのすぐ隣にある。さて、もし彼らがただ,20171203
98357,4554,馬鹿：人間社会において影響力を持つ、大きくて強力な部族のメンバー。,20171211
98357,6636,老いたプログラマーは死なず。ただ新しいアドレスに分岐するのみ。,20170320
75397,5493,酸はあなたを汚す。,20170423
61499,5030,優越性は劣性である。,20180127
61499,7310,プログラマーの視点は、彼の,20170131
61499,2858,「結婚（Matrimony）は言葉じゃない、宣告（sentence）だ。」,20170607
74258,5344,-- マーク・トウェイン,20171207
74258,3218,彼らに良いマナーを教える努力。,20170907
74258,1567,永遠を傷つけずに時間を潰すことはできない。,20170114
94632,2433,我々自身。,20180201
64915,1365,本物のプログラマーはコードにコメントをしない。書くのが難しかったのなら、,20170319
68476,1288,ブラッドリーの陳腐な言葉：,20170529
91250,8380,さえ。,20170416
46759,9738,子供に装填済みの鯉で遊ばせるな。,20170317
46759,4965,探すのをやめなさい。幸福はあなたのすぐ隣にある。,20171218
89479,3009,思春期：思春期と不倫の間の段階。,20170424
84552,712,ハチドリは歌の歌詞を決して覚えない。,20180218
38548,3115,神は草を発明した。,20170822
30827,4063,-- 愚者の辞書,20180428
30827,345,子供は、,20170413
30827,4699,-- イディッシュ語のことわざ,20170126
91023,9388,-- ベルトルト・ブレヒト,20171112
91023,3376,手。,20170506
30455,2937,10年間の不採用通知は、自然があなたにやめるよう告げる方法である。,20170630
57267,2183,-ディープ・ソート,20170505
66393,1878,種が動くかどうかを見ずに。,20170406
66393,7509,貧しい人々が、橋の下で眠り、路上で物乞いをし、,20170112
15936,1978,今年の最悪野菜：芽キャベツ。これはまた、,20171010
15936,4961,ヌーディストとは、一つボタンのスーツを着る人々のことである。,20170303
15936,8977,恩知らず：餌を与えてくれた手を噛み、そして文句を言う男。,20170624
10548,5585,-- F・P・ジョーンズ,20180313
85995,8622,"Fruit flies like a banana
",20180114
85995,6210,Q: 論理右シフトをするのにIBMのCPUは何個必要か？,20180214
52569,9712,あなたのアナリストはあなたを別の患者と混同している。信じてはいけない。,20180209
52569,2652,長い目で見れば、すべてのプログラムはロココ調になり、そして瓦礫となる。,20170411
52569,7305,経済学者の間では、現実世界はしばしば特殊なケースである。,20170418
94489,8071,彼は言った、「ああ、知っているよ」,20171116
94489,104,しばらくサウスダコタでサーフィンをするな。,20170217
88486,777,系論：,20170503
51122,6815,-- ケーログ・アルブラン,20170404
13256,1999,リストまたはオブジェクトデッキ。,20170403
13256,7660,-- ドン・クイン,20170918
15992,8207,ユニコーンを救えないなら、魔法に何の意味がある？,20171007
45101,6845,-- マーク・トウェイン,20180209
69083,6439,その構文はJOSSより悪い。,20170506
61862,2195,まあいい、全部の卵を一つのカゴに入れちまえ。,20170210
61862,2595,知る価値がない。,20171002
61862,1999,経験とは、あなたが認識することを可能にする素晴らしいものである。,20170705
79652,315,電気コード。,20170725
79652,4283,終わる。,20170428
79652,3896,-- エルバート・ハバード,20170418
94844,6004,おそらく、広告看板が落ちてこない限りは,20170412
88064,8360,電球を交換するのに、禅師は何人必要か？,20170131
88064,11,アメリカを美しく保とう。ビール缶を飲み込め。,20180125
22162,737,LISPプログラマーはすべての価値を知っているが、そのコストは,20170625
22162,9137,アメリカは、野蛮から飛躍した国としてユニークかもしれない。,20171106
94180,3521,多数派：犯罪と法律を区別する性質。,20180225
56894,1194,Q: 電球を交換するのに、オレゴン州民は何人必要か？,20170428
56894,9372,この国に必要なのは、良質な5セントのニッケル硬貨だ。,20171112
56894,5702,メッセージが郵便で届く。FBIに見られる前に破壊せよ。,20170312
76161,4485,「成功できるのに、なぜ男でいる必要がある？」,20170323
76161,8498,-- アラン・パーリス,20180313
76161,5468,サラダにとってのニンニクが、芸術にとっての狂気である。,20170207
28150,674,"Familiarity breeds attempt
",20170809
74175,3517,世界は終わる！悔い改め、図書館の本を返しなさい！,20180220
74175,9130,最も短い、けれど。,20170709
14771,5385,事故：心の落ち着きは良いが、,20170909
14771,6148,ローマ帝国はなぜ崩壊したのか？事務所のラテン語は何？,20180101
14771,718,皮肉屋：色眼鏡を通して物事を偏見の目で見る者。,20170703
63363,124,国が一流の経営の下で何ができるかを声高に。,20170108
63363,1194,今夜はコウモリに餌をやらないで。,20170216
45861,3491,「今こそすべての善良な人々が立ち上がる時だ。」,20180223
45861,4682,-- ハーバート・フーバー,20170909
45861,363,「素晴らしい！この半,20170215
85370,3999,ガンジー：それは良い考えだと思う。,20171204
94307,4291,左にシフト！右にシフト！,20180306
94307,4576,とんでもない馬鹿であることの。,20170418
40783,3755,-- R・ガイス,20170212
40783,4219,恩知らず：餌を与えてくれた手を噛み、そして文句を言う男。,20170125
70408,1921,そして他のエロティックな効果。,20170904
55307,8977,闇が漏れ出す。,20170330
55307,4683,午後：我々がどうやって,20170930
40782,8778,人々。,20170817
15101,1143,SQL交響楽団コンサート,20180413
91017,4194,-- アルベルト・アインシュタイン,20170203
16039,8360,-- メイシーズ,20170208
16039,8279,今日は友達を吸おう。,20180409
16039,488,-- 『銀河ヒッチハイク・ガイド』,20170921
55154,6229,システム、その主要な弱点がすべて露呈した,20171003
55154,2404,"We wish you a Hare Krishna
",20170926
55154,2953,人々。,20180311
72679,8939,それはかつて私を指していた。,20171219
72679,402,時空間スキップの中で。,20170507
92131,1600,「それどころか」とトゥイードルディーは続けた。「もしそうだったら、そうだったかもしれないし、,20171128
37458,1056,"        But she started absorbin'
",20180413
32427,7297,未来はまだら模様。夕方遅くにスープをこぼすだろう。,20170216
32427,5415,例。,20170126
36994,9,この国に必要なのは、良質な5セントのニッケル硬貨だ。,20170110
20820,9520,登山靴を職場に。万一、,20171018
20820,7351,相手が綴りを知っていること。,20171008
30131,6063,彼は言った、「ああ、知っているよ」,20170903
30131,8566,-- アドレー・スティーブンソン,20170820
39515,4687,イギリス史の中間試験の前夜、あなたの生物学の,20180210
39515,5287,それは続かなかった。悪魔が「ホー！」と叫び,20170618
39515,9470,-- ジョン・チアルディ,20170410
88643,2875,"
",20170530
88643,3,慰謝料とは、二人が過ちを犯したとき、そのうちの一人が,20180215
88643,1468,全くプログラムを手に入れられず、手に入れたものを受け入れる。,20180203
45012,9246,多数派：犯罪と法律を区別する性質。,20170728
45012,9185,すべての兆候には7つの症状があった。,20171004
63370,1054,運転免許を失うのは、神が「ブーガ、ブーガ！」と言うための一つの方法に過ぎない。,20171212
63370,8657,永遠を傷つけずに時間を潰すことはできない。,20171108
54288,916,神のみが無作為な選択をすることができる。,20170603
54288,9917,警句があるなら、メタ警句もなければならない。,20171018
54288,1714,波は滑らかで輝いている――,20170316
51622,537,科学は真実である。事実に惑わされるな。,20170212
18215,7416,銃は合法ではない。,20170623
18215,4491,波の上に立つ者もまた、サーフィンをする。,20170623
18215,610,慰謝料とは、二人が過ちを犯したとき、そのうちの一人が,20171124
92993,8932,大統領や王から地の果てのクズまで…,20171022
92993,8629,我が国には良い5セント葉巻がたくさんあるが、問題は,20170903
98396,363,感情的に活発であれ。お気に入りの神経症に迎合せよ。,20170528
98396,6379,責任は常に権限を上回る。,20170129
98396,8979,時々、無実の人が議会に送られる。,20180307
69154,8600,朝に自己嫌悪するな――昼まで寝ろ。,20171024
69154,5155,扱う。,20170509
41137,9589,臆病者：危険な緊急事態に足で考える者。,20170801
41137,1155,"There once was a girl named Irene
",20171030
68821,5030,-- ルイス・キャロル,20180223
24343,6254,今夜は半月。（少なくとも、月がないよりはましだ。）,20170512
24343,932,強い酒には気をつけろ。それは税務署員を撃ちたくさせ、そして,20170817
79484,4193,しばらくサウスダコタでサーフィンをするな。,20170322
79484,9260,貧しい人々をお互いから守るために。,20170430
15930,9570,そうに違いないと我々を安心させてくれる。,20180126
15930,1483,もしコンピュータが強力になりすぎたら、我々はそれらを,20170126
46938,315,さえ。,20170404
10155,9122,起こる。,20180413
16401,9150,すべてはトップダウンで構築されるべきだ、最初の時を除いては。,20171005
15650,134,釘。,20171018
42091,658,重要な書類は、自発的に移動することでその重要性を示すだろう。,20170407
42091,4715,「一度でいいから、,20170426
42091,9570,深まる憂鬱の中で、あなたの犬がようやく,20171003
99246,232,皮肉屋：物事をありのままに、あるべき姿ではなく見る、欠陥のある視力を持つ悪党。,20170131
44794,6503,本物のプログラマーは仕様書を書かない――ユーザーは,20180207
44794,746,「もっと必要になるまで、乗り切るのに十分なだけ必要だ。」,20180412
44794,9583,-- オスカー・ワイルド,20170920
47047,5715,しかし、我々は熱意のあまり、,20171008
47047,9137,精神科医は4人に1人が精神的に病んでいると言う。,20180422
47047,2264,彼がその向こう側から現れるまで、あなたは彼を見ることはないだろう。,20171208
68315,574,-- アルベルト・アインシュタイン,20170610
68315,674,-- ジョージ・サンダースの最期の言葉,20170415
68315,2633,デフリース家のジレンマ：,20170928
45086,8600,-- サルヴァー・ハーディン,20170209
45086,8034,クリーブランドはまだ生きている。神は死んだに違いない。,20170114
95649,4059,本物のプログラマーはアプリケーションプログラムを書かない。彼らは,20170603
19260,1143,SQL交響楽団コンサート,20170613
19260,1143,SQL交響楽団コンサート,20171214
19260,1143,SQL交響楽団コンサート,20170831
29777,5659,デュシャームの公理：,20180223
29777,1374,-- フレッド・アレン,20170122
22883,793,軽く油を塗った。」,20170630
90809,1782,-- ソーパー上院議員,20171205
90809,9934,モグラの問題かい？,20180324
90809,7110,しかし、我々は熱意のあまり、,20170722
17742,9250,光の速さより速いものはない…,20170118
17742,8785,上司がそれを読んでいる。,20170812
17742,7698,興味深いものは何も簡単ではない。,20170327
38754,2218,聞くことすべて、あるいは言うことすべてを信じるな。,20171014
38754,7504,芸術的な冒険が注目される。美術館を襲え。,20170316
38754,4987,青リンゴを食べて死んだ。,20170201
86793,5091,コンウェイの法則：,20170824
41450,2365,-- アラン・パーリス,20170301
41450,9529,現実は幻覚の障害である。,20170605
26444,2021,コンピュータにゴミを入れれば、ゴミしか出てこない。しかし,20170526
26444,9250,本物のプログラマーは9時から5時まで働かない。もし本物のプログラマーが午前9時頃にいるなら,20170806
26444,8777,「すべての肉は草である」,20170513
94041,9335,彼らがその代金を払い続ける。,20170409
94041,8642,外交とは、石を見つけるまで「いい子だね、ワンちゃん」と言い続ける技術である。,20170721
63298,1143,SQL交響楽団コンサート,20180420
94553,6084,「ボンベイの気候は、その住民が生活しなければならないほどのものである」,20180110
97093,9190,両利きになるためなら右腕を差し出してもいい。,20171017
70123,9773,リメリックは複雑な芸術形式,20170628
70123,7466,神のみが無作為な選択をすることができる。,20170615
99493,5255,今夜はコウモリに餌をやらないで。,20170622
99493,1552,-- ウィンストン・チャーチル,20171117
97122,7093,コンピュータにゴミを入れれば、ゴミしか出てこない。しかし,20170122
97122,5030,"        But the good ones I've seen
",20180302
22936,764,西洋文明？,20170902
72481,5362,世の中で噂されることより悪いことは一つしかない。そしてそれは,20180409
80270,2338,「なぜ私は不安なのか？」（ラテン語）,20170711
80270,8932,白いひげを生やし、赤いスーツを着たぽっちゃりした男が間もなくあなたに近づくだろう。,20170412
80270,3297,プログラミング。,20170416
98098,9776,ユーカリの木で眠らない方がよい、もう一晩。,20170429
98098,6938,丸一日得られない。可能な限り2月は避けよう。,20170715
98098,8515,彼を。,20170512
95347,1599,こんにちは、ファルケン博士。,20170112
95347,7257,クリンクラーの第二法則：,20170105
95347,2573,興味深いものは何も簡単ではない。,20170207
24015,7390,蒸気配管工のピクニックで。,20171010
24015,7504,-- H・L・メンケン,20170302
24015,6993,核攻撃の場合、学校での祈りを禁じる連邦政府の判決は,20171023
67126,5561,絵で説明される。,20170808
89936,1581,彼らに良いマナーを教える努力。,20170325
89936,4017,コンピュータが、事実を印刷するために,20171030
89936,9150,ユーカリの木で眠らない方がよい、もう一晩。,20171031
28380,1675,-- アーサー・ナイマン,20170327
87678,6515,貧しい人々をお互いから守るために。,20170203
87678,1155,-- D・J・ヒックス,20170708
48990,8650,それはここにない。,20171206
48990,3156,本物のプログラマーはキッシュを食べない。実際、本物のプログラマーは,20171028
76541,1923,全国半袖シャツ協会は言う：,20171013
76541,3999,何かが起こる確率が百万分の一なら、,20170930
11914,2338,噂されていないことだ。,20170818
90835,2403,"If I traveled to the end of the rainbow
",20170619
90835,8279,パタパタ、ばたばた、ぱたん,20180204
90835,7236,変数。」,20170203
36827,4591,それらに15セントを請求する。,20171209
36827,8468,悪意に帰するな、,20170611
48592,746,プログラマーの視点は、彼の,20180308
49596,4674,「私の友人たちと私は皆、狂っている。それが我々を,20180417
49596,8541,反意語：あなたが考えようとしている言葉の反対。,20180114
50767,1751,ダンという名の若い詩人がいた,20180111
50767,4993,"Advertisement: The most truthful part of a newspaper
",20180117
44180,624,大酒を飲むには最高の日。オフィスのウォータークーラーに酒を入れろ。,20171017
71241,1785,「一度でいいから、,20180106
71241,9306,正義：あなたに有利な決定。,20170927
77567,2044,"Rocky's Lemma of Innovation Prevention
",20180204
77567,9775,"Paul Revere was a tattle-tale
",20170312
77567,5124,どんな組織にも、常に一人は知っている人がいる。,20170514
72071,5269,そうだと告げられたとき,20170828
43586,9250,「本当？なんて偶然、私も浅はかよ！」,20170227
43586,8898,批判するが、もし皆に嫌われたら、あなたも偏執病になるだろう。,20170405
43586,5867,-- クラレンス・ダロウ,20170211
19675,4581,また轢かれないことを願う。,20170314
72270,1837,機械上で、彼らは「ほんの数回」の30時間で動作するようにパッチを当てることができる。,20170305
39839,5843,もし時がすべての傷を癒すなら、なぜへそは変わらないのか？,20170814
39839,5255,系論：,20170325
59498,7351,時々子供っぽくなれないなら、大人である意味はない。,20180302
59498,7705,それがエネルギーに変換されるとき？,20180110
59498,4062,タイプライターで2つのキーを打つと、望まない方が,20170727
30828,2035,"
",20170104
30828,5145,候補者とは、金持ちから金をもらい、,20180224
30828,18,花嫁：幸せな未来を背後に持つ女性。,20170606
77342,3190,もし入力が正確でなかったら。,20180212
77342,994,自動車：丘を駆け上がり、人々を駆け下りる四輪車。,20170412
29414,5971,彼に起こるありふれたこと。,20170416
74372,1004,コンピュータ科学の言語。強い型付けは記憶力の弱い人々のためのものだ。,20170519
74372,9064,もし入力が正確でなかったら。,20171101
74372,7947,今日はあなたが勝者になるだろう。4歳児に喧嘩を売れ。,20170808
11072,4915,-- トーマス・ジェファーソン,20170802
11072,9064,我々自身。,20170527
33469,5858,-- オスカー・ワイルド,20170928
33469,5606,ポップアップ、プッシュダウン、バイト、バイト、バイト！,20170609
19780,6801,大きな財産を持って。」,20170311
19780,3137,他人があなたのことをどう思っているか心配するな。彼らは,20170402
93712,7994,10年間の不採用通知は、自然があなたにやめるよう告げる方法である。,20170719
93712,7364,精神病院：楽観主義が最も栄える場所。,20170106
93712,3770,反意語：あなたが考えようとしている言葉の反対。,20171224
74269,7305,プログラミングについての考え方に影響を与えない言語は,20171220
74269,6969,本物のプログラマーはCOBOLでは書かない。COBOLは弱々しいアプリケーションのためのものだ。,20170908
98268,8964,私にできること。」,20170530
69841,2834,暇な時間に現金を稼ごう――友達を脅迫せよ。,20180331
69841,8773,-- ベルトルト・ブレヒト,20170221
36222,4246,もし我々が進む方向を変えなければ、我々は,20171002
36222,9103,-- ビル・ホースト,20170924
36222,4591,"enough cheese
",20171222
63255,5287,電球を交換するのに、テックライターは何人必要か？,20170111
63255,6801,グループのIQは、グループのメンバーの最低IQを,20170320
82641,6894,6ヶ月ごとに。,20180312
33921,3776,-- ギゴ,20170227
78900,3623,エキサイティングなデラウェア、ニュージャージー。（バリー・フレッチャーの故郷！）,20170822
78900,9791,心配するために。,20170329
78900,6186,それが何であれ、私は再び結婚するだろう。,20171001
71305,5011,爆弾を禁止せよ。通常戦争のために世界を救え。,20180424
71305,6999,タバコ：一端に火、もう一端に愚か者、そして,20171227
71305,1107,そしてこれはとても奇妙だった、なぜならそれは,20170917
53906,3581,"Advertisement: The most truthful part of a newspaper
",20170112
53906,3491,「私の友人たちと私は皆、狂っている。それが我々を,20170407
53906,9335,-- マーク・トウェイン,20170712
78969,5927,おそらく、広告看板が落ちてこない限りは,20170922
78969,6982,終わる。,20170729
98085,5011,今夜は半月。（少なくとも、月がないよりはましだ。）,20180125
58682,3992,こんにちは、ファルケン博士。,20170914
33333,1923,プログラムに合わせて仕様を変更する方が、その逆よりも簡単だ。,20170206
33333,6004,彼らは通常、処女を,20180116
33333,8456,そして他のエロティックな効果。,20171205
76904,2420,"        But the good ones I've seen
",20170404
17257,9353,-- アラン・パーリス,20170406
17257,7333,それは薬の効果を鈍らせる。,20170112
17257,9245,慰謝料とは、二人が過ちを犯したとき、そのうちの一人が,20171208
42055,4300,すべてはトップダウンで構築されるべきだ、最初の時を除いては。,20170210
42055,1137,よそで。」,20171228
61941,364,経済学者の間では、現実世界はしばしば特殊なケースである。,20171009
61941,2227,「もっと必要になるまで、乗り切るのに十分なだけ必要だ。」,20180303
59307,7424,ベアメタルで。アプリケーションプログラミングは、システム,20171223
89555,134,"Kin: An affliction of the blood
",20170317
87806,3647,-- オスカー・ワイルド,20170207
80871,9427,チャイルドプルーフキャップに苦労するのは大人だけだ。,20170510
80871,4354,「ダイエット」,20180423
80871,1623,"
",20170122
56337,3755,確率は50対50だ。,20170615
77039,1033,我々自身。,20170609
77039,3072,瓦礫を跳ねさせる,20170204
32135,1519,起こる。,20170520
32135,8666,-- ブルース・レヴェレット,20180129
32135,8172,-- バート・ウィットニー,20170709
32957,4207,現実は幻覚の障害である。,20180310
29403,4652,金を持つ者がルールを作る。,20180330
31424,5748,ディスク上の99ブロックのゴミ,20170716
31424,4729,"Steinbach's Guideline for Systems Programming
",20170918
41063,8541,もう一方には責任が。,20170924
41063,649,Fortranが存続し続ける可能性。,20170216
38392,3016,"Conscience is the inner voice that warns us somebody is looking
",20170928
38392,1295,"I must have slipped a disk -- my pack hurts
",20170726
99546,6845,-- ルイス・キャロル,20170905
99546,4069,本物のプログラマーはCOBOLでは書かない。COBOLは弱々しいアプリケーションのためのものだ。,20170522
18031,9768,私はあらゆる緊急事態には備えているが、日常には全く備えていない。,20170405
18031,6085,後からよりも。,20170309
44515,9828,サンフランシスコはかつての姿ではなく、そして決してそうではなかった。,20171222
44515,1837,「三重アイソ分岐クリプトンゲートMOSプロセス…」,20170611
78968,7297,"
",20170509
78968,9130,一つ。,20170926
23103,5999,物忘れ：神が債務者に、,20180421
23103,5157,覚えておけ、UNIXを逆から綴るとXINUになる。,20180425
38657,1390,ベアメタルで。アプリケーションプログラミングは、システム,20170501
38657,8029,-- リリー・トムリン,20170206
38657,1194,それは続かなかった。悪魔が「ホー！」と叫び,20170917
64249,5469,それは続かなかった。悪魔が「ホー！」と叫び,20180106
61501,1194,「新発売」および／または「改良」と表示されたものは、そうではない。その表示は,20171018
62617,1925,"Brain fried -- Core dumped
",20170825
62617,2731,死ぬ：突然罪を犯すのをやめること。,20170809
62617,9828,カリフォルニアは住むには良い場所だ――もしあなたがオレンジなら。,20170623
87970,7854,-- ハーバート・プロクナウ,20171118
81062,1994,本物のプログラマーはPASCAL、BLISS、ADA、その他赤みがかった,20171128
81062,8418,自己中心主義とは、親切な自然が痛みを和らげるために与える麻酔である。,20170107
70050,7386,本物のプログラマーはPL/Iでは書かない。PL/Iは,20171115
33866,6275,光の速さより速いものはない…,20171119
33866,7454,花嫁：幸せな未来を背後に持つ女性。,20171103
80185,9406,質問：,20170419
22931,4246,ユーカリの木の中で。,20170903
22931,149,彼らは私を偏執病に見せようとしているだけだ！,20170526
73204,1878,良い忠告とは、悪い手本を示すには年を取りすぎた男が与えるものである。,20171023
73747,2792,ジョニーは祭りからなかなか帰らない。,20180403
73747,2924,"        While her lover lamented
",20170730
79461,6186,主は、もしそうでなければ、なぜ我々にこれほどの素早い動きを与えられたのか。,20170707
79461,2054,時々子供っぽくなれないなら、大人である意味はない。,20171008
79461,9267,太陽は海の上で輝いていた。,20170618
90502,2153,何もない。,20170910
76568,7386,バグを修正し、再びダンプする：,20180105
76568,1028,一つ。,20170616
76568,3992,きわどいアリアを専門とする歌姫は、オフコロラトゥーラソプラノだ…,20180416
24148,3114,ミニーマウスは迷路を覚えるのが遅い。,20170116
70028,610,誘惑を取り除く唯一の方法は、それに屈することだ。,20171017
70028,2809,ダイヤルトーンを求めて。,20170115
70028,3190,"        when someone inadvertently opens the darkroom door and all of
",20171019
13781,5323,非公式なものから公式なものへ、公式な手段で進むことはできない。,20171223
13781,5971,持ち帰り試験を与えられると、どこに,20170727
40637,8898,今夜は家族のことを考えなさい。,20170120
68244,2506,人生。,20170709
42236,1714,歴史の第一法則：,20170601
16266,8158,すべてのプログラムは、他のプログラムの一部であり、めったに適合しない。,20180130
16266,5061,それらに15セントを請求する。,20170218
69079,2362,左にシフト！右にシフト！,20171024
66636,2526,電球を交換するのに、ハードウェアエンジニアは何人必要か？,20170526
66636,7837,「どうして知るものか？私は何だ、哲学者か？」,20170805
18935,842,アレクサンダー・グラハム・ベルはニューヨークで健在で、まだ,20170901
39366,3137,良い忠告とは、悪い手本を示すには年を取りすぎた男が与えるものである。,20170519
11822,5727,それは彼らが徹夜していたからだ。,20180110
11822,3904,今夜はコウモリに餌をやらないで。,20170930
54451,8576,コンピュータにゴミを入れれば、ゴミしか出てこない。しかし,20180120
54451,9159,噂されていないことだ。,20171004
54451,1714,3) 「もしお前が自分で思うほど賢いなら、,20180501
61968,4193,全く価値がない。,20170727
12329,515,そして彼女の内部でリンゴ酒を作った。,20170203
12329,9621,-- ウォルト・ケリー,20171226
89077,7262,今夜がその夜だ：ユーカリの木で眠れ。,20170305
34690,2581,知る価値がない。,20171029
81204,9784,父親は幼い息子に尋ねた。,20170108
81204,994,第二法則：働くことで達成できる最大のことは、,20180225
54031,8025,年：365回の失望の期間。,20170222
54031,4652,プログラミング言語。,20180401
54031,622,「演技とは、観客に,20170509
48498,8785,それは彼らが徹夜していたからだ。,20180317
45317,3992,歴史の第一法則：,20171113
45317,3151,神は死んでいない、ただ駐車スペースを見つけられなかっただけだ。,20170930
39717,4464,エラーのない重要な手紙は、,20171205
39717,6463,コンピュータにゴミを入れれば、ゴミしか出てこない。しかし,20170204
39717,7181,歩行者。,20180316
96078,8538,暴力は無能な者の最後の砦である。,20170718
96078,9126,コンピュータが人間より多くの仕事をこなせる一つの良い理由は、彼らが,20170910
96078,792,"Whether you can hear it or not
",20170131
18886,5512,幸運の女神が意図したように,20171217
18886,9362,それが作った。,20170923
18886,6114,あなたは仕事のことで心配しすぎだ。やめなさい。あなたは十分に給料をもらっていない。,20170120
91414,2984,"A city is a large community where people are lonesome together
",20171114
91414,5030,対処法を知らないエラー条件をテストするな。,20171017
91414,8759,時間とは、すべてが同時に起こらないようにするための自然の方法である。,20170226
85636,7378,腐敗した少数による、無能な多数の任命。,20170907
85636,6437,なし。「ユーザーが解決できるだろう。」,20170813
92229,1563,午後は明るくなるだろう。警官があなたの顔にライトを当てるから。,20170627
92229,2151,ダクトテープはフォースのようなものだ。光の側面と闇の側面があり、,20180313
92229,1066,カミソリは痛い。,20170910
97367,8538,彼は、注文していない付け合わせでも見るかのように私を見た。,20170312
97367,4004,姉妹や近親者が弾くピアノよりも迷惑だ。,20180416
24809,2365,エネルギーを節約せよ：無関心であれ。,20170520
24809,8909,コンピューティングの第43法則：,20170105
24809,4223,どういうわけか高貴なものとされ、誰もそれを批判しようとしない。,20171020
99835,1567,「演技とは、観客に,20170831
99835,5282,年齢に敬意を払え。たまには良いスコッチを飲め。,20180201
91547,8061,あなたのアナリストはあなたを別の患者と混同している。信じてはいけない。,20170303
49043,7182,おそらく、広告看板が落ちてこない限りは,20170212
49043,1519,「率直に申し上げましょう、ムッシュ。あなたを,20170626
64329,4235,彼に起こるありふれたこと。,20170516
64329,1783,人々はお一人様一点限りのものなら何でも買う。,20170909
64329,2594,書くこと。,20180302
83744,5606,好機は常に、最も不都合な瞬間に訪れる。,20170806
83744,816,私は木を全く見ることがないだろう。,20170924
83744,8666,暇な時間に現金を稼ごう――友達を脅迫せよ。,20180310
20929,1127,成功の秘訣は誠実さだ。それを偽ることを学べば、,20170604
20929,5385,パタパタ、ばたばた、ぱたん,20170911
20929,8548,キッシュと綴る。彼らはトゥインキーや四川料理を食べる。,20170822
20481,9615,それがエネルギーに変換されるとき？,20180122
30881,418,今日は旅行が重要。明日、国税庁の役人が来る。,20170418
30881,624,非常に経済的な宇宙へ。,20171026
30881,1163,理解するのが難しいだろう。,20180326
43210,6625,-- ソーパー上院議員,20170921
43210,5659,-- ペギー・ジョイス,20171114
92272,3199,ダンという名の若い詩人がいた,20180202
69632,1143,SQL交響楽団コンサート,20171008
69632,1143,SQL交響楽団コンサート,20180228
69632,1143,SQL交響楽団コンサート,20170221
69632,1143,SQL交響楽団コンサート,20180208
43352,690,「お前は母親のような男には決してなれない！」,20170630
15202,5927,助けを必要としている旧友をがっかりさせるには良い日だ。,20180501
15202,2404,あなたが置いた場所から、見つけられない場所へ。,20170820
15202,4240,感嘆：他人が,20170802
85349,3357,歩行者。,20170824
85349,5772,誰でも扱えるように作ることはできるが、,20170205
85349,3137,私は聴衆に、彼らがなしうる最善のことは,20170803
48987,8207,"
",20171112
35707,2595,臆病者：危険な緊急事態に足で考える者。,20170303
45860,8666,-- ケーログ・アルブラン,20180408
68584,7478,チャイルドプルーフキャップに苦労するのは大人だけだ。,20180419
68584,8455,それが何であれ、私は再び結婚するだろう。,20180415
68584,587,「素晴らしい！この半,20170428
89217,3471,私にできること。」,20170805
51841,8932,失敗への対処は簡単だ。改善するために努力する。成功もまた,20170315
51841,8061,ブラッドリーの陳腐な言葉：,20170518
51841,2207,人生はヨーヨーで、人類はその糸に結び目を作る。,20170210
91862,7523,脳は素晴らしい器官だ。あなたが起きた瞬間に働き始め,20180409
60956,1552,優越性は劣性である。,20170714
60956,4520,法は、その荘厳な平等において、富める者にも,20170921
60956,1386,大統領や王から地の果てのクズまで…,20170706
98627,719,彼は、注文していない付け合わせでも見るかのように私を見た。,20180419
72302,6852,電気技術者はより少ない抵抗でやる。,20180410
72302,9373,やるべきことを先延ばしにするのに、今ほど良い時はない。,20171227
86610,6625,瓦礫を跳ねさせる,20171228
86610,8476,-- オスカー・ワイルド,20170621
86610,1675,まあいい、全部の卵を一つのカゴに入れちまえ。,20170510
66584,9564,真に賢い者は、決してユニコーンと馬跳びをしない。,20170423
66584,3225,"
",20170923
53668,2151,風呂に入る…,20170801
65193,1143,SQL交響楽団コンサート,20171005
65193,1143,SQL交響楽団コンサート,20170606
37237,7990,道徳的にハンディキャップのある人を雇いなさい。,20171116
62684,3973,-- マーク・トウェイン,20171121
60060,6789,-- アルベルト・アインシュタイン,20171112
60060,2993,"        A new hydrocarbon
",20180206
60060,6579,系論：,20170818
62032,7535,服を着替える。登山はOKで、本物のプログラマーは,20170125
62032,1701,キッシュと綴る。彼らはトゥインキーや四川料理を食べる。,20180323
62032,9427,自分がどこにいるか気にしないなら、迷子ではない。,20170809
96967,8716,起こる。,20171218
47100,6982,歴史の第一法則：,20171127
47100,7331,道徳的にハンディキャップのある人を雇いなさい。,20170223
14295,2652,彼らがそうあるべきであると。ゆえに、スキタイ人の間では、,20180119
14295,5011,"不在者：収入があり、""",20180114
14295,2295,ああ、決して、決して疑うまい,20170618
65808,1675,あなたは大きな音に驚くだろう。,20170826
65808,8059,恋は感傷的なはしかである。,20170822
70361,8716,決して立ち止まって電話に出る必要がない。,20170703
78709,2195,カリフォルニアは住むには良い場所だ――もしあなたがオレンジなら。,20180320
78709,9917,「なぜ足の甲に特別な名前がないんだろう？」,20170116
78709,5519,数学の法則が現実に関わる限り、それらは,20170912
44220,5151,結果が事前に分かっていない限り、資金提供機関は,20180127
44220,3218,「結婚（Matrimony）は言葉じゃない、宣告（sentence）だ。」,20170123
44220,5004,午前中は新しいプロジェクトに青信号。午後は交通に赤信号。,20170304
61256,3266,もう一方には責任が。,20180113
74037,9162,理解するのが難しいだろう。,20170920
74037,7792,民主主義とは、,20170225
74037,8521,変化。,20180202
60944,3357,ガンジー：それは良い考えだと思う。,20180119
60944,709,その道を。,20170123
75804,2311,タイプライターは、感情を込めて演奏されると、,20170623
75804,7351,ゼロックスは決して独創的なものを生み出さない。,20180213
75804,4286,サラダにとってのニンニクが、芸術にとっての狂気である。,20180309
16089,2306,-- エルバート・ハバード,20170103
80647,1581,現実は幻覚の障害である。,20170605
80647,7862,団体では、すべてのメンバーを名誉あるものとして言及するのが通例である。例えば、「,20170404
69989,1830,この種のゴミ。,20170609
69989,1107,靴。,20170715
80216,8785,赤ん坊とは、一端に大きな声、もう一端に,20171211
80216,5294,パリティがわずかに失われている。,20170517
10723,2110,質問：,20170618
87221,2953,-- サルヴァー・ハーディン,20170202
87221,7705,短い針が…にある。,20170113
24173,6982,"It's because I try to put every possible syllable into that last line
",20171024
62915,3652,"        The apple fermented
",20171209
62915,9162,道徳的にハンディキャップのある人を雇いなさい。,20171001
30790,8498,ハンディキャップのある。,20170721
30790,1999,人間は、,20180102
30790,8029,-- ビル・ホースト,20170515
77114,8979,12歳以降に。,20180301
77114,6229,もしそうなら、そうなるだろう。しかし、そうではないから、そうではない。それが論理だ！,20170225
77725,6184,素人のためのプログラミングに関する最高の本は『不思議の国のアリス』だ。,20170401
62561,8504,永遠を傷つけずに時間を潰すことはできない。,20170816
62561,7275,民主主義とは、国が一流の経営の下で何ができるか疑問に思うことが許される統治形態である。,20170729
75702,6503,トゥルナウカの法則：,20171217
75702,6801,咳き込んでいる。」,20170721
75702,9880,英語では、すべての単語を動詞化できる。我々の,20170913
48867,988,釘。,20180109
40112,5880,アコーディオン：プリーツ付きのバグパイプ。,20180311
36344,1381,"There's no future in time travel
",20170916
36344,482,ああ、決して、決して疑うまい,20180329
36344,6869,チケット。,20180301
62842,1143,SQL交響楽団コンサート,20170603
62842,1143,SQL交響楽団コンサート,20171017
18718,488,分子生物学者はデザイナー遺伝子（デザイナーズジーンズとの掛詞）を身に着けるのか？,20171020
18718,3384,午後は明るくなるだろう。警官があなたの顔にライトを当てるから。,20170903
62055,6753,電球を交換するのに、禅師は何人必要か？,20180102
62055,3251,皮肉屋：物事をありのままに、あるべき姿ではなく見る、欠陥のある視力を持つ悪党。,20171228
16793,9406,"There was a young lady from Hyde
",20180120
96352,9406,「今こそすべての善良な人々が立ち上がる時だ。」,20170212
96352,1190,非戦闘員：死んだクエーカー教徒。,20170101
45154,5383,壊れないおもちゃは、他のおもちゃを壊すのに役立つ。,20171029
22460,8040,大酒を飲むには最高の日。オフィスのウォータークーラーに酒を入れろ。,20171226
22460,1404,不在：友人や知人の攻撃にさらされること。中傷されること。,20170321
47556,174,誰を信じる？,20170226
47556,7459,本物のプログラマーは仕様書を書かない――ユーザーは,20170621
47556,3187,点。,20180123
72458,3266,シャボン玉？,20171013
61529,2092,-- オスカー・ワイルド,20171030
61529,3904,しばらくハリケーンに近づかないように。,20180116
61529,674,"BLISS is ignorance
",20170929
78394,276,反意語：あなたが考えようとしている言葉の反対。,20180419
78394,1438,-- ベラミー・ブルックス,20180208
32199,2679,"
",20170901
32199,5061,目…」,20180119
32199,4554,アシッド――化学を通じたより良い生活。,20170516
16661,2918,ワッフルにかけたことがある。,20170127
16661,8657,記者（マハトマ・ガンジーへ）：ガンジーさん、,20170105
16661,9335,覚えておけ、UNIXを逆から綴るとXINUになる。,20180109
31634,4112,医者があなたの症状に名前を付けたからといって、彼が,20170430
31634,2054,名誉ある紳士は卑劣な犬である。」,20180118
31634,8753,愚かさ。,20170105
39439,1994,死ぬ：突然罪を犯すのをやめること。,20180404
39439,2863,プロジェクトMACを通り過ぎたとき,20180106
81650,6653,上司がそれを読んでいる。,20170210
50228,6136,大西洋を、口に動詞をくわえて。,20170410
50228,1266,-- ハーバート・フーバー,20180127
50228,7927,丸一日得られない。可能な限り2月は避けよう。,20170415
92642,6136,もし神が完全なら、なぜ不連続関数を創造されたのか？,20170605
76163,4612,青リンゴを食べて死んだ。,20170121
76163,1753,彼らがそうあるべきであると。ゆえに、スキタイ人の間では、,20170225
76163,3755,瓦礫を跳ねさせる,20180201
14314,7862,それは完全な損失だった。,20170602
14314,1921,暇な時間に現金を稼ごう――友達を脅迫せよ。,20171130
14314,8925,熱力学の三法則：,20170512
90150,7466,運勢：セグメンテーション違反――コアダンプ,20170610
90150,1859,ミニーマウスは迷路を覚えるのが遅い。,20171014
25698,9669,提案を拒否する。,20170106
25698,8773,-- ジョー・ウォルシュ,20180316
25698,9434,少年：泥のついた騒音。,20170705
89199,4675,-- ドクター・フー,20180119
89199,1107,我が国には良い5セント葉巻がたくさんあるが、問題は,20170920
89199,7258,何をしているかわからないときは、きれいにやれ。,20170204
10239,3357,ウィル・ロジャースが言ったように、「無料の,20170830
10239,3322,-- 『銀河ヒッチハイク・ガイド』,20170116
24979,3779,慰謝料とは、二人が過ちを犯したとき、そのうちの一人が,20170424
24979,7028,-- フレッド・アレン,20180113
24979,515,「ダイエット」,20170424
21886,718,デュシャームの公理：,20180113
21886,6869,彼を。,20170318
21886,8187,酵素とは、生物学者が発明したものであり、,20171115
45678,7609,今夜は料理するな――今日ネズミを餓死させろ！,20180327
31110,4683,知る価値がない。,20170912
31110,7994,すべてが可能だが、,20170517
31110,7390,アメリカは、野蛮から飛躍した国としてユニークかもしれない。,20170102
74741,5003,今日は大きな嘘をつくな。小さな嘘でも同じくらい効果的だ。,20180211
74741,6178,失敗への対処は簡単だ。改善するために努力する。成功もまた,20170609
74741,6517,"        when someone inadvertently opens the darkroom door and all of
",20180415
76420,1144,ミッキーマウスはスピロ・アグニューの腕時計をしている。,20180101
15171,2526,新しい町。,20171008
99862,6571,今夜はユーカリの木で眠るな。,20170704
28404,5287,あなたは賢く、機知に富み、素晴らしいが、あまりに多くの時間を,20170325
28404,5851,多数派：犯罪と法律を区別する性質。,20170623
46720,3779,最新の公式数値によると、全統計の43%は,20170601
52023,1728,"Death is nature's way of telling you to slow down
",20171011
52023,2668,-- バート・ウィットニー,20170425
67174,8433,非常に経済的な宇宙へ。,20180321
29387,8131,時々子供っぽくなれないなら、大人である意味はない。,20180203
29387,8152,解決策ではなく、問題を修正する。,20171210
95299,8576,Fortranが存続し続ける可能性。,20170714
24651,488,-- ルイス・キャロル,20171225
62779,5753,-- マクスウェル・スマート,20170314
62779,2153,鍋は向こうの端にある。,20171007
62779,7820,しかし、我々は熱意のあまり、,20180308
32786,5101,"Fruit flies like a banana
",20170313
78537,1581,注意：呼吸はあなたの健康に有害な場合があります。,20180121
51493,4913,そしてそれ以来、ベンゼン（been seen=見られたとの掛詞）になったことはない。,20171121
79506,4913,午前中は新しいプロジェクトに青信号。午後は交通に赤信号。,20171017
79506,2501,自由で、オープンで、陽気であれ！楽しめ！事態はこれ以上良くならないから,20180322
73630,517,-- ルイス・キャロル,20170118
73630,8657,自然な傾向に屈せよ。憎らしく、退屈であれ。,20170603
73630,8421,経済学者の間では、現実世界はしばしば特殊なケースである。,20170804
76078,8569,外交官とは、妻に,20170703
76078,7262,経験を共有しようとするカリフォルニア人。,20170421
76078,5810,ディスク上に101ブロックのゴミ！…,20170617
81358,2735,捨てられる運命にある：重要なのは、常にそれを,20180424
81358,5162,非常に経済的な宇宙へ。,20170402
81358,1166,興味深いものは何も簡単ではない。,20180426
18315,6114,電球を交換するのに、ハードウェアエンジニアは何人必要か？,20170306
18315,6986,彼らは通常、処女を,20170602
34169,8342,システム、その主要な弱点がすべて露呈した,20180403
34169,363,提案を拒否する。,20180312
34169,1393,"Murphy would be there to tell me
",20171101
81727,6210,爆弾。,20171219
81727,3647,体の方が良い。,20170811
81727,871,"enough cheese
",20170726
39182,9162,多数派：犯罪と法律を区別する性質。,20170731
39182,2573,-- オスカー・ワイルド,20170110
90134,5517,-- バート・ウィットニー,20170409
90134,1393,"God is a comic playing to an audience that's afraid to laugh
",20171006
96595,6015,デバッグセッション。,20180427
96595,6722,それは宇宙を一つにまとめている…,20180322
23393,8631,"Death is nature's way of telling you to slow down
",20170914
11084,1519,未来の仕事は危険であることだ。,20170624
11084,7401,世界がかつて見たことのない。,20170527
11084,3357,そして雨が降り出した途端にそれを返して欲しがる。,20180422
89180,5702,勇気を奮い起こせ！他のものは全部台無しにしたんだから。,20170114
89180,2513,最悪な一日を過ごすには最高の日だ。,20170602
32828,1295,世界がかつて見たことのない。,20180206
32828,515,相手のエラーの原因を取り除くこと。,20170921
32828,9773,"Murphy would be there to tell me
",20170929
50978,339,-- ウィンストン・チャーチル,20171016
50978,3357,ゼロックスは決して独創的なものを生み出さない。,20170523
50978,9776,なし。「ユーザーが解決できるだろう。」,20171223
42626,8566,政府などない方がましだ。,20180304
10401,8620,考えてみろ！VLSIがあれば、1平方センチメートルに100台のENIACを詰め込める！,20170705
10401,6845,写真の第三法則：,20170708
98237,7338,マクガワンのマディソン・アベニュー公理：,20170901
98237,6517,"        Every instructor assumes that you have nothing else to do
",20180112
29236,4429,"The Universe is laughing behind your back
",20170509
17047,7420,逆もまた然り。,20180423
17047,1670,エラーのない重要な手紙は、,20170621
69248,5517,ヴェリリンドの実験の法則：,20170706
69248,1960,時間だ！」,20170331
40152,4381,聞くことすべて、あるいは言うことすべてを信じるな。,20170818
40152,3635,-- ペギー・ジョイス,20170524
40152,5585,"BLISS is ignorance
",20170621
46586,5867,すべてのプログラムをRPGで実行する！,20180401
46586,5590,誰を信じる？,20170126
46586,8010,柔和な者は地を受け継ぐだろう――彼らは弱すぎて断れないのだ。,20180127
28666,5478,上司がそれを読んでいる。,20170421
28666,6436,メニュー：レストランがちょうど品切れにした料理のリスト。,20170209
43561,1054,"to justify God's ways to man
",20180114
43561,3826,"THE GOLDEN RULE OF ARTS AND SCIENCES
",20180126
11252,3218,歌手がいなければ、オペラはどれほど素晴らしいだろう。,20180318
11252,1106,-- ウィンストン・チャーチル,20170911
11252,3156,もう一方。,20170509
46918,4961,事故：心の落ち着きは良いが、,20170510
46918,2230,6ヶ月ごとに。,20170115
82547,8513,症状、兆候、バグ、そしてハック。,20170205
82547,2147,-- ケーログ・アルブラン,20170921
82547,1163,国が一流の経営の下で何ができるかを声高に。,20170413
90348,6131,（ウェイター退場、そして再登場）,20170603
90348,9046,神は練習のために愚か者を作り、そして教育委員会を作った。,20171019
90006,3589,-- チャーリー・マッカーシー,20171010
90006,9335,割り、掛け、そして引くだろう。,20171117
54617,6595,プログラマーが英語で書けるようにすれば、,20170115
54617,3737,そしてこれはとても奇妙だった、なぜならそれは,20180318
54617,7378,酵素とは、生物学者が発明したものであり、,20170114
85306,9776,1ビットたりとも取るな！,20170220
85306,9681,彼を。,20171108
85306,2886,馬鹿：人間社会において影響力を持つ、大きくて強力な部族のメンバー。,20170110
50036,4930,科学には何か魅力的なものがある。人はそのような卸売りの,20171112
50036,8193,反意語：あなたが考えようとしている言葉の反対。,20171008
59449,9126,批判するが、もし皆に嫌われたら、あなたも偏執病になるだろう。,20180114
59449,9432,会話：息を切らしている方が,20170917
59449,8826,-- 愚者の辞書,20170702
73316,4063,中傷された。,20170816
73316,9791,学生たちの中に。,20170313
41285,6131,彼があなたに言うこと。,20170809
32006,6185,信仰とは、ピクニックでブラックベリージャムを食べることを可能にする資質である。,20180203
32006,2110,A: 3人。1人が電球をねじ込み、2人がそれを邪魔する者たちを追い払う。,20180221
39250,257,彼女は彼に、,20170608
39250,9771,カミソリは痛い。,20171104
39250,6129,旗。,20180419
70033,2350,"一目惚れは、""",20180430
67482,4986,バグを修正し、再びダンプする：,20180111
67482,2306,さえ。,20171221
67482,6612,警句があるなら、メタ警句もなければならない。,20171125
49854,8663,新しい議員たちは政府を立て直すと言っている。私は,20170927
49854,7416,花嫁：幸せな未来を背後に持つ女性。,20180131
49854,4476,運勢：セグメンテーション違反――コアダンプ,20180211
33060,8360,「この核軍拡競争を続けるなら、君たちがやることは,20170617
59086,2731,-- ラ・ロシュフコー,20170721
59086,8207,野心とは、怠けるほどの分別がないことの粗末な言い訳である。,20180211
70397,7420,医者があなたの症状に名前を付けたからといって、彼が,20171205
70397,1329,今日は象の唇にキスをするな。,20170919
70397,3137,"Time flies like an arrow
",20180217
78284,2092,-- ヘンリー・キッシンジャー,20180411
92983,3378,無政府状態は最良の統治形態ではないかもしれないが、,20170104
42573,8504,"If I traveled to the end of the rainbow
",20170825
42573,4554,パタパタ、ばたばた、ぱたん,20170904
75141,6571,相手のエラーの原因を取り除くこと。,20170901
75141,9319,午後は明るくなるだろう。警官があなたの顔にライトを当てるから。,20171127
75141,8576,システム、その主要な弱点がすべて露呈した,20180223
74910,1978,我々自身。,20180411
89614,1728,さえ。,20180202
89614,363,"He did his very best to make
",20170201
89614,4659,柔和な者は地を受け継ぐだろう――彼らは弱すぎて断れないのだ。,20170421
22828,9621,腐敗した：政治において、信任または利益のある職に就くこと。,20170425
22828,2716,"Fruit flies like a banana
",20170223
22828,703,神を。,20171213
17394,61,それがいかに走るか見よ！それがいかに走るか見よ！,20180224
17394,2792,ウィル・ロジャースが言ったように、「無料の,20170606
17394,2210,ベアメタルで。アプリケーションプログラミングは、システム,20180407
80306,4429,そして徹夜した。,20170702
80306,4239,-- アラン・パーリス,20170731
80306,3209,-- エレノア・ルーズベルト,20170914
82637,2270,物事は今よりも昔のようになっている。,20180324
82637,8949,大西洋を、口に動詞をくわえて。,20170904
83678,7351,エキサイティングなデラウェア、ニュージャージー。（バリー・フレッチャーの故郷！）,20170413
83678,9673,ユーザー空間と同じようにカーネル空間でも！,20170609
83678,1520,その詩は決して韻律に合わなかった。,20170722
27902,3137,Fortranが存続し続ける可能性。,20170802
81128,8061,他人があなたのことをどう思っているか心配するな。彼らは,20170320
81128,9775,1分がどれだけ長いかは、トイレのドアのどちら側にいるかによる。,20170622
24769,9190,そして先月分を前払いで。,20170611
24769,9934,覚えておけ、UNIXを逆から綴るとXINUになる。,20180330
24769,1306,提案を拒否する。,20180124
98742,1306,「ダイエット」,20180316
98742,6965,"不在者：収入があり、""",20170720
61303,7454,主は、もしそうでなければ、なぜ我々にこれほどの素早い動きを与えられたのか。,20180425
26718,3441,1ビットたりとも取るな！,20170615
26718,1794,"Computer programmers do it byte by byte
",20171022
93494,1574,-- グルーチョ・マルクス,20171030
93494,9159,もう一方。,20170707
93494,1193,プログラミング言語。,20170117
39895,5560,馬の分別とは、馬が,20171028
28696,6022,どんな組織にも、常に一人は知っている人がいる。,20170329
28696,5772,本物のプログラマーのプログラムは、最初は決して正しく動かない。しかし、もしあなたが,20170124
11440,5145,弾丸に免疫がある」,20180327
11440,5240,ディスク上に101ブロックのゴミ！…,20171109
62004,3351,有名な最期の言葉：,20170930
67494,8631,起こる。,20180405
67494,8158,不在：友人や知人の攻撃にさらされること。中傷されること。,20170908
67494,2640,今年はハンニバル・デーを祝おう。象を昼食に連れて行け。,20170522
15652,1295,人間は赤面する唯一の動物である――あるいは、そうする必要がある唯一の動物である。,20170628
55271,4876,本物のプログラマーはPL/Iでは書かない。PL/Iは,20170527
55271,3123,-- マーク・トウェイン,20170211
26334,9372,"        But this output can be
",20170925
26334,5561,A: 3人。1人が電球をねじ込み、2人がそれを邪魔する者たちを追い払う。,20170629
23069,2443,している。,20170731
23069,5388,私は未来を見たが、それは現在と全く同じで、ただ長いだけだった。,20170823
23069,4291,"I must have slipped a disk -- my pack hurts
",20170511
78264,5313,興味深いものは何も簡単ではない。,20171123
73410,1623,-- R・ガイス,20171022
73410,2230,-- エルバート・ハバード,20170709
73410,6815,神は練習のために愚か者を作り、そして教育委員会を作った。,20170731
35575,3992,ハチドリは歌の歌詞を決して覚えない。,20170822
35575,4149,-- ラザルス・ロング,20180427
35575,2595,ディスク上の99ブロックのゴミ,20170419
99672,85,全くプログラムを手に入れられず、手に入れたものを受け入れる。,20170108
99672,8306,自動化？,20171115
49778,9260,客1：「紅茶をください」,20171124
49778,8131,行方不明者になる絶好の機会。,20170923
49778,6938,彼らは私を偏執病に見せようとしているだけだ！,20170226
37345,5135,彼を。,20180301
37345,8542,アシッド――化学を通じたより良い生活。,20180226
14297,712,"Murphy would be there to tell me
",20180305
67210,5104,デバッグセッション。,20170427
67210,1028,誰でも扱えるように作ることはできるが、,20170315
55767,2886,モリソンの官僚主義仮説：,20180102
55767,4723,我々自身。,20170421
55767,8084,-- ケーログ・アルブラン,20170515
28386,1643,-- ウディ・アレン,20170516
28386,2044,慰謝料とは、二人が過ちを犯したとき、そのうちの一人が,20171026
28386,5648,最適化は進化を妨げる。,20171101
16647,5043,多数派の側にいることに気づいたときはいつでも、,20180125
16647,4287,人間は赤面する唯一の動物である――あるいは、そうする必要がある唯一の動物である。,20170724
97027,6063,シャボン玉？,20170509
97027,1365,"算数とは、""",20170527
75273,9130,爆弾。,20170906
75273,5517,写真の第三法則：,20170414
87542,8925,午後：我々がどうやって,20170320
45444,786,-- ジョン・バリモアの最期の言葉,20171025
45444,5155,爆弾。,20171110
97675,9167,さもなければ、より難しい思考を必要とする。,20170303
70558,7227,-- ヘンリー・キッシンジャー,20170224
70558,4913,幸運の女神が意図したように,20170725
70558,9126,もし誰かが、私がいつか教皇になると言っていたら、私は,20170128
64129,3737,外交とは、石を見つけるまで「いい子だね、ワンちゃん」と言い続ける技術である。,20170808
64129,8785,ファッションとは、あまりに耐え難い醜さの一形態であり、我々はそれを,20180227
27170,7331,男たちは黙ってお茶をすすっていた。しばらくして、不器用な男が,20171225
27170,4149,恩知らず：餌を与えてくれた手を噛み、そして文句を言う男。,20170827
14821,4470,-- ケーログ・アルブラン,20180404
66191,1925,事柄は常に支配的で制御的であった。,20170511
66191,5388,許可を得るより許しを得る方が簡単だ。,20171213
66191,9917,講師はプラナリアについて200ページを課すだろう。,20170620
47815,2183,暇な時間に現金を稼ごう――友達を脅迫せよ。,20170901
47815,8902,"        The apple fermented
",20170919
75648,8566,不在：友人や知人の攻撃にさらされること。中傷されること。,20180118
41177,1054,自己中心主義とは、親切な自然が痛みを和らげるために与える麻酔である。,20171002
41177,6447,「カルビン・クーリッジはプリマスから出た最も偉大な人物だった,20170705
24776,2924,終わる。,20171021
71418,7478,毛皮のコート。,20170220
71418,7390,"Familiarity breeds attempt
",20180323
71418,43,-- 『ドクター・フー』より、准将,20180402
64450,4961,弾丸に免疫がある」,20170324
98261,7862,5年間で、我々は一つの素晴らしいプログラミング言語を手に入れることができる。ただ,20170712
80837,6740,"
",20180326
36256,2731,"A city is a large community where people are lonesome together
",20170726
19985,2831,「最適化コンパイラにおけるレジスタ割り付け」,20180429
19985,8034,それに慣れろ。,20171223
75010,1960,「私がしてほしいことを言いなさい」と言ったら、彼にロリポップをあげなさい。,20180317
75010,5004,-- クラレンス・ダロウ,20171022
22988,3483,シルバーマンの法則：,20170427
22988,1600,文明に触れることなく退廃へ。,20180404
22988,7698,平均的な女性は、頭脳よりも美貌を望む。なぜなら、,20170220
45059,1190,インテリよ、団結せよ！失うものは君たちの黄身（yolks=yokes=束縛）だけだ。,20170119
45059,4837,ヴァン・ロイの法則：,20170620
49604,5560,"to justify God's ways to man
",20170425
49604,5043,批判するが、もし皆に嫌われたら、あなたも偏執病になるだろう。,20180101
49604,1909,シャボン玉？,20180429
57405,5972,ローマ帝国はなぜ崩壊したのか？事務所のラテン語は何？,20170111
57405,5089,死ぬことは非常に退屈で陰気なことだ。そして、君への私のアドバイスは,20170203
57405,8949,"        Every instructor assumes that you have nothing else to do
",20170825
19874,1599,共同制作：,20170513
19874,3,-- 愚者の辞書,20170113
92248,5469,そして先月分を前払いで。,20170304
92248,4965,-- マクスウェル・スマート,20170910
92248,9934,風呂に入る…,20170117
93026,1599,ミッキーマウスはスピロ・アグニューの腕時計をしている。,20170905
93026,3900,有名な最期の言葉：,20180111
23868,5124,めったにきれいではなく,20171006
23868,8341,文句は言えない、でも時々言ってしまう。,20170826
23868,1623,好機は常に、最も不都合な瞬間に訪れる。,20170713
32555,706,柔和な者は地を受け継ぐだろう――彼らは弱すぎて断れないのだ。,20180122
92334,5851,人を馬鹿と呼ぶな。彼から借りろ。,20170710
12376,1751,"It was the reader's CONS
",20171217
50214,5927,間違いはしばしば、完全な失敗への踏み石となる。,20170210
50214,3137,軍法は正義にとって、軍楽が音楽にとってそうであるようなものだ。,20170630
50214,1266,もし持ち込み可の試験を与えられたら、本を忘れるだろう。,20170406
97231,3896,「演技とは、観客に,20171026
97231,7780,-- オスカー・ワイルド,20180216
97231,8778,太陽は海の上で輝いていた。,20180316
70179,3570,しばらくサウスダコタでサーフィンをするな。,20170114
70179,3187,防衛運転をしろ。戦車を買え。,20171022
17676,4876,そしてこれはとても奇妙だった、なぜならそれは,20170901
21984,488,A: 3人。1人が電球をねじ込み、2人がそれを邪魔する者たちを追い払う。,20170307
21984,6515,もし良い写真が撮れたとしても、それらは台無しになるだろう,20171123
21984,7245,1981年、滑降スキーに最悪の月：1月。行列は,20170525
59377,374,今日は驚きが待っている。家賃もだ。,20170124
59377,2735,世界は終わる！悔い改め、図書館の本を返しなさい！,20171007
61933,2241,勇気を奮い起こせ！他のものは全部台無しにしたんだから。,20180401
61933,8566,馬の分別とは、馬が,20170910
77463,7862,不在：友人や知人の攻撃にさらされること。中傷されること。,20170620
77463,5616,終わる。,20170130
33443,1670,予定説は最初から運命づけられていた。,20170319
33443,6515,ゼロックスは決して独創的なものを生み出さない。,20180317
59099,6136,柔和な者は地を受け継ぐだろう――彼らは弱すぎて断れないのだ。,20170918
59099,2502,もう一方。,20171007
59099,4239,リストまたはオブジェクトデッキ。,20170626
79172,5294,脳（動詞）：[「脳する」のように]  bluntly に、しかし pointedly ではなく叱責すること。,20170122
79172,43,この国に必要なのは、良質な5セントのニッケル硬貨だ。,20170516
51204,6765,今日は何か変わったことをしなさい。請求書を払いなさい。,20180314
51204,2513,神は7日で世界を創造したのではない。6日間遊び呆けて,20170521
70413,8193,「率直に申し上げましょう、ムッシュ。あなたを,20170429
70413,3750,何もない。,20180106
70413,9177,-- ジョン・オハラ,20180106
14568,6656,彼を避けろ。彼は共産主義者だ。,20170624
14568,9346,コンウェイの法則：,20180225
84277,5867,マーフィーの法則が間違っている可能性があるなら、それは間違っているだろう。,20170206
84277,3826,リュシストラタは良いアイデアを持っていた。,20180110
84277,8650,すべてのプログラムには（少なくとも）二つの目的がある。一つは,20170523
40999,9673,"Vitamin C deficiency is apauling
",20170524
40999,3009,委員会――それが彼らを破滅させるだろう。,20180309
40999,8131,子供に装填済みの鯉で遊ばせるな。,20180223
33813,3204,とんでもない馬鹿であることの。,20170413
33813,7305,答えは42だ。,20171114
33813,2716,マクガワンのマディソン・アベニュー公理：,20170324
34373,515,確実である。そして、それらが確実である限り、それらは現実には言及しない。,20170611
54127,2167,悪意に帰するな、,20171205
20853,4290,午前中は新しいプロジェクトに青信号。午後は交通に赤信号。,20170419
20853,6210,人生をやり直せるかもしれない――もし最初の,20180110
83635,1552,ウェイター：「紅茶かコーヒー、どちらになさいますか？」,20170302
83635,8785,自然な傾向に屈せよ。憎らしく、退屈であれ。,20170611
83635,9828,Q: 電球を交換するのに、オレゴン州民は何人必要か？,20180215
93245,6894,-- マーク・トウェイン,20170709
93245,136,子供に装填済みの鯉で遊ばせるな。,20170327
91209,5628,今夜はコウモリに餌をやらないで。,20170227
97971,8804,もし神が完全なら、なぜ不連続関数を創造されたのか？,20171004
92028,1143,SQL交響楽団コンサート,20170524
99141,3517,左にシフト！右にシフト！,20170110
99141,9880,今年は幸運な日を過ごす。,20170916
99141,8949,主は、もしそうでなければ、なぜ我々にこれほどの素早い動きを与えられたのか。,20170904
20592,2924,「私の友人たちと私は皆、狂っている。それが我々を,20170805
20592,6463,もし神が我々に裸でいてほしかったなら、我々はそのように生まれていただろう。,20170713
20592,1520,経験を共有しようとするカリフォルニア人。,20170117
15161,2033,「今こそすべての善良な人々が立ち上がる時だ。」,20170421
15161,8977,時間とは、すべてが同時に起こらないようにするための自然の方法である。,20180311
97836,4063,-- ラザルス・ロング,20180429
97836,8559,三人の友人。もし彼らが大丈夫なら、あなたがそうだ。,20170927
97836,6377,"Advertisement: The most truthful part of a newspaper
",20170609
46919,7093,-- マーク・トウェイン,20170909
46919,6958,向かっている。,20170822
46919,4461,"        But she started absorbin'
",20180104
47024,3973,この国に必要なのは、良質な5セントの「何か」だ！,20180214
47024,9470,彼らがそれを売ってくれればいいのに。,20170322
73605,7927,平均的な男性は考えるよりも見ることの方が得意である。,20180114
71608,5925,-- アラン・パーリス,20180305
71608,8360,名誉ある紳士は卑劣な犬である。」,20180110
71608,3940,"God is not dead!  He's alive and autographing bibles at Cody's
",20180128
42084,4729,書くこと。,20171123
42084,3139,歩行者。,20170729
42084,8902,未来はまだら模様。夕方遅くにスープをこぼすだろう。,20180418
44829,8698,「今こそすべての善良な人々が立ち上がる時だ。」,20170606
44829,2227,ラー！ラー！ラー！,20170422
44829,4993,-- ジョー・ウォルシュ,20180106
96786,3865,システム、その主要な弱点がすべて露呈した,20170605
67340,8925,プログラマー。,20170504
99501,1329,-- ベルトルト・ブレヒト,20170321
99501,2089,今月は忘れられない月になるだろう――どんなに忘れようとしても。,20171209
99501,8078,電気コード。,20170622
76400,5829,"We wish you a Hare Krishna
",20170805
75635,6669,そして徹夜した。,20171009
75635,89,クリンクラーの第二法則：,20180304
53170,690,-- フレッド・アレン,20170708
53170,6437,愚かさ。,20170610
79357,7272,波は滑らかで輝いている――,20171201
79357,8335,重力は神話だ、地球は吸い込む。,20180326
79357,6229,知る価値がない。,20170913
84814,7454,それ。,20170307
84814,61,"Call Avogardo 6.02 x 10^23
",20170317
24551,2264,波は滑らかで輝いている――,20170326
99941,8698,最初で成功しないなら、諦めろ。とんでもない馬鹿になる必要はない。,20171016
99941,5201,とは全く関係がない。,20170123
17301,8433,瓦礫にすぎない,20180216
17301,4044,もし神が完全なら、なぜ不連続関数を創造されたのか？,20180224
17301,8932,"A limerick packs laughs anatomical
",20171221
33920,5753,は去ることだった。,20180402
77052,9388,-- マーク・トウェイン,20171227
17509,1329,「私の友人たちと私は皆、狂っている。それが我々を,20170325
17509,674,-- アルベルト・アインシュタイン,20170122
97268,9612,プロジェクトMACを通り過ぎたとき,20170107
97268,3187,人を馬鹿と呼ぶな。彼から借りろ。,20170125
65954,786,-- ウィンストン・チャーチル,20171111
65954,363,感情的に活発であれ。お気に入りの神経症に迎合せよ。,20170603
35292,3607,ジョニーは祭りからなかなか帰らない。,20170203
23064,5753,例。,20170220
23064,9626,芸術的な冒険が注目される。美術館を襲え。,20180427
66438,136,その講師のコースのために勉強することを除いて。,20180402
90272,8629,しかし、それは素人にとってあらゆる物事に関する最高の本だからだ。,20171217
90272,9347,電球を交換するのに、テックライターは何人必要か？,20170206
90272,2153,は一時的に中止されます。,20171222
53414,4938,臆病者：危険な緊急事態に足で考える者。,20170208
53414,6740,幸せな結婚をする方法は一つしかない。そして私が,20171012
59389,1923,我々のビデオプロセッサに『スタートレック3.2』をロードした。」,20171030
59389,1581,勇気を奮い起こせ！他のものは全部台無しにしたんだから。,20170912
59389,8538,「もっと必要になるまで、乗り切るのに十分なだけ必要だ。」,20171217
89749,6185,感嘆：他人が,20171212
97070,5270,彼を。,20170716
97070,6722,価格が大幅に上がったことを意味する。,20180330
97070,8421,ヌーディストとは、一つボタンのスーツを着る人々のことである。,20170107
36298,5727,両利きになるためなら右腕を差し出してもいい。,20170305
36298,4461,全くプログラムを手に入れられず、手に入れたものを受け入れる。,20171216
36298,1166,メビウスの輪の上のネズミ,20170812
98003,4583,そしてそれ以来、ベンゼン（been seen=見られたとの掛詞）になったことはない。,20170502
98003,649,貧しい人々が、橋の下で眠り、路上で物乞いをし、,20180419
23997,8949,本物のプログラマーはキッシュを食べない。実際、本物のプログラマーは,20180412
23997,7466,本物のプログラマーはFORTRANでは書かない。FORTRANは配管応力マニアや,20170830
23997,6184,文句は言えない、でも時々言ってしまう。,20180416
85035,1623,経済学者の間では、現実世界はしばしば特殊なケースである。,20180314
85035,5561,誰でも扱えるように作ることはできるが、,20171019
66441,9529,時間とは、すべてが同時に起こらないようにするための自然の方法である。,20170416
68286,8836,-- イザヤ,20171005
68286,7181,経済学者の間では、現実世界はしばしば特殊なケースである。,20171116
68286,70,-- オスカー・ワイルド,20170819
34773,1783,事故：心の落ち着きは良いが、,20170316
34773,541,-- ギゴ,20171125
34773,5593,神は7日で世界を創造したのではない。6日間遊び呆けて,20171006
93409,4491,団体では、すべてのメンバーを名誉あるものとして言及するのが通例である。例えば、「,20170207
93409,6740,プロジェクトMACでの損失はどれくらいか？,20170218
93409,6815,すべての兆候には7つの症状があった。,20170210
79778,9188,コンピュータがクラッシュする。,20170815
79778,295,"to justify God's ways to man
",20171205
62841,3810,"
",20180302
72649,3123,-- ヒレア・ベロック,20170719
85813,9260,"We wish you a Hare Krishna
",20171013
38057,6156,結果が事前に分かっていない限り、資金提供機関は,20170201
38057,1520,"I think that I shall never see
",20171107
38057,2984,生きている方がましだ。,20180330
26656,5999,失敗への対処は簡単だ。改善するために努力する。成功もまた,20180104
26656,129,外交官とは、妻に,20170625
26656,8249,"Paul Revere was a tattle-tale
",20170820
47612,5396,死ぬ？とんでもない、友よ。バリモア家はそんな,20170423
44271,1389,それがいかに走るか見よ！それがいかに走るか見よ！,20171127
44271,4283,瓦礫を跳ねさせる,20170111
44271,2350,愚かさ。,20171219
72700,4491,-- ラザルス・ロング,20170929
72700,9917,噂されていないことだ。,20180206
72700,2365,時々、無実の人が議会に送られる。,20170919
45958,3992,弾丸に免疫がある」,20170718
80544,5030,聞くことすべて、あるいは言うことすべてを信じるな。,20170213
80544,6659,いかにしてそうしないかを教えられなければならなかっただろう。偉大なプログラマーも同様である。,20170908
82700,7130,すべてはトップダウンで構築されるべきだ、最初の時を除いては。,20170624
82700,4240,"God is not dead!  He's alive and autographing bibles at Cody's
",20170128
41968,8172,ツバメがカピストラーノに着陸するのを手伝おう。,20170121
41968,6845,オーレオマイシン、コカイン、インターフェロン、そしてTLC。チキン,20180214
53025,4781,ジョージ・オーウェルは楽観主義者だった。,20170626
53025,2513,ハンロンの剃刀：,20171026
86771,6503,-- W・サマセット・モーム,20170510
86771,1365,あなたは尾行されている。数日間はいかがわしい行為をやめなさい。,20180423
86771,8997,「この核軍拡競争を続けるなら、君たちがやることは,20170903
27345,346,政治家がつまらない人物であればあるほど、彼は,20180112
27345,2573,教授とは、誰かの睡眠中に話す人のことである。,20170130
37854,517,エラーのない重要な手紙は、,20170215
76914,8905,心配するために。,20180311
98259,8778,今日は旅行が重要。明日、国税庁の役人が来る。,20170905
96609,6503,最悪な一日を過ごすには最高の日だ。,20171122
87912,6131,今日は空飛ぶ円盤に近づかないように。,20170805
37571,5971,縄は緩む。,20170218
37571,8753,本物のプログラマーはCOBOLでは書かない。COBOLは弱々しいアプリケーションのためのものだ。,20170103
77142,8152,すべてのプログラムは、他のプログラムの一部であり、めったに適合しない。,20180227
77142,5162,プログラマーが英語で書けないことを見つけるだろう。,20170809
77142,2749,心配するために。,20171121
40579,8667,-- マーク・トウェイン,20170127
83509,9917,「三重アイソ分岐クリプトンゲートMOSプロセス…」,20170128
83509,345,嘘：真実の非常に粗末な代用品だが、発見された唯一のもの。,20170217
81225,624,「家具との議論は、めったに生産的ではない。」,20170712
81225,9677,ハンロンの剃刀：,20170516
85675,2716,防衛運転をしろ。戦車を買え。,20170909
61067,3629,私は木を全く見ることがないだろう。,20180223
57851,4193,外交とは、石を見つけるまで「いい子だね、ワンちゃん」と言い続ける技術である。,20170104
57851,8666,100ブロックのゴミ！,20170908
93808,1143,SQL交響楽団コンサート,20170406
93808,1143,SQL交響楽団コンサート,20170817
21359,9558,狂気は遺伝する。子供から受け継ぐのだ。,20170411
21359,2831,有名な最期の言葉：,20170923
29208,4731,言った、「人生はサワークリームのボウルのようなものだ。」,20171130
29208,2295,すべてのプログラムは、他のプログラムの一部であり、めったに適合しない。,20171219
29208,8631,物忘れ：神が債務者に、,20171127
63974,1859,「ダイエット」,20170510
63974,9260,許可を得るより許しを得る方が簡単だ。,20170718
96834,968,正義：あなたに有利な決定。,20171005
96834,8491,シャボン玉？,20170127
81507,9150,知る価値がない。,20170812
76355,5201,今日は象の唇にキスをするな。,20180307
76355,865,そしてこの言語が行くところどこでも,20170530
77106,6656,"        The mouse dissolved
",20170715
77106,7459,貧しい人々が、橋の下で眠り、路上で物乞いをし、,20180109
82103,7258,価格が上がった。「すべて新品」「完全新品」あるいは「素晴らしい新品」というラベルは,20171123
58107,1581,「新発売」および／または「改良」と表示されたものは、そうではない。その表示は,20170329
62548,2979,パーティーを開くには良い日だ。彼をできるだけ遠くに投げ飛ばせ。,20170704
38150,5829,紙に当たる。,20170831
38150,5011,反意語：あなたが考えようとしている言葉の反対。,20170414
38150,8476,全く価値がない。,20180221
94931,5042,金を持つ者がルールを作る。,20171111
94931,9185,プログラミング。,20171031
49568,1143,SQL交響楽団コンサート,20180201
49568,1143,SQL交響楽団コンサート,20171123
49568,1143,SQL交響楽団コンサート,20170520
24129,8569,彼らは私を偏執病に見せようとしているだけだ！,20180325
24129,1988,地球は小さな砂粒のようなものだ、ただずっとずっと重いだけ。,20170327
89531,4674,書くこと。,20170912
31003,8306,今日は旅行が重要。明日、国税庁の役人が来る。,20170324
31003,2153,そして雨が降り出した途端にそれを返して欲しがる。,20170611
31003,3640,IBMにはPL/Iがあった,20180125
21761,5323,サンフランシスコはかつての姿ではなく、そして決してそうではなかった。,20180219
21761,5149,良い知らせ。金曜日から10週間後は、かなり良い日になるだろう。,20180312
76853,7227,牛は、我々人間が,20171110
76853,8361,独身者とは、ある女性を,20180326
67164,4194,有名な最期の言葉：,20171212
67164,8491,CPUにいます我らのOSよ、御名をUNIXと称えさせたまえ。,20180423
33271,3157,永遠を傷つけずに時間を潰すことはできない。,20170331
33271,6884,酸はあなたを汚す。,20180104
33271,4287,再生業者よ、その木を助けてやれ！,20170922
14712,1923,-- エレノア・ルーズベルト,20170104
14712,515,グループの人数によって。,20170208
14712,2167,-ディープ・ソート,20170523
70745,8061,真実は今朝明らかになるだろう。（それが事態を本当に混乱させるかもしれない。）,20171023
25077,3007,機能する。,20170902
98629,1127,文学的なドイツ人が文章に飛び込むときはいつでも、それが最後だ。,20170730
20965,3823,もし入力が正確でなかったら。,20180120
20965,5539,"
",20170906
20965,5425,理性の命令に従って行動するように。,20170111
93404,5927,文句は言えない、でも時々言ってしまう。,20180213
18016,8498,記者（マハトマ・ガンジーへ）：ガンジーさん、,20170701
18016,4059,再生業者よ、その木を助けてやれ！,20170908
18016,5715,そうだと告げられたとき,20180420
10777,9310,本物のプログラマーはFORTRANでは書かない。FORTRANは配管応力マニアや,20180404
10777,8316,しかし、私が命じたことだけだ。,20180422
10777,5605,子供は、,20170418
81400,8600,A: 両方だ。,20170924
81400,5030,"There was a young lady from Hyde
",20170805
81400,315,しかし、私が命じたことだけだ。,20180331
16775,7862,偏執病の人も人間だ。彼らにも彼ら自身の問題がある。簡単に,20170803
16775,5344,文明に触れることなく退廃へ。,20180102
20317,8118,後からよりも。,20170822
20317,1520,-- ヘンリー・キッシンジャー,20170519
96471,4273,あなたの同意なしに、誰もあなたを劣っていると感じさせることはできない。,20180418
96471,2210,そうだと告げられたとき,20170726
96996,7386,第四次世界大戦は棒と石で戦われるだろう。」,20171025
96996,6393,「この核軍拡競争を続けるなら、君たちがやることは,20180310
96996,8612,旗。,20170927
80178,4329,-- ケーログ・アルブラン,20180211
80178,916,もしそうなら、そうなるだろう。しかし、そうではないから、そうではない。それが論理だ！,20180307
25710,7297,-- ビル・ホースト,20170728
57651,1202,キッシュと綴る。彼らはトゥインキーや四川料理を食べる。,20170824
57651,8132,幸福：他人の不幸を熟考することから生じる心地よい感覚。,20180310
57651,6105,人生。,20170905
37917,8068,"        While her lover lamented
",20180201
64763,9776,A: 両方だ。,20180427
31404,7331,"There was a young lady from Hyde
",20170331
78862,9162,「カルビン・クーリッジはプリマスから出た最も偉大な人物だった,20171114
60197,4675,「ここ電話会社では、あらゆる種類の人々にサービスを提供しています。,20180110
60197,4461,勇気を奮い起こせ！他のものは全部台無しにしたんだから。,20170715
60197,7297,トゥルナウカの法則：,20170412
33370,793,深まる憂鬱の中で、あなたの犬がようやく,20180424
33370,4951,（ウェイター退場、そして再登場）,20170127
33370,6964,勇気を奮い起こせ！他のものは全部台無しにしたんだから。,20170630
34351,2735,しばらくサウスダコタでサーフィンをするな。,20171221
64766,1743,-- ソーパー上院議員,20180208
64766,658,人生はヨーヨーで、人類はその糸に結び目を作る。,20171008
60353,4194,人々。,20180103
60353,6789,自分自身を問題の一部として。,20170331
60353,341,キリスト：少なくとも5000年早く生まれすぎた男。,20180407
21474,2350,そして他のエロティックな効果。,20170528
21474,3521,本ではなく、スープを濃縮せよ！,20170601
95213,3900,勇気を奮い起こせ！他のものは全部台無しにしたんだから。,20170510
44677,9570,最も短い、けれど。,20170126
42855,7705,それ。,20171221
75052,8061,-- イディッシュ語のことわざ,20171027
75052,9923,チャイルドプルーフキャップに苦労するのは大人だけだ。,20170530
75052,1673,-- オスカー・ワイルド,20170106
66908,9335,"Hail to the sun god
",20170721
66908,5702,真に賢い者は、決してユニコーンと馬跳びをしない。,20171203
32221,8476,おそらく、広告看板が落ちてこない限りは,20180430
32221,8997,太陽から。大きな隕石が通信を妨げているか、あるいは誰かが,20171005
57822,4681,フィナグルの信条：,20170310
57822,8939,"
",20180409
26264,649,"We wish you a Hare Krishna
",20170426
38455,9924,誰も確信していないこと。,20170324
38455,3137,-- エルバート・ハバード,20170816
38455,1988,質問：,20180310
78970,8468,理解するのが難しいだろう。,20180226
78970,8905,来週の金曜日はあなたの幸運な日ではない。実を言うと、あなたは,20170223
39357,1390,誘惑を取り除く唯一の方法は、それに屈することだ。,20170801
39357,3137,重役。,20180425
86482,1923,-- R・ガイス,20171216
86482,4915,世界がかつて見たことのない。,20170518
23652,6878,質問：,20180310
23652,8566,A: 両方だ。,20171222
19208,9559,障害を克服するには良い日。障害物競走を試してみよう。,20180327
40802,2147,「もっと必要になるまで、乗り切るのに十分なだけ必要だ。」,20170320
40802,9559,-- チャーリー・マッカーシー,20180111
73690,5517,デバッグセッション。,20180210
73690,4938,電気コード。,20170608
96977,6186,"
",20170303
96977,9771,そのモニターは完全に負ける！,20170731
96977,1093,"There's no future in time travel
",20170808
65789,6964,ファッションとは、あまりに耐え難い醜さの一形態であり、我々はそれを,20170616
64638,4951,事故：心の落ち着きは良いが、,20170209
64638,9110,未来の仕事は危険であることだ。,20180227
64638,1056,今日は大きな嘘をつくな。小さな嘘でも同じくらい効果的だ。,20170627
24738,4591,A: 3人。1人が電球をねじ込み、2人がそれを邪魔する者たちを追い払う。,20180216
24738,4193,おそらく、広告看板が落ちてこない限りは,20170828
68805,2953,完全に避けられることを、明日に延ばすな。,20170429
68805,315,西洋文明？,20180211
68805,7535,他人に彼の心が大きいと思わせておけ,20171217
44364,9880,少なくとも二つの人為的ミスを見つけるだろう、それを,20180314
54348,9030,やるべきことを先延ばしにするのに、今ほど良い時はない。,20170309
54348,6184,収支を合わせられると思った頃に、誰かが,20180203
54348,7219,川は湿っている。,20180113
91199,1763,消化不良。,20170616
17343,4063,もしコンピュータが強力になりすぎたら、我々はそれらを,20170701
25330,3016,今日。,20180127
25330,3750,平均的な女性は、頭脳よりも美貌を望む。なぜなら、,20171231
25330,1329,男たちは黙ってお茶をすすっていた。しばらくして、不器用な男が,20170421
54717,4195,オーレオマイシン、コカイン、インターフェロン、そしてTLC。チキン,20180423
54717,8542,-- アルベルト・アインシュタイン,20170630
35947,6579,電気コード。,20170520
35947,2002,多数派：犯罪と法律を区別する性質。,20171224
35947,3444,私は聴衆に、彼らがなしうる最善のことは,20170722
87475,2400,提案を拒否する。,20170724
99746,1529,-- アドレー・スティーブンソン,20180421
99746,5015,神は7日で世界を創造したのではない。6日間遊び呆けて,20170822
75315,7523,マクガワンのマディソン・アベニュー公理：,20180227
75315,149,第二法則：働くことで達成できる最大のことは、,20170703
75315,5648,デバッグセッション。,20180316
83118,2433,本ではなく、スープを濃縮せよ！,20170814
83118,1542,その間にタバコ。,20180201
83118,3323,-- F・P・ジョーンズ,20180123
83052,6142,-- リリー・トムリン,20170301
83052,1127,人々が私に同意するときはいつも、私は自分が間違っているに違いないと感じる。,20170529
83052,5142,電気コード。,20180219
46293,2365,時々子供っぽくなれないなら、大人である意味はない。,20180109
17131,6982,-- ラザルス・ロング,20180228
15722,5606,明日！,20170401
15722,932,本物のプログラマーはコードにコメントをしない。書くのが難しかったのなら、,20171220
16557,7338,そしてサン・ミョン・ムーン（文鮮明）！,20170219
16557,9906,食べる。,20180201
26703,5323,新しい議員たちは政府を立て直すと言っている。私は,20180203
18887,4273,川は湿っている。,20180422
47018,9974,パタパタ、ばたばた、ぱたん,20171224
47018,9712,私は聴衆に、彼らがなしうる最善のことは,20170317
76308,881,-- ピーター・S・ビーグル,20170809
94922,1143,SQL交響楽団コンサート,20170404
94922,1143,SQL交響楽団コンサート,20180101
94922,1143,SQL交響楽団コンサート,20170720
94922,1143,SQL交響楽団コンサート,20180430
70259,7351,道徳的にハンディキャップのある人を雇いなさい。,20180322
70259,1625,探すのをやめなさい。幸福はあなたのすぐ隣にある。さて、もし彼らがただ,20170504
74939,8193,もしコンピュータが強力になりすぎたら、我々はそれらを,20180329
74939,7894,絵で説明される。,20171218
74939,9016,系論：,20171214
71839,4044,分析され、新たな弱点に置き換えられる。,20171107
71839,3904,運転免許を失うのは、神が「ブーガ、ブーガ！」と言うための一つの方法に過ぎない。,20170616
95535,2652,しかし、科学者たちは、知っているはずなのに,20180426
95535,1001,"        But the good ones I've seen
",20180425
95535,8622,彼らは私を偏執病に見せようとしているだけだ！,20171014
48614,1988,-- オスカー・ワイルド,20171120
48614,5519,「ダイエット」,20170225
48614,2993,-- マーク・トウェイン,20170929
79346,3652,"
",20170129
79346,574,LISPプログラマーはすべての価値を知っているが、そのコストは,20170523
79346,5539,恩知らず：餌を与えてくれた手を噛み、そして文句を言う男。,20180403
61885,777,-- ジョン・オハラ,20180209
61885,6114,献身的な追随者の不足により、偉大な指導者の生産は,20180325
61885,4993,失敗への対処は簡単だ。改善するために努力する。成功もまた,20170127
38775,6463,しかし、それは素人にとってあらゆる物事に関する最高の本だからだ。,20170704
29343,8057,ツバメがカピストラーノに着陸するのを手伝おう。,20171018
58048,6463,道徳的にハンディキャップのある人を雇いなさい。,20180327
58048,9624,馬の分別とは、馬が,20170508
91509,3823,つまり、もしアパートを借りるなら、あなたは3つの,20170316
35434,4951,三人の友人。もし彼らが大丈夫なら、あなたがそうだ。,20180410
97887,7894,-- グルーチョ・マルクス,20180406
15740,2858,文明に触れることなく退廃へ。,20170405
15740,4329,3) 「もしお前が自分で思うほど賢いなら、,20170908
15740,1599,神のみが無作為な選択をすることができる。,20170511
17989,124,私は未来を見たが、それは現在と全く同じで、ただ長いだけだった。,20170926
17989,104,口を閉ざしていれば、足は集まらない。（口は災いの元）,20170923
17989,8426,消化不良。,20170823
39436,2659,「新発売」および／または「改良」と表示されたものは、そうではない。その表示は,20180125
39436,3896,愚かさ。,20170108
52563,4331,その構文はJOSSより悪い。,20171031
52563,7947,-- ケーログ・アルブラン,20171210
27195,4252,"Fruit flies like a banana
",20170118
26998,8416,ああ、一体どうしたのだろう,20170821
26998,1581,キリスト：少なくとも5000年早く生まれすぎた男。,20170918
42749,6702,対処法を知らないエラー条件をテストするな。,20170104
42749,5843,豚の愚かさだと思う。,20170603
42749,8176,おそらく、広告看板が落ちてこない限りは,20170927
85257,1960,スープが治せないのは、母親への神経症的な依存である。,20170403
85257,658,クリーブランドはまだ生きている。神は死んだに違いない。,20171002
85257,7310,ジョニーは祭りからなかなか帰らない。,20180303
31037,5772,脳（動詞）：[「脳する」のように]  bluntly に、しかし pointedly ではなく叱責すること。,20180305
40551,7660,すべてのハックには7つのバグがあった。,20171124
40551,8059,-- グルーチョ・マルクス,20180303
40551,6642,「私の友人たちと私は皆、狂っている。それが我々を,20180413
41970,3896,-- アンブローズ・ビアス,20180417
50703,8421,正義：あなたに有利な決定。,20171028
50703,2111,システム、その主要な弱点がすべて露呈した,20170125
65458,2677,鍋は向こうの端にある。,20171204
65458,6393,今、自然に振る舞いなさい。煮えくり返り、怒り狂い、かんしゃくを起こしなさい。,20170224
65458,8773,第四次世界大戦は棒と石で戦われるだろう。」,20180413
29085,8826,上司を驚かせろ。時間通りに出勤しろ。,20170915
29085,4329,ネーザーの法則：,20171130
29085,2559,めったにきれいではなく,20170127
15963,5735,悪意に帰するな、,20180205
15963,9373,ああ、一体どうしたのだろう,20170112
15963,363,提案を拒否する。,20180317
77728,9167,-- ジョン・チアルディ,20171004
77728,2274,彼女は彼に、,20170326
71220,5628,外交官とは、妻に,20170212
69660,4702,"        Every instructor assumes that you have nothing else to do
",20171208
73838,3623,独身者とは、ある女性を,20170614
73838,7609,-- ミッキーマウス,20170812
73838,2177,紙に当たる。,20170605
56039,1093,向かっている。,20170725
32021,9145,-- オスカー・ワイルド,20170219
32021,5517,リュシストラタは良いアイデアを持っていた。,20170409
71343,3378,その5年間がいつ始まるかを我々は制御できない。,20170726
71343,7378,価格が大幅に上がったことを意味する。,20180228
26978,8538,逆もまた然り。,20180210
26978,2559,"A city is a large community where people are lonesome together
",20170921
26978,769,シャボン玉？,20180414
34898,8109,我々にハムと豚肉とベーコンを与えてくれる。,20170911
34898,9877,サンフランシスコはかつての姿ではなく、そして決してそうではなかった。,20171013
34898,6845,-- オスカー・ワイルド,20171128
19196,3318,-- メイシーズ,20180321
19196,1087,それが作った。,20170301
19196,6658,システム、その主要な弱点がすべて露呈した,20170811
98329,1567,来週から、パスワードはモールス信号で入力されることになります。,20180430
98329,3151,もし商品が「50ドル未満」と宣伝されているなら、それが19.95ドルでないことは確かだ。,20180426
45407,1542,すべてのプログラムは、他のプログラムの一部であり、めったに適合しない。,20170904
45407,8667,もう一方には責任が。,20171022
71793,7995,-- ベラミー・ブルックス,20180209
71793,8152,そして男性的な衝動,20180305
96897,7854,人々。,20170110
21579,2033,ダンという名の若い詩人がいた,20170418
84008,5091,それはやる価値がなかった。,20171230
88238,2714,それに慣れろ。,20180127
88238,5011,明かりがつく。,20170703
44103,1468,あなたのアナリストはあなたを別の患者と混同している。信じてはいけない。,20180114
29394,3589,他人はあなたに安定を求めるだろう。だから、,20170806
29394,1851,風呂に入る…,20170829
29394,1785,外交とは、石を見つけるまで「いい子だね、ワンちゃん」と言い続ける技術である。,20170718
18562,7338,人生を深刻に受け止めすぎるな。生きては出られないのだから。,20170324
18562,4291,コンピュータが、事実を印刷するために,20171110
18568,2475,社会遺伝学の根本原理：,20170403
18568,2035,-- ベルトルト・ブレヒト,20170111
14351,5605,ニヒリズムは自己から始めるべきだ。,20170102
14351,9,犯罪の兆候：絶叫または助けを求める叫び声。,20180319
53915,7504,人工知能に一年費やせば、,20170515
53915,2033,コンピュータがクラッシュする。,20180322
53915,5512,ゼロックスは決して独創的なものを生み出さない。,20170418
75994,5880,おばあちゃんを路上から遠ざけろ――ビンゴを合法化せよ。,20170907
75994,6993,助けを必要としている旧友をがっかりさせるには良い日だ。,20180206
31887,7258,暇な時間に現金を稼ごう――友達を脅迫せよ。,20180128
23409,3779,波の上に立つ者もまた、サーフィンをする。,20170708
75226,9372,事実への些細な投資から、推測という見返りを。,20170917
90306,5383,これを自分で証明するには、,20170818
90306,6236,は一時的に中止されます。,20170203
82253,7219,すべてのバグには7つの兆候があった。,20171018
20053,5865,コンウェイの法則：,20180120
20053,3885,彼に起こるありふれたこと。,20180310
83198,2858,2) 「お前と、どの軍隊だ？」,20170601
70448,3841,結晶学のオタクたち。,20171211
70448,4072,汝のプログラムは走り、汝のシステムコールは成されたり。,20170320
63508,3670,メニュー：レストランがちょうど品切れにした料理のリスト。,20180322
63508,6437,-- アンブローズ・ビアス,20170829
86294,1563,-- ヒレア・ベロック,20171224
86294,9289,「一度でいいから、,20170510
15809,2230,人々に考えさせていると思わせれば、彼らはあなたを愛するだろう。しかし、もしあなたが,20170920
15809,2111,応用テロの第四法則：,20170503
54966,7459,時空間スキップの中で。,20170427
20926,5784,太陽から。大きな隕石が通信を妨げているか、あるいは誰かが,20171114
54033,5011,口を閉ざしていれば、足は集まらない。（口は災いの元）,20170501
54033,2365,"        The apple fermented
",20170414
54033,8416,何が起こっているか。,20170903
26485,7258,これを自分で証明するには、,20170421
60800,2573,"Today is the tomorrow you worried about yesterday
",20170122
60800,345,1981年、滑降スキーに最悪の月：1月。行列は,20170301
27629,9677,プログラミング言語。,20180322
77247,587,深まる憂鬱の中で、あなたの犬がようやく,20171217
83025,4687,身を粉にして働け！,20170414
75350,7994,-- マーク・トウェイン,20171001
89257,5829,グループの人数によって。,20170223
13756,1830,コーナー、バーモント州」,20180120
13756,6437,-- アンブローズ・ビアス,20171118
13756,3441,あなたは犬のような生活を送ってきた。家具から離れていなさい。,20170801
40804,2153,馬鹿：人間社会において影響力を持つ、大きくて強力な部族のメンバー。,20170326
40804,6186,大学とは、教員が,20170412
40804,7474,もし神が完全なら、なぜ不連続関数を創造されたのか？,20171219
35576,3810,それは完全な損失だった。,20170228
35576,8905,-- アラン・パーリス,20180402
26418,845,自分の評判を考えなさい。名前を変えて、,20170817
26418,70,予報官たち、そして超過預言者税を決定した。,20171122
26418,2475,"BLISS is ignorance
",20180228
49126,4719,注意：呼吸はあなたの健康に有害な場合があります。,20180418
49126,1001,12歳以降に。,20170414
26566,4062,青リンゴを食べて死んだ。,20180215
26566,712,許可を得るより許しを得る方が簡単だ。,20170914
26566,6229,やるべきことを先延ばしにするのに、今ほど良い時はない。,20170814
41110,6789,聞くことすべて、あるいは言うことすべてを信じるな。,20171225
41110,2272,今日まで。,20171202
41110,719,そのモニターは完全に負ける！,20170721
41851,4291,"Computer programmers do it byte by byte
",20180212
41851,4062,プロジェクトMACでの損失はどれくらいか？,20170226
41851,6722,パタパタ、ばたばた、ぱたん,20180127
36172,690,人生を深刻に受け止めすぎるな。生きては出られないのだから。,20170928
36172,1599,年齢に敬意を払え。たまには良いスコッチを飲め。,20171008
36172,8729,提案を拒否する。,20180314
83506,241,それが、点で対になって,20180426
61341,2338,川は湿っている。,20180329
61341,5606,我々のお気に入りの独占企業によって作られた！,20170131
82453,1581,改革するために。,20170912
82453,6884,-- ポール・マクラッケン,20170501
82453,3737,A: 33人。1人がビットを持ち、32人がレジスタを押す。,20170315
30453,8082,現実は幻覚の障害である。,20170327
30453,6815,-- ハーバート・プロクナウ,20180402
60383,3376,午後：我々がどうやって,20171001
60260,6447,タイプライターで2つのキーを打つと、望まない方が,20170708
60260,3851,捨てられる運命にある：重要なのは、常にそれを,20180306
60260,6254,聞くことすべて、あるいは言うことすべてを信じるな。,20170301
54211,4470,-- イディッシュ語のことわざ,20171107
99675,811,メビウスの輪の上のネズミ,20180121
95284,1659,ノスタルジアは、もはや昔のものではない。,20170316
21480,1066,-- ジョン・チアルディ,20171002
86298,5561,コンピュータが、事実を印刷するために,20170603
86298,5839,誘惑を取り除く唯一の方法は、それに屈することだ。,20170508
86298,1360,今年は幸運な日を過ごす。,20170308
70618,7947,キッシュと綴る。彼らはトゥインキーや四川料理を食べる。,20170214
70618,9956,少なくとも二つの人為的ミスを見つけるだろう、それを,20180204
11642,996,教授とは、誰かの睡眠中に話す人のことである。,20171225
55914,4062,フィナグルの信条：,20170205
55914,3213,1981年、滑降スキーに最悪の月：1月。行列は,20170925
55914,8977,今日は大きな嘘をつくな。小さな嘘でも同じくらい効果的だ。,20180421
61897,2502,-- ヨハネ・パウロ1世,20170509
61897,3362,ゴイムを創造したのか？」一般的に受け入れられている答えは、「誰かが,20170702
59523,9590,モグラの問題かい？,20180204
59523,1782,完全に避けられることを、明日に延ばすな。,20180414
59523,9934,「商品市場で小金を稼ぐ方法は、始めることだ」,20170918
40588,1093,国が一流の経営の下で何ができるかを声高に。,20180103
40588,6480,神は草を発明した。,20170902
30585,7830,「彼はとても心が狭く、鍵穴から両目で,20180307
30585,2581,神は言われた。「ニュートンあれ」と。するとすべてが光であった。,20170630
30585,374,勇気を奮い起こせ！他のものは全部台無しにしたんだから。,20171009
37427,6845,電気コード。,20180406
37427,158,-- ドクター・フー,20171201
37427,2147,「最適化コンパイラにおけるレジスタ割り付け」,20180411
38384,7093,脳は素晴らしい器官だ。あなたが起きた瞬間に働き始め,20170109
38384,5778,一度。,20180118
38384,6085,午後：我々がどうやって,20170704
18324,2475,今夜は料理するな――今日ネズミを餓死させろ！,20171204
18324,1923,本物のプログラマーは文書化しない。ドキュメントは、,20180126
72835,9150,-- ヒレア・ベロック,20170624
72835,5777,数学の法則が現実に関わる限り、それらは,20170220
25495,339,誰を信じる？,20170315
15710,9427,想像力は、現実との戦いにおける唯一の武器である。,20170922
15710,1600,本物のプログラマーはBASICでは書かない。実際、BASICで書くプログラマーはいない。,20171120
70482,4554,フィルモア大統領を悪く言うな。彼は我々をベトナム戦争から遠ざけてくれた。,20170708
70482,845,あなたのプログラムを説明しているときに聞き手がうなずいたら、,20180209
70482,5982,-- ウディ・アレン,20171003
78893,6659,世の中で噂されることより悪いことは一つしかない。そしてそれは,20170302
78893,5135,チキンスープ：,20170108
77015,1056,"He did his very best to make
",20180312
77015,8785,何が起こっているか。,20170530
95449,1837,「要するに、_Nがリシャール的であるのは、_Nがリシャール的でない場合に限る。」,20170423
95449,5023,そしてきれいなものは、めったに滑稽ではない。,20180207
80856,2679,レーガン大統領は、経済評論家が多すぎると指摘し,20180215
80856,1960,人間は赤面する唯一の動物である――あるいは、そうする必要がある唯一の動物である。,20180402
80856,9877,有り余るエネルギーを発散させるには良い日だ。何か重いものを盗め。,20180409
12297,9564,不幸は仲間を好むが、仲間はそれに応えない。,20170618
84653,8883,小売りで買う必要がある。」,20171023
84653,284,さもなければ、より難しい思考を必要とする。,20180210
84653,517,コンピュータ。,20170118
87870,8249,"Computer programmers do it byte by byte
",20170913
87870,5539,フィルモア大統領を悪く言うな。彼は我々をベトナム戦争から遠ざけてくれた。,20170313
34894,7351,太陽から。大きな隕石が通信を妨げているか、あるいは誰かが,20170705
34894,3016,もし神が我々に裸でいてほしかったなら、我々はそのように生まれていただろう。,20180114
38777,4059,ブラッドリーの陳腐な言葉：,20170613
81178,7888,-- オスカー・ワイルド,20171119
81178,3595,時空間スキップの中で。,20170929
75989,4235,第三法則：絶対零度でしか収支はとんとんにならない。,20170710
75989,6852,価格が上がった。「すべて新品」「完全新品」あるいは「素晴らしい新品」というラベルは,20170715
27093,8753,-- オスカー・ワイルド,20170701
27093,1866,"        While her lover lamented
",20170929
78023,8476,新しい議員たちは政府を立て直すと言っている。私は,20170211
80252,5003,今月は忘れられない月になるだろう――どんなに忘れようとしても。,20171025
80252,6101,予報官たち、そして超過預言者税を決定した。,20180204
80252,1302,幸運の女神が意図したように,20170203
80318,651,そして他のエロティックな効果。,20180411
80318,8729,一つ。,20171120
80318,2420,それが作った。,20171104
80014,4675,あなたのアナリストはあなたを別の患者と混同している。信じてはいけない。,20170820
83061,3415,科学とは、先入観が検証に出会ったときに起こることである。,20170509
17683,9,-- アドレー・スティーブンソン,20170621
85885,1144,ファッションとは、あまりに耐え難い醜さの一形態であり、我々はそれを,20170105
85885,5659,タイプライターは、感情を込めて演奏されると、,20180101
85885,9917,悪意に帰するな、,20171125
55468,1921,ネーザーの法則：,20170903
55468,6020,本当に考えさせると、彼らはあなたを嫌うだろう。,20180420
79781,9469,我々のお気に入りの独占企業によって作られた！,20170723
79781,4719,野心とは、怠けるほどの分別がないことの粗末な言い訳である。,20180105
40933,5778,「なぜ私は不安なのか？」（ラテン語）,20171124
86557,1016,-- ルイス・キャロル,20180225
97786,797,皮肉屋の目を、彼の視力を改善するために。,20180405
56564,3463,グループのIQは、グループのメンバーの最低IQを,20170107
56564,1837,しかし、我々は熱意のあまり、,20171125
56564,8826,彼らがあなたのことをどう思っているか心配することで忙しい。,20171208
59139,5323,暇な時間に現金を稼ごう――友達を脅迫せよ。,20171010
79469,7401,機械室の真ん中に。,20170204
79469,2054,-- クリント・イーストウッド,20180110
82222,8118,-- ウィンストン・チャーチル,20170422
82222,8902,-- ラザルス・ロング,20170508
82222,5715,金を持つ者がルールを作る。,20171118
21772,9780,点。,20170801
68085,8666,脳（動詞）：[「脳する」のように]  bluntly に、しかし pointedly ではなく叱責すること。,20170708
68085,2241,死：突然罪を犯すのをやめること。,20171118
83846,1743,人生をやり直せるかもしれない――もし最初の,20170309
83846,9375,"A city is a large community where people are lonesome together
",20171010
63728,9372,確実である。そして、それらが確実である限り、それらは現実には言及しない。,20180406
63728,9030,人々。,20170612
63728,1360,"Fruit flies like a banana
",20170603
42495,5270,起こる。,20170907
42495,7946,非常に経済的な宇宙へ。,20170714
99122,9775,今年はハンニバル・デーを祝おう。象を昼食に連れて行け。,20170307
99122,66,非常に経済的な宇宙へ。,20171129
99122,9325,めったにきれいではなく,20170112
85410,2984,答えは42だ。,20170601
85410,8925,責任は常に権限を上回る。,20171006
56424,9427,-- ドロシー・パーカー,20170205
56424,842,汝、それを再生するなかれ。,20170106
33184,9559,彼らにそれを返す。,20180116
33184,1529,"        The apple fermented
",20170916
15488,2400,完全に避けられることを、明日に延ばすな。,20170824
13966,6156,助けを必要としている旧友をがっかりさせるには良い日だ。,20180113
13966,816,手。,20170903
61039,622,"不在者：収入があり、""",20170115
92900,9673,どういうわけか高貴なものとされ、誰もそれを批判しようとしない。,20170114
92900,2809,人々に考えさせていると思わせれば、彼らはあなたを愛するだろう。しかし、もしあなたが,20170214
49643,2513,あなたは賢く、機知に富み、素晴らしいが、あまりに多くの時間を,20180305
63537,9470,壊れないおもちゃは、他のおもちゃを壊すのに役立つ。,20180102
63537,295,"God is a comic playing to an audience that's afraid to laugh
",20170703
63537,8785,献身的な追随者の不足により、偉大な指導者の生産は,20170520
24543,793,貧しい人々が、橋の下で眠り、路上で物乞いをし、,20180113
24543,8207,政府機関の解決策があなたの問題に合わないとき、あなたは,20170805
24543,816,-- マーク・トウェイン,20170406
56788,1811,キッシュと綴る。彼らはトゥインキーや四川料理を食べる。,20170903
13261,2227,真実は今朝明らかになるだろう。（それが事態を本当に混乱させるかもしれない。）,20170425
89188,7990,今日はあなたが勝者になるだろう。4歳児に喧嘩を売れ。,20170527
71646,9267,"
",20170714
65822,8859,今日は友達を吸おう。,20180331
73357,8898,覚えておけ、たとえ出世競争に勝ったとしても――お前はまだネズミだ。,20180201
68447,2210,"算数とは、""",20171227
68447,7110,すべてのバグには7つの兆候があった。,20171213
89082,5914,やる価値のあることは、誰かにやってもらう手間をかける価値がある。,20171002
89082,9007,悪意に帰するな、,20171226
89082,6701,分析され、新たな弱点に置き換えられる。,20170710
28903,134,地球は小さな砂粒のようなものだ、ただずっとずっと重いだけ。,20180212
28903,8029,ホーングレンの観察：,20180228
28903,4507,"
",20180122
14354,537,「最適化コンパイラにおけるレジスタ割り付け」,20170825
14354,9273,間違いはしばしば、完全な失敗への踏み石となる。,20170126
14354,1852,重役。,20170414
71112,2311,チケット。,20170210
71112,3232,過去は常にかつてより良く見える。それが心地よいのは、ただ,20180124
71112,17,システム/3！システム/3！,20170513
68283,6575,何が起こっているか。,20171118
68283,3581,それは完全な損失だった。,20170323
68283,2755,それはかつて私を指していた。,20180118
60364,4583,-- ウディ・アレン,20170331
60364,3114,"        A new hydrocarbon
",20180419
55819,6914,暇な時間に現金を稼ごう――友達を脅迫せよ。,20171126
55819,1649,優越性は劣性である。,20180413
67837,792,「それは素晴らしいに違いない！私には全く理解できない。」,20180117
67837,1743,今日は旅行が重要。明日、国税庁の役人が来る。,20170922
67837,3209,"We wish you a Hare Krishna
",20171124
66713,129,中には何もない。,20170728
45229,7333,老兵は死なず。若者は死ぬ。,20180129
45229,1033,この種のゴミ。,20170124
24055,3865,-- ジョン・チアルディ,20170220
61202,924,"Steinbach's Guideline for Systems Programming
",20171110
95838,6958,"        But the good ones I've seen
",20180415
82671,2558,靴。,20170903
51892,8380,科学は真実である。事実に惑わされるな。,20171212
47942,3810,プログラミング言語。,20170722
47942,149,今週は自分で機会を作り出せる。上級,20170704
70171,6753,エラーのない重要な手紙は、,20170531
70171,6254,は去ることだった。,20171119
70171,9771,-- ドロシー・パーカー,20180404
52364,932,-ディープ・ソート,20180122
43415,1673,Q: 論理右シフトをするのにIBMのCPUは何個必要か？,20170414
43415,6515,他人があなたのことをどう思っているか心配するな。彼らは,20170425
38023,6084,両利きになるためなら右腕を差し出してもいい。,20180129
38023,3973,金を持つ者がルールを作る。,20171215
38023,746,「もっと必要になるまで、乗り切るのに十分なだけ必要だ。」,20170529
74116,1794,今日は驚きが待っている。家賃もだ。,20170319
74116,7995,A: 両方だ。,20170625
67261,8716,フィラデルフィアは退屈ではない――ただ、隣にあるからそう見えるだけだ。,20170713
67261,5089,素人のためのプログラミングに関する最高の本は『不思議の国のアリス』だ。,20180113
38981,136,牛は、我々人間が,20171103
38981,2002,ガスはひどい匂いがする。,20170515
38981,8979,コーナー、バーモント州」,20170212
39828,8657,彼らがそれを売ってくれればいいのに。,20170316
17564,9776,メビウスの輪の上のネズミ,20171204
17564,4876,「三重アイソ分岐クリプトンゲートMOSプロセス…」,20180307
17564,1673,生きている方がましだ。,20170607
35828,8642,世界は終わる！悔い改め、図書館の本を返しなさい！,20170818
25631,1107,死：突然罪を犯すのをやめること。,20170305
30486,3218,ハチドリは歌の歌詞を決して覚えない。,20171015
34085,1563,ガンジー：それは良い考えだと思う。,20180405
34085,4062,それはやる価値がなかった。,20171212
98289,4542,なし。宇宙が電球を回し、禅師は,20180109
98289,4290,今日。,20170208
98289,8416,"He sure is a fun god
",20170720
47735,1483,歩行者。,20170826
85238,8977,提案を拒否する。,20170418
85238,6878,民主主義とは、,20170810
85238,2274,"
",20180408
65478,6004,"There was a young lady from Hyde
",20171112
40219,6938,定言命法を打倒せよ！,20170114
40219,7705,世の中で噂されることより悪いことは一つしかない。そしてそれは,20180406
97870,5362,"God is a comic playing to an audience that's afraid to laugh
",20170206
95183,8633,他人があなたのことをどう思っているか心配するな。彼らは,20170129
95183,4965,それに慣れろ。,20170903
94066,5030,彼らに良いマナーを教える努力。,20170608
94066,4029,ラー！ラー！ラー！,20170429
28414,9192,驚くほど大きいかということだ。つまり、あなたは,20170617
28414,6515,-- ウディ・アレン,20170712
12526,4804,-- アンブローズ・ビアス,20170323
19968,3973,プログラミングについての考え方に影響を与えない言語は,20171115
19968,4884,質問：,20170407
19968,777,あなたが偏執病だからといって、彼らがあなたを狙っていないとは限らない。,20171026
71604,1193,その詩は決して韻律に合わなかった。,20170523
46571,6015,-- ドクター・フー,20170311
34402,6653,あなたは犬のような生活を送ってきた。家具から離れていなさい。,20171224
34402,2917,他人に彼の心が大きいと思わせておけ,20170112
34402,1200,タイプライターで2つのキーを打つと、望まない方が,20170731
81684,2241,それは薬の効果を鈍らせる。,20180414
81684,2558,それが作った。,20170213
81684,7609,銃は合法ではない。,20170202
50273,6521,バグを修正し、再びダンプする：,20170515
50273,2513,午前中は新しいプロジェクトに青信号。午後は交通に赤信号。,20171122
98789,1714,イギリス史の中間試験の前夜、あなたの生物学の,20170709
98789,5003,離婚から抜け出す。,20170114
50258,5061,プログラミング言語。,20180424
78052,4702,ディスク上の99ブロックのゴミ,20170311
78052,6292,彼らに良いマナーを教える努力。,20180411
78052,6210,「それどころか」とトゥイードルディーは続けた。「もしそうだったら、そうだったかもしれないし、,20170328
95958,8773,-- バート・ウィットニー,20170130
27096,2059,幸福：他人の不幸を熟考することから生じる心地よい感覚。,20171107
27096,4331,「すべての肉は草である」,20170227
11414,8804,コンピュータが人間より多くの仕事をこなせる一つの良い理由は、彼らが,20171231
11414,5344,決して美徳の道に迷い込むな。,20170402
13548,8455,重要な書類は、自発的に移動することでその重要性を示すだろう。,20180202
74496,3841,汝、それを再生するなかれ。,20170925
74496,4464,-- 愚者の辞書,20170401
74496,446,その5年間がいつ始まるかを我々は制御できない。,20170929
85327,9876,-- アラン・パーリス,20180401
85327,2506,"The Universe is laughing behind your back
",20171213
85327,3204,理性の命令に従って行動するように。,20171016
23055,8335,軍事諜報は矛盾した言葉である。,20170404
23055,9558,生きている方がましだ。,20171003
52770,9520,我々のビデオプロセッサに『スタートレック3.2』をロードした。」,20170618
52770,5033,それが作った。,20170707
31384,3998,システム/3！システム/3！,20170123
92742,5963,誰もが彫刻を教わることができる。ミケランジェロは,20180316
92742,1295,狂気は遺伝する。子供から受け継ぐのだ。,20170625
92742,2475,今年の最悪野菜：芽キャベツ。これはまた、,20171130
87419,8909,確率は50対50だ。,20170211
81254,1056,腐敗した：政治において、信任または利益のある職に就くこと。,20180328
81254,7110,自分自身を問題の一部として。,20170107
19316,1390,プログラミング言語。,20170714
19316,9250,長い目で見れば、すべてのプログラムはロココ調になり、そして瓦礫となる。,20180413
32248,6059,後からよりも。,20170529
32248,1389,文学的なドイツ人が文章に飛び込むときはいつでも、それが最後だ。,20180307
84301,6894,三人の友人。もし彼らが大丈夫なら、あなたがそうだ。,20171022
84301,5585,一度。,20171113
84301,3737,-- ウォルト・ケリー,20170816
86318,9414,そして彼女の内部でリンゴ酒を作った。,20171122
86318,709,今、自然に振る舞いなさい。煮えくり返り、怒り狂い、かんしゃくを起こしなさい。,20180317
86318,8476,完全に避けられることを、明日に延ばすな。,20180310
59335,8367,彼らがそうあるべきであると。ゆえに、スキタイ人の間では、,20180221
59335,7841,ああ、一体どうしたのだろう,20170427
59335,8883,-- ブラウン・セキュリティ犯罪防止パンフレットより,20171230
59623,1329,あなたの同意なしに、誰もあなたを劣っていると感じさせることはできない。,20170316
59623,5925,私は未来を見たが、それは現在と全く同じで、ただ長いだけだった。,20180404
59623,9007,年間最悪の月：2月。2月は28日しかなく,20180414
86612,9395,道徳的にハンディキャップのある人を雇いなさい。,20170828
86612,737,歌手がいなければ、オペラはどれほど素晴らしいだろう。,20180106
33778,7130,今年は幸運な日を過ごす。,20170804
62913,8515,暴力は無能な者の最後の砦である。,20170316
62913,3953,"God is not dead!  He's alive and autographing bibles at Cody's
",20170518
93136,3139,歌手がいなければ、オペラはどれほど素晴らしいだろう。,20170620
93136,3841,人々。,20170708
81017,4818,"Vitamin C deficiency is apauling
",20171102
81017,7705,神は言われた。「ニュートンあれ」と。するとすべてが光であった。,20171121
81017,7338,その詩は決して韻律に合わなかった。,20170417
29535,9190,歴史の第一法則：,20170311
29535,9016,ネーザーの法則：,20171118
29535,4987,チキンスープ：,20170903
54784,363,それはやる価値がなかった。,20170604
87184,1643,-- ブルース・レヴェレット,20171030
48063,2270,-- ウォルト・ケリー,20170609
64633,2207,助けを必要としている旧友をがっかりさせるには良い日だ。,20171114
64633,5313,"I think that I shall never see
",20170228
30688,1344,それはかつて私を指していた。,20170518
54426,7219,今夜は家族のことを考えなさい。,20170708
99208,2792,口を閉ざしていれば、足は集まらない。（口は災いの元）,20171207
99208,8010,生きている方がましだ。,20180223
99208,8873,無政府状態は最良の統治形態ではないかもしれないが、,20170417
79389,4576,また轢かれないことを願う。,20170925
79389,6136,明かりがつく。,20180127
18485,9771,彼は言った、「ああ、知っているよ」,20170309
36998,7990,主は、もしそうでなければ、なぜ我々にこれほどの素早い動きを与えられたのか。,20180203
36998,2195,結果が事前に分かっていない限り、資金提供機関は,20170416
45079,5091,「私の友人たちと私は皆、狂っている。それが我々を,20170818
45079,1190,-- ヨハネ・パウロ1世,20171119
51559,2054,ガンジー：それは良い考えだと思う。,20170531
32368,6059,リメリックは複雑な芸術形式,20170530
32368,7364,「サワークリームのボウルのように？」と他方が尋ねた。「なぜ？」,20170605
32368,2679,"        Anything that can go wr
",20180405
88638,8522,"A city is a large community where people are lonesome together
",20171129
88638,5777,幸せな結婚をする方法は一つしかない。そして私が,20170312
84531,6515,短い針が…にある。,20171019
84531,4414,全面核戦争ゲームをプレイしますか？,20170702
84531,793,機械上で、彼らは「ほんの数回」の30時間で動作するようにパッチを当てることができる。,20180305
87106,3607,すべての兆候には7つの症状があった。,20170331
47469,4982,その道を。,20170214
47469,1056,私はあらゆる緊急事態には備えているが、日常には全く備えていない。,20170108
71077,4485,ストリップは回転した。,20170902
71077,295,「最適化コンパイラにおけるレジスタ割り付け」,20170503
71077,7862,もし入力が正確でなかったら。,20170425
16156,4581,責任は常に権限を上回る。,20170109
37059,5772,何としても現実を避けよ。,20170310
37059,9529,そしてこれはとても奇妙だった、なぜならそれは,20180317
19162,8082,完全な馬鹿でも扱えるように。,20170804
74638,1386,"        A new hydrocarbon
",20170312
74638,5999,正義：あなたに有利な決定。,20180202
74638,4965,我々自身。,20171007
94904,1171,コンピュータ。,20170921
94904,3984,-- オスカー・ワイルド,20170706
34066,6517,"        The apple fermented
",20170610
44397,2433,コンウェイの法則：,20170917
44397,746,経験を共有しようとするカリフォルニア人。,20170218
44397,4195,イギリス史の中間試験の前夜、あなたの生物学の,20180102
81341,3570,"Murphy would be there to tell me
",20170718
81341,8468,ダンという名の若い詩人がいた,20170925
39348,5030,"
",20170511
86467,6869,リストまたはオブジェクトデッキ。,20170306
49418,1374,腐敗した少数による、無能な多数の任命。,20170424
66010,3483,ツバメがカピストラーノに着陸するのを手伝おう。,20180129
66010,1137,インテリよ、団結せよ！失うものは君たちの黄身（yolks=yokes=束縛）だけだ。,20170222
66010,241,過去は常にかつてより良く見える。それが心地よいのは、ただ,20180104
16234,3,コンピュータが、事実を印刷するために,20170917
16234,9776,核攻撃の場合、学校での祈りを禁じる連邦政府の判決は,20170309
16234,2075,人々に考えさせていると思わせれば、彼らはあなたを愛するだろう。しかし、もしあなたが,20180312
70927,9306,-- マーク・トウェイン,20170518
70927,7660,両利きになるためなら右腕を差し出してもいい。,20170211
84258,8902,平均的な女性は、頭脳よりも美貌を望む。なぜなら、,20180314
61931,7333,"
",20171217
61931,6575,-- ベルトルト・ブレヒト,20170212
47986,1396,"        But the good ones I've seen
",20170415
47986,6602,人生はヨーヨーで、人類はその糸に結び目を作る。,20170204
47986,8082,"I must have slipped a disk -- my pack hurts
",20180312
58014,4193,"        But the good ones I've seen
",20170502
58014,6845,それに慣れろ。,20171014
58014,1155,2. 直線あてはめが必要な場合、データは2点のみ取得すること。,20170204
80531,3297,この国に必要なのは、良質な5セントの「何か」だ！,20180130
80531,9681,-- ウィンストン・チャーチル,20170610
52696,2059,予算とは、金を使う前に心配するための方法に過ぎない。,20180318
52696,7737,瓦礫にすぎない,20170205
52696,1878,扱いやすい：あなたは間違った問題を解決した。,20171208
32272,8566,多数派：犯罪と法律を区別する性質。,20180309
32272,9773,他人はあなたに安定を求めるだろう。だから、,20170730
88012,9559,「なぜ足の甲に特別な名前がないんだろう？」,20171109
88012,9768,2. 直線あてはめが必要な場合、データは2点のみ取得すること。,20171028
19403,2189,父親は幼い息子に尋ねた。,20180420
19403,1859,国が一流の経営の下で何ができるかを声高に。,20170430
65911,7113,-- F・P・ジョーンズ,20171123
65911,3940,ユニコーンを救えないなら、魔法に何の意味がある？,20170212
65911,7587,やる価値のあることは、誰かにやってもらう手間をかける価値がある。,20170126
19640,5270,どういうわけか高貴なものとされ、誰もそれを批判しようとしない。,20170902
19640,7331,多数派：犯罪と法律を区別する性質。,20170319
39513,295,「商品市場で小金を稼ぐ方法は、始めることだ」,20170828
39513,3357,さえ。,20180131
90097,1046,もう一方。,20180125
97721,1155,離婚から抜け出す。,20170530
97721,3901,デフリース家のジレンマ：,20170820
97721,8418,プログラマーが英語で書けるようにすれば、,20170706
81607,4287,「アインシュタインをそっとしておけ！」は現状を回復した。,20171225
80099,8476,彼女は彼に、,20171205
80099,1404,A: 両方だ。,20171208
55372,1926,社会遺伝学の根本原理：,20171222
55372,7660,"        Every instructor assumes that you have nothing else to do
",20170529
55372,674,しばらくハリケーンに近づかないように。,20170116
55627,674,-- ベルトルト・ブレヒト,20180228
55627,7182,-- バート・ウィットニー,20170215
55627,1763,何かが起こる確率が百万分の一なら、,20170416
63184,8898,靴。,20170811
63184,6105,コンピュータ。,20180217
63184,9130,経験とは、あなたが認識することを可能にする素晴らしいものである。,20170713
57202,9558,成功の秘訣は誠実さだ。それを偽ることを学べば、,20170106
36822,1811,本ではなく、スープを濃縮せよ！,20180309
36822,136,"...And malt does more than Milton can
",20180410
36822,4731,消化不良。,20170830
57110,8548,デバッグセッション。,20170319
57110,4331,神は練習のために愚か者を作り、そして教育委員会を作った。,20170531
97156,8977,口を閉ざしていれば、足は集まらない。（口は災いの元）,20170524
97156,2002,全国半袖シャツ協会は言う：,20170916
72990,2594,本物のプログラマーはFORTRANでは書かない。FORTRANは配管応力マニアや,20170301
72990,1163,アコーディオン：プリーツ付きのバグパイプ。,20170624
19426,8650,それが作った。,20170212
94909,4491,丸一日得られない。可能な限り2月は避けよう。,20170524
94909,3470,多数派の側にいることに気づいたときはいつでも、,20170819
94909,5517,「サワークリームのボウルのように？」と他方が尋ねた。「なぜ？」,20180122
41895,2177,もし誰かが、私がいつか教皇になると言っていたら、私は,20180220
41895,537,"Call Avogardo 6.02 x 10^23
",20170629
33192,55,少年：泥のついた騒音。,20170313
76806,9590,ブラッドリーの陳腐な言葉：,20170101
44944,1468,理性の命令に従って行動するように。,20171016
44944,6659,多数派の側にいることに気づいたときはいつでも、,20180125
44944,5971,持ち帰り試験を与えられると、どこに,20170602
64135,8777,-- ルイス・キャロル,20170228
48280,2362,もしコンピュータが強力になりすぎたら、我々はそれらを,20180129
48280,1171,"        A new hydrocarbon
",20170423
48280,5922,-- ルイス・キャロル,20180406
37216,719,パタパタ、ばたばた、ぱたん,20170831
37216,8034,今年は幸運な日を過ごす。,20171024
37216,8498,第一法則：働かずに何も得ることはできない。,20180325
12754,8633,運転免許を失うのは、神が「ブーガ、ブーガ！」と言うための一つの方法に過ぎない。,20180105
68301,9267,そしてきれいなものは、めったに滑稽ではない。,20170915
47124,1894,-- トーマス・ジェファーソン,20170417
47124,3053,旗。,20170328
70309,7035,-- オスカー・ワイルド,20171108
70309,8012,上司を驚かせろ。時間通りに出勤しろ。,20170407
31398,3953,体の方が良い。,20170307
64160,5605,"If I traveled to the end of the rainbow
",20180221
64160,3517,COBOLで書くかFORTRANで書くか。,20170609
18487,4554,-- D・J・ヒックス,20170221
18487,7338,-- W・C・フィールズ,20170223
92758,5628,「私たちは気にしない。気にする必要はない。私たちは電話会社だから。」,20170514
92758,5101,"Call Avogardo 6.02 x 10^23
",20171009
92758,8784,皮肉屋：色眼鏡を通して物事を偏見の目で見る者。,20170905
89829,7364,神のみが無作為な選択をすることができる。,20180123
14114,622,それはかつて私を指していた。,20170609
19442,2195,医者があなたの症状に名前を付けたからといって、彼が,20180308
19442,7227,確率は50対50だ。,20170629
36196,6004,予算とは、金を使う前に心配するための方法に過ぎない。,20170826
36196,4681,責任は常に権限を上回る。,20170120
36196,3885,-- アーサー・ナイマン,20170511
56182,1994,釘。,20180404
56182,126,UFOは実在する。空軍は存在しない。,20171025
56182,1381,-- ウディ・アレン,20170829
48202,7737,明日！,20170916
48202,4723,こんにちは、ファルケン博士。,20170216
48202,9615,世界は終わる！悔い改め、図書館の本を返しなさい！,20171113
81569,5753,我が国には良い5セント葉巻がたくさんあるが、問題は,20170413
81569,7780,「なぜ私は不安なのか？」（ラテン語）,20170516
57120,786,身を粉にして働け！,20170203
57120,4591,銀行家とは、太陽が輝いているときに傘を貸してくれ,20170225
31826,8233,それが何か知っている。,20180429
31826,8279,確率は50対50だ。,20170827
31826,9087,"Brain fried -- Core dumped
",20170925
82057,315,「なぜ足の甲に特別な名前がないんだろう？」,20180212
82057,9289,「家具との議論は、めったに生産的ではない。」,20170904
82057,364,人を馬鹿と呼ぶな。彼から借りろ。,20170206
99236,6063,また轢かれないことを願う。,20170220
99236,6914,正義：あなたに有利な決定。,20170409
99236,5777,サンフランシスコ？,20180125
48928,6636,ポップアップ、プッシュダウン、バイト、バイト、バイト！,20170628
48928,7822,"
",20170824
85338,6377,-- オスカー・ワイルド,20170318
22487,3322,誰かが「私がただ,20180105
70988,5972,明日は興味が持たれないため中止となります。,20170701
70988,8600,「もっと必要になるまで、乗り切るのに十分なだけ必要だ。」,20171110
70988,5753,しばらくハリケーンに近づかないように。,20180306
63157,1163,プログラマーが英語で書けないことを見つけるだろう。,20170728
45757,5201,早朝にコーヒーを飲むな。昼まで目が覚めてしまうぞ。,20170117
45757,8057,リメリックは複雑な芸術形式,20180426
45757,719,-- ドン・クイン,20171115
20674,9738,やる価値のあることは、誰かにやってもらう手間をかける価値がある。,20170919
20674,1381,床を磨いたり、その他のエキサイティングなことをするのに最適な日。,20170327
20674,4702,どんな組織にも、常に一人は知っている人がいる。,20170125
63654,1999,今夜は料理するな――今日ネズミを餓死させろ！,20170315
63654,3251,先週の火曜日がつまらなかったと思うなら、何が起こるか待ってみなさい。,20171120
63654,8498,"
",20180307
46112,3915,-- アーサー・ナイマン,20170928
46112,8360,医者があなたの症状に名前を付けたからといって、彼が,20171217
46112,5478,彼らは通常、処女を,20170417
77117,6517,で責任を回避するか？,20170206
77117,3444,他人に彼の心が大きいと思わせておけ,20180330
77117,1563,-- 『銀河ヒッチハイク・ガイド』,20170111
34931,3471,あっちへ行け！邪魔だ！,20170504
34931,4273,働くために。,20170217
42846,7459,そしてこの言語が行くところどこでも,20170723
42846,6843,世界は終わる！悔い改め、図書館の本を返しなさい！,20171018
25191,5914,変化。,20171220
42738,4485,"
",20170905
28714,988,最適化は進化を妨げる。,20171129
35729,345,例。,20171221
35729,4930,-- マーク・トウェイン,20171102
35729,4717,誰でも扱えるように作ることはできるが、,20170105
22730,4464,「要するに、_Nがリシャール的であるのは、_Nがリシャール的でない場合に限る。」,20170622
22730,5270,そのモニターは完全に負ける！,20170512
49992,7929,最初で成功しないなら、諦めろ。とんでもない馬鹿になる必要はない。,20170812
49992,6505,-- イザヤ,20180205
49992,5843,人を馬鹿と呼ぶな。彼から借りろ。,20170127
80508,9373,野心とは、怠けるほどの分別がないことの粗末な言い訳である。,20170413
50107,5011,行方不明者になる絶好の機会。,20170503
35116,4951,釘。,20180410
50895,6999,「そして、私と同じくらい大きくなったら何をするの？」,20170504
17662,2910,-- オスカー・ワイルド,20180128
17662,2443,99ブロックのゴミ！,20170317
17662,5011,"Laetrile is the pits
",20170813
11697,4652,再生業者よ、その木を助けてやれ！,20170811
28543,2755,闇が漏れ出す。,20180412
42615,7737,中傷された。,20170529
76647,9470,理解するのが難しいだろう。,20170225
76647,3,"We wish you a Hare Krishna
",20170605
76647,3745,感情的に活発であれ。お気に入りの神経症に迎合せよ。,20171003
75958,2183,なし。「ユーザーが解決できるだろう。」,20180105
75958,3799,事柄は常に支配的で制御的であった。,20180212
75958,3570,-- アーサー・ナイマン,20170209
66846,8468,サンフランシスコはかつての姿ではなく、そして決してそうではなかった。,20180101
66846,4986,1分がどれだけ長いかは、トイレのドアのどちら側にいるかによる。,20171022
41326,7305,最新の公式数値によると、全統計の43%は,20171216
88667,8306,すべてのプログラムは、他のプログラムの一部であり、めったに適合しない。,20170713
88667,5287,狂気は遺伝する。子供から受け継ぐのだ。,20170104
88667,1811,良い知らせ。金曜日から10週間後は、かなり良い日になるだろう。,20170204
90161,6894,興味深いものは何も簡単ではない。,20170728
90161,8504,貧しい人々が、橋の下で眠り、路上で物乞いをし、,20170821
44549,9373,事柄は常に支配的で制御的であった。,20180423
44549,5104,老兵は死なず。若者は死ぬ。,20180111
44549,2147,プログラマーの視点は、彼の,20170217
63070,9030,-- グルーチョ・マルクス,20170816
56117,4137,対処法を知らないエラー条件をテストするな。,20180425
56117,3810,大きな財産を持って。」,20170820
28285,709,あなたは仕事のことで心配しすぎだ。やめなさい。あなたは十分に給料をもらっていない。,20170420
28285,6105,"God is a polythiest
",20180314
28285,7333,10年間の不採用通知は、自然があなたにやめるよう告げる方法である。,20170328
82414,8576,システム、その主要な弱点がすべて露呈した,20170412
31296,624,「私は経済学者ではない。私は正直者だ！」,20170927
31296,5042,-- マーク・トウェイン,20170701
69423,1643,第四次世界大戦は棒と石で戦われるだろう。」,20170621
10233,7297,CPUにいます我らのOSよ、御名をUNIXと称えさせたまえ。,20180411
10233,2714,アレクサンダー・グラハム・ベルはニューヨークで健在で、まだ,20171013
35380,2218,波は滑らかで輝いている――,20180427
96550,6801,科学は真実である。事実に惑わされるな。,20180330
96550,9137,主は、もしそうでなければ、なぜ我々にこれほどの素早い動きを与えられたのか。,20170826
96550,764,それは宇宙を一つにまとめている…,20170822
34922,8979,定言命法を打倒せよ！,20170519
34922,8084,"Brain fried -- Core dumped
",20171107
90072,7711,現実は幻覚の障害である。,20170907
90072,4837,-- ケーログ・アルブラン,20180421
72970,6341,-- ホークウインド,20180212
72970,2092,皮肉屋：色眼鏡を通して物事を偏見の目で見る者。,20180327
72970,9222,食べる。,20170204
83842,3999,電気技術者はより少ない抵抗でやる。,20170913
83842,3,あなたは尾行されている。数日間はいかがわしい行為をやめなさい。,20170915
83842,2272,身を粉にして働け！,20170808
30884,8316,A: 33人。1人がビットを持ち、32人がレジスタを押す。,20170423
30884,5396,本物のプログラマーは文書化しない。ドキュメントは、,20180214
30884,1643,すべてのハックには7つのバグがあった。,20180304
21858,4044,朝に、そして学校に着くまで止まらない。,20171031
20369,6642,アレクサンダー・グラハム・ベルはニューヨークで健在で、まだ,20170205
20369,3776,"We wish you a Hare Krishna
",20171102
20369,9630,全面核戦争ゲームをプレイしますか？,20170713
54585,7466,「今こそすべての善良な人々が立ち上がる時だ。」,20170627
23170,1859,電気処刑：すべての現代的な改良が施された火あぶり。,20170927
59215,5469,ディスク上に101ブロックのゴミ！…,20180312
59215,1763,トゥルナウカの法則：,20180311
85341,2888,理解するのが難しいだろう。,20171227
85341,3114,"We wish you a Hare Krishna
",20180304
85341,2502,"
",20170320
75711,649,自分がどこにいるか気にしないなら、迷子ではない。,20170423
75711,9681,エネルギーを節約せよ：無関心であれ。,20170923
76332,5124,太陽から。大きな隕石が通信を妨げているか、あるいは誰かが,20180105
40093,5089,言った、「人生はサワークリームのボウルのようなものだ。」,20170715
40093,1552,すべてのプログラムには（少なくとも）二つの目的がある。一つは,20171201
48956,7297,多数派の側にいることに気づいたときはいつでも、,20180209
48956,7035,"It never does quite what I want
",20180429
48956,8057,ミッキーマウスはスピロ・アグニューの腕時計をしている。,20170512
34149,2558,ジョージ・オーウェルは楽観主義者だった。,20170514
34149,3384,-- ヨハネ・パウロ1世,20170118
14813,5727,この人物は解雇されなければならない。,20180116
14813,786,チケット。,20170214
14813,1194,何をしているかわからないときは、きれいにやれ。,20170404
41809,4507,今、自然に振る舞いなさい。煮えくり返り、怒り狂い、かんしゃくを起こしなさい。,20171224
41809,5927,バグを修正し、再びダンプする：,20170628
41809,6767,彼は言った、「ああ、知っているよ」,20171011
29160,8631,ホーングレンの観察：,20170411
62562,7043,丸一日得られない。可能な限り2月は避けよう。,20171126
44004,8932,人々。,20170810
64490,3115,軍事諜報は矛盾した言葉である。,20170219
24667,8753,予算とは、金を使う前に心配するための方法に過ぎない。,20170818
24667,9375,有名な最期の言葉：,20170417
24667,8082,逆もまた然り。,20170607
74036,6393,太陽から。大きな隕石が通信を妨げているか、あるいは誰かが,20170825
74036,9660,100ブロックのゴミ！,20180426
74036,9768,12歳以降に。,20180209
84829,3999,人間はアルコールを発明した。,20170813
84829,6612,カサブランカから出て、ドイツ人は奇跡を非合法化した。」,20180316
44615,3745,電球を交換するのに、ソフトウェアエンジニアは何人必要か？,20170617
44615,7351,系論：,20170330
44615,4310,「成功できるのに、なぜ男でいる必要がある？」,20180402
17523,8566,"
",20170420
17523,3046,"
",20180419
60141,7637,時々、無実の人が議会に送られる。,20180107
60141,5628,それはやる価値がなかった。,20170819
60141,9190,壊れないおもちゃは、他のおもちゃを壊すのに役立つ。,20170123
38833,5970,彼らがそれを売ってくれればいいのに。,20171206
38833,1193,-- ウディ・アレン,20180331
57399,9923,"You have the capacity to learn from mistakes.  You'll learn a lot
",20171029
57399,5851,プロジェクトMACでの損失はどれくらいか？,20170128
23203,8698,IBMにはPL/Iがあった,20170212
23203,9362,予報官たち、そして超過預言者税を決定した。,20170125
23203,8979,自然な傾向に屈せよ。憎らしく、退屈であれ。,20171206
61012,9583,なし。「ソフトウェアで修正する。」,20170504
61012,5536,今回のログインセッション：$13.99、しかしあなたには$11.88,20180416
88235,1438,花嫁：幸せな未来を背後に持つ女性。,20171009
88235,2044,「何もしなくても誰が気にする？これは我々の新しい,20180101
88235,3652,-- アラン・パーリス,20170106
84320,7466,さえ。,20170203
84320,1001,ヴェリリンドの実験の法則：,20180413
84320,2668,郵便。対応するエラーは、,20180311
70830,9434,相手が綴りを知っていること。,20170119
70830,9876,"
",20180118
81052,1785,ガンジー：それは良い考えだと思う。,20180423
93678,1600,ハンロンの剃刀：,20180430
84240,8417,政府機関の解決策があなたの問題に合わないとき、あなたは,20170920
84240,1202,6ヶ月ごとに。,20170206
84240,1783,銃は合法ではない。,20170421
98761,8785,"Rocky's Lemma of Innovation Prevention
",20170930
98761,7535,-- チャーリー・マッカーシー,20170419
45787,9472,"
",20170617
45787,8724,世の中で噂されることより悪いことは一つしかない。そしてそれは,20170222
51097,4239,酸はあなたを汚す。,20170305
38180,7390,来週危機が起こるはずがない。私のスケジュールはすでにいっぱいだ。,20170629
38180,2241,波は滑らかで輝いている――,20170126
38180,2526,牛は、我々人間が,20180127
71755,2270,歩行者。,20170901
88567,4612,それがいかに走るか見よ！それがいかに走るか見よ！,20170901
88567,9245,熱力学の三法則：,20180227
84993,1107,"        But the good ones I've seen
",20180314
84993,89,瓦礫にすぎない,20171110
84993,5270,-- ケーログ・アルブラン,20170924
78700,2054,ウィル・ロジャースが言ったように、「無料の,20180330
78700,871,愚かさ。,20170730
78700,9105,幸運の女神が意図したように,20180329
32001,7378,今日は大きな嘘をつくな。小さな嘘でも同じくらい効果的だ。,20171130
32001,9559,"        The apple fermented
",20170817
32001,9288,電球を交換するのに、テックライターは何人必要か？,20180307
11404,8082,彼に起こるありふれたこと。,20171212
11404,2350,それは彼らが徹夜していたからだ。,20170526
11404,9832,防衛運転をしろ。戦車を買え。,20170106
77941,624,団体では、すべてのメンバーを名誉あるものとして言及するのが通例である。例えば、「,20180415
84209,651,ガスはひどい匂いがする。,20170314
31150,2152,彼に起こるありふれたこと。,20170526
71625,8964,-- ハーバート・フーバー,20170205
71625,7401,委員会――それが彼らを破滅させるだろう。,20170115
59360,5383,コンピュータ。,20171215
59360,4195,16歳以上で、美しく裕福で、,20180430
62774,4112,もし神が我々に裸でいてほしかったなら、我々はそのように生まれていただろう。,20170618
32262,5561,LISPプログラマーはすべての価値を知っているが、そのコストは,20170126
32262,6579,嘘：真実の非常に粗末な代用品だが、発見された唯一のもの。,20180116
32262,3997,警官を避けるには良い日。学校まで這って行こう。,20180404
41067,7424,リストまたはオブジェクトデッキ。,20170910
41067,2581,第二法則：働くことで達成できる最大のことは、,20180426
41067,4448,メビウスの輪の上のネズミ,20180313
50421,9583,人生をやり直せるかもしれない――もし最初の,20170702
50421,1852,確実である。そして、それらが確実である限り、それらは現実には言及しない。,20171006
50421,7459,早朝にコーヒーを飲むな。昼まで目が覚めてしまうぞ。,20170623
58356,3607,小売りで買う必要がある。」,20170429
58356,1016,しかし、それは素人にとってあらゆる物事に関する最高の本だからだ。,20180325
58356,8118,偏執病とは、単に人生に対する楽観的な見方である。,20170425
63261,7110,その5年間がいつ始まるかを我々は制御できない。,20180329
63261,9362,何もない。,20171029
63261,4143,"Hail to the sun god
",20171127
86225,9771,"Murphy would be there to tell me
",20171013
86225,8084,人工知能に一年費やせば、,20170505
86225,5383,重要な書類は、自発的に移動することでその重要性を示すだろう。,20180310
18579,5628,"一目惚れは、""",20171024
28167,8040,バグを修正し、再びダンプする：,20170323
42907,3745,例。,20180425
42907,1396,フィラデルフィアは退屈ではない――ただ、隣にあるからそう見えるだけだ。,20170814
70955,6436,ああ、一体どうしたのだろう,20170511
70955,124,-- ジェローム・レトヴィン,20170924
42179,3826,良い忠告とは、悪い手本を示すには年を取りすぎた男が与えるものである。,20170715
78245,5512,死ぬ？とんでもない、友よ。バリモア家はそんな,20180315
78245,3384,「ボンベイの気候は、その住民が生活しなければならないほどのものである」,20170321
78245,5714,相手が綴りを知っていること。,20180325
23530,4352,"Death is nature's way of telling you to slow down
",20180501
80009,6964,今日は大きな嘘をつくな。小さな嘘でも同じくらい効果的だ。,20170606
54950,1290,彼らの話題は主にセックスに及ぶ。,20171102
81638,9133,「家具との議論は、めったに生産的ではない。」,20170721
81638,1878,"I really hate this damned machine
",20180202
82795,3635,「私たちは気にしない。気にする必要はない。私たちは電話会社だから。」,20180410
82795,9171,心配するために。,20170316
82795,6072,もし時がすべての傷を癒すなら、なぜへそは変わらないのか？,20170825
95512,2362,"If I traveled to the end of the rainbow
",20170624
95512,4859,午後はロマンスに非常に好都合。一人の人を,20170809
95512,183,今年はハンニバル・デーを祝おう。象を昼食に連れて行け。,20170430
42690,5927,-- ケーログ・アルブラン,20170628
42690,7236,誰も確信していないこと。,20180429
42690,4283,「可能性は三つある。パイオニアの太陽電池パネルが,20171211
32696,4448,カサブランカから出て、ドイツ人は奇跡を非合法化した。」,20170614
71822,3997,-- G・B・ショー,20170915
71822,3799,誰を信じる？,20171004
71822,8559,-- リリー・トムリン,20170811
42670,5561,トゥルナウカの法則：,20170903
42670,1978,サンフランシスコ？,20170503
60185,8873,モリソンの官僚主義仮説：,20170225
32167,968,すべての兆候には7つの症状があった。,20180114
32167,6515,さもなければ、より難しい思考を必要とする。,20171223
24241,1097,今年の最悪野菜：芽キャベツ。これはまた、,20180406
24241,5195,"        The mouse dissolved
",20170713
24241,8034,釘。,20170303
93643,3209,重力は神話だ、地球は吸い込む。,20170923
93643,4576,"Hail to the sun god
",20180413
30182,5415,速報！人類の知能が低下中。詳細は…ええと、いつだったか,20170307
30182,9335,系論：,20170909
73104,3376,「もっと必要になるまで、乗り切るのに十分なだけ必要だ。」,20180203
14946,2075,「そして、私と同じくらい大きくなったら何をするの？」,20180307
29455,2253,神は7日で世界を創造したのではない。6日間遊び呆けて,20170814
29455,2809,愚かさ。,20180130
29455,9289,「もっと必要になるまで、乗り切るのに十分なだけ必要だ。」,20170624
50223,4683,相手が綴りを知っていること。,20180210
50223,9395,偏執病とは、単に人生に対する楽観的な見方である。,20180320
50223,3384,人工知能に一年費やせば、,20170602
92679,1750,カリフォルニアは住むには良い場所だ――もしあなたがオレンジなら。,20170712
92679,9775,床を磨いたり、その他のエキサイティングなことをするのに最適な日。,20170814
53918,143,彼は、注文していない付け合わせでも見るかのように私を見た。,20170224
53918,7378,それは彼らが徹夜していたからだ。,20170106
20147,7416,彼らの良心の欠如。,20170201
70992,5605,そしてそれ以来、ベンゼン（been seen=見られたとの掛詞）になったことはない。,20170815
83937,2099,「今こそすべての善良な人々が立ち上がる時だ。」,20171014
71902,3204,誰もが彫刻を教わることができる。ミケランジェロは,20171012
71902,6185,第二法則：働くことで達成できる最大のことは、,20180413
71902,1093,コンピュータのせいにされるすべてのエラーの根源には、,20170305
28398,7386,-- マクスウェル・スマート,20170529
20328,1106,デュシャームの教訓：,20180412
29003,8859,時間だ！」,20170701
29003,6063,道徳的にハンディキャップのある人を雇いなさい。,20170620
89084,1654,自己中心主義とは、親切な自然が痛みを和らげるために与える麻酔である。,20170726
89084,1728,もし神が完全なら、なぜ不連続関数を創造されたのか？,20170731
89084,8976,悪意に帰するな、,20170618
22011,5425,物事は今よりも昔のようになっている。,20171106
77108,6262,"        Anything that can go wr
",20170922
10263,8207,「私の友人たちと私は皆、狂っている。それが我々を,20180214
10263,8559,中には何もない。,20170831
10263,8316,ソフトウェアが他の何物とも似ておらず、それが,20180117
71848,7737,「商品市場で小金を稼ぐ方法は、始めることだ」,20180317
27594,7035,それに慣れろ。,20170317
26692,5043,-- ジョン・チアルディ,20180215
26692,2092,フィラデルフィアは退屈ではない――ただ、隣にあるからそう見えるだけだ。,20170916
86262,8622,確固たる決断の日だ！！！！！それとも違うか？,20171203
33551,9520,豚の愚かさだと思う。,20171206
33551,4252,変化。,20170926
33551,7711,"Laetrile is the pits
",20171204
99724,5512,"We wish you a Hare Krishna
",20180221
59321,1143,SQL交響楽団コンサート,20180405
33614,7110,警官だ。」,20170521
12190,129,科学とは、先入観が検証に出会ったときに起こることである。,20180328
12190,6669,生きる。,20180125
92212,1386,-- アルベルト・アインシュタイン,20170113
70640,6571,老いたプログラマーは死なず。ただ新しいアドレスに分岐するのみ。,20180409
70640,1202,-- 愚者の辞書,20170206
92462,3114,-- 『ドクター・フー』より、准将,20170513
96002,5195,素人のためのプログラミングに関する最高の本は『不思議の国のアリス』だ。,20170903
96002,8666,ポップアップ、プッシュダウン、バイト、バイト、バイト！,20170828
96002,7523,主は、もしそうでなければ、なぜ我々にこれほどの素早い動きを与えられたのか。,20180410
72076,8804,すべてのプログラムをRPGで実行する！,20170203
72076,3904,システム/3！,20180401
72076,8515,"to justify God's ways to man
",20170415
41836,3201,5年間で、我々は一つの素晴らしいプログラミング言語を手に入れることができる。ただ,20170825
86176,4930,本ではなく、スープを濃縮せよ！,20170422
86176,4062,今、自然に振る舞いなさい。煮えくり返り、怒り狂い、かんしゃくを起こしなさい。,20180328
86176,9347,A: 33人。1人がビットを持ち、32人がレジスタを押す。,20170415
50118,6136,コンピュータがクラッシュする。,20170929
50118,9122,-- ギゴ,20170903
50118,4961,先週の火曜日がつまらなかったと思うなら、何が起こるか待ってみなさい。,20170622
48966,9289,宇宙は大きい。あなたはそれがどれほど広大で、巨大で、心を,20171115
29534,1926,ローマ帝国はなぜ崩壊したのか？事務所のラテン語は何？,20170817
21741,3463,1ビットたりとも取るな！,20170614
21741,5162,すべての兆候には7つの症状があった。,20170427
21741,7994,「それは素晴らしいに違いない！私には全く理解できない。」,20171226
66875,3587,丸一日得られない。可能な限り2月は避けよう。,20180109
66875,2640,ネーザーの法則：,20170402
66875,7182,この人物は解雇されなければならない。,20171008
47319,9681,一度。,20171119
91638,537,「率直に申し上げましょう、ムッシュ。あなたを,20170908
91638,8631,明かりがつく。,20171116
31140,89,人々はお一人様一点限りのものなら何でも買う。,20170324
31140,4542,そして他のエロティックな効果。,20170226
31140,9373,6ヶ月ごとに。,20171105
35847,124,自分自身を問題の一部として。,20180310
60236,2044,-- バート・ウィットニー,20171017
60236,9171,ワッフルにかけたことがある。,20180116
22247,7927,客1：「紅茶をください」,20170607
28283,6254,2) 「お前と、どの軍隊だ？」,20170414
28283,8753,ユーカリの木で眠らない方がよい、もう一晩。,20180203
98009,6154,-- エルバート・ハバード,20170110
98009,9924,ポップアップ、プッシュダウン、バイト、バイト、バイト！,20171220
62987,4143,最初で成功しないなら、諦めろ。とんでもない馬鹿になる必要はない。,20170209
62987,9346,何もない。,20170823
62987,8650,「私たちは気にしない。気にする必要はない。私たちは電話会社だから。」,20171212
90862,8380,アコーディオン：プリーツ付きのバグパイプ。,20170307
90862,3998,文句は言えない、でも時々言ってしまう。,20171103
38861,8158,銀行家とは、太陽が輝いているときに傘を貸してくれ,20170904
38861,7660,価格が上がった。「すべて新品」「完全新品」あるいは「素晴らしい新品」というラベルは,20170731
38861,9414,電球を交換するのに、禅師は何人必要か？,20170924
98422,7113,大きな財産を持って。」,20170504
98422,2595,そしてそれ以来、ベンゼン（been seen=見られたとの掛詞）になったことはない。,20171217
20782,402,「一度でいいから、,20170518
20782,4938,"        Anything that can go wr
",20170323
37535,541,-- クリント・イーストウッド,20170501
37535,6059,2. 直線あてはめが必要な場合、データは2点のみ取得すること。,20180424
61368,1673,COBOLで書くかFORTRANで書くか。,20171128
61368,2210,"There was a young lady from Hyde
",20171103
61368,1923,働くために。,20170513
21531,9306,"enough cheese
",20171122
21531,5415,彼は、注文していない付け合わせでも見るかのように私を見た。,20170929
95542,3823,その5年間がいつ始まるかを我々は制御できない。,20170314
95542,6740,種が動くかどうかを見ずに。,20170316
60437,9660,注意：呼吸はあなたの健康に有害な場合があります。,20170908
60437,8902,中傷された。,20180310
60437,8109,「商品市場で小金を稼ぐ方法は、始めることだ」,20170516
35466,3137,死ぬことは非常に退屈で陰気なことだ。そして、君への私のアドバイスは,20170918
35466,3415,で責任を回避するか？,20170603
35466,2241,-- ジェローム・レトヴィン,20180102
31913,488,クリンクラーの第二法則：,20170430
31913,7676,批判するが、もし皆に嫌われたら、あなたも偏執病になるだろう。,20180209
31913,5282,-- ハーバート・プロクナウ,20180303
54625,9245,"He sure is a fun god
",20180110
54625,3755,-- ピーター・S・ビーグル,20170413
10713,9346,今夜はコウモリに餌をやらないで。,20170113
89785,4143,姉妹や近親者が弾くピアノよりも迷惑だ。,20170711
89785,7257,物事は今よりも昔のようになっている。,20180304
89785,9,デバッグセッション。,20180327
55943,183,木のように美しい広告看板。,20180114
55943,2594,正しいプログラムを理解するより、間違ったプログラムを書く方が簡単だ。,20170803
55943,9773,LISPプログラマーはすべての価値を知っているが、そのコストは,20170822
93012,5714,波の上に立つ者もまた、サーフィンをする。,20171216
93012,3491,現実は幻覚の障害である。,20171127
43009,2420,別のものの。,20180402
85855,8622,「結婚（Matrimony）は言葉じゃない、宣告（sentence）だ。」,20171018
85855,515,-- アラン・パーリス,20170724
85855,1567,彼らがそうあるべきであると。ゆえに、スキタイ人の間では、,20170128
39870,1753,-- バート・ウィットニー,20180203
39870,9145,チキンスープ：,20170806
37751,4240,"        The apple fermented
",20171026
45081,1302,マクガワンのマディソン・アベニュー公理：,20180405
45081,2071,馬鹿：人間社会において影響力を持つ、大きくて強力な部族のメンバー。,20171007
45081,6625,-- マーク・トウェイン,20180425
22749,3470,-- マクスウェル・スマート,20171208
22749,8433,文学的なドイツ人が文章に飛び込むときはいつでも、それが最後だ。,20180302
22749,2917,LSDは、その重さの47倍の過剰な現実を消費する。,20170716
18123,2147,変化。,20171005
18123,43,この人物は解雇されなければならない。,20170425
18123,4723,時間だ！」,20171206
68708,3297,パタパタ、ばたばた、ぱたん,20180125
59901,9472,2) 「お前と、どの軍隊だ？」,20171003
59901,1783,おそらく、広告看板が落ちてこない限りは,20170412
30080,5517,搾取の範囲から自分自身を。,20170326
97831,6131,あなたは賢く、機知に富み、素晴らしいが、あまりに多くの時間を,20170106
18833,2967,"We wish you a Hare Krishna
",20170708
18833,5922,勇気を奮い起こせ！他のものは全部台無しにしたんだから。,20170212
56991,4938,本物のプログラマーはキッシュを食べない。実際、本物のプログラマーは,20171228
43036,129,"一目惚れは、""",20170605
43036,3318,その道を。,20170507
74663,1811,大西洋を、口に動詞をくわえて。,20171004
74663,1166,感情的に活発であれ。お気に入りの神経症に迎合せよ。,20170714
19164,6503,価格が大幅に上がったことを意味する。,20180315
19164,9137,それはやる価値がなかった。,20170302
19164,7820,1分がどれだけ長いかは、トイレのドアのどちら側にいるかによる。,20170428
44660,5963,ツバメがカピストラーノに着陸するのを手伝おう。,20170723
16455,6612,あなたのプログラムを説明しているときに聞き手がうなずいたら、,20180422
16455,3745,物事は今よりも昔のようになっている。,20170731
16455,1625,感嘆：他人が,20171129
23135,1998,今週は自分で機会を作り出せる。上級,20170607
23135,1567,しかし、私が命じたことだけだ。,20171102
23135,4273,働くために。,20171123
98754,5493,中には何もない。,20170605
50548,9188,電球を交換するのに、ソフトウェアエンジニアは何人必要か？,20170806
50548,8455,想像力は、現実との戦いにおける唯一の武器である。,20170815
50548,2033,外交とは、石を見つけるまで「いい子だね、ワンちゃん」と言い続ける技術である。,20180411
60492,2404,彼があなたに言うこと。,20170708
60492,3441,歴史の第一法則：,20180320
60492,2633,"Advertisement: The most truthful part of a newspaper
",20180106
55951,8784,全く価値がない。,20180129
13468,1077,5年間で、我々は一つの素晴らしいプログラミング言語を手に入れることができる。ただ,20170215
13468,1302,チキンスープ：,20170609
13468,8859,新しい議員たちは政府を立て直すと言っている。私は,20171123
39597,7535,こんにちは、ファルケン博士。,20180121
39597,5151,-- ポール・マクラッケン,20180218
39597,3953,"        The apple fermented
",20170531
50382,6239,「そして、私と同じくらい大きくなったら何をするの？」,20171118
50382,2189,「結婚（Matrimony）は言葉じゃない、宣告（sentence）だ。」,20171031
67459,5512,ストリップは回転した。,20170111
56067,709,第一法則：働かずに何も得ることはできない。,20180327
56067,8383,"A.A.A.A.A.: An organization for drunks who drive
",20180428
56067,9583,「何もしなくても誰が気にする？これは我々の新しい,20171026
51203,2792,さようなら。私は退屈だから去る。,20170914
51203,5493,"Conscience is the inner voice that warns us somebody is looking
",20170616
51203,8504,科学は真実である。事実に惑わされるな。,20180411
66325,2858,午後：我々がどうやって,20180107
66325,1654,メニュー：レストランがちょうど品切れにした料理のリスト。,20180205
66325,924,丸一日得られない。可能な限り2月は避けよう。,20180421
11402,3797,-- フィンリー・ピーター・ダン（ミスター・ドゥーリー）,20170924
11402,5648,今日は大きな嘘をつくな。小さな嘘でも同じくらい効果的だ。,20170618
86328,5648,悪意に帰するな、,20171126
86328,3137,その構文はJOSSより悪い。,20170307
15475,4252,6ヶ月ごとに。,20170129
15475,6894,朝に、そして学校に着くまで止まらない。,20170814
16100,2792,それがいかに走るか見よ！それがいかに走るか見よ！,20180426
16100,2731,少年：泥のついた騒音。,20170915
65268,5425,数学の法則が現実に関わる限り、それらは,20180108
50248,4652,応用テロの第五法則：,20180413
50248,3634,自分の評判を考えなさい。名前を変えて、,20170705
31417,9353,ユーカリの木の中で。,20170724
31417,2362,とんでもない馬鹿であることの。,20170407
56415,3384,時間だ！」,20170916
56415,3826,人生。,20171126
59167,6982,-- ラ・ロシュフコー,20180123
82357,5412,"        The apple fermented
",20170215
25678,6379,答えは42だ。,20170216
99095,2834,候補者とは、金持ちから金をもらい、,20170418
99095,7182,三人の友人。もし彼らが大丈夫なら、あなたがそうだ。,20170712
99095,9520,国が一流の経営の下で何ができるかを声高に。,20170123
26690,2075,-- アラン・パーリス,20170220
26690,2671,-- F・P・ジョーンズ,20170207
84391,1859,爆弾を禁止せよ。通常戦争のために世界を救え。,20180216
75013,5415,そして先月分を前払いで。,20180110
75013,6178,少年：泥のついた騒音。,20170630
75013,8249,間違いはしばしば、完全な失敗への踏み石となる。,20171125
93509,9007,今日は旅行が重要。明日、国税庁の役人が来る。,20180302
93509,3869,最悪な一日を過ごすには最高の日だ。,20170908
93509,5104,豚の愚かさだと思う。,20170920
58898,1143,SQL交響楽団コンサート,20170629
58898,1143,SQL交響楽団コンサート,20170117
58898,1143,SQL交響楽団コンサート,20171220
45741,8542,1ビットたりとも取るな！,20171118
45741,6437,核攻撃の場合、学校での祈りを禁じる連邦政府の判決は,20170209
45741,5015,注意：呼吸はあなたの健康に有害な場合があります。,20170430
70183,9791,-- アナトール・フランス,20170128
37266,792,価格が上がった。「すべて新品」「完全新品」あるいは「素晴らしい新品」というラベルは,20170429
37266,5043,道徳的にハンディキャップのある人を雇いなさい。,20180112
16586,1978,運勢：セグメンテーション違反――コアダンプ,20170927
78037,1563,脳（動詞）：[「脳する」のように]  bluntly に、しかし pointedly ではなく叱責すること。,20171029
78037,9133,している。,20180115
78037,1830,経験とは、あなたが認識することを可能にする素晴らしいものである。,20170224
67207,2195,爆弾を禁止せよ。通常戦争のために世界を救え。,20170113
67207,9791,気分転換には良い日。寝室の壁紙を張り替えよう。,20170509
89458,7780,-- ジョン・バリモアの最期の言葉,20170211
89458,9917,ウィル・ロジャースが言ったように、「無料の,20171010
89458,2501,そしてそれ以来、ベンゼン（been seen=見られたとの掛詞）になったことはない。,20171108
18288,174,心配するために。,20180107
33357,6845,コンピュータにゴミを入れれば、ゴミしか出てこない。しかし,20170303
33357,1028,"THE GOLDEN RULE OF ARTS AND SCIENCES
",20170601
57274,1670,今夜は半月。（少なくとも、月がないよりはましだ。）,20170430
33243,5282,体の方が良い。,20170417
42391,2573,フィルモア大統領を悪く言うな。彼は我々をベトナム戦争から遠ざけてくれた。,20180408
65412,9876,「もし神が地上に住んでいたら、人々は彼の窓をすべて叩き割るだろう。」,20180222
65412,9087,ああ、一体どうしたのだろう,20180126
65412,8826,捨てられる運命にある：重要なのは、常にそれを,20171031
88789,8061,丸一日得られない。可能な限り2月は避けよう。,20170130
88789,2937,離婚から抜け出す。,20170807
49770,2886,良い忠告とは、悪い手本を示すには年を取りすぎた男が与えるものである。,20170214
49770,9669,"God is a polythiest
",20180118
94711,4017,ホーングレンの観察：,20170309
94711,6505,Q: 電球を交換するのに、オレゴン州民は何人必要か？,20171113
57098,2789,皮肉屋の目を、彼の視力を改善するために。,20171004
55194,5702,神は7日で世界を創造したのではない。6日間遊び呆けて,20170220
55194,1783,科学とは、先入観が検証に出会ったときに起こることである。,20180205
46832,4961,"We wish you a Hare Krishna
",20170603
46832,1643,「ラクダが針の穴を通るのは、それが,20171002
46832,2230,「私の友人たちと私は皆、狂っている。それが我々を,20170223
31578,6982,第三法則：絶対零度でしか収支はとんとんにならない。,20170308
31578,4287,使いやすく、動作し、もし壊れたら、彼らはすぐに,20170228
31578,1066,"Today is the first day of the rest of the mess
",20180418
11092,4884,電球を交換するのに、ソフトウェアエンジニアは何人必要か？,20171203
11092,4892,講師はプラナリアについて200ページを課すだろう。,20180101
11092,5735,少なくとも二つの人為的ミスを見つけるだろう、それを,20171001
17628,4652,-- エレノア・ルーズベルト,20170427
58273,6229,また轢かれないことを願う。,20170202
58273,1016,世の中で噂されることより悪いことは一つしかない。そしてそれは,20171011
58273,5135,-- マーク・トウェイン,20180327
50529,3151,16歳以上で、美しく裕福で、,20170820
70034,8559,"        The mouse dissolved
",20171026
70034,7242,ローマ帝国はなぜ崩壊したのか？事務所のラテン語は何？,20171226
19233,4687,"一目惚れは、""",20170920
45056,3362,今日は大きな嘘をつくな。小さな嘘でも同じくらい効果的だ。,20180218
45056,6292,-- ジョン・チアルディ,20171005
88867,8114,成功の秘訣は誠実さだ。それを偽ることを学べば、,20180112
88867,2035,人間は赤面する唯一の動物である――あるいは、そうする必要がある唯一の動物である。,20170603
88867,1374,100ブロックのゴミ！,20170321
27756,2875,システム、その主要な弱点がすべて露呈した,20180328
84682,9432,恋は感傷的なはしかである。,20171127
91614,9669,今日は大きな嘘をつくな。小さな嘘でも同じくらい効果的だ。,20170429
91614,5561,今月は忘れられない月になるだろう――どんなに忘れようとしても。,20170421
41383,5971,精神科医は4人に1人が精神的に病んでいると言う。,20170605
73236,7894,「要するに、_Nがリシャール的であるのは、_Nがリシャール的でない場合に限る。」,20180222
46634,1143,SQL交響楽団コンサート,20170803
46634,1143,SQL交響楽団コンサート,20170731
46634,1143,SQL交響楽団コンサート,20170321
21576,9046,"
",20170924
21576,8059,ウェイター：「紅茶かコーヒー、どちらになさいますか？」,20171106
69699,1143,SQL交響楽団コンサート,20170716
69699,1143,SQL交響楽団コンサート,20171214
38394,6669,嘘：真実の非常に粗末な代用品だが、発見された唯一のもの。,20171115
38394,5593,それが、点で対になって,20171008
38394,690,神を。,20170228
71236,2714,薬局への道は遠いかもしれないが、宇宙に比べればピーナッツみたいなものだ。,20171125
71236,8836,-- ケーログ・アルブラン,20170125
48817,9923,Q: 電球を交換するのに、異性愛者の男性は何人必要か？,20170206
48817,4273,なし。「ソフトウェアで修正する。」,20170630
24352,1921,"BLISS is ignorance
",20180405
24352,4507,扱いやすい：あなたは間違った問題を解決した。,20180303
24352,8902,リストまたはオブジェクトデッキ。,20170305
51845,4149,"WHERE CAN THE MATTER BE
",20171215
37902,17,「素晴らしい！この半,20170415
89752,4534,偏執病とは、単に人生に対する楽観的な見方である。,20170530
81181,9103,そして彼女の内部でリンゴ酒を作った。,20180205
81181,4193,モリソンの官僚主義仮説：,20170715
81181,8902,「すべての肉は草である」,20170828
14068,315,-- ジョン・バリモアの最期の言葉,20170425
14068,7297,釘。,20170716
14068,1743,手。,20170822
12509,8029,答えは42だ。,20170410
33221,3114,タイプライターは、感情を込めて演奏されると、,20171219
44873,6063,物忘れ：神が債務者に、,20170116
44873,7509,白いひげを生やし、赤いスーツを着たぽっちゃりした男が間もなくあなたに近づくだろう。,20170803
45633,1166,対処法を知らないエラー条件をテストするな。,20170901
43588,1552,警官だ。」,20170421
71361,3901,"
",20170330
71361,3209,なし。「ユーザーが解決できるだろう。」,20170422
50836,7107,捨てられる運命にある：重要なのは、常にそれを,20180410
50836,4381,何としても現実を避けよ。,20170404
50836,2513,5年間で、我々は一つの素晴らしいプログラミング言語を手に入れることができる。ただ,20170220
62875,6612,再生業者よ、その木を助けてやれ！,20180328
11376,3841,ツバメがカピストラーノに着陸するのを手伝おう。,20170309
11376,1894,光の速さより速いものはない…,20170121
11376,9288,瓦礫を跳ねさせる,20180115
86754,7351,文句は言えない、でも時々言ってしまう。,20170412
86754,9923,ウェイター：「紅茶かコーヒー、どちらになさいますか？」,20170908
87281,2400,-- イディッシュ語のことわざ,20171104
87281,4286,クリーブランドはまだ生きている。神は死んだに違いない。,20170703
44256,6575,チケット。,20180201
93471,9353,「演技とは、観客に,20170920
74445,7460,神は練習のために愚か者を作り、そして教育委員会を作った。,20170614
74445,8233,長い目で見れば、すべてのプログラムはロココ調になり、そして瓦礫となる。,20170416
74445,4804,しかし、我々は熱意のあまり、,20171011
25743,8121,-- ルイス・キャロル,20170603
73400,1714,"Whether you can hear it or not
",20180404
51925,4534,今日はあなたが勝者になるだろう。4歳児に喧嘩を売れ。,20180321
51925,8864,システム、その主要な弱点がすべて露呈した,20170506
51925,5149,誘惑以外なら何にでも抵抗できる。,20170527
85723,624,-- D・J・ヒックス,20170101
85723,8883,-- A・E・ハウスマン,20170302
85723,1763,起こる。,20180111
70366,9780,2) 「お前と、どの軍隊だ？」,20180228
70366,5412,死とは、人生があなたに「お前はクビだ」と告げる方法である。,20171108
55809,537,釘。,20171216
73030,5715,時々、無実の人が議会に送られる。,20170704
73030,3345,私は聴衆に、彼らがなしうる最善のことは,20180307
73030,3851,自動化？,20170521
98143,3634,ヌーディストとは、一つボタンのスーツを着る人々のことである。,20170506
98143,9105,"WHERE CAN THE MATTER BE
",20180120
16454,5011,ハチドリは歌の歌詞を決して覚えない。,20170828
16454,6148,そして薬はけいれんを引き起こす。,20180418
60674,5061,その詩は決して韻律に合わなかった。,20170813
60674,9558,それはやる価値がなかった。,20180122
60674,6101,再び同じ間違いを犯したときに。,20170303
43913,1794,システム、その主要な弱点がすべて露呈した,20170603
43913,2886,今、私はそれを守っている。,20170226
43913,1016,-- ビル・ホースト,20180430
90831,1654,"BLISS is ignorance
",20170920
90831,8716,左にシフト！右にシフト！,20170530
90831,6156,-- ジェローム・レトヴィン,20180306
40422,1988,青リンゴを食べて死んだ。,20171009
40422,5536,私は酒はやらない。,20171012
40422,9185,すべてのバグには7つの兆候があった。,20170506
87715,6020,メビウスの輪の上のネズミ,20171206
30227,6063,-- リリー・トムリン,20171030
30227,6658,靴。,20170817
79610,3901,来年の最悪野菜。,20170113
48382,1643,なし。宇宙が電球を回し、禅師は,20170107
48382,9559,コンピュータが、事実を印刷するために,20170523
48382,6505,体の方が良い。,20170927
26744,3204,それはここにない。,20171030
26838,6517,感嘆：他人が,20170725
55533,2831,CPUにいます我らのOSよ、御名をUNIXと称えさせたまえ。,20180405
55533,2475,「三重アイソ分岐クリプトンゲートMOSプロセス…」,20171002
45587,364,この人物は解雇されなければならない。,20171119
37312,5748,上司を驚かせろ。時間通りに出勤しろ。,20170302
37312,8417,-- W・サマセット・モーム,20180128
85139,8040,"Conscience is the inner voice that warns us somebody is looking
",20170711
85139,7929,-- オスカー・ワイルド,20170922
11858,1866,物事は今よりも昔のようになっている。,20171122
73070,9122,-- アルベルト・アインシュタイン,20180409
73070,7331,軍法は正義にとって、軍楽が音楽にとってそうであるようなものだ。,20180321
78437,9615,未来はまだら模様。夕方遅くにスープをこぼすだろう。,20180205
78437,6815,もし時がすべての傷を癒すなら、なぜへそは変わらないのか？,20170625
19292,1143,SQL交響楽団コンサート,20170918
19292,1143,SQL交響楽団コンサート,20170611
19292,1143,SQL交響楽団コンサート,20171213
87461,9214,書かれたものと、そうでないもののために。,20170629
33414,1144,起こる。,20170923
33414,7830,大統領や王から地の果てのクズまで…,20170807
33414,2875,ゴイムを創造したのか？」一般的に受け入れられている答えは、「誰かが,20180112
82406,158,神は死んでいない、ただ駐車スペースを見つけられなかっただけだ。,20171031
82406,4941,誰かが「私がただ,20180319
58679,7995,相手が綴りを知っていること。,20171027
75230,9624,本物のプログラマーはPASCAL、BLISS、ADA、その他赤みがかった,20180111
75230,1306,しかし、我々は熱意のあまり、,20170207
75230,4723,バグを修正し、再びダンプする：,20170514
77265,2716,感嘆：他人が,20180320
23573,2979,価格が大幅に上がったことを意味する。,20180426
23573,8777,"There once was a girl named Irene
",20180115
17617,7927,ヌーディストとは、一つボタンのスーツを着る人々のことである。,20170529
17617,5469,私はあらゆる緊急事態には備えているが、日常には全く備えていない。,20170520
17617,7535,なし。宇宙が電球を回し、禅師は,20180321
70502,2677,重役。,20170615
70502,3521,脳は素晴らしい器官だ。あなたが起きた瞬間に働き始め,20171110
94300,968,-- 合併形成外科医・工具製造社,20170423
94300,6579,搾取の範囲から自分自身を。,20180426
94300,9406,"He sure is a fun god
",20180321
96855,8522,ウェイター：「紅茶かコーヒー、どちらになさいますか？」,20170125
38534,9145,共同制作：,20170311
38534,9185,あなたは仕事のことで心配しすぎだ。やめなさい。あなたは十分に給料をもらっていない。,20170802
75338,2858,暇な時間に現金を稼ごう――友達を脅迫せよ。,20170815
47547,7236,汝、それを再生するなかれ。,20170909
47547,1104,"I must have slipped a disk -- my pack hurts
",20170205
47547,5858,分子生物学者はデザイナー遺伝子（デザイナーズジーンズとの掛詞）を身に着けるのか？,20170517
39714,284,私は木を全く見ることがないだろう。,20171017
39714,5294,ダイナマイトで空高く吹き飛ばされる神聖な権利の目に見える兆候。,20170626
19435,8078,-- マーク・トウェイン,20170709
19435,3323,事実への些細な投資から、推測という見返りを。,20171127
48318,3322,深まる憂鬱の中で、あなたの犬がようやく,20180430
48318,9171,今日は驚きが待っている。家賃もだ。,20170612
39951,1344,今回のログインセッション：$13.99、しかしあなたには$11.88,20171012
39951,3810,"There was a young lady from Hyde
",20170521
97525,3139,-- ビル・ホースト,20180319
13042,797,ニヒリズムは自己から始めるべきだ。,20180310
13042,2193,搾取の範囲から自分自身を。,20170418
13042,9150,少年：泥のついた騒音。,20170525
78319,9188,汝、それを再生するなかれ。,20180306
28360,7262,コンピュータは絶対に間違わない。,20170928
28360,5966,"
",20180129
84048,8716,それがいかに走るか見よ！それがいかに走るか見よ！,20170423
84048,339,12歳以降に。,20170321
84048,4867,トゥルナウカの法則：,20171111
56694,8063,すべてのバグには7つの兆候があった。,20170529
56694,1290,キリスト：少なくとも5000年早く生まれすぎた男。,20170513
56694,9472,軽く油を塗った。」,20170922
82300,3441,誘惑を取り除く唯一の方法は、それに屈することだ。,20171130
82300,6602,自動化？,20180312
82300,5982,マーフィーの法則が間違っている可能性があるなら、それは間違っているだろう。,20180413
17086,9472,外交官とは、妻に,20170607
17086,6436,過去は常にかつてより良く見える。それが心地よいのは、ただ,20180212
17086,4591,有名な最期の言葉：,20170421
15113,4143,精神科医は4人に1人が精神的に病んでいると言う。,20180410
15113,2940,第四次世界大戦は棒と石で戦われるだろう。」,20180205
63273,2940,花嫁：幸せな未来を背後に持つ女性。,20170623
63273,6753,体の方が良い。,20170126
34986,5004,"
",20170808
52142,6022,プロジェクトMACでの損失はどれくらいか？,20180305
52142,3204,人生は玉ねぎのようなものだ。一枚一枚皮をむいていくと、,20170328
96084,988,人工知能に一年費やせば、,20170402
28289,5240,本物のプログラマーはPASCAL、BLISS、ADA、その他赤みがかった,20170512
28289,651,"It's because I try to put every possible syllable into that last line
",20170406
28289,7364,少なくとも二つの人為的ミスを見つけるだろう、それを,20170430
58303,9469,大統領や王から地の果てのクズまで…,20180226
58303,9529,客1：「紅茶をください」,20170324
67693,1794,その構文はJOSSより悪い。,20170927
67693,6579,パリティがわずかに失われている。,20170908
67693,8233,対処法を知らないエラー条件をテストするな。,20171018
61241,7535,私は未来を見たが、それは現在と全く同じで、ただ長いだけだった。,20180403
61241,232,このゴミは、非常に高価な機械を通過した後,20170329
83796,1468,ディスク上の100ブロックのゴミ,20170103
83796,3362,-- ハーバート・プロクナウ,20180416
83796,2272,食べる。,20180223
36559,1329,コンピュータが人間より多くの仕事をこなせる一つの良い理由は、彼らが,20180122
66447,3745,電気コード。,20170225
66447,6393,私はあなたが思うほど酔っていない。（I'm not as think as you drunk I am. の言葉遊び）,20171112
76659,1643,非常に経済的な宇宙へ。,20170529
76659,9087,-- サルヴァー・ハーディン,20171016
76659,1396,人生をやり直せるかもしれない――もし最初の,20170501
90384,4659,-- ケーログ・アルブラン,20170218
38065,7424,モリソンの官僚主義仮説：,20180429
38065,3629,不幸は仲間を好むが、仲間はそれに応えない。,20180329
96764,8315,神のみが無作為な選択をすることができる。,20171110
96764,2910,-- マクスウェル・スマート,20170408
96764,2049,世界は終わる！悔い改め、図書館の本を返しなさい！,20170803
96200,8997,覚えておけ、たとえ出世競争に勝ったとしても――お前はまだネズミだ。,20170113
96200,2147,「商品市場で小金を稼ぐ方法は、始めることだ」,20171110
96200,5313,想像力は、現実との戦いにおける唯一の武器である。,20171020
58690,8361,収支を合わせられると思った頃に、誰かが,20170608
71482,3623,"We wish you a Hare Krishna
",20170630
71482,8131,生きる。,20180107
71482,6022,登山靴を職場に。万一、,20170630
97973,9267,誘惑を取り除く唯一の方法は、それに屈することだ。,20180211
97973,8548,UFOは実在する。空軍は存在しない。,20180422
97973,2886,-- ジョン・チアルディ,20171231
18151,5344,縄は緩む。,20180119
18151,7271,-- イディッシュ語のことわざ,20180421
66551,5561,そして他のエロティックな効果。,20180123
93713,1166,正直者：口がきけず、読み書きができない。,20170605
93713,2035,趣味に余分な時間を費やせ。巻紙をたくさん手に入れろ。,20170619
93713,6063,今年はハンニバル・デーを祝おう。象を昼食に連れて行け。,20180129
77288,2089,あなたの同意なしに、誰もあなたを劣っていると感じさせることはできない。,20170422
62127,7271,ディスク上の99ブロックのゴミ,20170227
62127,9784,-- ヒレア・ベロック,20170429
37601,4194,本物のプログラマーは9時から5時まで働かない。もし本物のプログラマーが午前9時頃にいるなら,20180106
37601,9472,10年間の不採用通知は、自然があなたにやめるよう告げる方法である。,20170817
70303,8068,-- ジョージ・サンダースの最期の言葉,20180310
70303,674,つまり、もしアパートを借りるなら、あなたは3つの,20171214
70303,2075,暇な時間に現金を稼ごう――友達を脅迫せよ。,20180329
37565,9775,エラーのない重要な手紙は、,20170101
37565,1104,"
",20171020
37565,1994,強い酒には気をつけろ。それは税務署員を撃ちたくさせ、そして,20171122
85709,1143,SQL交響楽団コンサート,20170611
85709,1143,SQL交響楽団コンサート,20171025
53977,4351,"        The apple fermented
",20170303
53977,7242,プログラムに合わせて仕様を変更する方が、その逆よりも簡単だ。,20180320
53977,9624,しかし、私が命じたことだけだ。,20171021
26594,4683,闇が漏れ出す。,20170706
26594,4520,左にシフト！右にシフト！,20180401
34378,8600,リストまたはオブジェクトデッキ。,20170408
34378,3770,やるべきことを先延ばしにするのに、今ほど良い時はない。,20180103
81399,551,おそらく、広告看板が落ちてこない限りは,20180126
81399,6393,-- 愚者の辞書,20170912
57109,4754,愚かさ。,20170709
57109,6701,本物のプログラマーはテニスや、,20170122
89998,7478,国が一流の経営の下で何ができるかを声高に。,20170926
59120,6085,警句があるなら、メタ警句もなければならない。,20180429
59120,7390,午後はロマンスに非常に好都合。一人の人を,20170404
59120,8118,"A.A.A.A.A.: An organization for drunks who drive
",20170127
69199,6753,彼らの良心の欠如。,20170919
66354,1087,"        The apple fermented
",20170818
66354,6156,幸福：他人の不幸を熟考することから生じる心地よい感覚。,20170126
93077,610,結晶学のオタクたち。,20180107
93077,4652,文句は言えない、でも時々言ってしまう。,20170725
93077,6262,応用テロの第五法則：,20171104
36906,2953,-- ラザルス・ロング,20180413
36906,674,メビウスの輪の上のネズミ,20170424
95569,7995,は去ることだった。,20180121
95569,1925,-- イザヤ,20170814
95569,1673,"
",20170816
47368,4915,"I must have slipped a disk -- my pack hurts
",20180330
47368,7333,瓦礫にすぎない,20180203
19832,146,責任は常に権限を上回る。,20170124
19832,241,イギリス史の中間試験の前夜、あなたの生物学の,20170625
19832,8433,扱う。,20171229
75592,1016,決して美徳の道に迷い込むな。,20170213
75592,9122,"Call Avogardo 6.02 x 10^23
",20180212
85682,1909,歩行者。,20170226
85682,341,"        The apple fermented
",20170823
56774,5023,しかし、我々は熱意のあまり、,20170127
29170,5648,誰もが彫刻を教わることができる。ミケランジェロは,20170602
29170,3770,-- ドロシー・パーカー,20170523
29170,3953,噂されていないことだ。,20170412
92310,5858,瓦礫にすぎない,20171214
71394,1404,力の限り輝いて：,20180103
71394,3213,-- アナトール・フランス,20171130
71394,3750,今日は空飛ぶ円盤に近づかないように。,20170107
39042,8504,再び同じ間違いを犯したときに。,20170216
39042,3323,-- クリント・イーストウッド,20170216
39042,7780,ユニコーンを救えないなら、魔法に何の意味がある？,20170621
23523,3053,A: 3人。1人が電球をねじ込み、2人がそれを邪魔する者たちを追い払う。,20180115
23523,7994,"        Anything that can go wr
",20170426
24929,4318,平均的な女性は、頭脳よりも美貌を望む。なぜなら、,20170320
42125,5519,"There's no future in time travel
",20170914
42125,2933,神を。,20171231
42125,1988,良い忠告とは、悪い手本を示すには年を取りすぎた男が与えるものである。,20170703
35679,5089,「お前は母親のような男には決してなれない！」,20170708
35679,2910,闇が漏れ出す。,20180314
35679,3441,彼を。,20171216
86438,2021,扱う。,20170929
86438,8836,時間とは、すべてが同時に起こらないようにするための自然の方法である。,20170512
86438,5383,あなたは賢く、機知に富み、素晴らしいが、あまりに多くの時間を,20170813
13682,3607,-- D・J・ヒックス,20170518
13682,8158,来週から、パスワードはモールス信号で入力されることになります。,20180203
45939,651,それ。,20170320
45939,9520,力の限り輝いて：,20170415
45939,2792,A: 両方だ。,20170424
75436,6439,-- ベルトルト・ブレヒト,20170812
75436,8909,神は練習のために愚か者を作り、そして教育委員会を作った。,20171109
96606,3797,-- ピーター・S・ビーグル,20170223
96606,8804,"Advertisement: The most truthful part of a newspaper
",20171012
96606,136,父親は幼い息子に尋ねた。,20170121
35910,6958,デュシャームの教訓：,20170428
35910,5772,赤ん坊とは、一端に大きな声、もう一端に,20180109
35910,8193,彼を。,20171218
95145,3037,彼を避けろ。彼は共産主義者だ。,20170706
95145,1193,そして彼女の内部でリンゴ酒を作った。,20170309
95145,8187,来週の金曜日はあなたの幸運な日ではない。実を言うと、あなたは,20171119
35033,9171,「それは素晴らしいに違いない！私には全く理解できない。」,20170430
35033,6077,ファッションとは、あまりに耐え難い醜さの一形態であり、我々はそれを,20170106
35033,5155,その構文はJOSSより悪い。,20180330
63652,916,答えは42だ。,20171122
47416,7130,文句は言えない、でも時々言ってしまう。,20170713
13638,7219,経験を共有しようとするカリフォルニア人。,20180418
13638,6085,別のものの。,20180326
13638,9434,精神病院：楽観主義が最も栄える場所。,20170617
22376,6969,明かりがつく。,20170104
22376,8071,10年間の不採用通知は、自然があなたにやめるよう告げる方法である。,20171116
84111,2731,一つ。,20170429
84111,4290,最適化は進化を妨げる。,20170407
84111,9660,また轢かれないことを願う。,20171017
97315,9137,神は草を発明した。,20170209
74886,515,大学とは、教員が,20180206
74886,2404,は去ることだった。,20170927
74886,7156,もしそうなら、そうなるだろう。しかし、そうではないから、そうではない。それが論理だ！,20170806
78478,9917,今日は大きな嘘をつくな。小さな嘘でも同じくらい効果的だ。,20180125
78478,7792,変数。」,20170612
41345,1106,-- ルイス・キャロル,20170811
41345,9681,"
",20180211
50709,9934,本物のプログラマーはPASCAL、BLISS、ADA、その他赤みがかった,20170214
74218,5972,-- マーク・トウェイン,20180315
74218,2940,もし神が我々に裸でいてほしかったなら、我々はそのように生まれていただろう。,20180103
74218,3973,誰も確信していないこと。,20170810
78403,7535,縄は緩む。,20180324
78403,9053,「サワークリームのボウルのように？」と他方が尋ねた。「なぜ？」,20180224
76319,1728,-- ソーパー上院議員,20170913
71160,5155,チケット。,20171225
71160,3345,例。,20170807
71160,8063,脳は素晴らしい器官だ。あなたが起きた瞬間に働き始め,20170627
51249,1360,プロジェクトMACを通り過ぎたとき,20170212
70415,2189,人々。,20170322
70415,3670,6ヶ月ごとに。,20171014
70415,9469,大西洋を、口に動詞をくわえて。,20180410
46275,6702,応用テロの第四法則：,20180407
46275,649,馬鹿：人間社会において影響力を持つ、大きくて強力な部族のメンバー。,20180415
46275,793,機械室の真ん中に。,20170317
11231,3992,正気だ。」,20170218
11231,8925,2) 「お前と、どの軍隊だ？」,20170421
11231,9470,クリーブランドはまだ生きている。神は死んだに違いない。,20180327
36549,136,系論：,20171122
52416,6022,とは全く関係がない。,20180402
46030,8521,システム/3！システム/3！,20170129
46030,8976,"...And malt does more than Milton can
",20180419
46030,8341,しかし、私が命じたことだけだ。,20170923
85431,7262,こんにちは、ファルケン博士。,20170411
85431,339,それは宇宙を一つにまとめている…,20170324
85431,9630,シャボン玉？,20170625
57064,7297,"Computer programmers do it byte by byte
",20170331
91600,9162,闇が漏れ出す。,20171111
93805,7113,ヌーディストとは、一つボタンのスーツを着る人々のことである。,20180412
61878,3,コーナー、バーモント州」,20170503
61878,8131,-- アドレー・スティーブンソン,20171222
17622,9406,-- ウォルト・ケリー,20170408
92493,17,-- ベルトルト・ブレヒト,20180401
92493,4507,-- オスカー・ワイルド,20171117
38157,5145,神は草を発明した。,20171113
38157,1389,今夜は半月。（少なくとも、月がないよりはましだ。）,20180309
34538,4542,大人：もっと分別があってもよい年齢の者。,20180323
34538,718,身を粉にして働け！,20171007
34538,8995,"
",20171113
13514,1386,失敗への対処は簡単だ。改善するために努力する。成功もまた,20170623
13514,6575,きわどいアリアを専門とする歌姫は、オフコロラトゥーラソプラノだ…,20170804
13820,4354,ディスク上の100ブロックのゴミ,20171009
13820,5606,"God is a comic playing to an audience that's afraid to laugh
",20171231
57559,1374,プログラマー。,20170619
57559,9832,死ぬことは非常に退屈で陰気なことだ。そして、君への私のアドバイスは,20170414
57559,3345,"Vote anarchist
",20170824
39576,4520,社会遺伝学の根本原理：,20180216
51351,2809,コンピュータが人間より多くの仕事をこなせる一つの良い理由は、彼らが,20180317
51351,8172,知る価値がない。,20180228
73497,3629,すべてのプログラムは、他のプログラムの一部であり、めったに適合しない。,20171023
73497,8620,彼を避けろ。彼は共産主義者だ。,20170917
48751,9030,貧しい人々をお互いから守るために。,20170509
48751,7478,別のものの。,20180206
43067,2809,応用テロの第五法則：,20171020
25952,8176,-- 『ドクター・フー』より、准将,20170707
25952,574,少なくとも二つの人為的ミスを見つけるだろう、それを,20170425
29919,8642,太陽から。大きな隕石が通信を妨げているか、あるいは誰かが,20170305
29919,3218,"A city is a large community where people are lonesome together
",20170628
11570,7271,もし我々が進む方向を変えなければ、我々は,20170304
11570,9414,おそらく、広告看板が落ちてこない限りは,20171223
11570,8012,「私がしてほしいことを言いなさい」と言ったら、彼にロリポップをあげなさい。,20170510
71447,2306,「三重アイソ分岐クリプトンゲートMOSプロセス…」,20180405
71447,3491,科学は真実である。事実に惑わされるな。,20180415
75616,737,とは全く関係がない。,20170327
75616,4149,Fortranが存続し続ける可能性。,20170722
75616,7349,あなたが偏執病だからといって、彼らがあなたを狙っていないとは限らない。,20171123
59870,5839,結果が事前に分かっていない限り、資金提供機関は,20180204
59870,5282,-- グルーチョ・マルクス,20170902
59870,7684,-- クリント・イーストウッド,20170401
13825,5294,爆弾を禁止せよ。通常戦争のために世界を救え。,20170516
70460,1994,勇気を奮い起こせ！他のものは全部台無しにしたんだから。,20171203
70460,3187,食べる。,20171225
39990,3470,学生たちの中に。,20170302
39990,174,ポップアップ、プッシュダウン、バイト、バイト、バイト！,20170807
39990,7830,核攻撃の場合、学校での祈りを禁じる連邦政府の判決は,20171120
41408,4987,"        A new hydrocarbon
",20180121
20838,6022,軽く油を塗った。」,20170210
20838,4044,今、自然に振る舞いなさい。煮えくり返り、怒り狂い、かんしゃくを起こしなさい。,20170103
91964,3998,別のものの。,20171225
56252,7660,価格が上がった。「すべて新品」「完全新品」あるいは「素晴らしい新品」というラベルは,20180116
56252,7315,結晶学のオタクたち。,20180227
56252,674,-- ベラミー・ブルックス,20170110
62395,9924,チキン・リトルは正しかった。,20171206
16355,70,今回のログインセッション：$13.99、しかしあなたには$11.88,20171215
16355,777,何をしているかわからないときは、きれいにやれ。,20171108
16355,1127,ジョージ・オーウェルは楽観主義者だった。,20170909
36708,6958,デフリース家のジレンマ：,20180408
79371,2404,今夜は料理するな――今日ネズミを餓死させろ！,20170413
54958,4470,あなたは大きな音に驚くだろう。,20170515
54958,4961,"...And malt does more than Milton can
",20180313
16992,7937,世界は終わる！悔い改め、図書館の本を返しなさい！,20171210
16992,7310,6ヶ月ごとに。,20171026
85052,4491,ブラッドリーの陳腐な言葉：,20170125
30109,5616,ユーザー空間と同じようにカーネル空間でも！,20170725
30109,4029,大統領や王から地の果てのクズまで…,20170501
70367,2502,ダクトテープはフォースのようなものだ。光の側面と闇の側面があり、,20180424
84565,4675,馬の分別とは、馬が,20180307
84565,1670,ホーングレンの観察：,20170930
84565,3225,写真の第三法則：,20170413
14459,8360,自分がどこにいるか気にしないなら、迷子ではない。,20170411
13460,5030,ウィル・ロジャースが言ったように、「無料の,20170413
13460,3378,コンピュータが人間より多くの仕事をこなせる一つの良い理由は、彼らが,20170707
35861,6894,白いひげを生やし、赤いスーツを着たぽっちゃりした男が間もなくあなたに近づくだろう。,20180309
97719,5269,それがエネルギーに変換されるとき？,20170109
97719,6878,"You have the capacity to learn from mistakes.  You'll learn a lot
",20180304
10336,3053,明かりがつく。,20171005
10336,9,目…」,20171020
35935,2558,彼らがそれを売ってくれればいいのに。,20171021
33675,3362,とは全く関係がない。,20171028
33675,8667,左にシフト！右にシフト！,20170127
38709,1143,SQL交響楽団コンサート,20170212
38709,1143,SQL交響楽団コンサート,20180118
38709,1143,SQL交響楽団コンサート,20170327
38709,1143,SQL交響楽団コンサート,20170326
86834,1859,貧しい人々が、橋の下で眠り、路上で物乞いをし、,20171122
86834,8468,ダイナマイトで空高く吹き飛ばされる神聖な権利の目に見える兆候。,20180402
53360,4520,趣味に余分な時間を費やせ。巻紙をたくさん手に入れろ。,20171022
53360,8068,ヌーディストとは、一つボタンのスーツを着る人々のことである。,20170410
53360,7474,ブラッドリーの陳腐な言葉：,20180318
75636,1999,物事は今よりも昔のようになっている。,20180106
71102,7854,プログラミング。,20170221
71102,4112,離婚から抜け出す。,20170503
71102,3382,-- ヨハネ・パウロ1世,20171101
54743,3826,"算数とは、""",20170710
54743,1830,99ブロックのゴミ！,20170103
10912,1290,CPUにいます我らのOSよ、御名をUNIXと称えさせたまえ。,20170406
10912,5313,人々。,20180418
10912,2967,「家具との議論は、めったに生産的ではない。」,20180226
38417,2677,生きる。,20170727
11950,8826,すべての兆候には7つの症状があった。,20170827
78352,7820,もし良い写真が撮れたとしても、それらは台無しになるだろう,20170221
78352,4699,-- 合併形成外科医・工具製造社,20180107
45977,2809,-- フィンリー・ピーター・ダン（ミスター・ドゥーリー）,20170523
45977,1978,アメリカを美しく保とう。ビール缶を飲み込め。,20170126
34955,1751,経験を共有しようとするカリフォルニア人。,20180407
95034,9669,グループの人数によって。,20170610
95034,3992,偏執病とは、単に人生に対する楽観的な見方である。,20170214
59815,9214,文明に触れることなく退廃へ。,20180214
59815,1390,真夜中。,20171004
71581,7351,平均的な女性は、頭脳よりも美貌を望む。なぜなら、,20171205
71581,8152,"Accuracy: The vice of being right
",20170709
11758,3139,彼らの話題は主にセックスに及ぶ。,20170403
11758,1599,機械室の真ん中に。,20170714
86594,7257,それらに15セントを請求する。,20170310
86594,658,-- ジョージ・サンダースの最期の言葉,20180325
46717,1229,偏執病とは、単に人生に対する楽観的な見方である。,20171018
46717,4576,いかにしてそうしないかを教えられなければならなかっただろう。偉大なプログラマーも同様である。,20180430
79817,3016,大統領や王から地の果てのクズまで…,20170603
79817,7297,朝。,20170404
19145,9347,なし。宇宙が電球を回し、禅師は,20170810
19145,9828,正気だ。」,20171218
95979,3647,-- R・ガイス,20170101
40616,8109,死とは、人生があなたに「お前はクビだ」と告げる方法である。,20171224
40616,8012,完全な馬鹿でも扱えるように。,20170103
51552,2295,メニュー：レストランがちょうど品切れにした料理のリスト。,20170322
51552,6965,彼がその向こう側から現れるまで、あなたは彼を見ることはないだろう。,20170214
94679,8620,よそで。」,20180217
81074,8132,"Ass（尻/ロバ）：""lass""（娘）の男性形。",20171002
21388,1266,リメリックは複雑な芸術形式,20170405
29956,2207,時間だ！」,20170327
15980,6136,身を粉にして働け！,20170801
15980,9246,外交官とは、妻に,20180314
15980,6129,6ヶ月ごとに。,20170810
61732,4913,子供に装填済みの鯉で遊ばせるな。,20171015
59858,345,"Ass（尻/ロバ）：""lass""（娘）の男性形。",20171020
59858,6612,分子生物学者はデザイナー遺伝子（デザイナーズジーンズとの掛詞）を身に着けるのか？,20170329
59858,3037,今日は空飛ぶ円盤に近づかないように。,20171204
70485,8249,歩行者。,20170928
18222,9167,さて、GCよ、当面は,20170530
18222,2640,めったにきれいではなく,20171013
41804,2513,もし入力が正確でなかったら。,20171218
99602,7378,神は死んでいない、ただ駐車スペースを見つけられなかっただけだ。,20170405
99602,493,なし。「ユーザーが解決できるだろう。」,20170605
99602,9185,そして徹夜した。,20170313
27048,5925,IBMにはPL/Iがあった,20170731
27048,3635,それが何であれ、私は再び結婚するだろう。,20170126
27048,6393,クリンクラーの第二法則：,20170616
67840,8121,本物のプログラマーはキッシュを食べない。実際、本物のプログラマーは,20170217
58291,5914,"...And malt does more than Milton can
",20170622
58291,765,電気処刑：すべての現代的な改良が施された火あぶり。,20170112
91388,4576,こんにちは、ファルケン博士。,20170127
91388,8131,とは全く関係がない。,20170529
91388,4291,ニヒリズムは自己から始めるべきだ。,20170614
48256,9335,牛は、我々人間が,20180213
48256,8114,中傷された。,20170409
48256,2183,その道を。,20170712
46115,6020,サラダにとってのニンニクが、芸術にとっての狂気である。,20170313
46115,8995,失敗への対処は簡単だ。改善するために努力する。成功もまた,20170328
46115,517,分子生物学者はデザイナー遺伝子（デザイナーズジーンズとの掛詞）を身に着けるのか？,20180124
12550,5151,彼らがそうあるべきであると。ゆえに、スキタイ人の間では、,20171022
12550,9432,今夜はコウモリに餌をやらないで。,20171001
90723,4006,-- マーク・トウェイン,20170805
90723,5628,あなたの同意なしに、誰もあなたを劣っていると感じさせることはできない。,20171108
68788,315,「今こそすべての善良な人々が立ち上がる時だ。」,20171117
68788,9583,深まる憂鬱の中で、あなたの犬がようやく,20170514
68788,4485,すべてのプログラムをRPGで実行する！,20170707
57281,8939,旗。,20170805
57281,4982,いかにしてそうしないかを教えられなければならなかっただろう。偉大なプログラマーも同様である。,20180120
57281,2295,アメリカを美しく保とう。ビール缶を飲み込め。,20180210
47377,1046,それが何か知っている。,20171211
18058,8542,正直者：口がきけず、読み書きができない。,20170216
98602,4612,もし入力が正確でなかったら。,20180419
98602,5778,ハンディキャップのある。,20170321
30908,1306,歌手がいなければ、オペラはどれほど素晴らしいだろう。,20170714
72247,2420,主は、もしそうでなければ、なぜ我々にこれほどの素早い動きを与えられたのか。,20170225
72247,3016,Q: 電球を交換するのに、異性愛者の男性は何人必要か？,20180411
51764,1386,-- ケーログ・アルブラン,20171017
51764,8790,彼らに良いマナーを教える努力。,20170930
51764,3901,紙に当たる。,20180308
69309,1811,芸術的な冒険が注目される。美術館を襲え。,20170103
18127,7773,"Ass（尻/ロバ）：""lass""（娘）の男性形。",20180409
18127,6659,神のみが無作為な選択をすることができる。,20171019
52187,6938,ソフトウェアが他の何物とも似ておらず、それが,20170228
78274,9558,99ブロックのゴミ！,20171019
49116,7684,-- ドロシー・パーカー,20170203
49116,3973,もし神が完全なら、なぜ不連続関数を創造されたのか？,20180421
27821,8964,酵素とは、生物学者が発明したものであり、,20171119
27821,9087,経験を共有しようとするカリフォルニア人。,20170516
27821,845,街角の酒場を活性化させる。,20180101
41236,8804,毛皮のコート。,20171116
41236,2033,太陽から。大きな隕石が通信を妨げているか、あるいは誰かが,20170513
41236,7259,"A limerick packs laughs anatomical
",20180314
52374,6571,それらに15セントを請求する。,20170423
52374,7758,プログラミングについての考え方に影響を与えない言語は,20171205
66445,4731,-- ハーバート・プロクナウ,20171030
39989,4414,「それは素晴らしいに違いない！私には全く理解できない。」,20180305
13628,8158,シルバーマンの法則：,20180328
13628,402,釘。,20170330
15942,6894,システム/3！,20180419
15942,43,-- アラン・パーリス,20171001
15942,2792,-- G・B・ショー,20170710
72298,5104,太陽は海の上で輝いていた。,20171110
72298,8132,-- オスカー・ワイルド,20170126
83833,7107,ミニーマウスは迷路を覚えるのが遅い。,20170305
83833,4331,過去は常にかつてより良く見える。それが心地よいのは、ただ,20170531
95800,1016,上司を驚かせろ。時間通りに出勤しろ。,20171219
95800,5151,幸福：他人の不幸を熟考することから生じる心地よい感覚。,20171106
69600,5784,チャイルドプルーフキャップに苦労するのは大人だけだ。,20180210
54896,9673,団体では、すべてのメンバーを名誉あるものとして言及するのが通例である。例えば、「,20171113
47132,9974,委員会――それが彼らを破滅させるだろう。,20171011
29660,5162,私は聴衆に、彼らがなしうる最善のことは,20180225
29660,9035,ローマ帝国はなぜ崩壊したのか？事務所のラテン語は何？,20180425
29660,4681,パン。,20170210
46097,3151,あなたは賢く、機知に富み、素晴らしいが、あまりに多くの時間を,20180413
46097,1004,私はあなたが思うほど酔っていない。（I'm not as think as you drunk I am. の言葉遊び）,20170724
23605,9624,我々自身。,20170529
23605,1763,何をしているかわからないときは、きれいにやれ。,20170715
23605,55,"miss
",20170305
30021,6669,非戦闘員：死んだクエーカー教徒。,20170403
62731,7338,起こる。,20170823
90347,3629,最悪な一日を過ごすには最高の日だ。,20171213
90347,4059,コンピュータのせいにされるすべてのエラーの根源には、,20180221
36413,2659,"We wish you a Hare Krishna
",20171222
82010,6669,"It was the reader's CONS
",20170406
60124,7028,3) 「もしお前が自分で思うほど賢いなら、,20180307
88853,624,-- マクスウェル・スマート,20180322
48429,3318,確固たる決断の日だ！！！！！それとも違うか？,20171009
48429,61,コンピュータを家庭に持ち込んでも、どちらも変わらないだろうが、,20170724
48429,5851,地球は小さな砂粒のようなものだ、ただずっとずっと重いだけ。,20171109
79918,3900,時空間スキップの中で。,20170403
42261,3266,システム/3！システム/3！,20171124
74418,9007,今夜は半月。（少なくとも、月がないよりはましだ。）,20171003
74418,8082,今週は自分で機会を作り出せる。上級,20171020
49447,3077,あなたの同意なしに、誰もあなたを劣っていると感じさせることはできない。,20170711
49447,6004,ああ、決して、決して疑うまい,20170302
31107,257,他人はあなたに安定を求めるだろう。だから、,20170306
31107,3904,趣味に余分な時間を費やせ。巻紙をたくさん手に入れろ。,20180428
31107,797,外交とは、石を見つけるまで「いい子だね、ワンちゃん」と言い続ける技術である。,20170404
21908,5362,タルムードで最も古くから puzzling されてきた問題の一つは、「なぜ神は,20170410
21908,55,咳き込んでいる。」,20170528
21908,2640,-- ペギー・ジョイス,20170822
95238,574,不幸は仲間を好むが、仲間はそれに応えない。,20170511
42265,6275,-- ジョン・チアルディ,20180207
42265,8335,定言命法を打倒せよ！,20170418
80412,8631,Fortranが存続し続ける可能性。,20170215
80412,709,ウェイター：「紅茶二つ。きれいなグラスを頼んだのはどちら様ですか？」,20171129
26714,811,"
",20180426
26714,1390,真に賢い者は、決してユニコーンと馬跳びをしない。,20171206
13989,3232,死とは、人生があなたに「お前はクビだ」と告げる方法である。,20171230
13989,9346,コンピュータがクラッシュする。,20170508
37549,3517,-- 愚者の辞書,20170510
72518,1960,金を持つ者がルールを作る。,20170506
72518,2210,"It's not that I'm afraid to die.  I just don't want to be there when it
",20180115
21464,6072,歩行者。,20171202
28643,6084,数学の法則が現実に関わる限り、それらは,20170204
28643,4470,"        Every instructor assumes that you have nothing else to do
",20170301
68046,8521,この種のゴミ。,20171101
35860,932,彼らは通常、処女を,20170809
49262,5149,真実は今朝明らかになるだろう。（それが事態を本当に混乱させるかもしれない。）,20170506
49262,9934,働くために。,20170714
49262,9771,ウェイター：「紅茶二つ。きれいなグラスを頼んだのはどちら様ですか？」,20171205
39551,4913,不幸は仲間を好むが、仲間はそれに応えない。,20180315
39551,149,神のみが無作為な選択をすることができる。,20171111
22257,3384,考えてみろ！VLSIがあれば、1平方センチメートルに100台のENIACを詰め込める！,20170215
22257,1782,今夜は料理するな――今日ネズミを餓死させろ！,20171028
33976,4329,世界がかつて見たことのない。,20170425
72588,6636,人々。,20170716
53116,89,気分転換には良い日。寝室の壁紙を張り替えよう。,20170706
86107,3266,チャイルドプルーフキャップに苦労するのは大人だけだ。,20170427
86107,7401,-- マーク・トウェイン,20170220
27969,5772,文学的なドイツ人が文章に飛び込むときはいつでも、それが最後だ。,20170526
27969,3869,誘惑以外なら何にでも抵抗できる。,20180204
11264,7338,そのモニターは完全に負ける！,20171206
45053,9288,-- オスカー・ワイルド,20170726
33996,9126,もし良い写真が撮れたとしても、それらは台無しになるだろう,20170730
33996,541,生きている方がましだ。,20170308
33996,7107,そうだと告げられたとき,20171106
81762,6236,時々、無実の人が議会に送られる。,20180302
59259,9171,すべてのハックには7つのバグがあった。,20170409
59259,6439,神を。,20171009
75698,3187,タバコ：一端に火、もう一端に愚か者、そして,20180409
75698,4246,自然な傾向に屈せよ。憎らしく、退屈であれ。,20170413
75698,7792,汝のプログラムは走り、汝のシステムコールは成されたり。,20171230
34831,2147,早朝にコーヒーを飲むな。昼まで目が覚めてしまうぞ。,20170821
34831,6571,政府などない方がましだ。,20180417
82157,3652,1981年、滑降スキーに最悪の月：1月。行列は,20170305
82157,9612,人生を深刻に受け止めすぎるな。生きては出られないのだから。,20171112
82157,9110,やる価値のあることは、誰かにやってもらう手間をかける価値がある。,20170429
94156,7257,それらに15セントを請求する。,20170610
15447,6239,「そして、私と同じくらい大きくなったら何をするの？」,20170314
38648,674,ヴェリリンドの実験の法則：,20171017
14277,8784,扱いやすい：あなたは間違った問題を解決した。,20180128
17125,8403,「三重アイソ分岐クリプトンゲートMOSプロセス…」,20171214
17125,1782,6ヶ月ごとに。,20180202
17125,712,朝に、そして学校に着くまで止まらない。,20171105
25910,4387,許可を得るより許しを得る方が簡単だ。,20171017
42049,5606,この種のゴミ。,20170419
35352,1519,犯罪の兆候：絶叫または助けを求める叫び声。,20170321
35352,2993,「なぜ足の甲に特別な名前がないんだろう？」,20180225
35352,1643,-- フレッド・アレン,20170801
23825,1200,-- R・ガイス,20170720
43366,1143,SQL交響楽団コンサート,20170629
43366,1143,SQL交響楽団コンサート,20170710
43366,1143,SQL交響楽団コンサート,20180113
43366,1143,SQL交響楽団コンサート,20171207
44832,7609,息をしている方がリスナーと呼ばれる。,20170628
95346,624,「新発売」および／または「改良」と表示されたものは、そうではない。その表示は,20170817
95346,3810,99ブロックのゴミ！,20180419
95346,996,未来の仕事は危険であることだ。,20171018
31189,8176,「ボンベイの気候は、その住民が生活しなければならないほどのものである」,20171104
69267,2953,エネルギーを節約せよ：無関心であれ。,20170906
97322,5294,その構文はJOSSより悪い。,20170609
97322,1973,彼がその向こう側から現れるまで、あなたは彼を見ることはないだろう。,20171021
76691,3323,コンピューティングの第43法則：,20170427
70035,7927,こんにちは、ファルケン博士。,20170901
70035,7259,過去は常にかつてより良く見える。それが心地よいのは、ただ,20170206
70035,1033,-- マーク・トウェイン,20170122
41706,5735,カリフォルニアは住むには良い場所だ――もしあなたがオレンジなら。,20170218
41706,5963,物事は今よりも昔のようになっている。,20170217
31926,9167,暇な時間に現金を稼ごう――友達を脅迫せよ。,20170416
31926,3901,使いやすく、動作し、もし壊れたら、彼らはすぐに,20171228
19473,8063,簡単な問題はすべて解決済みだ。,20180414
19473,746,天才には限界があるかもしれないが、愚かさにはそのような,20180228
19473,3139,-- ペギー・ジョイス,20171022
31147,3115,ユーザー空間と同じようにカーネル空間でも！,20171230
31147,1087,現実は幻覚の障害である。,20180429
31147,6393,-- アラン・パーリス,20170509
24693,4006,人生をやり直せるかもしれない――もし最初の,20170201
88537,174,銃は合法ではない。,20170609
88537,2167,姉妹や近親者が弾くピアノよりも迷惑だ。,20171010
88537,587,歩行者。,20170901
71760,6789,そうだと告げられたとき,20170814
71760,9267,芸術的な冒険が注目される。美術館を襲え。,20170705
71760,284,コンピュータにゴミを入れれば、ゴミしか出てこない。しかし,20170108
12573,5605,-- ラ・ロシュフコー,20170521
12573,402,"WHERE CAN THE MATTER BE
",20170719
17892,2002,"It's because I try to put every possible syllable into that last line
",20170712
56661,8468,そして徹夜した。,20180109
94289,5562,反意語：あなたが考えようとしている言葉の反対。,20170909
94289,3362,コンピュータのせいにされるすべてのエラーの根源には、,20170924
23547,4207,ダクトテープはフォースのようなものだ。光の側面と闇の側面があり、,20170919
23547,8902,犯罪の兆候：絶叫または助けを求める叫び声。,20170621
37693,8082,もしコンピュータが強力になりすぎたら、我々はそれらを,20170919
37693,5149,人生をやり直せるかもしれない――もし最初の,20170407
37693,136,その道を。,20170706
78207,574,その講師のコースのために勉強することを除いて。,20170615
78207,9828,あなたは犬のような生活を送ってきた。家具から離れていなさい。,20170614
78207,4965,ダイナマイトで空高く吹き飛ばされる神聖な権利の目に見える兆候。,20180420
98429,9150,今夜はユーカリの木で眠るな。,20170420
98429,5493,「もし神が地上に住んでいたら、人々は彼の窓をすべて叩き割るだろう。」,20180412
14441,9780,歴史の第一法則：,20170521
49751,8315,考えてみろ！VLSIがあれば、1平方センチメートルに100台のENIACを詰め込める！,20171208
46748,8515,"
",20180415
46748,7364,その講師のコースのために勉強することを除いて。,20170104
46748,3589,-- ジョージ・サンダースの最期の言葉,20170523
73567,7822,プログラミング。,20180306
94853,2183,「そして、私と同じくらい大きくなったら何をするの？」,20171010
86356,8421,優越性は劣性である。,20170717
54063,2806,Fortranが存続し続ける可能性。,20170402
38471,2111,彼がその向こう側から現れるまで、あなたは彼を見ることはないだろう。,20180412
38471,6254,彼らは私を偏執病に見せようとしているだけだ！,20180418
94520,7947,旗。,20170314
94520,4290,"
",20180329
75484,1143,SQL交響楽団コンサート,20170805
36174,845,全くプログラムを手に入れられず、手に入れたものを受け入れる。,20170616
36174,4804,青リンゴを食べて死んだ。,20171108
36174,7416,例。,20170519
25651,2151,-- ビル・ホースト,20170916
25651,1127,人生。,20171217
25651,134,床を磨いたり、その他のエキサイティングなことをするのに最適な日。,20171024
71203,5512,明日！,20180309
71203,2071,"Murphy would be there to tell me
",20170515
73797,3900,多数派の側にいることに気づいたときはいつでも、,20170516
73797,1410,再生業者よ、その木を助けてやれ！,20170720
76720,9974,手。,20171129
77661,2513,すべてのプログラムをRPGで実行する！,20171217
77661,7315,しかし、我々は熱意のあまり、,20171103
77661,1306,-- グルーチョ・マルクス,20171011
30221,4414,プログラマーの視点は、彼の,20171207
80685,9373,光の速さより速いものはない…,20180404
54171,3634,文学的なドイツ人が文章に飛び込むときはいつでも、それが最後だ。,20170502
54171,4965,重力は神話だ、地球は吸い込む。,20170808
50853,2035,持ち帰り試験を与えられると、どこに,20170503
50853,6589,「ダイエット」,20180404
94069,1520,コンピュータがクラッシュする。,20170526
52489,3232,川は湿っている。,20170119
52489,8541,西洋文明？,20170626
52489,7364,汝のプログラムは走り、汝のシステムコールは成されたり。,20171104
98928,5606,神は7日で世界を創造したのではない。6日間遊び呆けて,20170122
52514,9192,"Who lived on distilled kerosene
",20170807
28552,1004,"        But the good ones I've seen
",20171222
58508,9681,探すのをやめなさい。幸福はあなたのすぐ隣にある。さて、もし彼らがただ,20170113
55825,8716,"
",20170430
55825,3251,速報！人類の知能が低下中。詳細は…ええと、いつだったか,20170712
36833,5922,「本当？なんて偶然、私も浅はかよ！」,20180307
54818,149,いかにしてそうしないかを教えられなければならなかっただろう。偉大なプログラマーも同様である。,20170126
16241,2270,未来の仕事は危険であることだ。,20170210
16241,5922,"He sure is a fun god
",20171210
39684,6852,「一度でいいから、,20180127
39684,5966,-- ブラウン・セキュリティ犯罪防止パンフレットより,20171204
36649,6020,「この核軍拡競争を続けるなら、君たちがやることは,20170320
36649,8187,-- ブラウン・セキュリティ犯罪防止パンフレットより,20170821
36649,18,蒸気配管工のピクニックで。,20180310
67361,4804,ニヒリズムは自己から始めるべきだ。,20180310
67361,3647,「私は経済学者ではない。私は正直者だ！」,20180324
85302,8667,-- フレッド・アレン,20180210
73143,6131,客2：「私も――そしてグラスがきれいであることを確認してくれ！」,20170715
34091,4448,暴力は無能な者の最後の砦である。,20171114
67086,5867,5年間で、我々は一つの素晴らしいプログラミング言語を手に入れることができる。ただ,20170131
67086,537,子供に装填済みの鯉で遊ばせるな。,20180409
94160,7711,もしコンピュータが強力になりすぎたら、我々はそれらを,20170801
94160,515,"A city is a large community where people are lonesome together
",20170322
88570,8068,反意語：あなたが考えようとしている言葉の反対。,20171227
88570,6072,銃は合法ではない。,20171106
88570,4044,パン。,20170105
51330,2177,それらに15セントを請求する。,20170326
45807,5727,ああ、決して、決して疑うまい,20170513
45807,3999,それはかつて私を指していた。,20170421
45807,624,変化。,20180203
98574,2940,コンピュータプログラミングの法則：,20170930
27603,2044,モグラの問題かい？,20171007
27603,5089,"If I traveled to the end of the rainbow
",20170418
27603,2365,"Ass（尻/ロバ）：""lass""（娘）の男性形。",20180114
87978,6815,もし10個のパラメータを持つプロシージャがあるなら、おそらくいくつか見逃している。,20180307
87978,5287,成功の秘訣は誠実さだ。それを偽ることを学べば、,20171227
27059,174,それはやる価値がなかった。,20170809
56163,104,彼を。,20180313
56163,6377,死ぬ？とんでもない、友よ。バリモア家はそんな,20180320
56163,2295,"It never does quite what I want
",20171106
35303,493,ハチドリは歌の歌詞を決して覚えない。,20170509
15489,3323,今回のログインセッション：$13.99、しかしあなたには$11.88,20180130
77185,1667,すべてのハックには7つのバグがあった。,20170307
77185,8785,そして先月分を前払いで。,20170112
88210,1659,そしてそれ以来、ベンゼン（been seen=見られたとの掛詞）になったことはない。,20170825
88210,9880,16歳以上で、美しく裕福で、,20170713
39130,3484,今夜は料理するな――今日ネズミを餓死させろ！,20170712
20662,6439,新しい町。,20180109
20662,3151,最悪な一日を過ごすには最高の日だ。,20170316
80215,9103,弾丸に免疫がある」,20180313
51956,8727,銀行家とは、太陽が輝いているときに傘を貸してくれ,20170419
51956,1923,犯罪の兆候：絶叫または助けを求める叫び声。,20180206
51956,1171,-- アラン・パーリス,20171220
61420,4913,今夜はコウモリに餌をやらないで。,20170718
61420,1978,明日！,20170806
61420,8631,あなたは大きな音に驚くだろう。,20170605
88458,1529,誰も確信していないこと。,20170210
88458,4290,歴史の第一法則：,20180115
88458,212,「何もしなくても誰が気にする？これは我々の新しい,20180107
57703,7275,「それは素晴らしいに違いない！私には全く理解できない。」,20171116
85931,2218,"算数とは、""",20170311
85931,3904,ダンという名の若い詩人がいた,20171226
85931,9956,は一時的に中止されます。,20170905
90749,1866,電気技術者はより少ない抵抗でやる。,20170529
90749,4331,神は7日で世界を創造したのではない。6日間遊び呆けて,20170227
90749,1520,多数派：犯罪と法律を区別する性質。,20180412
51226,718,確率は50対50だ。,20171023
51226,183,時々子供っぽくなれないなら、大人である意味はない。,20170227
53846,7830,-- エルバート・ハバード,20171226
53846,5287,相手のエラーの原因を取り除くこと。,20170622
53846,7242,今週は自分で機会を作り出せる。上級,20170422
82696,3634,本物のプログラマーはFORTRANでは書かない。FORTRANは配管応力マニアや,20170327
82696,2652,コンピュータにゴミを入れれば、ゴミしか出てこない。しかし,20170714
50252,3865,川は湿っている。,20171016
50252,3670,"Whether you can hear it or not
",20170728
50252,5385,コンピュータプログラミングの法則：,20171116
83238,1266,-- ビル・ホースト,20170428
23073,2886,彼女は彼に、,20170516
23073,2594,感情的に活発であれ。お気に入りの神経症に迎合せよ。,20170925
78800,2594,最も短い、けれど。,20170121
59679,4286,死ぬことは非常に退屈で陰気なことだ。そして、君への私のアドバイスは,20170331
19855,7271,-- オスカー・ワイルド,20170207
19855,8925,短い針が…にある。,20171118
24598,8548,再生業者よ、その木を助けてやれ！,20170421
24598,2206,恩知らず：餌を与えてくれた手を噛み、そして文句を言う男。,20180216
82862,9768,良い忠告とは、悪い手本を示すには年を取りすぎた男が与えるものである。,20170928
82862,7711,人生。,20171122
82862,8859,警句があるなら、メタ警句もなければならない。,20180106
90412,6852,もし神があなたに裸で歩き回ってほしかったなら、もっと大きな,20171023
90412,8306,今日は旅行が重要。明日、国税庁の役人が来る。,20171122
79299,8061,搾取の範囲から自分自身を。,20170928
88301,7259,-- ルイス・キャロル,20171123
88301,7509,-- ラ・ロシュフコー,20170331
88301,6653,再び同じ間違いを犯したときに。,20170408
36394,1143,SQL交響楽団コンサート,20180116
30723,7929,身を粉にして働け！,20170412
83434,8010,-- ジョージ・サンダースの最期の言葉,20170519
83434,2677,本ではなく、スープを濃縮せよ！,20180309
99176,7454,-- ラザルス・ロング,20171123
99176,2206,生きている方がましだ。,20171230
98775,5004,99ブロックのゴミ！,20180304
66407,5124,「商品市場で小金を稼ぐ方法は、始めることだ」,20170214
12022,1137,"The Universe is laughing behind your back
",20180122
12022,6636,私は聴衆に、彼らがなしうる最善のことは,20170413
12022,2403,"Brain fried -- Core dumped
",20180225
36335,9520,今夜はコウモリに餌をやらないで。,20180225
36335,6085,イギリス史の中間試験の前夜、あなたの生物学の,20170102
24165,7660,皮肉屋：物事をありのままに、あるべき姿ではなく見る、欠陥のある視力を持つ悪党。,20180419
24165,1714,今夜がその夜だ：ユーカリの木で眠れ。,20170722
24165,6379,ハンロンの剃刀：,20170315
29033,2230,-- ウィンストン・チャーチル,20180312
29033,9395,平均的な女性は、頭脳よりも美貌を望む。なぜなら、,20180228
44991,5963,「もし知っていたら、私は錠前屋になっていただろう。」,20170214
44991,2295,-- オスカー・ワイルド,20170325
48554,8121,12歳以降に。,20171018
43744,1599,今日はあなたが勝者になるだろう。4歳児に喧嘩を売れ。,20170124
43744,2993,LISPプログラマーはすべての価値を知っているが、そのコストは,20170910
43744,5101,波の上に立つ者もまた、サーフィンをする。,20170516
58976,6436,メッセージが郵便で届く。FBIに見られる前に破壊せよ。,20170817
58976,5536,それがいかに走るか見よ！それがいかに走るか見よ！,20170423
40065,8029,精神病院：楽観主義が最も栄える場所。,20170814
82487,7035,候補者とは、金持ちから金をもらい、,20180112
65941,8932,感嘆：他人が,20180426
91368,8233,は中止された。,20170221
94914,2924,彼らにそれを返す。,20170525
76414,7780,歌手がいなければ、オペラはどれほど素晴らしいだろう。,20170817
80036,212,デバッグセッション。,20170728
80036,3647,アレクサンダー・グラハム・ベルはニューヨークで健在で、まだ,20170805
80036,5089,その5年間がいつ始まるかを我々は制御できない。,20170409
88377,1028,"Advertisement: The most truthful part of a newspaper
",20180328
88377,2035,人生をやり直せるかもしれない――もし最初の,20170203
88377,1799,覚えておけ、UNIXを逆から綴るとXINUになる。,20170928
52712,1306,ワッフルにかけたことがある。,20171231
85029,4576,-- トーマス・ジェファーソン,20170806
85029,651,子供は、,20180402
85029,9771,本物のプログラマーは9時から5時まで働かない。もし本物のプログラマーが午前9時頃にいるなら,20171214
26351,5388,書くこと。,20170628
26351,8826,大学とは、教員が,20170901
26351,1056,人々はお一人様一点限りのものなら何でも買う。,20170205
57908,777,"God is not dead!  He's alive and autographing bibles at Cody's
",20171024
57908,6020,"
",20170623
57908,4300,私は酒はやらない。,20180108
59894,9150,防衛運転をしろ。戦車を買え。,20170216
50012,9159,死とは、人生があなたに「お前はクビだ」と告げる方法である。,20180114
50012,6595,我が国には良い5セント葉巻がたくさんあるが、問題は,20170629
50012,9053,貧しい人々が、橋の下で眠り、路上で物乞いをし、,20180317
98635,3629,「ボンベイの気候は、その住民が生活しなければならないほどのものである」,20180417
80850,6517,なし。宇宙が電球を回し、禅師は,20170128
69188,5963,今、私はそれを守っている。,20180412
26482,5142,朝。,20170302
26482,706,客2：「私も――そしてグラスがきれいであることを確認してくれ！」,20170304
67733,8361,幸福：他人の不幸を熟考することから生じる心地よい感覚。,20171219
67733,6753,すべてのプログラムをRPGで実行する！,20170806
55760,1389,クリスマスに子供にメンタルブロックを与えなさい。,20170326
55760,3137,ハンディキャップのある。,20171117
73761,5478,-- D・J・ヒックス,20170308
73761,5282,フィルモア大統領を悪く言うな。彼は我々をベトナム戦争から遠ざけてくれた。,20171118
73761,8187,ノスタルジアは、もはや昔のものではない。,20170101
68459,881,インテリよ、団結せよ！失うものは君たちの黄身（yolks=yokes=束縛）だけだ。,20180404
16964,8249,本物のプログラマーのプログラムは、最初は決して正しく動かない。しかし、もしあなたが,20170923
16964,7424,レーガン大統領は、経済評論家が多すぎると指摘し,20170903
16964,4290,事柄は常に支配的で制御的であった。,20180319
50477,3053,午後：我々がどうやって,20180211
44692,6072,-- ジョー・ウォルシュ,20170727
44692,9876,-- ウディ・アレン,20171112
44692,2652,我々自身。,20180212
27189,5157,人々。,20170111
27189,3797,"It's because I try to put every possible syllable into that last line
",20170427
64158,7424,"        But she started absorbin'
",20170505
94529,6740,は去ることだった。,20171015
82832,8383,おとぎ話：子供たちを新聞に備えさせるためのホラーストーリー。,20171002
82832,3156,デバッグセッション。,20170802
71413,3318,もう一方には責任が。,20170813
71413,7698,科学は真実である。事実に惑わされるな。,20170729
71413,3157,"        The mouse dissolved
",20170625
56482,8784,まあいい、全部の卵を一つのカゴに入れちまえ。,20180203
80498,2002,文学的なドイツ人が文章に飛び込むときはいつでも、それが最後だ。,20170918
80498,8612,サンフランシスコ？,20170217
55253,1923,トゥルナウカの法則：,20180425
55253,9434,年：365回の失望の期間。,20180222
55253,9064,"        Every instructor assumes that you have nothing else to do
",20170109
67283,7820,フィルモア大統領を悪く言うな。彼は我々をベトナム戦争から遠ざけてくれた。,20180124
67283,3865,あなたが置いた場所から、見つけられない場所へ。,20170417
67283,6129,"Advertisement: The most truthful part of a newspaper
",20170527
95754,4207,ファッションとは、あまりに耐え難い醜さの一形態であり、我々はそれを,20171108
86406,295,私は木を全く見ることがないだろう。,20180429
86406,5003,あなたが置いた場所から、見つけられない場所へ。,20170923
78425,792,神を。,20170524
78425,3322,あなたのアナリストはあなたを別の患者と混同している。信じてはいけない。,20170821
78425,8316,「なぜ私は不安なのか？」（ラテン語）,20180308
53099,4069,"Vitamin C deficiency is apauling
",20170202
53099,1921,"
",20180212
46181,418,他人があなたのことをどう思っているか心配するな。彼らは,20180425
92790,4252,分析され、新たな弱点に置き換えられる。,20170321
24915,6986,"Bizarreness is the essence of the exotic
",20180124
32463,5323,Q: 電球を交換するのに、オレゴン州民は何人必要か？,20170621
64478,5605,年齢に敬意を払え。たまには良いスコッチを飲め。,20180109
15804,2917,民主主義とは、国が一流の経営の下で何ができるか疑問に思うことが許される統治形態である。,20180501
15804,6884,さもなければ、より難しい思考を必要とする。,20170401
43739,5606,今日は何か変わったことをしなさい。請求書を払いなさい。,20171123
56020,3444,-- アーサー・ナイマン,20180106
56020,8057,愚かさ。,20170218
20363,8925,自由で、オープンで、陽気であれ！楽しめ！事態はこれ以上良くならないから,20180430
20363,7894,噂されていないことだ。,20170124
21738,4072,私は7つのハックを持つQuuxに出会った。,20170922
21738,1599,想像力は、現実との戦いにおける唯一の武器である。,20171210
21738,3851,100ブロックのゴミ！,20170629
32947,9427,幸福：他人の不幸を熟考することから生じる心地よい感覚。,20170112
32947,6602,軽く油を塗った。」,20180119
32947,8306,あなたは尾行されている。数日間はいかがわしい行為をやめなさい。,20171231
29175,4674,LISPプログラマーはすべての価値を知っているが、そのコストは,20170728
60342,124,あなたは賢く、機知に富み、素晴らしいが、あまりに多くの時間を,20180420
60342,6154,電気技術者はより少ない抵抗でやる。,20170227
48224,4867,平均的な男性は考えるよりも見ることの方が得意である。,20170909
48224,9346,人々に考えさせていると思わせれば、彼らはあなたを愛するだろう。しかし、もしあなたが,20180110
18651,515,その構文はJOSSより悪い。,20171117
18651,1389,医者があなたの症状に名前を付けたからといって、彼が,20171024
18651,1468,死とは、人生があなたに「お前はクビだ」と告げる方法である。,20180113
10443,2433,-- フィンリー・ピーター・ダン（ミスター・ドゥーリー）,20180216
10443,1909,講師はプラナリアについて200ページを課すだろう。,20170715
10443,4715,現代人とは、類人猿と人間との間の失われた環（ミッシング・リンク）である。,20170423
41004,6505,"There's no future in time travel
",20171230
41004,9188,「ここ電話会社では、あらゆる種類の人々にサービスを提供しています。,20170725
44622,2677,-- ハーバート・フーバー,20170713
44622,7854,正気だ。」,20170516
44622,7837,結晶学のオタクたち。,20170426
50116,3755,風呂に入る…,20170416
32915,7509,貧しい人々をお互いから守るために。,20170423
74003,845,朝に自己嫌悪するな――昼まで寝ろ。,20170705
86778,8176,結果が事前に分かっていない限り、資金提供機関は,20170127
86778,7830,平均的な男性は考えるよりも見ることの方が得意である。,20170222
65351,212,タルムードで最も古くから puzzling されてきた問題の一つは、「なぜ神は,20171120
65351,5715,一番大声で鳴く鶏が、最も,20170812
65351,3607,小売りで買う必要がある。」,20170916
91868,2668,-- ジョン・チアルディ,20170107
38545,9030,"Vitamin C deficiency is apauling
",20170125
13922,4729,科学とは、先入観が検証に出会ったときに起こることである。,20171012
60707,1851,"
",20170114
60707,5269,カリフォルニアは住むには良い場所だ――もしあなたがオレンジなら。,20180124
72459,706,今、私はそれを守っている。,20170612
82259,4062,服を着替える。登山はOKで、本物のプログラマーは,20180219
82259,6210,毛皮のコート。,20180307
82259,7587,答えは42だ。,20180116
44965,5963,"Accuracy: The vice of being right
",20171022
44965,9145,心配するために。,20170731
60884,811,歴史は繰り返さない――歴史家が互いに繰り返すだけだ。,20170908
89975,6589,"Computer programmers do it byte by byte
",20180103
89975,3607,ツバメがカピストラーノに着陸するのを手伝おう。,20170706
72821,842,キッシュと綴る。彼らはトゥインキーや四川料理を食べる。,20171127
72821,5101,さて、GCよ、当面は,20170524
72821,6753,そして男性的な衝動,20170831
17439,6439,新しい町。,20170101
17439,174,理解するのが難しいだろう。,20171231
17439,8548,アコーディオン：プリーツ付きのバグパイプ。,20180424
29822,2272,教授とは、誰かの睡眠中に話す人のことである。,20170318
75696,7275,真実は今朝明らかになるだろう。（それが事態を本当に混乱させるかもしれない。）,20170418
34026,1667,それはここにない。,20170224
34026,8416,裸の腕を持つ権利を支持せよ！（武器を持つ権利(bear arms)との掛詞）,20170422
57615,4520,Fortranが存続し続ける可能性。,20171221
85656,1783,やるべきことを先延ばしにするのに、今ほど良い時はない。,20180211
29185,5015,来年の最悪野菜。,20170721
29185,5003,川は湿っている。,20170714
29185,1837,「演技とは、観客に,20170123
90782,6815,-- リリー・トムリン,20171112
34716,5030,短い針が…にある。,20170423
30776,6127,何をしているかわからないときは、きれいにやれ。,20170701
30776,3009,死：突然罪を犯すのをやめること。,20170923
70931,6999,"A.A.A.A.A.: An organization for drunks who drive
",20170720
68714,3053,すべてのプログラムには（少なくとも）二つの目的がある。一つは,20171112
68714,4534,牛は、我々人間が,20170615
68714,764,あなたが置いた場所から、見つけられない場所へ。,20170910
51259,5512,客1：「紅茶をください」,20170412
51259,8442,まあいい、全部の卵を一つのカゴに入れちまえ。,20170103
51259,9016,例。,20180501
93401,9877,すべてのプログラムは、他のプログラムの一部であり、めったに適合しない。,20170624
94507,8667,すべてのプログラムには（少なくとも）二つの目的がある。一つは,20171111
94507,6210,私は7つのハックを持つQuuxに出会った。,20170305
23873,2433,委員会――それが彼らを破滅させるだろう。,20170819
23873,4448,コンピュータが、事実を印刷するために,20170204
84793,8433,警句があるなら、メタ警句もなければならない。,20170413
21046,6515,ゼロックスはそれを何度も何度も何度も…,20180106
21046,2967,プログラマーの視点は、彼の,20170909
84357,6602,今日は驚きが待っている。家賃もだ。,20170222
84357,9245,団体では、すべてのメンバーを名誉あるものとして言及するのが通例である。例えば、「,20170501
91759,4674,もし誰かが、私がいつか教皇になると言っていたら、私は,20170803
91759,2206,それはかつて私を指していた。,20170529
91759,4318,偏執病とは、単に人生に対する楽観的な見方である。,20170912
90536,6938,3) 「もしお前が自分で思うほど賢いなら、,20170405
90536,7459,"Call Avogardo 6.02 x 10^23
",20180111
93446,9087,「ラクダが針の穴を通るのは、それが,20171129
28605,6753,どんな組織にも、常に一人は知っている人がいる。,20170802
28605,7338,それは宇宙を一つにまとめている…,20170622
92078,1654,神は7日で世界を創造したのではない。6日間遊び呆けて,20180304
22363,9325,縄は緩む。,20180422
22363,2937,すべてのバグには7つの兆候があった。,20171214
35726,7310,終わる。,20171206
35726,106,本物のプログラマーはテニスや、,20171102
35726,8383,"It's because I try to put every possible syllable into that last line
",20171103
66901,3997,リメリックは複雑な芸術形式,20170314
66901,9529,暴力は無能な者の最後の砦である。,20180109
53396,1649,貧しい人々をお互いから守るために。,20180329
53396,7315,「今こそすべての善良な人々が立ち上がる時だ。」,20170703
53396,7310,コンピューティングの第43法則：,20171017
14617,2499,すべてはトップダウンで構築されるべきだ、最初の時を除いては。,20170531
14617,3382,消化不良。,20171020
43535,4659,私は7つのハックを持つQuuxに出会った。,20170727
69064,3623,探すのをやめなさい。幸福はあなたのすぐ隣にある。,20170621
69064,4583,1ビットたりとも取るな！,20171023
17876,8158,ダイヤルトーンを求めて。,20170831
17876,9923,神は7日で世界を創造したのではない。6日間遊び呆けて,20180319
17876,6142,人工知能に一年費やせば、,20170216
41321,996,「三重アイソ分岐クリプトンゲートMOSプロセス…」,20170501
41321,3634,起こる。,20171012
87508,1794,ハンディキャップのある。,20180323
61269,3072,-- ウォルト・ケリー,20170428
20009,8004,"It was the reader's CONS
",20170417
26043,9319,ディスク上に101ブロックのゴミ！…,20170715
26043,3,ユーザー空間と同じようにカーネル空間でも！,20170815
26043,4867,神は7日で世界を創造したのではない。6日間遊び呆けて,20171216
31753,295,異なれ：順応せよ。,20180315
31753,2403,犯罪の兆候：絶叫または助けを求める叫び声。,20171114
76804,4754,それはやる価値がなかった。,20170121
96376,5715,タイプライターで2つのキーを打つと、望まない方が,20180123
96376,1667,それ。,20171201
49455,5162,-- ブラウン・セキュリティ犯罪防止パンフレットより,20170901
49455,1852,決して美徳の道に迷い込むな。,20170223
49455,7888,今年の最悪野菜：芽キャベツ。これはまた、,20180221
59960,3362,一度。,20180306
59960,4352,太陽は海の上で輝いていた。,20170120
59960,8342,「成功できるのに、なぜ男でいる必要がある？」,20171204
83420,1851,ディスク上の99ブロックのゴミ,20180126
18226,574,チキンスープ：,20180308
18226,1552,すべてのプログラムは、他のプログラムの一部であり、めったに適合しない。,20180423
18226,8997,エネルギーを節約せよ：無関心であれ。,20170628
60253,6878,ダンという名の若い詩人がいた,20170422
60253,1396,その構文はJOSSより悪い。,20170222
60253,4837,-- ジュール・ド・ゴルティエ,20180318
82624,1390,それがいかに走るか見よ！それがいかに走るか見よ！,20170528
98787,2652,ディスク上の100ブロックのゴミ！,20180116
98787,3384,ヴェリリンドの実験の法則：,20170422
98787,6845,-- ブラウン・セキュリティ犯罪防止パンフレットより,20180304
24765,8979,シルバーマンの法則：,20170511
24765,9624,暴力は無能な者の最後の砦である。,20170104
24765,8548,それは宇宙を一つにまとめている…,20170520
94937,8569,"
",20171222
58376,6505,どういうわけか高貴なものとされ、誰もそれを批判しようとしない。,20170827
58376,1811,核攻撃の場合、学校での祈りを禁じる連邦政府の判決は,20170712
99595,1763,"
",20170728
99595,6702,"Computer programmers do it byte by byte
",20180211
99595,4351,"Accuracy: The vice of being right
",20171012
75883,8132,システム/3！システム/3！,20171231
75883,7737,経験とは、あなたが認識することを可能にする素晴らしいものである。,20170327
75883,1926,"        But this output can be
",20171009
27868,792,"Time flies like an arrow
",20170430
27868,9246,上司がそれを読んでいる。,20180307
83110,4859,神は言われた。「ニュートンあれ」と。するとすべてが光であった。,20170717
43685,7028,チケット。,20170111
43685,1360,は一時的に中止されます。,20180415
17800,8826,さえ。,20180409
17800,9775,あなたは賢く、機知に富み、素晴らしいが、あまりに多くの時間を,20170603
17800,6505,あなたは尾行されている。数日間はいかがわしい行為をやめなさい。,20171114
73830,2875,モリソンの官僚主義仮説：,20170811
73830,4063,ダイナマイトで空高く吹き飛ばされる神聖な権利の目に見える兆候。,20180223
73830,7297,"
",20171002
72683,517,私にできること。」,20171018
69514,4149,タバコ：一端に火、もう一端に愚か者、そして,20180217
82809,3999,言った、「人生はサワークリームのボウルのようなものだ。」,20180115
82809,6292,フィルモア大統領を悪く言うな。彼は我々をベトナム戦争から遠ざけてくれた。,20170503
78811,1988,しかし、それは素人にとってあらゆる物事に関する最高の本だからだ。,20180127
20118,5865,縄は緩む。,20180413
20118,690,逆もまた然り。,20180116
20118,7705,大学：ソフトウェアハウスのようなもの。ただし、ソフトウェアは無料で、,20170428
11211,5628,-- アーサー・ナイマン,20171221
11211,3137,改革するために。,20170117
71392,7466,確率は50対50だ。,20171023
95878,1649,事故：心の落ち着きは良いが、,20170813
95878,924,メッセージが郵便で届く。FBIに見られる前に破壊せよ。,20170329
55474,3199,そして彼女の内部でリンゴ酒を作った。,20180407
61264,5914,1ビットたりとも取るな！,20170701
61264,674,無政府状態は最良の統治形態ではないかもしれないが、,20170803
59504,8612,速報！人類の知能が低下中。詳細は…ええと、いつだったか,20180307
59504,1743,その詩は決して韻律に合わなかった。,20171009
46582,6136,私はあらゆる緊急事態には備えているが、日常には全く備えていない。,20180416
46582,6184,"        But she started absorbin'
",20180330
46582,574,バグを修正し、再びダンプする：,20180303
16067,1994,旗。,20170721
16067,106,三人の友人。もし彼らが大丈夫なら、あなたがそうだ。,20171208
16067,6964,一つ。,20171225
86080,6503,何としても現実を避けよ。,20170820
86080,5030,一番大声で鳴く鶏が、最も,20170924
86080,9469,A: 両方だ。,20170610
66173,9145,"Death is nature's way of telling you to slow down
",20171031
66173,4652,価格が大幅に上がったことを意味する。,20171115
30615,3999,"I think that I shall never see
",20170127
49779,7275,-- ジュール・ド・ゴルティエ,20180218
94605,3904,-- ケーログ・アルブラン,20170913
94605,5396,学生たちの中に。,20170320
96173,9924,書くこと。,20170205
96173,176,波の上に立つ者もまた、サーフィンをする。,20171026
96173,6740,ツバメがカピストラーノに着陸するのを手伝おう。,20170404
11162,8995,デフリース家のジレンマ：,20180416
11162,1046,本物のプログラマーはPASCAL、BLISS、ADA、その他赤みがかった,20170424
11162,8109,ワッフルにかけたことがある。,20180203
67553,1988,なし。「マニュアルに文書化しておく。」,20170304
67553,3647,ダイヤルトーンを求めて。,20180428
67553,1386,探すのをやめなさい。幸福はあなたのすぐ隣にある。,20180421
91508,4507,クリンクラーの第二法則：,20170508
91508,2110,ブラッドリーの陳腐な言葉：,20180124
96692,5270,-- ケーログ・アルブラン,20171103
96692,4941,波の上に立つ者もまた、サーフィンをする。,20180215
37533,158,このゴミは、非常に高価な機械を通過した後,20180324
42285,2433,すべてが可能だが、,20170315
66443,9472,簡単な問題はすべて解決済みだ。,20180213
66443,9245,今週は自分で機会を作り出せる。上級,20171113
66443,7351,川は湿っている。,20171112
76405,5388,コンピュータがクラッシュする。,20170512
76405,1978,"
",20171102
76405,9190,"Familiarity breeds attempt
",20170613
64037,8521,ニヒリズムは自己から始めるべきだ。,20170108
64037,4723,しかし、それは素人にとってあらゆる物事に関する最高の本だからだ。,20170116
93246,8773,新しい町。,20170228
32781,4723,"miss
",20171117
32781,6463,-- ラザルス・ロング,20170519
85849,4193,パリティがわずかに失われている。,20170601
85849,2789,"Hail to the sun god
",20170910
85849,8541,また轢かれないことを願う。,20170629
53444,3139,改革するために。,20170426
94674,6292,失敗への対処は簡単だ。改善するために努力する。成功もまた,20180109
94674,4143,今夜がその夜だ：ユーカリの木で眠れ。,20170216
68155,9325,深まる憂鬱の中で、あなたの犬がようやく,20180112
68155,8864,不在：友人や知人の攻撃にさらされること。中傷されること。,20180309
10309,4448,先週の火曜日がつまらなかったと思うなら、何が起こるか待ってみなさい。,20170604
83976,8548,川は湿っている。,20180306
87118,2075,人生は玉ねぎのようなものだ。一枚一枚皮をむいていくと、,20171222
87118,3046,本物のプログラマーはCOBOLでは書かない。COBOLは弱々しいアプリケーションのためのものだ。,20180223
65990,8964,パーティーを開くには良い日だ。彼をできるだけ遠くに投げ飛ばせ。,20170104
65990,4448,している。,20170823
68256,5255,なし。宇宙が電球を回し、禅師は,20180501
68256,8666,「この核軍拡競争を続けるなら、君たちがやることは,20171126
35852,3640,-- アルベルト・アインシュタイン,20170715
35852,2230,リストまたはオブジェクトデッキ。,20170717
35852,8729,そして先月分を前払いで。,20170222
48098,3218,よそで。」,20171104
48098,3351,赤ん坊とは、一端に大きな声、もう一端に,20170115
48098,4252,-- ベルトルト・ブレヒト,20180123
38385,2652,なし。宇宙が電球を回し、禅師は,20170529
38385,5714,その絵を説明する。1万語のセットで適切に,20171210
38385,5971,口を閉ざしていれば、足は集まらない。（口は災いの元）,20180315
38441,6722,人間は、,20170223
17413,9007,理解するのが難しいだろう。,20170921
17413,2755,変数。」,20170225
84853,3896,人を馬鹿と呼ぶな。彼から借りろ。,20180102
84853,6845,ガンジー：それは良い考えだと思う。,20171204
84853,8057,熱力学の三法則：,20170326
62227,4044,ゼロックスはそれを何度も何度も何度も…,20170219
18083,4731,新しい議員たちは政府を立て直すと言っている。私は,20170214
18083,7504,「最適化コンパイラにおけるレジスタ割り付け」,20170309
18083,3776,-- チャーリー・マッカーシー,20170422
83407,658,フィルモア大統領を悪く言うな。彼は我々をベトナム戦争から遠ざけてくれた。,20170428
83407,1675,すべてが可能だが、,20170909
85098,8515,相手のエラーの原因を取り除くこと。,20180113
85098,85,すべてが可能だが、,20171009
85098,2433,デフリース家のジレンマ：,20170612
51707,6063,しかし、私が命じたことだけだ。,20171126
80786,2640,最新の公式数値によると、全統計の43%は,20180320
80786,3318,何もない。,20170928
80786,8118,もしそうなら、そうなるだろう。しかし、そうではないから、そうではない。それが論理だ！,20180420
26091,7705,-- ケーログ・アルブラン,20170303
26091,3878,良い忠告とは、悪い手本を示すには年を取りすぎた男が与えるものである。,20170406
26091,7416,今日まで。,20170926
74985,2210,私は未来を見たが、それは現在と全く同じで、ただ長いだけだった。,20170717
74985,5061,とんでもない馬鹿であることの。,20180217
74985,7894,大学：ソフトウェアハウスのようなもの。ただし、ソフトウェアは無料で、,20170417
20351,2755,ジョージ・オーウェルは楽観主義者だった。,20170507
77379,9712,覚えておけ、たとえ出世競争に勝ったとしても――お前はまだネズミだ。,20170302
77379,9956,本当に考えさせると、彼らはあなたを嫌うだろう。,20170112
77379,7927,デュシャームの教訓：,20170406
70301,232,世の中で噂されることより悪いことは一つしかない。そしてそれは,20171230
78660,9130,非公式なものから公式なものへ、公式な手段で進むことはできない。,20170412
83920,4915,1981年、滑降スキーに最悪の月：1月。行列は,20180422
83920,5195,「ここ電話会社では、あらゆる種類の人々にサービスを提供しています。,20170309
83920,7305,手。,20170815
67771,6154,力の限り輝いて：,20170606
67771,3869,は一時的に中止されます。,20170315
69377,9677,"He did his very best to make
",20170623
69377,1673,事実への些細な投資から、推測という見返りを。,20180206
74054,8864,"WHERE CAN THE MATTER BE
",20171124
74054,402,それは彼らが徹夜していたからだ。,20171002
74054,1374,郵便。対応するエラーは、,20170421
62070,7113,"Steinbach's Guideline for Systems Programming
",20171014
62070,5124,何をしているかわからないときは、きれいにやれ。,20180411
62070,5519,どんな組織にも、常に一人は知っている人がいる。,20170618
30588,1229,決して美徳の道に迷い込むな。,20171230
30588,3266,恩知らず：餌を与えてくれた手を噛み、そして文句を言う男。,20170116
30588,6669,本物のプログラマーはアプリケーションプログラムを書かない。彼らは,20171112
24328,9,年齢に敬意を払え。たまには良いスコッチを飲め。,20170223
24328,8869,警句があるなら、メタ警句もなければならない。,20170927
79401,6379,本当に考えさせると、彼らはあなたを嫌うだろう。,20170209
79401,5519,タルムードで最も古くから puzzling されてきた問題の一つは、「なぜ神は,20180208
79401,6589,「一度でいいから、,20170125
28276,3869,-- アンブローズ・ビアス,20171216
28276,916,彼女は彼に、,20171218
28276,124,そしてきれいなものは、めったに滑稽ではない。,20170108
35438,3357,もし神が我々に裸でいてほしかったなら、我々はそのように生まれていただろう。,20170704
35438,7364,床を磨いたり、その他のエキサイティングなことをするのに最適な日。,20180325
35438,6154,"
",20180113
49857,1194,1ビットたりとも取るな！,20170228
49857,517,-- ルイス・キャロル,20170311
71047,5880,2. 直線あてはめが必要な場合、データは2点のみ取得すること。,20180226
71047,1519,死：突然罪を犯すのをやめること。,20180423
21628,5145,非公式なものから公式なものへ、公式な手段で進むことはできない。,20180416
21628,8569,法は、その荘厳な平等において、富める者にも,20170418
52821,2147,ああ、一体どうしたのだろう,20171211
39890,1783,コンピュータを家庭に持ち込んでも、どちらも変わらないだろうが、,20170730
39890,7242,「本当？なんて偶然、私も浅はかよ！」,20171015
39890,6439,先週の火曜日がつまらなかったと思うなら、何が起こるか待ってみなさい。,20170409
58177,7995,無政府状態は最良の統治形態ではないかもしれないが、,20170728
58177,7830,"
",20170403
58177,4246,有名な最期の言葉：,20171127
94768,9105,-- D・J・ヒックス,20170427
10540,8433,主は、もしそうでなければ、なぜ我々にこれほどの素早い動きを与えられたのか。,20170706
10540,3851,委員会――それが彼らを破滅させるだろう。,20170203
45004,5043,-- トーマス・ジェファーソン,20171009
86776,5778,覚えておけ、たとえ出世競争に勝ったとしても――お前はまだネズミだ。,20180205
86776,5043,それが何であれ、私は再び結婚するだろう。,20170607
86776,7535,離婚から抜け出す。,20180426
39245,3901,瓦礫にすぎない,20180111
39245,5865,あなたの同意なしに、誰もあなたを劣っていると感じさせることはできない。,20180129
39245,4702,彼らがそれを売ってくれればいいのに。,20170622
82701,5927,"Rocky's Lemma of Innovation Prevention
",20170129
82701,276,メビウスの輪の上のネズミ,20170711
82701,8964,ネーザーの法則：,20170212
92379,241,ダイヤルトーンを求めて。,20170726
92379,5922,それはやる価値がなかった。,20171118
92379,5865,-- ミッキーマウス,20171207
89158,8380,は中止された。,20171115
89158,7995,ソフトウェアが他の何物とも似ておらず、それが,20170714
67519,6114,それが作った。,20180331
88586,1552,それが作った。,20180404
88586,18,扱いやすい：あなたは間違った問題を解決した。,20170531
44769,7937,-- W・C・フィールズ,20170205
44769,8152,-- R・ガイス,20171009
44769,3318,強い酒には気をつけろ。それは税務署員を撃ちたくさせ、そして,20170319
37434,5383,サンフランシスコはかつての姿ではなく、そして決してそうではなかった。,20180218
37434,1329,-- マクスウェル・スマート,20171011
37434,2933,エネルギーを節約せよ：無関心であれ。,20170624
65505,9828,上司がそれを読んでいる。,20170605
65505,7378,"It's because I try to put every possible syllable into that last line
",20180309
37984,8997,ジョニーは祭りからなかなか帰らない。,20171129
37984,8315,プログラミングについての考え方に影響を与えない言語は,20171202
67345,8548,新しい議員たちは政府を立て直すと言っている。私は,20170227
67345,2886,本当に考えさせると、彼らはあなたを嫌うだろう。,20180128
67345,4207,人生。,20180111
99650,797,"There was a young lady from Hyde
",20170804
58257,3357,非公式なものから公式なものへ、公式な手段で進むことはできない。,20170815
43022,3629,-- F・P・ジョーンズ,20170507
43022,7711,私は酒はやらない。,20170815
43022,8152,今日は旅行が重要。明日、国税庁の役人が来る。,20171124
49640,9347,人生を深刻に受け止めすぎるな。生きては出られないのだから。,20171017
49640,5023,主は、もしそうでなければ、なぜ我々にこれほどの素早い動きを与えられたのか。,20171105
49640,3581,大人：もっと分別があってもよい年齢の者。,20171120
24153,3115,さもなければ、より難しい思考を必要とする。,20170406
24153,9,書くこと。,20170618
24153,1200,"
",20170906
31529,8995,あなたは賢く、機知に富み、素晴らしいが、あまりに多くの時間を,20180122
31529,8600,人生は玉ねぎのようなものだ。一枚一枚皮をむいていくと、,20170215
46813,2167,ダンという名の若い詩人がいた,20171212
46813,9469,そしてきれいなものは、めったに滑稽ではない。,20170411
46813,7862,"Familiarity breeds attempt
",20180321
36886,4867,脳は素晴らしい器官だ。あなたが起きた瞬間に働き始め,20180104
36886,1396,今夜はユーカリの木で眠るな。,20170319
80249,6275,-- エレノア・ルーズベルト,20170908
80249,9406,"If I traveled to the end of the rainbow
",20171118
31595,5270,デュシャームの教訓：,20170216
31595,1290,A: 3人。1人が電球をねじ込み、2人がそれを邪魔する者たちを追い払う。,20170615
11368,9375,長い目で見れば、すべてのプログラムはロココ調になり、そして瓦礫となる。,20180212
11368,3973,それが何か知っている。,20170318
46359,9612,何もない。,20170403
46359,6072,素人のためのプログラミングに関する最高の本は『不思議の国のアリス』だ。,20170516
56142,9434,"Today is the tomorrow you worried about yesterday
",20180322
56142,9137,午後はロマンスに非常に好都合。一人の人を,20170130
56142,104,エラーのないプログラムを書く方法は二つある。三番目の方法だけが,20180221
72442,3750,-- エルバート・ハバード,20170110
72442,1137,-- アラン・パーリス,20171214
28392,1143,SQL交響楽団コンサート,20180403
28392,1143,SQL交響楽団コンサート,20170512
25478,9974,よそで。」,20170829
25478,8068,書くこと。,20170930
25478,7416,「私たちは気にしない。気にする必要はない。私たちは電話会社だから。」,20170417
70052,3517,-- クリント・イーストウッド,20170508
70052,6722,扱う。,20180329
70052,4804,両利きになるためなら右腕を差し出してもいい。,20170205
62891,1028,他人があなたのことをどう思っているか心配するな。彼らは,20170804
19561,2420,現実は幻覚の障害である。,20170219
15826,1137,そしてそれ以来、ベンゼン（been seen=見られたとの掛詞）になったことはない。,20170202
15826,6129,思春期：思春期と不倫の間の段階。,20170118
27659,5478,人間は赤面する唯一の動物である――あるいは、そうする必要がある唯一の動物である。,20171130
27659,8995,多数派の側にいることに気づいたときはいつでも、,20170226
35251,3157,Q: 電球を交換するのに、異性愛者の男性は何人必要か？,20170826
35251,5323,"Death is nature's way of telling you to slow down
",20170726
68306,8949,サラダにとってのニンニクが、芸術にとっての狂気である。,20180313
68306,1386,不幸は仲間を好むが、仲間はそれに応えない。,20170215
28778,2272,ヴェリリンドの実験の法則：,20170816
28778,7364,-- マーク・トウェイン,20170122
28778,7676,今日は驚きが待っている。家賃もだ。,20180403
69611,8600,"Conscience is the inner voice that warns us somebody is looking
",20170629
69611,2147,3) 「もしお前が自分で思うほど賢いなら、,20170129
69611,2241,それは、死んだ方がましだと思う人々のための時間つぶしの本だった。,20180213
94268,3915,ああ、一体どうしたのだろう,20180314
94268,6653,パタパタ、ばたばた、ぱたん,20170410
36244,1643,-- マーク・トウェイン,20170819
36244,6938,"enough cheese
",20170422
90227,2806,「サワークリームのボウルのように？」と他方が尋ねた。「なぜ？」,20180501
71601,2677,今日は空飛ぶ円盤に近づかないように。,20180221
71601,6845,本物のプログラマーはテニスや、,20171104
14191,9923,感情的に活発であれ。お気に入りの神経症に迎合せよ。,20170127
59374,4951,今夜はコウモリに餌をやらないで。,20180325
59374,5104,反意語：あなたが考えようとしている言葉の反対。,20170911
59374,8826,"
",20170718
32564,8600,"There once was a girl named Irene
",20170318
32564,1193,タイプライターは、感情を込めて演奏されると、,20170129
32564,6085,カリフォルニアは住むには良い場所だ――もしあなたがオレンジなら。,20170103
87254,9289,"I think that I shall never see
",20170930
87254,1728,-- マーク・トウェイン,20180309
92572,1751,身を粉にして働け！,20180102
92572,6077,「ボンベイの気候は、その住民が生活しなければならないほどのものである」,20171207
50360,1763,釘。,20170919
50360,8029,"Bizarreness is the essence of the exotic
",20170423
50360,2789,今夜がその夜だ：ユーカリの木で眠れ。,20170716
39284,5715,おとぎ話：子供たちを新聞に備えさせるためのホラーストーリー。,20180313
21056,3323,紙に当たる。,20170824
21056,2362,物事は今よりも昔のようになっている。,20170412
60553,134,消化不良。,20170107
60553,3581,そうに違いないと我々を安心させてくれる。,20180501
73930,9347,神は死んでいない、ただ駐車スペースを見つけられなかっただけだ。,20180117
51835,9,速報！人類の知能が低下中。詳細は…ええと、いつだったか,20170521
51835,9615,本物のプログラマーはキッシュを食べない。実際、本物のプログラマーは,20170310
84428,4149,感嘆：他人が,20171103
84428,996,学生たちの中に。,20170109
89951,8622,良い知らせ。金曜日から10週間後は、かなり良い日になるだろう。,20180106
89951,3997,午後：我々がどうやって,20171005
43093,517,未来はまだら模様。夕方遅くにスープをこぼすだろう。,20170704
43093,3357,息をしている方がリスナーと呼ばれる。,20170512
17054,4951,とんでもない馬鹿であることの。,20180318
72164,1837,我々のお気に入りの独占企業によって作られた！,20180123
33478,3470,野心とは、怠けるほどの分別がないことの粗末な言い訳である。,20171028
33478,5829,太陽は海の上で輝いていた。,20180405
85914,5011,-- ドン・クイン,20171031
85914,1581,"Kin: An affliction of the blood
",20171015
85914,3670,「ラクダが針の穴を通るのは、それが,20170831
70526,4273,最新の公式数値によると、全統計の43%は,20180313
70526,8569,本物のプログラマーは9時から5時まで働かない。もし本物のプログラマーが午前9時頃にいるなら,20170103
70526,1675,誰も確信していないこと。,20170208
48438,4240,すべてのプログラムには（少なくとも）二つの目的がある。一つは,20170911
48438,6571,街角の酒場を活性化させる。,20180329
48438,6148,"He did his very best to make
",20180328
21601,6236,チキン・リトルは正しかった。,20180423
21601,3471,答えは42だ。,20171130
77639,4591,そして彼女の内部でリンゴ酒を作った。,20171120
77639,1393,神のみが無作為な選択をすることができる。,20180110
18252,3376,バグを修正し、再びダンプする：,20170813
31750,1851,"
",20180405
31750,1750,変数。」,20170625
31750,1229,LISPプログラマーはすべての価値を知っているが、そのコストは,20180204
17921,4461,-- カール・ツヴァンツィヒ,20170114
17921,129,本物のプログラマーは9時から5時まで働かない。もし本物のプログラマーが午前9時頃にいるなら,20170828
17921,1054,離婚から抜け出す。,20180423
96382,2499,"It was the reader's CONS
",20170105
36205,6612,科学とは、先入観が検証に出会ったときに起こることである。,20180324
36205,6210,最適化は進化を妨げる。,20170405
36205,5149,強い酒には気をつけろ。それは税務署員を撃ちたくさせ、そして,20170712
66646,4223,深まる憂鬱の中で、あなたの犬がようやく,20180316
58377,1751,優越性は劣性である。,20180408
58377,6480,「なぜ足の甲に特別な名前がないんだろう？」,20170906
58377,2021,木のように美しい広告看板。,20170731
42546,6254,彼がその向こう側から現れるまで、あなたは彼を見ることはないだろう。,20170513
67007,2716,そして徹夜した。,20171107
67007,3007,捨てられる運命にある：重要なのは、常にそれを,20170827
67549,5561,趣味に余分な時間を費やせ。巻紙をたくさん手に入れろ。,20171221
67549,6185,A: 両方だ。,20171117
41471,8976,"
",20170625
69935,7705,床を磨いたり、その他のエキサイティングなことをするのに最適な日。,20180126
69935,8631,助けを必要としている旧友をがっかりさせるには良い日だ。,20171109
69935,8152,もし持ち込み可の試験を与えられたら、本を忘れるだろう。,20171013
46201,2749,全くプログラムを手に入れられず、手に入れたものを受け入れる。,20170518
46201,6142,アメリカを美しく保とう。ビール缶を飲み込め。,20180310
46201,8976,感嘆：他人が,20171215
32591,8172,死とは、人生があなたに「お前はクビだ」と告げる方法である。,20170214
73965,5562,電気コード。,20170529
73965,6186,バグを修正し、再びダンプする：,20170727
73965,6658,-- オスカー・ワイルド,20170715
77688,6377,生きる。,20170603
69051,4681,運転免許を失うのは、神が「ブーガ、ブーガ！」と言うための一つの方法に過ぎない。,20170528
69051,6156,"
",20180225
48684,8118,こんにちは、ファルケン博士。,20171014
48684,4717,これを自分で証明するには、,20170127
48684,8902,自分自身を問題の一部として。,20180127
30190,2918,-- マーク・トウェイン,20171108
20871,1866,共同制作：,20171221
60139,649,プログラミング。,20170314
76535,9288,戴冠式：君主に外見上と,20170506
76535,4581,事故：心の落ち着きは良いが、,20170712
76535,9319,コンサルタントとは、会社に数字を尋ね、そして,20171109
82602,2677,-- ケーログ・アルブラン,20180327
82602,9150,"
",20170701
82602,2937,「そして、私と同じくらい大きくなったら何をするの？」,20170509
19336,777,興味深いものは何も簡単ではない。,20171221
34918,1923,「どうして知るものか？私は何だ、哲学者か？」,20180106
27406,8004,変化。,20170424
83436,7509,"Today is the first day of the rest of the mess
",20170428
83436,9288,釘。,20170123
83436,3151,"        But the good ones I've seen
",20171102
69745,3810,あなたは仕事のことで心配しすぎだ。やめなさい。あなたは十分に給料をもらっていない。,20170530
56681,3199,"
",20180105
31519,2679,本当に考えさせると、彼らはあなたを嫌うだろう。,20170523
77051,9388,ポップアップ、プッシュダウン、バイト、バイト、バイト！,20170519
14045,8859,クリンクラーの第一法則：,20170702
14045,6131,パン。,20170227
17976,8727,脳（動詞）：[「脳する」のように]  bluntly に、しかし pointedly ではなく叱責すること。,20171217
17976,8995,科学には何か魅力的なものがある。人はそのような卸売りの,20180218
61786,1393,「三重アイソ分岐クリプトンゲートMOSプロセス…」,20170130
61786,622,ハンロンの剃刀：,20170521
90217,3362,蒸気配管工のピクニックで。,20170414
99171,8977,すべてのハックには7つのバグがあった。,20170104
99171,2033,分析され、新たな弱点に置き換えられる。,20180222
99171,4246,人生をやり直せるかもしれない――もし最初の,20171204
47515,8976,本物のプログラマーはキッシュを食べない。実際、本物のプログラマーは,20180414
47515,9414,再生業者よ、その木を助けてやれ！,20170620
47515,6515,"
",20180210
61022,2806,障害を克服するには良い日。障害物競走を試してみよう。,20170903
67720,7535,ユーカリの木の中で。,20170830
67720,3997,誰も確信していないこと。,20180423
67720,6178,分析され、新たな弱点に置き換えられる。,20180315
77787,3896,独身者とは、ある女性を,20170827
77787,8716,"We wish you a Hare Krishna
",20170420
77787,3115,他人があなたのことをどう思っているか心配するな。彼らは,20170328
89301,9288,「家具との議論は、めったに生産的ではない。」,20180401
43474,4283,"There once was a girl named Irene
",20170121
43474,2499,今日は友達を吸おう。,20170402
43474,4682,言った、「人生はサワークリームのボウルのようなものだ。」,20170119
39447,2886,慰謝料とは、二人が過ちを犯したとき、そのうちの一人が,20171021
39447,2888,自動化？,20180125
85166,9406,問題を十分注意深く見れば、,20170727
85166,6589,自分自身を問題の一部として。,20170801
85166,8522,プロジェクトMACでの損失はどれくらいか？,20171126
92855,2218,-- ラザルス・ロング,20170718
92855,5469,-- オスカー・ワイルド,20171112
47135,1728,客1：「紅茶をください」,20170116
47135,8207,人間は赤面する唯一の動物である――あるいは、そうする必要がある唯一の動物である。,20180331
47135,7219,外交とは、石を見つけるまで「いい子だね、ワンちゃん」と言い続ける技術である。,20170412
38308,8727,割り、掛け、そして引くだろう。,20170824
83754,1001,物忘れ：神が債務者に、,20170917
83754,2189,波は滑らかで輝いている――,20170613
25615,924,そして他のエロティックな効果。,20171026
25615,9273,問題を十分注意深く見れば、,20171124
50356,3376,時間とは、すべてが同時に起こらないようにするための自然の方法である。,20180405
61372,2600,"Computer programmers do it byte by byte
",20180308
10332,1306,目…」,20180408
10332,2789,ソフトウェアが他の何物とも似ておらず、それが,20170711
10332,3244,-- A・E・ハウスマン,20180114
11447,3635,"He sure is a fun god
",20170417
15921,1604,彼らがそうあるべきであると。ゆえに、スキタイ人の間では、,20180216
12030,7711,大人：もっと分別があってもよい年齢の者。,20170708
72839,2918,より懸命に。,20170619
72839,6986,医者があなたの症状に名前を付けたからといって、彼が,20170417
72839,3634,キッシュと綴る。彼らはトゥインキーや四川料理を食べる。,20170904
82317,9372,真に賢い者は、決してユニコーンと馬跳びをしない。,20170409
82317,1410,リメリックは複雑な芸術形式,20170512
82317,3915,豚は、もし私が間違っていなければ,20170530
63915,3213,先週の火曜日がつまらなかったと思うなら、何が起こるか待ってみなさい。,20171216
51933,8522,ゼロックスはそれを何度も何度も何度も…,20170323
51933,2241,ゼロックスはそれを何度も何度も何度も…,20180128
51933,7587,-- クリント・イーストウッド,20170624
52369,3415,なし。「ユーザーが解決できるだろう。」,20170321
52369,4291,「もし知っていたら、私は錠前屋になっていただろう。」,20180403
62024,1753,もし良い写真が撮れたとしても、それらは台無しになるだろう,20170529
62024,5023,1981年、滑降スキーに最悪の月：1月。行列は,20170803
68744,7182,素人のためのプログラミングに関する最高の本は『不思議の国のアリス』だ。,20170629
68744,4069,今夜がその夜だ：ユーカリの木で眠れ。,20180426
68744,5142,波の上に立つ者もまた、サーフィンをする。,20170820
99911,3053,"Laetrile is the pits
",20180108
99911,3415,永遠を傷つけずに時間を潰すことはできない。,20170210
99911,5015,あなたは尾行されている。数日間はいかがわしい行為をやめなさい。,20180415
97096,1649,もし神があなたに裸で歩き回ってほしかったなら、もっと大きな,20171201
17116,3841,明日は興味が持たれないため中止となります。,20170415
17116,5240,シルバーマンの法則：,20170818
22070,2420,機械上で、彼らは「ほんの数回」の30時間で動作するようにパッチを当てることができる。,20171223
87983,7466,時空間スキップの中で。,20180227
99326,5294,自分自身を問題の一部として。,20170331
99326,1799,簡単な問題はすべて解決済みだ。,20170419
99326,85,人間は、,20180311
61276,8431,広い心：高邁な精神を平らにした結果。,20170103
61276,9192,コンピュータがクラッシュする。,20180329
61276,5425,"
",20180326
32162,9624,-- マーク・トウェイン,20170702
23044,2420,COBOLで書くかFORTRANで書くか。,20171218
24255,1837,書くこと。,20180310
24255,2311,何もない。,20180101
67548,2668,"A.A.A.A.A.: An organization for drunks who drive
",20170221
67548,5030,両利きになるためなら右腕を差し出してもいい。,20170423
37922,7271,大きな財産を持って。」,20170421
37922,276,さようなら。私は退屈だから去る。,20180117
37922,3841,ディスク上に101ブロックのゴミ！…,20170319
75440,6148,生きている方がましだ。,20170108
75440,769,誰を信じる？,20170213
75440,8859,しかし、我々は熱意のあまり、,20170410
42852,587,は中止された。,20180419
42852,9791,今日まで。,20170204
42852,9590,朝。,20180121
49360,4223,時空間スキップの中で。,20180127
49360,5383,それが何か知っている。,20180415
49360,1520,彼らがその代金を払い続ける。,20180131
36938,2071,-- ギゴ,20170116
15201,6878,それは、死んだ方がましだと思う人々のための時間つぶしの本だった。,20170624
15201,1193,フィラデルフィアは退屈ではない――ただ、隣にあるからそう見えるだけだ。,20180315
15201,9906,ゴイムを創造したのか？」一般的に受け入れられている答えは、「誰かが,20180317
34993,7946,分子生物学者はデザイナー遺伝子（デザイナーズジーンズとの掛詞）を身に着けるのか？,20171001
34993,2714,深まる憂鬱の中で、あなたの犬がようやく,20170329
34993,3362,暇な時間に現金を稼ごう――友達を脅迫せよ。,20180312
53198,8859,"Brain fried -- Core dumped
",20171111
98898,1667,系論：,20170115
71354,9406,"There was a young lady from Hyde
",20170628
71354,2443,この人物は解雇されなければならない。,20171105
13242,7227,分子生物学者はデザイナー遺伝子（デザイナーズジーンズとの掛詞）を身に着けるのか？,20171129
13242,3357,"        While her lover lamented
",20170814
13242,9325,自然な傾向に屈せよ。憎らしく、退屈であれ。,20170613
55937,9956,驚くほど大きいかということだ。つまり、あなたは,20180314
55937,8121,とんでもない馬鹿であることの。,20170321
51487,3351,彼は、注文していない付け合わせでも見るかのように私を見た。,20171226
51487,3998,「そして、私と同じくらい大きくなったら何をするの？」,20171014
51487,6154,猫に頑固さで勝とうとするな。,20170224
79231,4986,"A limerick packs laughs anatomical
",20171226
79231,3984,今日は象の唇にキスをするな。,20171227
78098,8612,時々、無実の人が議会に送られる。,20171013
78098,8416,"Today is the tomorrow you worried about yesterday
",20171118
37889,6185,そしてこの言語が行くところどこでも,20170616
77343,4659,-- ドロシー・パーカー,20170718
77343,8569,一度。,20170203
72312,3670,神は死んでいない、ただ駐車スペースを見つけられなかっただけだ。,20180430
72312,5714,人間は赤面する唯一の動物である――あるいは、そうする必要がある唯一の動物である。,20170101
79383,3734,"We wish you a Hare Krishna
",20170927
79383,7459,その間にタバコ。,20170206
79383,1028,-- バート・ウィットニー,20171109
55666,1365,すべてのプログラムをRPGで実行する！,20170706
48833,3362,-- ルイス・キャロル,20180208
48833,5015,人生を深刻に受け止めすぎるな。生きては出られないのだから。,20170416
37654,4195,プログラマー。,20180226
56820,8363,科学は真実である。事実に惑わされるな。,20170220
92687,1743,父親は幼い息子に尋ねた。,20170421
92687,4017,瓦礫を跳ねさせる,20171026
36712,2092,応用テロの第四法則：,20170402
64534,8004,クリーブランドはまだ生きている。神は死んだに違いない。,20180404
64534,8804,人工知能に一年費やせば、,20170707
16957,9122,きわどいアリアを専門とする歌姫は、オフコロラトゥーラソプラノだ…,20170907
16957,8249,医者があなたの症状に名前を付けたからといって、彼が,20171023
59448,5963,A: 3人。1人が電球をねじ込み、2人がそれを邪魔する者たちを追い払う。,20171031
59448,1567,デュシャームの教訓：,20180110
59448,6815,逆もまた然り。,20171018
13818,339,"Paul Revere was a tattle-tale
",20180401
66355,3471,本物のプログラマーは仕様書を書かない――ユーザーは,20171112
66355,3904,軍法は正義にとって、軍楽が音楽にとってそうであるようなものだ。,20170207
81194,5011,"Who lived on distilled kerosene
",20170407
81194,66,すべてのハックには7つのバグがあった。,20170517
81194,3284,この種のゴミ。,20180324
10452,7275,西洋文明？,20170905
81739,5091,「ラクダが針の穴を通るのは、それが,20171026
81739,7386,理解するのが難しいだろう。,20170413
81739,3266,慰謝料とは、二人が過ちを犯したとき、そのうちの一人が,20170615
82150,2306,科学は真実である。事実に惑わされるな。,20170726
86305,2940,COBOLで書くかFORTRANで書くか。,20170228
86305,3587,神のみが無作為な選択をすることができる。,20170301
86305,8964,なし。「ソフトウェアで修正する。」,20180126
93171,4951,年齢に敬意を払え。たまには良いスコッチを飲め。,20170530
93171,8361,もう一方。,20170127
93171,6521,ノスタルジアは、もはや昔のものではない。,20170818
17314,3077,科学とは、先入観が検証に出会ったときに起こることである。,20171013
17314,3046,そのモニターは完全に負ける！,20170204
17314,3187,ハチドリは歌の歌詞を決して覚えない。,20170916
56644,2671,ダンという名の若い詩人がいた,20180416
56644,3037,「成功できるのに、なぜ男でいる必要がある？」,20170508
22576,1701,彼らの良心の欠如。,20171214
22576,4876,"Computer programmers do it byte by byte
",20180103
16344,9087,暇な時間に現金を稼ごう――友達を脅迫せよ。,20170826
16344,2183,重役。,20170131
17990,70,Fortranが存続し続ける可能性。,20170101
17990,5155,人生を深刻に受け止めすぎるな。生きては出られないのだから。,20170405
13859,134,インテリよ、団結せよ！失うものは君たちの黄身（yolks=yokes=束縛）だけだ。,20170524
31188,9924,-- トーマス・ジェファーソン,20180212
22453,8121,ラー！ラー！ラー！,20180314
22453,339,-- ハーバート・プロクナウ,20180415
13273,6379,私にできること。」,20170903
13273,2731,誰もが彫刻を教わることができる。ミケランジェロは,20170214
95842,6986,プログラミング。,20170930
95842,5606,言った、「人生はサワークリームのボウルのようなものだ。」,20170921
95842,8778,本物のプログラマーはPASCAL、BLISS、ADA、その他赤みがかった,20180318
53359,4938,驚くほど大きいかということだ。つまり、あなたは,20170417
53359,1894,"Who lived on distilled kerosene
",20170623
83901,8620,旗。,20170915
83901,1144,釘。,20170829
29011,2984,応用テロの第五法則：,20180131
20046,8905,コンピュータプログラミングの法則：,20170515
20046,5425,軍事諜報は矛盾した言葉である。,20180103
20046,5561,外交官とは、妻に,20170922
41052,5003,症状、兆候、バグ、そしてハック。,20180330
41052,8997,「本当？なんて偶然、私も浅はかよ！」,20170713
41052,8426,紙に当たる。,20170805
17378,345,パン。,20180128
66289,8542,-- ジョージ・サンダースの最期の言葉,20180127
60846,3204,バグを修正し、再びダンプする：,20180501
60846,4542,子供に装填済みの鯉で遊ばせるな。,20171108
60846,8335,コンピュータにゴミを入れれば、ゴミしか出てこない。しかし,20180414
33481,2501,「なぜ足の甲に特別な名前がないんだろう？」,20170414
33481,6447,人間は、,20170210
73259,3322,分子生物学者はデザイナー遺伝子（デザイナーズジーンズとの掛詞）を身に着けるのか？,20170517
96843,8279,プロジェクトMACでの損失はどれくらいか？,20170330
96843,7236,1ビットたりとも取るな！,20170809
96843,3009,防衛運転をしろ。戦車を買え。,20170830
45554,4581,子供は、,20170521
45554,6571,後からよりも。,20171020
45554,8650,"A city is a large community where people are lonesome together
",20180109
48974,3634,とんでもない馬鹿であることの。,20170612
44225,4719,最悪な一日を過ごすには最高の日だ。,20180413
44225,7454,目…」,20170127
44225,1468,"一目惚れは、""",20170113
33050,1659,汝のプログラムは走り、汝のシステムコールは成されたり。,20170623
94276,5155,私はあらゆる緊急事態には備えているが、日常には全く備えていない。,20170611
94276,8071,おそらく、広告看板が落ちてこない限りは,20180107
94276,3463,第四次世界大戦は棒と石で戦われるだろう。」,20180226
19681,4913,プログラマーが英語で書けないことを見つけるだろう。,20170329
80807,8071,"        If an idea can survive a bureaucratic review and be implemented
",20170512
80807,1381,"Fruit flies like a banana
",20171028
68727,4520,"A city is a large community where people are lonesome together
",20180424
68727,2272,"        Anything that can go wr
",20170620
31190,9780,「第三次世界大戦がどのような兵器で戦われるかはわからないが,20171129
84493,6815,その5年間がいつ始まるかを我々は制御できない。,20170820
90355,5493,-- クリント・イーストウッド,20171223
90355,3896,探すのをやめなさい。幸福はあなたのすぐ隣にある。さて、もし彼らがただ,20180114
76260,8455,今年の最悪野菜：芽キャベツ。これはまた、,20170110
76260,7498,1. 再現性が問題になる可能性がある場合、テストは,20170205
76260,3629,"Conscience is the inner voice that warns us somebody is looking
",20180319
47423,7390,デュシャームの教訓：,20170908
47423,276,反意語：あなたが考えようとしている言葉の反対。,20170710
27747,4464,捨てられる運命にある：重要なのは、常にそれを,20170407
27747,146,波の上に立つ者もまた、サーフィンをする。,20170112
27747,3115,割り、掛け、そして引くだろう。,20170409
82941,8380,左にシフト！右にシフト！,20170129
82941,8491,時々子供っぽくなれないなら、大人である意味はない。,20171121
82941,9621,結果が事前に分かっていない限り、資金提供機関は,20170321
18422,3865,「なぜ私は不安なのか？」（ラテン語）,20170429
18422,6938,しばらくサウスダコタでサーフィンをするな。,20180124
18422,6114,金を持つ者がルールを作る。,20170807
64300,988,ユーザー（名詞）：あなたが言ったことを何でも信じるプログラマー。,20171203
64300,5616,コンピューティングの第43法則：,20170129
64300,9776,今日は大きな嘘をつくな。小さな嘘でも同じくらい効果的だ。,20170831
18265,5605,「結婚（Matrimony）は言葉じゃない、宣告（sentence）だ。」,20170314
50719,4286,-- R・ガイス,20180227
50719,9133,平均的な男性は考えるよりも見ることの方が得意である。,20170129
50719,8078,俗語とは、コートを脱ぎ、手に唾を吐きかけ、,20180418
42850,8341,なし。宇宙が電球を回し、禅師は,20170702
30701,3851,トゥルナウカの法則：,20180228
30701,4287,牛は、我々人間が,20180107
30701,7110,木のように美しい広告看板。,20170810
96484,1783,-- ドン・クイン,20170714
96484,89,1) 「心配するな、俺が何とかする」,20170817
96484,3483,-- クリント・イーストウッド,20170829
39214,7315,しばらくサウスダコタでサーフィンをするな。,20170825
39214,4859,ネーザーの法則：,20170303
39214,1396,チケット。,20170120
98771,1097,-- マーク・トウェイン,20171229
98771,3444,アシッド――化学を通じたより良い生活。,20170929
98771,7504,そしてこの言語が行くところどこでも,20170506
53847,9246,有名な最期の言葉：,20170828
82301,6521,誰を信じる？,20170912
82301,5925,床を磨いたり、その他のエキサイティングなことをするのに最適な日。,20170627
98049,1393,あっちへ行け！邪魔だ！,20170617
98049,4612,そしてそれ以来、ベンゼン（been seen=見られたとの掛詞）になったことはない。,20170821
82244,9177,A: 両方だ。,20171230
75861,1851,ホーングレンの観察：,20180324
25171,3587,そして徹夜した。,20171119
25171,4137,嘘：真実の非常に粗末な代用品だが、発見された唯一のもの。,20180207
25171,9434,現代人とは、類人猿と人間との間の失われた環（ミッシング・リンク）である。,20180207
21688,363,人間は、,20170505
35233,3896,ハチドリは歌の歌詞を決して覚えない。,20170908
35233,1925,コーナー、バーモント州」,20171229
35233,2311,簡単な問題はすべて解決済みだ。,20180421
90740,4723,すべてはトップダウンで構築されるべきだ、最初の時を除いては。,20171230
90740,9306,"        when someone inadvertently opens the darkroom door and all of
",20170106
81360,1143,SQL交響楽団コンサート,20180331
81360,1143,SQL交響楽団コンサート,20170910
81360,1143,SQL交響楽団コンサート,20180312
20647,2049,大学とは、教員が,20180202
20647,3589,"        But the good ones I've seen
",20170104
20647,7416,彼らがあなたのことをどう思っているか心配することで忙しい。,20180329
74695,5323,"Vote anarchist
",20170328
74695,9395,汝、それを再生するなかれ。,20170913
45179,7113,主は、もしそうでなければ、なぜ我々にこれほどの素早い動きを与えられたのか。,20170103
91796,2953,扱う。,20170926
86063,5469,我が国には良い5セント葉巻がたくさんあるが、問題は,20170808
86063,3750,コンピュータは絶対に間違わない。,20170503
35153,2984,医者があなたの症状に名前を付けたからといって、彼が,20170212
95339,6072,"        But this output can be
",20170815
95339,1921,そうだと告げられたとき,20170811
10193,70,文学的なドイツ人が文章に飛び込むときはいつでも、それが最後だ。,20170107
23014,5493,批判するが、もし皆に嫌われたら、あなたも偏執病になるだろう。,20171002
23014,3490,"Kin: An affliction of the blood
",20170706
23014,5323,「アインシュタインをそっとしておけ！」は現状を回復した。,20171122
34621,5255,そして他のエロティックな効果。,20170402
34621,8631,聞くことすべて、あるいは言うことすべてを信じるな。,20170119
19608,3284,予定説は最初から運命づけられていた。,20170822
19608,8790,慰謝料とは、二人が過ちを犯したとき、そのうちの一人が,20180220
19608,9346,「サワークリームのボウルのように？」と他方が尋ねた。「なぜ？」,20171022
94475,1581,相手が綴りを知っていること。,20170818
94475,3151,誰を信じる？,20170729
94475,5011,アシッド――化学を通じたより良い生活。,20170628
39053,3470,力の限り輝いて：,20171108
39053,374,縄は緩む。,20180112
26221,3190,"一目惚れは、""",20171117
26221,5867,今回のログインセッション：$13.99、しかしあなたには$11.88,20170923
26221,8724,勇気を奮い起こせ！他のものは全部台無しにしたんだから。,20171021
96830,3841,このゴミは、非常に高価な機械を通過した後,20171204
60192,6131,死ぬことは非常に退屈で陰気なことだ。そして、君への私のアドバイスは,20170907
60192,4581,真に賢い者は、決してユニコーンと馬跳びをしない。,20170215
62042,1552,本物のプログラマーはPASCAL、BLISS、ADA、その他赤みがかった,20180209
61595,8622,定言命法を打倒せよ！,20170626
61595,1374,ユーカリの木の中で。,20170327
91104,9335,子供は、,20180115
73427,3199,彼を。,20180317
67002,8600,大人：もっと分別があってもよい年齢の者。,20180213
67002,3357,クリンクラーの第二法則：,20170604
58026,9784,その詩は決して韻律に合わなかった。,20170615
58026,8335,「もし知っていたら、私は錠前屋になっていただろう。」,20170202
50399,9346,一度。,20170114
50399,8057,-- マーク・トウェイン,20180117
50399,5735,すべてが可能だが、,20170407
24498,3441,自分の評判を考えなさい。名前を変えて、,20170129
38459,2863,「ダイエット」,20170424
38459,2177,感情的に活発であれ。お気に入りの神経症に迎合せよ。,20171108
55151,7946,"The Universe is laughing behind your back
",20180219
55151,6505,-- ジョン・チアルディ,20180427
53737,5925,「この核軍拡競争を続けるなら、君たちがやることは,20170530
53737,8976,今年は幸運な日を過ごす。,20170726
71946,1127,確実である。そして、それらが確実である限り、それらは現実には言及しない。,20180218
71946,5043,ワッフルにかけたことがある。,20170221
92343,1143,SQL交響楽団コンサート,20180501
92343,1143,SQL交響楽団コンサート,20171212
92343,1143,SQL交響楽団コンサート,20180106
82212,2099,"Time flies like an arrow
",20171026
78272,4063,平均的な男性は考えるよりも見ることの方が得意である。,20171005
78272,8431,-- アルベルト・アインシュタイン,20170201
19660,6127,"I must have slipped a disk -- my pack hurts
",20180111
48875,8187,神は7日で世界を創造したのではない。6日間遊び呆けて,20171215
94340,6656,銃は合法ではない。,20171201
94340,7474,真に賢い者は、決してユニコーンと馬跳びをしない。,20170926
94340,8873,"
",20170530
10095,1659,強い酒には気をつけろ。それは税務署員を撃ちたくさせ、そして,20170607
18094,5963,相手が綴りを知っていること。,20170813
66249,4581,第三法則：絶対零度でしか収支はとんとんにならない。,20170208
66249,2940,政府機関の解決策があなたの問題に合わないとき、あなたは,20170102
73404,2002,ユーザー（名詞）：あなたが言ったことを何でも信じるプログラマー。,20180322
84567,3244,全面核戦争ゲームをプレイしますか？,20180219
84567,1046,さて、GCよ、当面は,20170214
46647,295,リストまたはオブジェクトデッキ。,20170404
46647,9877,デフリース家のジレンマ：,20171029
87440,7420,全く価値がない。,20171130
87440,8859,今夜は料理するな――今日ネズミを餓死させろ！,20180411
87440,2502,政府機関の解決策があなたの問題に合わないとき、あなたは,20171104
31124,924,野心とは、怠けるほどの分別がないことの粗末な言い訳である。,20170104
31124,4583,人を馬鹿と呼ぶな。彼から借りろ。,20170818
31124,8383,低空飛行する蝶に注意。,20180324
62803,1973,早朝にコーヒーを飲むな。昼まで目が覚めてしまうぞ。,20170206
62803,9832,「可能性は三つある。パイオニアの太陽電池パネルが,20170330
89237,3737,-- アンブローズ・ビアス,20170203
89237,9159,歴史は繰り返さない――歴史家が互いに繰り返すだけだ。,20170705
26088,9624,搾取の範囲から自分自身を。,20170927
26088,2918,システム/3！システム/3！,20170620
61381,4286,全面核戦争ゲームをプレイしますか？,20171210
32207,7474,-- ウォルト・ケリー,20171127
13772,6878,系論：,20180116
13772,4239,ガスはひどい匂いがする。,20170209
13772,6184,"
",20170621
11424,6063,他人はあなたに安定を求めるだろう。だから、,20180219
11424,8341,犯罪の兆候：絶叫または助けを求める叫び声。,20170812
58366,4006,「ダイエット」,20171025
38811,1077,キリスト：少なくとも5000年早く生まれすぎた男。,20170121
38811,1654,歴史は繰り返さない――歴史家が互いに繰り返すだけだ。,20171122
38811,6894,「可能性は三つある。パイオニアの太陽電池パネルが,20180405
52019,1667,本物のプログラマーは文書化しない。ドキュメントは、,20170303
91629,3885,再び同じ間違いを犯したときに。,20170627
91629,3999,過去は常にかつてより良く見える。それが心地よいのは、ただ,20171216
91629,3190,自動化？,20180226
29349,4149,「ボンベイの気候は、その住民が生活しなければならないほどのものである」,20180223
29349,8040,ディスク上の100ブロックのゴミ！,20170518
29349,8798,主は、もしそうでなければ、なぜ我々にこれほどの素早い動きを与えられたのか。,20180207
90833,1194,自分の評判を考えなさい。名前を変えて、,20180328
24647,6625,サンフランシスコはかつての姿ではなく、そして決してそうではなかった。,20170706
24647,7416,-- ペギー・ジョイス,20180302
41415,8504,ダイナマイトで空高く吹き飛ばされる神聖な権利の目に見える兆候。,20171027
47470,3770,不幸は仲間を好むが、仲間はそれに応えない。,20180418
47470,8421,そして他のエロティックな効果。,20170424
47470,3670,あなたのプログラムを説明しているときに聞き手がうなずいたら、,20170216
91159,3973,本当に考えさせると、彼らはあなたを嫌うだろう。,20170316
91846,2875,「第三次世界大戦がどのような兵器で戦われるかはわからないが,20170930
91846,2993,チキン・リトルは正しかった。,20170419
91846,232,人生は玉ねぎのようなものだ。一枚一枚皮をむいていくと、,20170331
33225,7351,あなたの同意なしに、誰もあなたを劣っていると感じさせることはできない。,20171224
33225,8059,英語では、すべての単語を動詞化できる。我々の,20170501
49007,8010,"enough cheese
",20170816
49007,2218,書かれたものと、そうでないもののために。,20170124
49007,881,"
",20171215
51512,7028,今日は空飛ぶ円盤に近づかないように。,20180310
37735,7711,異なれ：順応せよ。,20171110
11856,176,人々が私に同意するときはいつも、私は自分が間違っているに違いないと感じる。,20170204
11856,5033,天才には限界があるかもしれないが、愚かさにはそのような,20170523
11856,3776,第一法則：働かずに何も得ることはできない。,20170922
64510,9558,軍法は正義にとって、軍楽が音楽にとってそうであるようなものだ。,20180428
64510,6878,非常に経済的な宇宙へ。,20180414
65937,5015,ミッキーマウスはスピロ・アグニューの腕時計をしている。,20180203
65937,6965,この国に必要なのは、良質な5セントの「何か」だ！,20170626
65937,5412,それは、死んだ方がましだと思う人々のための時間つぶしの本だった。,20170712
51548,2501,答えは42だ。,20170728
51548,764,コンピュータにゴミを入れれば、ゴミしか出てこない。しかし,20170113
51548,2806,-- イディッシュ語のことわざ,20180326
96043,1978,その5年間がいつ始まるかを我々は制御できない。,20180106
85109,4062,-- カール・ツヴァンツィヒ,20180108
85109,8964,-- ヘンリー・キッシンジャー,20171030
82816,6480,機械上で、彼らは「ほんの数回」の30時間で動作するようにパッチを当てることができる。,20171214
82816,6571,太陽は海の上で輝いていた。,20170720
82816,9589,ワッフルにかけたことがある。,20170212
65434,1266,「私たちは気にしない。気にする必要はない。私たちは電話会社だから。」,20171129
65434,1852,よそで。」,20170716
65434,2153,ユーザー（名詞）：あなたが言ったことを何でも信じるプログラマー。,20170910
21284,6136,戴冠式：君主に外見上と,20170903
21284,5162,ツバメがカピストラーノに着陸するのを手伝おう。,20170818
35967,5313,-- F・P・ジョーンズ,20180405
35967,9880,Q: 電球を交換するのに、異性愛者の男性は何人必要か？,20180125
15012,6589,数学の法則が現実に関わる限り、それらは,20170315
15012,8029,-- R・ガイス,20171022
15012,1202,確固たる決断の日だ！！！！！それとも違うか？,20170902
87470,3737,ああ、決して、決して疑うまい,20170609
87470,9828,コーナー、バーモント州」,20170731
87470,4591,丸一日得られない。可能な限り2月は避けよう。,20170405
57250,1782,「新発売」および／または「改良」と表示されたものは、そうではない。その表示は,20171012
27030,6869,-- D・J・ヒックス,20171218
27030,3009,-- オスカー・ワイルド,20171229
20500,2652,他人があなたのことをどう思っているか心配するな。彼らは,20180127
20500,5061,時空間スキップの中で。,20170217
20500,9103,もし持ち込み可の試験を与えられたら、本を忘れるだろう。,20170908
61557,2831,-- ジョージ・サンダースの最期の言葉,20180320
61557,4195,広い心：高邁な精神を平らにした結果。,20170513
61557,2099,今夜はコウモリに餌をやらないで。,20171013
44586,346,そして他のエロティックな効果。,20171015
44586,6589,自由で、オープンで、陽気であれ！楽しめ！事態はこれ以上良くならないから,20170616
44586,126,年：365回の失望の期間。,20180325
45781,5851,A: 3人。1人が電球をねじ込み、2人がそれを邪魔する者たちを追い払う。,20180419
12519,9681,-- ジョン・オハラ,20170903
12519,8620,-- オスカー・ワイルド,20170414
12519,3046,機械室の真ん中に。,20180307
16939,9673,過去は常にかつてより良く見える。それが心地よいのは、ただ,20180412
16939,4520,今日は何か変わったことをしなさい。請求書を払いなさい。,20170131
16939,7660,戴冠式：君主に外見上と,20170719
23178,1751,そうに違いないと我々を安心させてくれる。,20171130
62142,4583,幸せな結婚をする方法は一つしかない。そして私が,20170718
62142,4004,何をしているかわからないときは、きれいにやれ。,20170316
62142,797,コンピュータは絶対に間違わない。,20171219
90433,2274,-- アラン・パーリス,20170714
90433,2735,"Computer programmers do it byte by byte
",20170803
90433,4448,私は酒はやらない。,20180322
74026,1811,感嘆：他人が,20180112
74026,8559,波の上に立つ者もまた、サーフィンをする。,20171129
54693,7338,正直者：口がきけず、読み書きができない。,20180303
54693,8403,-- 『ドクター・フー』より、准将,20180228
23424,9877,人間は、,20170127
23424,1782,「三重アイソ分岐クリプトンゲートMOSプロセス…」,20180225
26219,8576,全面核戦争ゲームをプレイしますか？,20170310
51780,8939,-- マーク・トウェイン,20170405
51780,8426,今年はハンニバル・デーを祝おう。象を昼食に連れて行け。,20170325
59178,709,あなたは犬のような生活を送ってきた。家具から離れていなさい。,20170623
19009,5648,"
",20180112
19009,3187,チキン・リトルは正しかった。,20170417
64906,3322,非常に経済的な宇宙へ。,20180324
64906,8997,時間を無駄にすることは、生きることの重要な一部である。,20180121
59855,5145,ウィル・ロジャースが言ったように、「無料の,20180430
59855,3915,鍋は向こうの端にある。,20170901
26256,134,人々が私に同意するときはいつも、私は自分が間違っているに違いないと感じる。,20170510
26256,5042,機能する。,20170924
10039,8491,彼らは通常、処女を,20180325
30452,9558,ウィル・ロジャースが言ったように、「無料の,20170506
30452,4781,電気技術者はより少ない抵抗でやる。,20180203
49525,1581,問題を十分注意深く見れば、,20180330
49525,6377,それ。,20180115
49525,1670,"        If an idea can survive a bureaucratic review and be implemented
",20180415
79995,7257,自己中心主義とは、親切な自然が痛みを和らげるために与える麻酔である。,20170802
79995,765,世界は終わる！悔い改め、図書館の本を返しなさい！,20170321
35231,1077,"        If an idea can survive a bureaucratic review and be implemented
",20170209
35231,9828,平均的な女性は、頭脳よりも美貌を望む。なぜなら、,20170301
35231,6571,爆弾を禁止せよ。通常戦争のために世界を救え。,20170420
60073,9388,1981年、滑降スキーに最悪の月：1月。行列は,20171105
25621,4414,波の上に立つ者もまた、サーフィンをする。,20170223
25621,1519,このゴミは、非常に高価な機械を通過した後,20180322
25621,5777,床を磨いたり、その他のエキサイティングなことをするのに最適な日。,20170319
32503,1266,死ぬことは非常に退屈で陰気なことだ。そして、君への私のアドバイスは,20171106
57049,7236,経験を共有しようとするカリフォルニア人。,20170629
57049,4004,"Who lived on distilled kerosene
",20170328
57032,2735,酸はあなたを汚す。,20170527
35891,574,コンサルタントとは、会社に数字を尋ね、そして,20170116
35891,8666,書かれたものと、そうでないもののために。,20170616
14393,7927,そして徹夜した。,20170316
88741,1600,勇気を奮い起こせ！他のものは全部台無しにしたんだから。,20170223
88741,7737,今、私はそれを守っている。,20170724
88741,3570,問題を十分注意深く見れば、,20170108
74957,8976,重役。,20170307
87608,2886,理性の命令に従って行動するように。,20180414
97540,7333,とんでもない馬鹿であることの。,20180416
97540,9289,そしてサン・ミョン・ムーン（文鮮明）！,20170605
97540,4195,-- ドロシー・パーカー,20180428
96775,8172,経験とは、あなたが認識することを可能にする素晴らしいものである。,20170526
96775,3490,何かが起こる確率が百万分の一なら、,20170322
96775,3896,あなたは賢く、機知に富み、素晴らしいが、あまりに多くの時間を,20170808
58255,5539,蒸気配管工のピクニックで。,20170307
58255,4520,それは宇宙を一つにまとめている…,20170309
58255,9570,もし時がすべての傷を癒すなら、なぜへそは変わらないのか？,20180328
89814,7416,彼に起こるありふれたこと。,20170715
47874,9159,"
",20170818
47874,4930,英語では、すべての単語を動詞化できる。我々の,20170930
47874,8569,政治家がつまらない人物であればあるほど、彼は,20171016
50674,7245,-- サルヴァー・ハーディン,20171230
50674,4286,-- W・C・フィールズ,20170414
50674,674,めったにきれいではなく,20170619
79692,1360,ユニコーンを救えないなら、魔法に何の意味がある？,20170621
96854,6515,すべてのバグには7つの兆候があった。,20170928
91081,3444,応用テロの第四法則：,20170314
47522,6521,とは全く関係がない。,20170511
47522,2264,パタパタ、ばたばた、ぱたん,20180328
97479,8773,勇気を奮い起こせ！他のものは全部台無しにしたんだから。,20180307
97479,2888,後からよりも。,20180103
97479,8367,あなたは大きな音に驚くだろう。,20170729
36959,1623,本物のプログラマーはFORTRANでは書かない。FORTRANは配管応力マニアや,20170907
36959,1046,マーフィーの法則が間違っている可能性があるなら、それは間違っているだろう。,20171226
36959,6579,ワッフルにかけたことがある。,20180113
99888,2595,そしてそれ以来、ベンゼン（been seen=見られたとの掛詞）になったことはない。,20170702
99888,690,芸術的な冒険が注目される。美術館を襲え。,20170801
30016,3869,-- オスカー・ワイルド,20180225
30016,8790,コンピュータプログラミングの法則：,20180331
30016,9395,今年は幸運な日を過ごす。,20171221
35696,845,コンピュータのせいにされるすべてのエラーの根源には、,20170922
35696,1381,人間はアルコールを発明した。,20170601
35696,3865,デフリース家のジレンマ：,20170427
65002,11,プログラミングについての考え方に影響を与えない言語は,20170319
65002,4915,彼らがそうあるべきであると。ゆえに、スキタイ人の間では、,20170815
65002,1193,"一目惚れは、""",20170910
28403,1673,「ラクダが針の穴を通るのは、それが,20180223
28403,2183,客1：「紅茶をください」,20170108
28403,2506,"The Universe is laughing behind your back
",20170420
73669,8207,全くプログラムを手に入れられず、手に入れたものを受け入れる。,20170416
73669,8729,私は酒はやらない。,20170810
73669,3318,想像力は、現実との戦いにおける唯一の武器である。,20170923
10187,4239,ガスはひどい匂いがする。,20170522
10187,4699,リメリックは複雑な芸術形式,20170629
10187,6072,キリスト：少なくとも5000年早く生まれすぎた男。,20170520
87726,315,感嘆：他人が,20180308
87726,7780,大統領や王から地の果てのクズまで…,20170512
96936,5784,電気コード。,20170102
96936,5659,本物のプログラマーは仕様書を書かない――ユーザーは,20171017
88897,4804,事実への些細な投資から、推測という見返りを。,20170407
88897,9130,は一時的に中止されます。,20170409
88897,5922,その間にタバコ。,20171110
80976,3037,「カルビン・クーリッジはプリマスから出た最も偉大な人物だった,20170914
80976,3737,-- バート・ウィットニー,20170903
14565,6986,長い目で見れば、すべてのプログラムはロココ調になり、そして瓦礫となる。,20170721
14565,7820,ユーザー（名詞）：あなたが言ったことを何でも信じるプログラマー。,20171201
52029,5616,自由で、オープンで、陽気であれ！楽しめ！事態はこれ以上良くならないから,20170912
44328,7364,それは続かなかった。悪魔が「ホー！」と叫び,20170728
15008,2834,軍法は正義にとって、軍楽が音楽にとってそうであるようなものだ。,20170214
15008,4485,-- ビル・ホースト,20170913
15008,6184,決して立ち止まって電話に出る必要がない。,20171102
88392,6022,男たちは黙ってお茶をすすっていた。しばらくして、不器用な男が,20170711
91884,9395,もし入力が正確でなかったら。,20170927
91884,104,逆もまた然り。,20170614
85062,2075,"If I traveled to the end of the rainbow
",20170227
85062,4069,Q: 電球を交換するのに、異性愛者の男性は何人必要か？,20180105
30862,2044,あなたは大きな音に驚くだろう。,20180311
30862,6589,腐敗した：政治において、信任または利益のある職に就くこと。,20171104
72786,7792,彼らは通常、処女を,20180104
72786,2207,私は聴衆に、彼らがなしうる最善のことは,20171008
74558,6015,酵素とは、生物学者が発明したものであり、,20170718
74558,6004,道徳的にハンディキャップのある人を雇いなさい。,20170908
74558,3901,腐敗した少数による、無能な多数の任命。,20170203
89446,7459,-- ベラミー・ブルックス,20180407
47256,8367,予定説は最初から運命づけられていた。,20170417
47256,3463,"It's because I try to put every possible syllable into that last line
",20170621
47256,551,-- マーク・トウェイン,20170126
71208,3851,脳は素晴らしい器官だ。あなたが起きた瞬間に働き始め,20171031
71208,2888,-- ジョン・オハラ,20180118
30949,3123,強い酒には気をつけろ。それは税務署員を撃ちたくさせ、そして,20180101
28007,6156,真に賢い者は、決してユニコーンと馬跳びをしない。,20170719
28007,7894,あなたが偏執病だからといって、彼らがあなたを狙っていないとは限らない。,20180319
28007,8131,プログラマーが英語で書けないことを見つけるだろう。,20170410
24145,8010,おとぎ話：子供たちを新聞に備えさせるためのホラーストーリー。,20171004
24145,212,ウェイター：「紅茶二つ。きれいなグラスを頼んだのはどちら様ですか？」,20171229
24145,4884,"        Anything that can go wr
",20180425
48351,4351,一度。,20170809
48351,9289,多数派の側にいることに気づいたときはいつでも、,20170220
92522,4892,もう一方には責任が。,20170316
92522,2633,コンピュータがクラッシュする。,20171107
92522,3037,汝、それを再生するなかれ。,20170226
77207,418,-- ウディ・アレン,20170731
77207,8363,-- ベラミー・ブルックス,20180224
77207,2075,機械上で、彼らは「ほんの数回」の30時間で動作するようにパッチを当てることができる。,20171105
81049,5344,「第三次世界大戦がどのような兵器で戦われるかはわからないが,20170912
81049,2735,予報官たち、そして超過預言者税を決定した。,20170603
80539,9289,解決策ではなく、問題を修正する。,20171005
35503,4059,それがいかに走るか見よ！それがいかに走るか見よ！,20180104
24645,9053,汝、それを再生するなかれ。,20170918
40825,284,-- アラン・パーリス,20171209
51856,4915,今夜は家族のことを考えなさい。,20170710
51856,2071,もしそうなら、そうなるだろう。しかし、そうではないから、そうではない。それが論理だ！,20171128
44719,3900,"There was a young lady from Hyde
",20171025
44719,9388,思春期：思春期と不倫の間の段階。,20171114
44719,7995,軽く油を塗った。」,20171029
33971,1288,理性の命令に従って行動するように。,20170503
33971,143,物事は今よりも昔のようになっている。,20171029
33971,7523,本物のプログラマーはFORTRANでは書かない。FORTRANは配管応力マニアや,20170407
61235,3984,言った、「人生はサワークリームのボウルのようなものだ。」,20180403
61235,9335,責任は常に権限を上回る。,20170119
35499,1830,朝。,20170709
35050,9917,アメリカを美しく保とう。ビール缶を飲み込め。,20170325
35050,8727,彼らの話題は主にセックスに及ぶ。,20180227
35050,4351,川は湿っている。,20170127
94387,551,-- エルバート・ハバード,20171114
10488,8785,本物のプログラマーはコードにコメントをしない。書くのが難しかったのなら、,20170213
10488,8778,キリスト：少なくとも5000年早く生まれすぎた男。,20170310
10488,6059,しかし、我々は熱意のあまり、,20170921
60905,9167,「それは素晴らしいに違いない！私には全く理解できない。」,20171002
60905,8932,ポップアップ、プッシュダウン、バイト、バイト、バイト！,20171201
60905,4982,Q: 電球を交換するのに、オレゴン州民は何人必要か？,20170109
15465,174,そうだと告げられたとき,20170522
15465,916,何もない。,20171102
15465,4246,"Brain fried -- Core dumped
",20170311
73250,4476,物事は今よりも昔のようになっている。,20180315
73250,517,タバコ：一端に火、もう一端に愚か者、そして,20180428
55382,2886,彼に起こるありふれたこと。,20170303
55382,1066,献身的な追随者の不足により、偉大な指導者の生産は,20180430
62976,1288,それが何であれ、私は再び結婚するだろう。,20170128
62976,7535,-- ウディ・アレン,20180203
62976,146,メニュー：レストランがちょうど品切れにした料理のリスト。,20171018
41387,9053,"        While her lover lamented
",20180220
41387,7333,候補者とは、金持ちから金をもらい、,20180301
36435,4352,"WHERE CAN THE MATTER BE
",20170628
36435,8569,電気コード。,20171231
87577,9589,そしてそれ以来、ベンゼン（been seen=見られたとの掛詞）になったことはない。,20170923
87577,9599,今夜がその夜だ：ユーカリの木で眠れ。,20170619
87577,9159,本物のプログラマーはPASCAL、BLISS、ADA、その他赤みがかった,20171005
78672,515,予報官たち、そして超過預言者税を決定した。,20180403
78672,6236,客1：「紅茶をください」,20170706
45254,1973,民主主義とは、国が一流の経営の下で何ができるか疑問に思うことが許される統治形態である。,20171011
45254,6815,ディスク上に101ブロックのゴミ！…,20171013
12565,4491,多数派：犯罪と法律を区別する性質。,20180406
48437,6072,彼らに良いマナーを教える努力。,20180408
78438,4143,起こる。,20170625
78438,2581,「どうして知るものか？私は何だ、哲学者か？」,20170418
64019,3284,価格が上がった。「すべて新品」「完全新品」あるいは「素晴らしい新品」というラベルは,20171222
64019,924,あなたのプログラムを説明しているときに聞き手がうなずいたら、,20180201
64019,6656,1分がどれだけ長いかは、トイレのドアのどちら側にいるかによる。,20180124
23859,9185,"We wish you a Hare Krishna
",20170524
23859,5255,明日！,20170921
23859,1404,"He did his very best to make
",20170713
61446,746,働くために。,20170503
61446,8716,コンピュータの集中力は、その,20170606
92633,4702,この種のゴミ。,20170313
30263,2679,もし神が完全なら、なぜ不連続関数を創造されたのか？,20170821
30263,4352,しかし、それは素人にとってあらゆる物事に関する最高の本だからだ。,20171124
30263,9159,例。,20171215
20711,2189,幸運の女神が意図したように,20170110
20711,3357,さもなければ、より難しい思考を必要とする。,20170917
20711,2501,今夜は家族のことを考えなさい。,20180130
28073,4731,理解するのが難しいだろう。,20171209
48655,3266,は中止された。,20170518
24431,3779,「カルビン・クーリッジはプリマスから出た最も偉大な人物だった,20170923
24431,7773,名誉ある：手の届く範囲に障害があること。立法府では,20180412
24431,1104,パタパタ、ばたばた、ぱたん,20170429
94592,7351,"Today is the tomorrow you worried about yesterday
",20171001
92666,2272,デュシャームの公理：,20180108
92666,9434,有り余るエネルギーを発散させるには良い日だ。何か重いものを盗め。,20170827
92666,2792,一番大声で鳴く鶏が、最も,20170401
65817,5999,蒸気配管工のピクニックで。,20170128
65817,8864,太陽から。大きな隕石が通信を妨げているか、あるいは誰かが,20171110
65817,3357,-- オスカー・ワイルド,20170407
78057,797,人々はお一人様一点限りのものなら何でも買う。,20170918
71296,124,リメリックは複雑な芸術形式,20170818
67407,9669,-- ラザルス・ロング,20170618
67407,1675,-- オスカー・ワイルド,20170918
37341,5201,民主主義とは、国が一流の経営の下で何ができるか疑問に思うことが許される統治形態である。,20170301
37341,6184,男たちは黙ってお茶をすすっていた。しばらくして、不器用な男が,20170703
37341,4930,記者（マハトマ・ガンジーへ）：ガンジーさん、,20171122
10027,6129,午前中は新しいプロジェクトに青信号。午後は交通に赤信号。,20180112
88142,7219,素人のためのプログラミングに関する最高の本は『不思議の国のアリス』だ。,20180125
88142,2189,あなたは尾行されている。数日間はいかがわしい行為をやめなさい。,20171111
88142,5030,カリフォルニアは住むには良い場所だ――もしあなたがオレンジなら。,20180416
95062,7333,イギリス史の中間試験の前夜、あなたの生物学の,20170610
56570,7271,「ボンベイの気候は、その住民が生活しなければならないほどのものである」,20170308
56570,3204,おそらく、広告看板が落ちてこない限りは,20180331
31134,4464,神は言われた。「ニュートンあれ」と。するとすべてが光であった。,20170216
31134,5605,めったにきれいではなく,20180422
31134,3869,第一法則：働かずに何も得ることはできない。,20170726
73045,9162,そして雨が降り出した途端にそれを返して欲しがる。,20170902
73045,6015,扱いやすい：あなたは間違った問題を解決した。,20170130
73045,2177,決して美徳の道に迷い込むな。,20170829
35498,4699,もしそうなら、そうなるだろう。しかし、そうではないから、そうではない。それが論理だ！,20170614
93734,17,「サイを盗むことは軽々しく試みるべきではない。」,20171201
22163,690,コンピューティングの第43法則：,20170609
53784,8335,新しい町。,20170908
46291,1097,何もない。,20170411
46291,7637,理性の命令に従って行動するように。,20170514
85917,6059,朝。,20170617
85917,146,シャボン玉？,20170730
24938,1921,生きている方がましだ。,20170330
97366,5043,今、私はそれを守っている。,20171202
18522,9712,人々はお一人様一点限りのものなら何でも買う。,20171001
18522,3137,波は滑らかで輝いている――,20180206
48507,1999,別のものの。,20180316
48507,5015,"        The mouse dissolved
",20170106
18642,4884,感情的に活発であれ。お気に入りの神経症に迎合せよ。,20170731
51869,3595,"I really hate this damned machine
",20171221
51869,6503,新しい議員たちは政府を立て直すと言っている。私は,20171111
83779,1667,-- G・B・ショー,20171008
83779,1066,"Time flies like an arrow
",20170425
83779,1600,私は7つのハックを持つQuuxに出会った。,20180210
16129,4702,社会遺伝学の根本原理：,20170111
16129,2953,大人：もっと分別があってもよい年齢の者。,20170428
16129,1288,メビウスの輪の上のネズミ,20180208
84132,1004,登山靴を職場に。万一、,20180301
84132,5478,他人はあなたに安定を求めるだろう。だから、,20180404
83789,2241,「サワークリームのボウルのように？」と他方が尋ねた。「なぜ？」,20170630
83789,4354,コンピュータがクラッシュする。,20180113
83789,4951,軍法は正義にとって、軍楽が音楽にとってそうであるようなものだ。,20171101
48659,719,爆弾を禁止せよ。通常戦争のために世界を救え。,20170120
48659,9267,第四次世界大戦は棒と石で戦われるだろう。」,20180206
89802,1144,"
",20170302
89802,6077,本物のプログラマーは文書化しない。ドキュメントは、,20170514
85856,9738,献身的な追随者の不足により、偉大な指導者の生産は,20170315
85856,2433,時空間スキップの中で。,20170323
41880,6669,-- W・C・フィールズ,20180421
41880,1520,今日は象の唇にキスをするな。,20170209
40840,5922,定言命法を打倒せよ！,20180122
84015,6659,あなたの同意なしに、誰もあなたを劣っていると感じさせることはできない。,20170827
82718,2863,人生をやり直せるかもしれない――もし最初の,20171207
82718,4318,-- G・B・ショー,20170228
50336,2958,-- アルベルト・アインシュタイン,20171217
50336,295,爆弾。,20170529
50336,3878,真に賢い者は、決してユニコーンと馬跳びをしない。,20180202
38760,1623,子供は、,20180204
38760,8541,人生。,20170911
52042,3007,クリンクラーの第一法則：,20180411
72340,1143,SQL交響楽団コンサート,20170328
72340,1143,SQL交響楽団コンサート,20170607
72340,1143,SQL交響楽団コンサート,20180312
72340,1143,SQL交響楽団コンサート,20170510
88627,8902,グループのIQは、グループのメンバーの最低IQを,20170723
60780,5858,天才には限界があるかもしれないが、愚かさにはそのような,20170528
26246,7523,カミソリは痛い。,20170704
26246,4987,「ボンベイの気候は、その住民が生活しなければならないほどのものである」,20170112
26246,816,価格が上がった。「すべて新品」「完全新品」あるいは「素晴らしい新品」というラベルは,20180227
64506,8883,人生はヨーヨーで、人類はその糸に結び目を作る。,20170317
64506,89,太陽から。大きな隕石が通信を妨げているか、あるいは誰かが,20180211
75422,4818,"        The apple fermented
",20171006
53220,1106,デバッグセッション。,20180131
53220,506,-- フィンリー・ピーター・ダン（ミスター・ドゥーリー）,20180318
49393,9414,生きている方がましだ。,20170517
86001,5753,無政府状態は最良の統治形態ではないかもしれないが、,20170410
86001,6702,事実への些細な投資から、推測という見返りを。,20170704
77378,7937,「要するに、_Nがリシャール的であるのは、_Nがリシャール的でない場合に限る。」,20171002
77378,7474,何もない。,20170112
77378,9626,-- ウディ・アレン,20180301
15580,7386,「私たちは気にしない。気にする必要はない。私たちは電話会社だから。」,20170607
15580,2365,彼らがあなたのことをどう思っているか心配することで忙しい。,20171111
72811,6447,暇な時間に現金を稼ごう――友達を脅迫せよ。,20170621
72811,1649,スープが治せないのは、母親への神経症的な依存である。,20170328
72811,2506,皮肉屋：色眼鏡を通して物事を偏見の目で見る者。,20171010
65316,8949,やるべきことを先延ばしにするのに、今ほど良い時はない。,20170606
65316,3,人々。,20170523
11495,1229,力の限り輝いて：,20170423
11495,2789,-- W・サマセット・モーム,20180310
96987,4591,-- アドレー・スティーブンソン,20171023
96987,4554,その詩は決して韻律に合わなかった。,20170724
96987,3415,-- ジョン・オハラ,20171005
65344,2035,離婚から抜け出す。,20170811
65344,4520,ダンという名の若い詩人がいた,20180324
65344,3244,誰もが彫刻を教わることができる。ミケランジェロは,20170601
26687,5972,素人のためのプログラミングに関する最高の本は『不思議の国のアリス』だ。,20170628
26687,5648,正しいプログラムを理解するより、間違ったプログラムを書く方が簡単だ。,20170618
24332,9150,感情的に活発であれ。お気に入りの神経症に迎合せよ。,20170920
24332,3779,野心とは、怠けるほどの分別がないことの粗末な言い訳である。,20170317
46022,8538,本物のプログラマーはCOBOLでは書かない。COBOLは弱々しいアプリケーションのためのものだ。,20171217
54842,341,-- 合併形成外科医・工具製造社,20171019
54842,9159,生きる。,20170728
54842,2195,コンピュータが人間より多くの仕事をこなせる一つの良い理由は、彼らが,20180402
23042,5091,彼があなたに言うこと。,20180125
23042,9673,愚かさ。,20171129
62414,2475,コンウェイの法則：,20170522
62414,9791,朝。,20180304
83823,149,人を馬鹿と呼ぶな。彼から借りろ。,20170423
83823,8010,大人：もっと分別があってもよい年齢の者。,20180104
83823,3077,年：365回の失望の期間。,20180326
90333,3322,貧しい人々が、橋の下で眠り、路上で物乞いをし、,20170925
49742,3470,法は、その荘厳な平等において、富める者にも,20170116
49742,2075,"There's no future in time travel
",20170220
49742,4719,ハンディキャップのある。,20180326
78152,8315,驚くほど大きいかということだ。つまり、あなたは,20170917
78152,6625,ハンディキャップのある。,20170422
32523,9583,ディスク上の99ブロックのゴミ,20180320
23291,7684,-- 『銀河ヒッチハイク・ガイド』,20180319
23291,8403,教授とは、誰かの睡眠中に話す人のことである。,20170804
23291,8249,それは完全な損失だった。,20170623
87760,3441,「ボンベイの気候は、その住民が生活しなければならないほどのものである」,20170121
32401,8012,未来はまだら模様。夕方遅くにスープをこぼすだろう。,20170208
90342,2652,どういうわけか高貴なものとされ、誰もそれを批判しようとしない。,20180104
90342,1288,爆弾を禁止せよ。通常戦争のために世界を救え。,20170815
90342,6517,コンピュータプログラミングの法則：,20170325
84815,3376,-- クラレンス・ダロウ,20180323
30877,3053,探すのをやめなさい。幸福はあなたのすぐ隣にある。,20180129
30877,551,今年は幸運な日を過ごす。,20170411
55678,7888,暇な時間に現金を稼ごう――友達を脅迫せよ。,20180427
84675,9167,なし。「マニュアルに文書化しておく。」,20171017
36739,7460,闇が漏れ出す。,20170224
15822,4534,太陽は海の上で輝いていた。,20171228
15822,1404,結晶学のオタクたち。,20180202
93243,5157,過去は常にかつてより良く見える。それが心地よいのは、ただ,20180410
35273,2049,クリーブランドはまだ生きている。神は死んだに違いない。,20170909
35273,4987,その絵を説明する。1万語のセットで適切に,20180109
35273,2206,その構文はJOSSより悪い。,20170629
23396,8633,批判するが、もし皆に嫌われたら、あなたも偏執病になるだろう。,20170821
23396,7297,その講師のコースのために勉強することを除いて。,20170803
37616,7333,時間とは、すべてが同時に起こらないようにするための自然の方法である。,20180215
37616,4112,コーナー、バーモント州」,20170827
33417,8207,探すのをやめなさい。幸福はあなたのすぐ隣にある。さて、もし彼らがただ,20180127
33417,5469,すべてのバグには7つの兆候があった。,20170205
33417,5519,体の方が良い。,20171012
36184,4941,来週危機が起こるはずがない。私のスケジュールはすでにいっぱいだ。,20171009
36184,2207,この種のゴミ。,20170210
83440,7711,-- 愚者の辞書,20171102
83440,4576,"We wish you a Hare Krishna
",20170725
83440,2986,「それは素晴らしいに違いない！私には全く理解できない。」,20171016
41248,765,人間は赤面する唯一の動物である――あるいは、そうする必要がある唯一の動物である。,20171221
41248,1056,今日は何か変わったことをしなさい。請求書を払いなさい。,20171207
43142,4062,彼らは通常、処女を,20170507
44345,2875,やるべきことを先延ばしにするのに、今ほど良い時はない。,20170716
44345,5195,LSDは、その重さの47倍の過剰な現実を消費する。,20170112
82903,9877,"...And malt does more than Milton can
",20171001
90313,8883,赤ん坊とは、一端に大きな声、もう一端に,20180103
90313,7523,天才には限界があるかもしれないが、愚かさにはそのような,20171007
90313,6571,勇気を奮い起こせ！他のものは全部台無しにしたんだから。,20170513
10122,8784,"
",20170620
10122,8798,-- グルーチョ・マルクス,20171028
10122,8657,父親は幼い息子に尋ねた。,20170705
97789,5561,人を馬鹿と呼ぶな。彼から借りろ。,20180116
97789,3581,キッシュと綴る。彼らはトゥインキーや四川料理を食べる。,20171209
97789,4965,今日は大きな嘘をつくな。小さな嘘でも同じくらい効果的だ。,20170403
19554,3483,機械室の真ん中に。,20171116
19554,9016,キッシュと綴る。彼らはトゥインキーや四川料理を食べる。,20171228
19554,1295,"Computer programmers do it byte by byte
",20171109
33731,3998,人々に考えさせていると思わせれば、彼らはあなたを愛するだろう。しかし、もしあなたが,20170919
33731,1056,知る価値がない。,20171202
56193,7820,-- リリー・トムリン,20171227
35300,8025,新しい町。,20170210
88153,2195,サラダにとってのニンニクが、芸術にとっての狂気である。,20170625
88153,5867,今月は忘れられない月になるだろう――どんなに忘れようとしても。,20170401
88153,3016,"to justify God's ways to man
",20171209
15943,3851,彼らは私を偏執病に見せようとしているだけだ！,20170603
15943,2875,朝に、そして学校に着くまで止まらない。,20170925
88996,2558,明日！,20171007
88996,7257,我が国には良い5セント葉巻がたくさんあるが、問題は,20171025
62744,7259,グループのIQは、グループのメンバーの最低IQを,20170526
62744,1659,"WHERE CAN THE MATTER BE
",20171107
62744,865,ああ、決して、決して疑うまい,20170628
81068,6114,独身者とは、ある女性を,20170203
77659,6869,コンピュータにゴミを入れれば、ゴミしか出てこない。しかし,20170221
97805,8418,上司がそれを読んでいる。,20171127
78400,8902,何もない。,20170101
78400,4884,終わる。,20170405
90422,8061,変化。,20170723
90422,6884,第一法則：働かずに何も得ることはできない。,20180112
29202,3865,この種のゴミ。,20170919
29202,622,書くこと。,20180101
29202,8642,モリソンの官僚主義仮説：,20170721
63338,6341,今夜がその夜だ：ユーカリの木で眠れ。,20170606
63338,2404,大学とは、教員が,20180227
63338,6969,時間だ！」,20170605
11618,6753,経験とは、あなたが認識することを可能にする素晴らしいものである。,20170921
11618,18,すべてはトップダウンで構築されるべきだ、最初の時を除いては。,20180125
11618,8612,"BLISS is ignorance
",20170909
96487,3581,「率直に申し上げましょう、ムッシュ。あなたを,20170607
96487,3114,無政府状態は最良の統治形態ではないかもしれないが、,20180405
96487,5383,そしてこれはとても奇妙だった、なぜならそれは,20170807
98941,9395,結果が事前に分かっていない限り、資金提供機関は,20180501
98941,8114,酸はあなたを汚す。,20171112
76313,3123,"There's no future in time travel
",20170603
76313,1028,客1：「紅茶をください」,20170330
66000,5748,自己中心主義とは、親切な自然が痛みを和らげるために与える麻酔である。,20170929
66000,6229,プログラマーが英語で書けるようにすれば、,20170725
13296,1143,SQL交響楽団コンサート,20170529
13296,1143,SQL交響楽団コンサート,20171111
13296,1143,SQL交響楽団コンサート,20171120
47500,70,長い目で見れば、すべてのプログラムはロココ調になり、そして瓦礫となる。,20171028
47500,2526,脳は素晴らしい器官だ。あなたが起きた瞬間に働き始め,20170711
47500,5282,教授とは、誰かの睡眠中に話す人のことである。,20171022
95046,4951,腐敗した：政治において、信任または利益のある職に就くこと。,20170717
95046,2924,非公式なものから公式なものへ、公式な手段で進むことはできない。,20170306
95046,1155,最悪な一日を過ごすには最高の日だ。,20170127
10455,2092,大学とは、教員が,20170705
10455,8131,野心とは、怠けるほどの分別がないことの粗末な言い訳である。,20180429
50934,9876,第三法則：絶対零度でしか収支はとんとんにならない。,20171117
50934,764,電球を交換するのに、ソフトウェアエンジニアは何人必要か？,20170111
29537,719,"不在者：収入があり、""",20170402
29537,106,タイプライターで2つのキーを打つと、望まない方が,20171120
72865,1599,運転免許を失うのは、神が「ブーガ、ブーガ！」と言うための一つの方法に過ぎない。,20171011
69193,9773,-- フレッド・アレン,20170703
69193,7994,神は練習のために愚か者を作り、そして教育委員会を作った。,20170420
41419,5104,真に賢い者は、決してユニコーンと馬跳びをしない。,20170307
41419,690,-- オスカー・ワイルド,20170606
41419,610,弾丸に免疫がある」,20180225
75320,6884,我々のお気に入りの独占企業によって作られた！,20170907
75320,7773,今日まで。,20170125
75320,1290,酸はあなたを汚す。,20170401
68360,5135,コンピュータプログラミングの法則：,20171013
68360,2035,本物のプログラマーはFORTRANでは書かない。FORTRANは配管応力マニアや,20180424
66523,174,午後はロマンスに非常に好都合。一人の人を,20171013
66523,1994,有り余るエネルギーを発散させるには良い日だ。何か重いものを盗め。,20171029
62696,7894,強い酒には気をつけろ。それは税務署員を撃ちたくさせ、そして,20171108
62696,9917,それは完全な損失だった。,20180501
62696,7420,後からよりも。,20180112
10980,8522,「三重アイソ分岐クリプトンゲートMOSプロセス…」,20180209
10980,2714,本ではなく、スープを濃縮せよ！,20170821
33501,7107,しかし、我々は熱意のあまり、,20170605
77884,3,多数派の側にいることに気づいたときはいつでも、,20170131
77884,5061,科学には何か魅力的なものがある。人はそのような卸売りの,20171010
77884,1567,明日は興味が持たれないため中止となります。,20171130
25546,43,想像力は、現実との戦いにおける唯一の武器である。,20170127
25317,506,もし誰かが、私がいつか教皇になると言っていたら、私は,20170127
92305,6154,逆もまた然り。,20170521
92305,6869,シルバーマンの法則：,20170302
92305,5512,エキサイティングなデラウェア、ニュージャージー。（バリー・フレッチャーの故郷！）,20180212
78346,3841,-- ジョン・マクナルティ,20180221
78346,2152,使いやすく、動作し、もし壊れたら、彼らはすぐに,20180219
78346,4310,もう一方には責任が。,20170815
22757,4652,ジョージ・オーウェルは楽観主義者だった。,20171016
42765,2264,ゴイムを創造したのか？」一般的に受け入れられている答えは、「誰かが,20170613
42765,8773,神は草を発明した。,20170407
78662,7258,症状、兆候、バグ、そしてハック。,20180130
78662,4246,ダクトテープはフォースのようなものだ。光の側面と闇の側面があり、,20171230
53032,1973,今夜は半月。（少なくとも、月がないよりはましだ。）,20170716
53032,104,グループの人数によって。,20171114
51591,6292,年間最悪の月：2月。2月は28日しかなく,20170319
46760,3213,確率は50対50だ。,20170227
46760,1894,銀行家とは、太陽が輝いているときに傘を貸してくれ,20170917
46760,5255,覚えておけ、たとえ出世競争に勝ったとしても――お前はまだネズミだ。,20171130
96540,3351,A: 両方だ。,20170918
96540,7990,"We wish you a Hare Krishna
",20170429
83952,6914,幸福：他人の不幸を熟考することから生じる心地よい感覚。,20170717
83952,2403,今夜は家族のことを考えなさい。,20170713
83952,1302,朝に、そして学校に着くまで止まらない。,20171102
21756,5914,"
",20180419
21756,9007,本物のプログラマーはFORTRANでは書かない。FORTRANは配管応力マニアや,20180423
47210,8548,「サイを盗むことは軽々しく試みるべきではない。」,20170804
47210,7894,神のみが無作為な選択をすることができる。,20170209
47210,6845,機械室の真ん中に。,20171223
19522,8187,主は、もしそうでなければ、なぜ我々にこれほどの素早い動きを与えられたのか。,20170915
19522,8778,脳（動詞）：[「脳する」のように]  bluntly に、しかし pointedly ではなく叱責すること。,20170901
41564,6377,死：突然罪を犯すのをやめること。,20171225
41564,8976,モグラの問題かい？,20170901
41564,9267,失敗への対処は簡単だ。改善するために努力する。成功もまた,20170712
41156,6210,最悪な一日を過ごすには最高の日だ。,20170616
91794,5195,-- グルーチョ・マルクス,20170318
91794,1625,それはかつて私を指していた。,20170317
71173,6884,大酒を飲むには最高の日。オフィスのウォータークーラーに酒を入れろ。,20170515
71173,9906,なし。「ソフトウェアで修正する。」,20180303
62387,9133,相手のエラーの原因を取り除くこと。,20171117
62387,5784,-- ラ・ロシュフコー,20170527
62387,6595,誰でも扱えるように作ることはできるが、,20170918
17974,4913,"Vote anarchist
",20171218
17974,4414,覚えておけ、UNIXを逆から綴るとXINUになる。,20180411
17974,6185,コンピュータ科学の言語。強い型付けは記憶力の弱い人々のためのものだ。,20170502
65385,1302,ノスタルジアは、もはや昔のものではない。,20170402
65385,622,団体では、すべてのメンバーを名誉あるものとして言及するのが通例である。例えば、「,20180413
47718,129,自分の評判を考えなさい。名前を変えて、,20170901
30999,6463,系論：,20180207
28595,2831,本物のプログラマーはFORTRANでは書かない。FORTRANは配管応力マニアや,20170619
28595,2264,経験を共有しようとするカリフォルニア人。,20170128
28595,8109,短い針が…にある。,20170404
46332,1859,パリティがわずかに失われている。,20170211
46332,9137,酸はあなたを汚す。,20170113
33034,7460,脳は素晴らしい器官だ。あなたが起きた瞬間に働き始め,20180422
33034,4719,エネルギーを節約せよ：無関心であれ。,20170403
10628,7460,明日は興味が持たれないため中止となります。,20170316
70672,5843,-- ソーパー上院議員,20170918
70672,8383,シルバーマンの法則：,20170221
14468,5999,真夜中。,20170304
14468,8132,-- ウディ・アレン,20171201
31666,816,自然な傾向に屈せよ。憎らしく、退屈であれ。,20180302
31666,8729,"...And malt does more than Milton can
",20170130
31666,3444,"There's no future in time travel
",20170526
64469,7338,老兵は死なず。若者は死ぬ。,20180328
15557,7424,分子生物学者はデザイナー遺伝子（デザイナーズジーンズとの掛詞）を身に着けるのか？,20171210
15557,4941,「ここ電話会社では、あらゆる種類の人々にサービスを提供しています。,20170220
33524,9791,さて、GCよ、当面は,20170319
43978,1714,新しい議員たちは政府を立て直すと言っている。私は,20171114
17464,8600,-- エルバート・ハバード,20171026
23136,9273,「どんなに親しい友人でも、互いの葬式には参列できない。」,20171118
23136,2506,彼がその向こう側から現れるまで、あなたは彼を見ることはないだろう。,20170307
71906,482,今日は友達を吸おう。,20180106
71906,7113,恩知らず：餌を与えてくれた手を噛み、そして文句を言う男。,20170223
48800,1529,言った、「人生はサワークリームのボウルのようなものだ。」,20171024
48800,1374,なし。宇宙が電球を回し、禅師は,20170606
86843,1143,SQL交響楽団コンサート,20170618
86843,1143,SQL交響楽団コンサート,20170106
86843,1143,SQL交響楽団コンサート,20180202
71282,4717,簡単な問題はすべて解決済みだ。,20170420
71282,994,ニヒリズムは自己から始めるべきだ。,20170429
30622,5385,それが作った。,20170420
80316,9934,質問：,20170426
80316,7894,"God is a comic playing to an audience that's afraid to laugh
",20170114
80316,8476,本物のプログラマーはCOBOLでは書かない。COBOLは弱々しいアプリケーションのためのものだ。,20180418
20953,4194,信仰とは、ピクニックでブラックベリージャムを食べることを可能にする資質である。,20170526
48035,6377,新しい議員たちは政府を立て直すと言っている。私は,20170429
48035,3209,その講師のコースのために勉強することを除いて。,20170510
39181,5351,電球を交換するのに、ハードウェアエンジニアは何人必要か？,20170802
40164,9880,カサブランカから出て、ドイツ人は奇跡を非合法化した。」,20180111
17708,1811,言った、「人生はサワークリームのボウルのようなものだ。」,20180205
72337,6136,彼らの良心の欠如。,20180418
26124,2513,人々はお一人様一点限りのものなら何でも買う。,20171124
26124,5512,"Steinbach's Guideline for Systems Programming
",20180417
26124,2806,人々はお一人様一点限りのものなら何でも買う。,20170509
95937,2953,暇な時間に現金を稼ごう――友達を脅迫せよ。,20170702
95937,6059,来週の金曜日はあなたの幸運な日ではない。実を言うと、あなたは,20171117
95937,3570,事故：心の落ち着きは良いが、,20180103
92422,1811,午後はロマンスに非常に好都合。一人の人を,20171027
38008,9289,「成功できるのに、なぜ男でいる必要がある？」,20180221
38008,8431,障害を克服するには良い日。障害物競走を試してみよう。,20170510
38008,1878,政治家がつまらない人物であればあるほど、彼は,20170810
36428,7737,脳は素晴らしい器官だ。あなたが起きた瞬間に働き始め,20180304
36428,8976,早朝にコーヒーを飲むな。昼まで目が覚めてしまうぞ。,20171227
16658,2443,価格が上がった。「すべて新品」「完全新品」あるいは「素晴らしい新品」というラベルは,20170310
10283,9306,もう一方。,20170320
30548,2152,「結婚（Matrimony）は言葉じゃない、宣告（sentence）だ。」,20171116
30548,9660,収支を合わせられると思った頃に、誰かが,20170807
81126,388,許可を得るより許しを得る方が簡単だ。,20171005
67910,6084,「もし知っていたら、私は錠前屋になっていただろう。」,20171024
67910,5867,-- ケーログ・アルブラン,20170116
86700,7474,脳は素晴らしい器官だ。あなたが起きた瞬間に働き始め,20170212
86700,4283,歴史は繰り返さない――歴史家が互いに繰り返すだけだ。,20170414
93379,968,男たちは黙ってお茶をすすっていた。しばらくして、不器用な男が,20170126
93379,2595,それがエネルギーに変換されるとき？,20170905
95042,1087,アメリカは、野蛮から飛躍した国としてユニークかもしれない。,20170705
61925,5561,彼らに良いマナーを教える努力。,20180306
95811,4149,"Vitamin C deficiency is apauling
",20180416
93869,9828,している。,20180215
93869,4017,-- ホークウインド,20170119
93869,712,死ぬ：突然罪を犯すのをやめること。,20170106
27303,7331,間違いはしばしば、完全な失敗への踏み石となる。,20170428
27303,4300,逆もまた然り。,20180305
30237,4273,-- ミッキーマウス,20170312
30237,1127,経済学者の間では、現実世界はしばしば特殊なケースである。,20170302
30237,3297,好機は常に、最も不都合な瞬間に訪れる。,20170330
22871,8068,素人のためのプログラミングに関する最高の本は『不思議の国のアリス』だ。,20170412
22871,4194,人を馬鹿と呼ぶな。彼から借りろ。,20170303
22871,2714,分析され、新たな弱点に置き換えられる。,20180305
68531,1994,"A city is a large community where people are lonesome together
",20180315
68531,8316,注意：呼吸はあなたの健康に有害な場合があります。,20170404
68531,1743,最初で成功しないなら、諦めろ。とんでもない馬鹿になる必要はない。,20180121
74694,9432,第二法則：働くことで達成できる最大のことは、,20171101
42474,5344,-- ヘンリー・キッシンジャー,20170227
42474,3490,記者（マハトマ・ガンジーへ）：ガンジーさん、,20171101
33689,3770,-- アルベルト・アインシュタイン,20180124
33689,2433,今日は空飛ぶ円盤に近づかないように。,20180302
55985,3204,-- マーク・トウェイン,20170908
91365,1171,注意：呼吸はあなたの健康に有害な場合があります。,20170224
91365,3629,彼がその向こう側から現れるまで、あなたは彼を見ることはないだろう。,20180227
84266,8977,言った、「人生はサワークリームのボウルのようなものだ。」,20170726
84266,7416,"We wish you a Hare Krishna
",20170111
22725,8172,システム、その主要な弱点がすべて露呈した,20170724
22725,9310,離婚から抜け出す。,20180111
63634,4235,"
",20170414
63634,3077,人々はお一人様一点限りのものなら何でも買う。,20170614
56718,284,もし商品が「50ドル未満」と宣伝されているなら、それが19.95ドルでないことは確かだ。,20180103
56718,4723,運転免許を失うのは、神が「ブーガ、ブーガ！」と言うための一つの方法に過ぎない。,20170707
56718,8869,-- ビル・ホースト,20170916
95028,5003,それは薬の効果を鈍らせる。,20170804
95028,146,文明に触れることなく退廃へ。,20170316
95028,8836,ゼロックスは決して独創的なものを生み出さない。,20171116
79173,3156,名誉ある：手の届く範囲に障害があること。立法府では,20170127
79173,8521,ダクトテープはフォースのようなものだ。光の側面と闇の側面があり、,20171129
23067,2806,身を粉にして働け！,20170707
82983,3357,あなたが置いた場所から、見つけられない場所へ。,20170503
80489,674,-- ルイス・キャロル,20170128
80489,9924,戴冠式：君主に外見上と,20180329
48093,1386,来年の最悪野菜。,20171215
48093,9469,もし我々が進む方向を変えなければ、我々は,20170512
23332,4252,朝に、そして学校に着くまで止まらない。,20170525
23332,842,チキンスープ：,20170808
23332,3351,不在：友人や知人の攻撃にさらされること。中傷されること。,20170928
24347,8084,運転免許を失うのは、神が「ブーガ、ブーガ！」と言うための一つの方法に過ぎない。,20180201
38595,3634,-- マクスウェル・スマート,20180123
38595,2924,Q: 電球を交換するのに、異性愛者の男性は何人必要か？,20170611
38595,8034,"Kin: An affliction of the blood
",20180119
60290,11,すべてのプログラムには（少なくとも）二つの目的がある。一つは,20170924
60290,8629,より懸命に。,20170415
60290,8902,言った、「人生はサワークリームのボウルのようなものだ。」,20171231
76384,9133,-- ハーバート・プロクナウ,20170619
76384,3823,システム/3！,20170903
76384,6602,"
",20180307
35639,4491,スープが治せないのは、母親への神経症的な依存である。,20170815
35639,5011,「率直に申し上げましょう、ムッシュ。あなたを,20170817
83692,7609,トゥルナウカの法則：,20170324
83692,6753,解決策ではなく、問題を修正する。,20170502
32658,1878,メッセージが郵便で届く。FBIに見られる前に破壊せよ。,20170702
32658,3755,犯罪の兆候：絶叫または助けを求める叫び声。,20171102
32658,2475,今日は大きな嘘をつくな。小さな嘘でも同じくらい効果的だ。,20180130
81564,865,している。,20180312
30536,4004,趣味に余分な時間を費やせ。巻紙をたくさん手に入れろ。,20170516
30536,4291,-- ジョン・マクナルティ,20170609
79621,5362,チャイルドプルーフキャップに苦労するのは大人だけだ。,20171109
79621,1581,恋は感傷的なはしかである。,20170914
80309,6767,「新発売」および／または「改良」と表示されたものは、そうではない。その表示は,20170916
46406,1306,彼らにそれを返す。,20180110
46406,3139,「お前は母親のような男には決してなれない！」,20180223
46406,7454,離婚から抜け出す。,20171116
42951,7258,重役。,20170218
42951,651,波の上に立つ者もまた、サーフィンをする。,20170223
81780,2886,「カルビン・クーリッジはプリマスから出た最も偉大な人物だった,20170107
81780,674,我が国には良い5セント葉巻がたくさんあるが、問題は,20180206
83105,3998,分子生物学者はデザイナー遺伝子（デザイナーズジーンズとの掛詞）を身に着けるのか？,20180326
83105,649,貧しい人々が、橋の下で眠り、路上で物乞いをし、,20170105
28996,5539,COBOLで書くかFORTRANで書くか。,20170416
28996,9222,ユニコーンを救えないなら、魔法に何の意味がある？,20170330
56466,1894,-- ビル・ホースト,20170525
56466,6437,外交とは、石を見つけるまで「いい子だね、ワンちゃん」と言い続ける技術である。,20171029
56466,2350,全くプログラムを手に入れられず、手に入れたものを受け入れる。,20170530
17215,5628,素人のためのプログラミングに関する最高の本は『不思議の国のアリス』だ。,20170412
17215,8790,我が国には良い5セント葉巻がたくさんあるが、問題は,20171126
47511,2151,しばらくハリケーンに近づかないように。,20170622
80911,7378,大きな財産を持って。」,20170502
80911,8426,ああ、一体どうしたのだろう,20180307
80911,8109,献身的な追随者の不足により、偉大な指導者の生産は,20180225
52075,3151,第二法則：働くことで達成できる最大のことは、,20170318
52075,9250,パン。,20180430
52075,9273,あなたは尾行されている。数日間はいかがわしい行為をやめなさい。,20180101
44740,2806,少年：泥のついた騒音。,20180206
12056,6463,"God is not dead!  He's alive and autographing bibles at Cody's
",20171217
23417,9162,今日まで。,20170524
23417,7780,彼らは通常、処女を,20170603
23417,7841,ゼロックスは決して独創的なものを生み出さない。,20170208
62514,8932,-- オスカー・ワイルド,20180130
62514,8468,アレクサンダー・グラハム・ベルはニューヨークで健在で、まだ,20170113
90096,4240,政治家がつまらない人物であればあるほど、彼は,20180303
86840,8522,-- アンブローズ・ビアス,20180103
86840,9773,アメリカは、野蛮から飛躍した国としてユニークかもしれない。,20170623
86840,1290,-- カール・ツヴァンツィヒ,20170215
98404,719,価格が大幅に上がったことを意味する。,20170825
76586,9832,もし神があなたに裸で歩き回ってほしかったなら、もっと大きな,20170510
65617,5425,ノスタルジアは、もはや昔のものではない。,20180208
65617,3463,物事は今よりも昔のようになっている。,20170420
41457,8152,そうだと告げられたとき,20170111
13119,1604,一度。,20170608
13119,3755,気分転換には良い日。寝室の壁紙を張り替えよう。,20171204
13119,8629,暇な時間に現金を稼ごう――友達を脅迫せよ。,20170102
42180,9673,事故：心の落ち着きは良いが、,20170328
42180,11,-- ドクター・フー,20170630
11050,3378,2. 直線あてはめが必要な場合、データは2点のみ取得すること。,20171117
27064,1520,トゥルナウカの法則：,20170620
27064,8383,再生業者よ、その木を助けてやれ！,20170401
86510,9677,子供に装填済みの鯉で遊ばせるな。,20180220
86510,3755,-- オスカー・ワイルド,20170127
86510,8666,そしてこれはとても奇妙だった、なぜならそれは,20170113
88681,881,それがエネルギーに変換されるとき？,20180223
15520,4044,バグを修正し、再びダンプする：,20170513
15520,9773,-- ポール・マクラッケン,20170106
15520,7236,この国に必要なのは、良質な5セントの「何か」だ！,20171123
71410,7737,あなたは大きな音に驚くだろう。,20170207
14315,8605,"If I traveled to the end of the rainbow
",20171124
36444,1202,記者（マハトマ・ガンジーへ）：ガンジーさん、,20180201
42609,3483,熱力学の三法則：,20170709
42609,8279,グループのIQは、グループのメンバーの最低IQを,20170117
83390,6852,運勢：セグメンテーション違反――コアダンプ,20180402
98215,3323,-- ピーター・S・ビーグル,20171219
36967,3984,-- アルベルト・アインシュタイン,20180306
36967,1302,-- ベルトルト・ブレヒト,20170316
36967,5880,ファッションとは、あまりに耐え難い醜さの一形態であり、我々はそれを,20170503
97950,9771,-- 愚者の辞書,20170128
49229,3953,今夜は半月。（少なくとも、月がないよりはましだ。）,20170123
49229,2147,もし神があなたに裸で歩き回ってほしかったなら、もっと大きな,20180111
49229,3225,"Laetrile is the pits
",20170129
81613,4059,電球を交換するのに、ハードウェアエンジニアは何人必要か？,20180414
81613,9260,しかし、我々は熱意のあまり、,20170104
81613,746,搾取の範囲から自分自身を。,20170913
77588,8622,客1：「紅茶をください」,20180331
77588,4063,時間を無駄にすることは、生きることの重要な一部である。,20170623
77588,5512,A: 33人。1人がビットを持ち、32人がレジスタを押す。,20170908
81885,2581,"enough cheese
",20171123
85171,2092,人を馬鹿と呼ぶな。彼から借りろ。,20180417
85171,4461,-- マクスウェル・スマート,20170427
27055,3635,大学とは、教員が,20170602
27055,7236,すべてが可能だが、,20170618
27055,6463,一度。,20171217
91456,6262,真夜中。,20170208
91456,5562,ディスク上に101ブロックのゴミ！…,20170425
80219,9319,委員会――それが彼らを破滅させるだろう。,20170918
80219,1033,民主主義とは、国が一流の経営の下で何ができるか疑問に思うことが許される統治形態である。,20180306
80219,7315,その絵を説明する。1万語のセットで適切に,20170813
96178,3225,あなたが偏執病だからといって、彼らがあなたを狙っていないとは限らない。,20180404
96178,5605,芸術的な冒険が注目される。美術館を襲え。,20171013
87671,1604,今週は自分で機会を作り出せる。上級,20170402
71843,658,-- イディッシュ語のことわざ,20180101
47055,4717,本物のプログラマーはBASICでは書かない。実際、BASICで書くプログラマーはいない。,20170826
47055,4652,全面核戦争ゲームをプレイしますか？,20180331
17304,8040,ガスはひどい匂いがする。,20171128
17304,7990,経験とは、あなたが認識することを可能にする素晴らしいものである。,20170912
68702,2241,「それは素晴らしいに違いない！私には全く理解できない。」,20180410
68702,4675,「私の友人たちと私は皆、狂っている。それが我々を,20170127
43683,5927,「結婚（Matrimony）は言葉じゃない、宣告（sentence）だ。」,20170908
43683,1794,赤ん坊とは、一端に大きな声、もう一端に,20171222
41587,5042,"Rocky's Lemma of Innovation Prevention
",20180101
41587,3201,もう一方。,20180320
41587,1799,10年間の不採用通知は、自然があなたにやめるよう告げる方法である。,20170321
88460,8059,あなたのプログラムを説明しているときに聞き手がうなずいたら、,20170516
18181,6642,しばらくハリケーンに近づかないように。,20170503
18181,2714,-- R・ガイス,20170712
12657,4017,パタパタ、ばたばた、ぱたん,20180416
19420,8456,使いやすく、動作し、もし壊れたら、彼らはすぐに,20170629
40881,3799,-- オスカー・ワイルド,20180123
40881,5468,ユーザー空間と同じようにカーネル空間でも！,20171006
90928,2350,あなたは賢く、機知に富み、素晴らしいが、あまりに多くの時間を,20171229
90928,6815,彼がその向こう側から現れるまで、あなたは彼を見ることはないだろう。,20170313
90928,5135,しかし、私が命じたことだけだ。,20180129
52704,3776,本物のプログラマーのプログラムは、最初は決して正しく動かない。しかし、もしあなたが,20170327
52704,6884,ベアメタルで。アプリケーションプログラミングは、システム,20170430
52704,4223,この国に必要なのは、良質な5セントの「何か」だ！,20180305
45247,9780,結晶学のオタクたち。,20170829
45829,793,今週は自分で機会を作り出せる。上級,20170421
36312,4352,ユーザー（名詞）：あなたが言ったことを何でも信じるプログラマー。,20180411
77777,1623,瓦礫を跳ねさせる,20180302
84137,8025,1) 「心配するな、俺が何とかする」,20170913
84137,9520,世界は終わる！悔い改め、図書館の本を返しなさい！,20170123
57591,5735,外交とは、石を見つけるまで「いい子だね、ワンちゃん」と言い続ける技術である。,20180416
57591,8883,闇が漏れ出す。,20170224
57591,3776,すべてのバグには7つの兆候があった。,20170516
74790,212,-- エルバート・ハバード,20170101
74790,5344,-- ブラウン・セキュリティ犯罪防止パンフレットより,20170303
46803,2075,今夜は家族のことを考えなさい。,20170709
39740,7830,しかし、私が命じたことだけだ。,20170831
39740,2241,生きる。,20170606
40247,8716,目…」,20170127
40247,341,"
",20170605
40247,2967,私は木を全く見ることがないだろう。,20170224
98128,5590,「もっと必要になるまで、乗り切るのに十分なだけ必要だ。」,20180315
98128,374,"算数とは、""",20170128
73253,2183,彼らに良いマナーを教える努力。,20171227
73253,9673,5年間で、我々は一つの素晴らしいプログラミング言語を手に入れることができる。ただ,20171028
85823,8012,-- ブルース・レヴェレット,20180115
85823,1127,ネーザーの法則：,20180416
77198,9974,我々自身。,20170613
77198,9558,狂気は遺伝する。子供から受け継ぐのだ。,20171018
43203,9773,人間は、,20171118
43628,4287,あなたは間もなく認識されるかもしれない。隠れなさい。,20180122
57763,5982,書かれたものと、そうでないもののために。,20170704
57763,5255,-- ベルトルト・ブレヒト,20170730
57763,3157,ああ、一体どうしたのだろう,20171208
30213,3589,"
",20171107
30213,4554,経験を共有しようとするカリフォルニア人。,20170816
30213,89,壊れないおもちゃは、他のおもちゃを壊すのに役立つ。,20180111
83949,7830,誰も確信していないこと。,20170220
83949,9791,金を持つ者がルールを作る。,20180214
96247,5469,コンピューティングの第43法則：,20170305
96247,5142,外交とは、石を見つけるまで「いい子だね、ワンちゃん」と言い続ける技術である。,20170530
96247,3123,-- アーサー・ナイマン,20170120
57322,9832,英語では、すべての単語を動詞化できる。我々の,20170813
57322,6602,英語では、すべての単語を動詞化できる。我々の,20170423
57322,5922,「新発売」および／または「改良」と表示されたものは、そうではない。その表示は,20170627
72975,9599,"
",20170502
72975,5269,"Vitamin C deficiency is apauling
",20170111
42274,2595,それが何であれ、私は再び結婚するだろう。,20170606
42274,1171,"We wish you a Hare Krishna
",20170414
42274,8361,平均的な女性は、頭脳よりも美貌を望む。なぜなら、,20170613
99016,5149,釘。,20170401
99016,3351,死：突然罪を犯すのをやめること。,20180109
99016,9110,人々はお一人様一点限りのものなら何でも買う。,20170925
47066,3137,深まる憂鬱の中で、あなたの犬がようやく,20170604
47066,5590,やるべきことを先延ばしにするのに、今ほど良い時はない。,20170222
54930,797,ゴイムを創造したのか？」一般的に受け入れられている答えは、「誰かが,20171010
86304,1097,-- ジョン・バリモアの最期の言葉,20170716
86304,4993,ダイナマイトで空高く吹き飛ばされる神聖な権利の目に見える兆候。,20170118
86304,932,A: 3人。1人が電球をねじ込み、2人がそれを邪魔する者たちを追い払う。,20170821
88074,2806,自動化？,20170328
88074,2253,"
",20170711
88074,3570,"THE GOLDEN RULE OF ARTS AND SCIENCES
",20180404
78674,3382,ソフトウェアが他の何物とも似ておらず、それが,20171029
78674,5493,ディスク上の100ブロックのゴミ,20170826
78674,8790,会話：息を切らしている方が,20180108
71411,587,もし我々が進む方向を変えなければ、我々は,20170521
29787,7862,-- エルバート・ハバード,20180416
29787,8515,このゴミは、非常に高価な機械を通過した後,20180201
29787,5839,機械上で、彼らは「ほんの数回」の30時間で動作するようにパッチを当てることができる。,20180113
37251,3209,-- R・ガイス,20180423
37251,5030,芸術的な冒険が注目される。美術館を襲え。,20170813
50950,6722,（ウェイター退場、そして再登場）,20170206
50950,8061,第二法則：働くことで達成できる最大のことは、,20171011
50950,7676,人生を深刻に受け止めすぎるな。生きては出られないのだから。,20170813
53576,2806,年齢に敬意を払え。たまには良いスコッチを飲め。,20170906
53576,8061,相手のエラーの原因を取り除くこと。,20180105
75333,1329,-- アンブローズ・ビアス,20171211
75333,8010,大酒を飲むには最高の日。オフィスのウォータークーラーに酒を入れろ。,20180209
25911,5469,失敗への対処は簡単だ。改善するために努力する。成功もまた,20180220
25911,865,それ。,20180108
25911,5605,今年は幸運な日を過ごす。,20170609
56603,924,イギリス史の中間試験の前夜、あなたの生物学の,20180109
56603,6789,-- ヒレア・ベロック,20171209
56603,4461,ユニコーンを救えないなら、魔法に何の意味がある？,20170309
28554,11,もし我々が進む方向を変えなければ、我々は,20180109
63641,5469,大学とは、教員が,20170704
63641,6127,講師はプラナリアについて200ページを課すだろう。,20170330
63641,9177,共同制作：,20171002
99319,4240,1ビットたりとも取るな！,20180227
99319,8421,今日は驚きが待っている。家賃もだ。,20170108
99319,5415,3) 「もしお前が自分で思うほど賢いなら、,20170106
53122,8012,彼を避けろ。彼は共産主義者だ。,20170817
53122,3209,ダイヤルトーンを求めて。,20170825
42632,8650,確率は50対50だ。,20170128
42632,7262,反意語：あなたが考えようとしている言葉の反対。,20170426
42632,4300,あっちへ行け！邪魔だ！,20170313
17850,9273,終わる。,20180117
64905,8132,我々のビデオプロセッサに『スタートレック3.2』をロードした。」,20180403
64905,2230,脳（動詞）：[「脳する」のように]  bluntly に、しかし pointedly ではなく叱責すること。,20170109
64905,4892,-- R・ガイス,20170802
33340,8905,"We wish you a Hare Krishna
",20170314
62503,4239,人々に考えさせていると思わせれば、彼らはあなたを愛するだろう。しかし、もしあなたが,20170518
86085,4702,どういうわけか高貴なものとされ、誰もそれを批判しようとしない。,20180101
86085,8456,-- カール・ツヴァンツィヒ,20170104
86085,3114,エラーのない重要な手紙は、,20171112
70142,6602,本物のプログラマーはテニスや、,20170626
56973,5606,それはここにない。,20171129
19083,4612,成功の秘訣は誠実さだ。それを偽ることを学べば、,20170418
15108,2021,大酒を飲むには最高の日。オフィスのウォータークーラーに酒を入れろ。,20170521
15108,2526,メッセージが郵便で届く。FBIに見られる前に破壊せよ。,20171002
59568,2526,エラーのない重要な手紙は、,20180127
59568,1675,"We wish you a Hare Krishna
",20170323
32694,8426,ベアメタルで。アプリケーションプログラミングは、システム,20170115
75423,709,心配するために。,20171226
39689,9133,解決策ではなく、問題を修正する。,20180404
39689,5362,警句があるなら、メタ警句もなければならない。,20170802
25564,6515,-- R・ガイス,20170818
25564,4239,この国に必要なのは、良質な5セントの「何か」だ！,20171225
27197,8548,LISPプログラマーはすべての価値を知っているが、そのコストは,20180224
27197,2910,-- ジョン・オハラ,20171020
99180,709,波は滑らかで輝いている――,20170224
99180,8187,チケット。,20170126
99180,7990,父親は幼い息子に尋ねた。,20170724
54907,5778,聞くことすべて、あるいは言うことすべてを信じるな。,20170203
54907,6341,システム/3！,20170418
54907,9406,プログラミングについての考え方に影響を与えない言語は,20170128
99116,1143,SQL交響楽団コンサート,20170225
99116,1143,SQL交響楽団コンサート,20170222
99116,1143,SQL交響楽団コンサート,20180328
58504,4717,言った、「人生はサワークリームのボウルのようなものだ。」,20171202
58504,8360,軽く油を塗った。」,20171109
58504,2502,中には何もない。,20170108
33845,9427,"Whether you can hear it or not
",20170122
33845,3652,午前中は新しいプロジェクトに青信号。午後は交通に赤信号。,20170317
43596,6127,歴史は繰り返さない――歴史家が互いに繰り返すだけだ。,20180417
54044,1581,事故：心の落ち着きは良いが、,20170918
54044,3953,"God is a polythiest
",20180317
56615,8172,"
",20170916
56615,3826,そして彼女の内部でリンゴ酒を作った。,20170825
56615,7130,-- F・P・ジョーンズ,20180317
69239,1670,さて、GCよ、当面は,20180326
99111,842,"Who lived on distilled kerosene
",20171208
99111,4387,本物のプログラマーはPL/Iでは書かない。PL/Iは,20170429
27805,3384,人を馬鹿と呼ぶな。彼から借りろ。,20170918
27805,4329,文明に触れることなく退廃へ。,20171107
27805,6964,"...And malt does more than Milton can
",20180308
54240,6653,チキン・リトルは正しかった。,20170502
54240,9621,平均的な女性は、頭脳よりも美貌を望む。なぜなら、,20170814
36284,5914,アメリカは、野蛮から飛躍した国としてユニークかもしれない。,20180501
93627,1670,風呂に入る…,20170315
93627,1988,本当に考えさせると、彼らはあなたを嫌うだろう。,20170507
93627,8109,-- ウィンストン・チャーチル,20170706
63219,9660,そうだと告げられたとき,20170929
63219,3382,人々が私に同意するときはいつも、私は自分が間違っているに違いないと感じる。,20180407
24675,811,「ダイエット」,20171128
24675,5512,紙に当たる。,20170822
24675,1004,あなたは大きな音に驚くだろう。,20170201
64073,8804,信仰とは、ピクニックでブラックベリージャムを食べることを可能にする資質である。,20171101
64073,5149,しばらくハリケーンに近づかないように。,20170913
10522,4520,科学とは、先入観が検証に出会ったときに起こることである。,20171126
10522,9373,地球は小さな砂粒のようなものだ、ただずっとずっと重いだけ。,20171031
89232,4194,他人があなたのことをどう思っているか心配するな。彼らは,20170304
89232,6852,より懸命に。,20171030
12185,2731,男たちは黙ってお茶をすすっていた。しばらくして、不器用な男が,20180117
12185,5362,失敗への対処は簡単だ。改善するために努力する。成功もまた,20170202
48623,5282,今、私はそれを守っている。,20170104
48623,7110,結果が事前に分かっていない限り、資金提供機関は,20171121
48623,5015,今年の最悪野菜：芽キャベツ。これはまた、,20170918
48458,3204,野心とは、怠けるほどの分別がないことの粗末な言い訳である。,20171129
48458,7272,未来はまだら模様。夕方遅くにスープをこぼすだろう。,20170717
63538,1625,A: 両方だ。,20180428
43388,8249,知る価値がない。,20170611
43388,1925,今、自然に振る舞いなさい。煮えくり返り、怒り狂い、かんしゃくを起こしなさい。,20180225
43388,7424,警官だ。」,20180202
73161,2831,A: 両方だ。,20180206
73161,8883,地球は小さな砂粒のようなものだ、ただずっとずっと重いだけ。,20171008
34796,9260,臆病者：危険な緊急事態に足で考える者。,20171214
61699,5858,神は言われた。「ニュートンあれ」と。するとすべてが光であった。,20170503
61699,7130,"...And malt does more than Milton can
",20170613
62367,3841,なし。宇宙が電球を回し、禅師は,20170120
62367,9288,-- マーク・トウェイン,20170509
37054,4659,"We wish you a Hare Krishna
",20170109
37054,9373,そして徹夜した。,20170728
37054,2809,-- ジョー・ウォルシュ,20170531
54142,9260,男たちは黙ってお茶をすすっていた。しばらくして、不器用な男が,20180309
54142,1753,死ぬことは非常に退屈で陰気なことだ。そして、君への私のアドバイスは,20170910
54142,7420,悪意に帰するな、,20180131
27531,8078,何かが起こる確率が百万分の一なら、,20170803
57424,1978,「ダイエット」,20170722
57424,4542,幸福：他人の不幸を熟考することから生じる心地よい感覚。,20171216
31565,6186,「お前は母親のような男には決してなれない！」,20170613
31565,6072,事柄は常に支配的で制御的であった。,20180120
31565,1288,川は湿っている。,20170921
34953,7401,写真の第三法則：,20170117
34953,1751,まあいい、全部の卵を一つのカゴに入れちまえ。,20170401
50559,3201,自動化？,20170915
50559,9030,"
",20170214
50559,104,彼に起こるありふれたこと。,20171216
67536,1143,SQL交響楽団コンサート,20170206
67536,1143,SQL交響楽団コンサート,20171010
36970,1529,"It's because I try to put every possible syllable into that last line
",20170228
36970,9923,100ブロックのゴミ！,20170624
51361,5011,彼らにそれを返す。,20170119
93399,1701,本物のプログラマーはテニスや、,20170911
93399,4520,チキンスープ：,20170317
93399,3156,改善する。,20170701
30236,8433,上司を驚かせろ。時間通りに出勤しろ。,20170714
30236,5351,「サイを盗むことは軽々しく試みるべきではない。」,20170929
58164,6869,未来の仕事は危険であることだ。,20170120
58164,551,あなたが置いた場所から、見つけられない場所へ。,20170922
58164,3016,生きている方がましだ。,20171010
44566,6131,"        But she started absorbin'
",20180205
44566,1859,グラフィックスについて：一枚の絵は1万語の価値がある――しかし、,20170423
97280,345,マーフィーの法則が間違っている可能性があるなら、それは間違っているだろう。,20170103
53479,7305,「私は経済学者ではない。私は正直者だ！」,20170404
53479,6436,-- オスカー・ワイルド,20180221
84922,7504,鍋は向こうの端にある。,20170419
84922,5240,それはやる価値がなかった。,20170813
84922,9162,生きる。,20170209
73563,6503,地球は小さな砂粒のようなものだ、ただずっとずっと重いだけ。,20171207
73563,6869,来週危機が起こるはずがない。私のスケジュールはすでにいっぱいだ。,20171112
73563,3992,"THE GOLDEN RULE OF ARTS AND SCIENCES
",20170314
31876,9472,宇宙は大きい。あなたはそれがどれほど広大で、巨大で、心を,20170629
31876,4719,「もし知っていたら、私は錠前屋になっていただろう。」,20171122
63224,7822,時間とは、すべてが同時に起こらないようにするための自然の方法である。,20171216
63224,2937,誰を信じる？,20170211
32005,8716,"Ass（尻/ロバ）：""lass""（娘）の男性形。",20171221
32005,3157,自動車：丘を駆け上がり、人々を駆け下りる四輪車。,20180418
32005,4554,電気コード。,20170926
87869,3997,カサブランカから出て、ドイツ人は奇跡を非合法化した。」,20170124
87869,9126,再生業者よ、その木を助けてやれ！,20170922
87869,2075,あなたは大きな音に驚くだろう。,20170313
16932,9016,警官だ。」,20170921
16932,1851,もし商品が「50ドル未満」と宣伝されているなら、それが19.95ドルでないことは確かだ。,20180112
16932,1649,神のみが無作為な選択をすることができる。,20171116
57526,1728,系論：,20170510
57526,6229,彼を避けろ。彼は共産主義者だ。,20170214
57526,8949,フィルモア大統領を悪く言うな。彼は我々をベトナム戦争から遠ざけてくれた。,20171101
86502,66,「三重アイソ分岐クリプトンゲートMOSプロセス…」,20170324
86502,9273,プロジェクトMACでの損失はどれくらいか？,20180114
86502,816,ノスタルジアは、もはや昔のものではない。,20180311
64882,4240,人生。,20170516
64882,6625,書くこと。,20170726
11278,9122,"Time flies like an arrow
",20170114
11278,8071,中には何もない。,20180114
35501,1143,SQL交響楽団コンサート,20180417
35501,1143,SQL交響楽団コンサート,20180407
21900,9159,なし。「マニュアルに文書化しておく。」,20171027
99677,346,暴力は無能な者の最後の砦である。,20170113
99677,6845,彼らの良心の欠如。,20170819
99677,6077,-- ジョージ・サンダースの最期の言葉,20180302
24072,9470,強い酒には気をつけろ。それは税務署員を撃ちたくさせ、そして,20171004
24072,4652,モリソンの官僚主義仮説：,20180101
87484,8442,我々自身。,20180326
66981,2910,事柄は常に支配的で制御的であった。,20180418
66981,865,バグを修正し、再びダンプする：,20170830
66981,5162,言った、「人生はサワークリームのボウルのようなものだ。」,20170202
81061,6658,-- R・ガイス,20180123
81061,9245,皮肉屋：物事をありのままに、あるべき姿ではなく見る、欠陥のある視力を持つ悪党。,20171003
81061,9677,相手のエラーの原因を取り除くこと。,20170227
32898,709,波は滑らかで輝いている――,20170823
32898,2059,防衛運転をしろ。戦車を買え。,20170129
32898,9630,本物のプログラマーはPASCAL、BLISS、ADA、その他赤みがかった,20170131
51786,2210,第一法則：働かずに何も得ることはできない。,20180411
51786,2659,新しい町。,20180112
52655,7737,ウェイター：「紅茶二つ。きれいなグラスを頼んだのはどちら様ですか？」,20170617
52655,9917,明かりがつく。,20170414
95618,7364,運転免許を失うのは、神が「ブーガ、ブーガ！」と言うための一つの方法に過ぎない。,20170131
95618,792,「アインシュタインをそっとしておけ！」は現状を回復した。,20170514
83633,8433,ガンジー：それは良い考えだと思う。,20180210
83633,7660,-- エレノア・ルーズベルト,20170629
98265,9956,数学の法則が現実に関わる限り、それらは,20170507
98265,2679,デュシャームの教訓：,20170203
98265,6101,勇気を奮い起こせ！他のものは全部台無しにしたんだから。,20171227
36077,2218,ノスタルジアは、もはや昔のものではない。,20180423
36077,916,"I must have slipped a disk -- my pack hurts
",20180204
36077,7990,-- D・J・ヒックス,20170414
98443,4876,誰も確信していないこと。,20170805
64143,5287,点。,20180321
64143,6063,今、私はそれを守っている。,20180428
20771,1143,SQL交響楽団コンサート,20171109
55334,6463,電球を交換するのに、ハードウェアエンジニアは何人必要か？,20170927
25653,1200,もし神があなたに裸で歩き回ってほしかったなら、もっと大きな,20170926
25653,2089,紙に当たる。,20170428
25653,1643,それは完全な損失だった。,20171030
62143,2502,「ここ電話会社では、あらゆる種類の人々にサービスを提供しています。,20171129
51943,5867,結晶学のオタクたち。,20170118
59646,8642,めったにきれいではなく,20170729
59646,9110,つまり、もしアパートを借りるなら、あなたは3つの,20180105
59646,315,今、自然に振る舞いなさい。煮えくり返り、怒り狂い、かんしゃくを起こしなさい。,20170106
46107,3362,ツバメがカピストラーノに着陸するのを手伝おう。,20171118
46107,5966,核攻撃の場合、学校での祈りを禁じる連邦政府の判決は,20180326
46107,2731,"We wish you a Hare Krishna
",20170816
68952,402,メニュー：レストランがちょうど品切れにした料理のリスト。,20170206
68952,482,誰もが彫刻を教わることができる。ミケランジェロは,20170410
68952,2506,"        While her lover lamented
",20170625
45760,4223,科学には何か魅力的なものがある。人はそのような卸売りの,20170416
45760,3491,-- ブルース・レヴェレット,20171125
45760,9828,真に賢い者は、決してユニコーンと馬跳びをしない。,20171128
51872,2640,「ボンベイの気候は、その住民が生活しなければならないほどのものである」,20170430
51872,7459,素人のためのプログラミングに関する最高の本は『不思議の国のアリス』だ。,20170920
51872,1581,覚えておけ、UNIXを逆から綴るとXINUになる。,20171121
22381,6701,あなたは尾行されている。数日間はいかがわしい行為をやめなさい。,20170629
79206,7474,時空間スキップの中で。,20170327
79206,3737,CPUにいます我らのOSよ、御名をUNIXと称えさせたまえ。,20180402
34231,4930,何もない。,20171108
34231,2110,-- R・ガイス,20171124
80697,1143,SQL交響楽団コンサート,20180203
89894,703,ディスク上の99ブロックのゴミ,20180410
81587,2167,サラダにとってのニンニクが、芸術にとっての狂気である。,20170914
81587,3865,ゼロックスはそれを何度も何度も何度も…,20180327
81587,8784,「私の友人たちと私は皆、狂っている。それが我々を,20170814
15316,1306,"It was the reader's CONS
",20170817
15316,5517,"He sure is a fun god
",20170803
26572,3865,-- マーク・トウェイン,20171118
26572,5753,「素晴らしい！この半,20170803
26572,6059,壊れないおもちゃは、他のおもちゃを壊すのに役立つ。,20180109
46326,4029,"Accuracy: The vice of being right
",20170818
46326,8416,鍋は向こうの端にある。,20170413
46326,5201,-- グルーチョ・マルクス,20170111
40601,9222,銀行家とは、太陽が輝いているときに傘を貸してくれ,20180201
76786,345,明かりがつく。,20180501
28455,6015,何をしているかわからないときは、きれいにやれ。,20170111
28455,4681,-- ギゴ,20170629
63615,7364,素人のためのプログラミングに関する最高の本は『不思議の国のアリス』だ。,20180304
63615,811,年齢に敬意を払え。たまには良いスコッチを飲め。,20180421
31793,3157,大学とは、教員が,20171110
31793,2177,ダイヤルトーンを求めて。,20170211
11723,1344,ヴェリリンドの実験の法則：,20180406
11723,3490,午前中は新しいプロジェクトに青信号。午後は交通に赤信号。,20180101
93035,61,永遠を傷つけずに時間を潰すことはできない。,20170214
93035,3587,時間だ！」,20171217
21324,5011,-- ラザルス・ロング,20170321
21324,8315,-- ドロシー・パーカー,20170825
21324,8233,ガンジー：それは良い考えだと思う。,20170203
24553,2002,もし神が完全なら、なぜ不連続関数を創造されたのか？,20170226
24553,3323,-- アラン・パーリス,20180428
24553,6236,「結婚（Matrimony）は言葉じゃない、宣告（sentence）だ。」,20180316
47153,865,花嫁：幸せな未来を背後に持つ女性。,20171226
47153,1077,生きる。,20170216
47153,1670,CPUにいます我らのOSよ、御名をUNIXと称えさせたまえ。,20170326
85193,2350,予報官たち、そして超過預言者税を決定した。,20171122
85193,2958,症状、兆候、バグ、そしてハック。,20170715
85193,5362,最悪な一日を過ごすには最高の日だ。,20180201
18153,1785,モリソンの官僚主義仮説：,20170426
85153,9260,感嘆：他人が,20180223
85153,8335,理性の命令に従って行動するように。,20180204
71170,8650,私はあらゆる緊急事態には備えているが、日常には全く備えていない。,20180314
71170,9188,系論：,20170504
71170,149,丸一日得られない。可能な限り2月は避けよう。,20180122
79945,8521,床を磨いたり、その他のエキサイティングなことをするのに最適な日。,20170424
79945,7947,一つ。,20180410
79945,6589,そして他のエロティックな効果。,20170703
44299,6105,プログラミング。,20180314
44299,3213,ジョニーは祭りからなかなか帰らない。,20180209
63650,9250,正直者：口がきけず、読み書きができない。,20170814
27885,7093,答えは42だ。,20170626
92620,6589,"The Universe is laughing behind your back
",20171122
92620,446,自分がどこにいるか気にしないなら、迷子ではない。,20180210
92620,5043,すべてはトップダウンで構築されるべきだ、最初の時を除いては。,20170708
81266,3297,コンピュータにゴミを入れれば、ゴミしか出てこない。しかし,20171204
81266,574,朝に自己嫌悪するな――昼まで寝ろ。,20170115
81266,1202,神は草を発明した。,20171125
82341,5003,障害を克服するには良い日。障害物競走を試してみよう。,20180227
82341,1266,勇気を奮い起こせ！他のものは全部台無しにしたんだから。,20170214
82341,5858,コンピュータが人間より多くの仕事をこなせる一つの良い理由は、彼らが,20180413
58595,2071,「サイを盗むことは軽々しく試みるべきではない。」,20170808
58595,2362,今日は象の唇にキスをするな。,20170824
17191,2834,これを自分で証明するには、,20180403
17191,1438,まあいい、全部の卵を一つのカゴに入れちまえ。,20170206
51568,7927,もう一方には責任が。,20170813
62859,6505,フィラデルフィアは退屈ではない――ただ、隣にあるからそう見えるだけだ。,20170919
62859,5616,あなたは賢く、機知に富み、素晴らしいが、あまりに多くの時間を,20171117
95222,1155,価格が大幅に上がったことを意味する。,20170429
11038,7236,シルバーマンの法則：,20170713
11038,1600,本当に考えさせると、彼らはあなたを嫌うだろう。,20170729
11038,9245,歴史は繰り返さない――歴史家が互いに繰り返すだけだ。,20180315
12371,7331,系論：,20180225
12371,9776,-- アンブローズ・ビアス,20180412
82126,4993,我々にハムと豚肉とベーコンを与えてくれる。,20170601
82126,2274,今年はハンニバル・デーを祝おう。象を昼食に連れて行け。,20170721
30532,8158,何としても現実を避けよ。,20170712
30532,1960,上司がそれを読んでいる。,20170813
30532,9432,世の中で噂されることより悪いことは一つしかない。そしてそれは,20170702
54943,4351,確実である。そして、それらが確実である限り、それらは現実には言及しない。,20170714
54943,3077,最適化は進化を妨げる。,20170619
54943,2110,起こる。,20170503
59296,5778,クリンクラーの第二法則：,20170325
59296,4723,もしコンピュータが強力になりすぎたら、我々はそれらを,20171116
59296,3629,現実は幻覚の障害である。,20170516
93637,8455,それは続かなかった。悪魔が「ホー！」と叫び,20171108
40865,4581,簡単な問題はすべて解決済みだ。,20170214
40865,346,めったにきれいではなく,20180423
40865,1360,正直者：口がきけず、読み書きができない。,20180113
93010,1623,サンフランシスコはかつての姿ではなく、そして決してそうではなかった。,20180110
93010,3053,何もない。,20170129
93010,6894,「サワークリームのボウルのように？」と他方が尋ねた。「なぜ？」,20171009
29426,5043,しかし、科学者たちは、知っているはずなのに,20170824
20136,3984,その間にタバコ。,20170115
20136,2792,あなたは賢く、機知に富み、素晴らしいが、あまりに多くの時間を,20170206
80177,8315,第三法則：絶対零度でしか収支はとんとんにならない。,20180315
80177,134,それ。,20170715
85330,1097,誰を信じる？,20170605
85330,1374,オーレオマイシン、コカイン、インターフェロン、そしてTLC。チキン,20180424
85330,8949,もし10個のパラメータを持つプロシージャがあるなら、おそらくいくつか見逃している。,20180208
61566,5519,政府機関の解決策があなたの問題に合わないとき、あなたは,20180209
61566,3737,ダイナマイトで空高く吹き飛ばされる神聖な権利の目に見える兆候。,20170214
49715,9171,そして徹夜した。,20180430
49715,1193,多数派：犯罪と法律を区別する性質。,20170820
49715,4063,人間はアルコールを発明した。,20170810
20520,8417,再び同じ間違いを犯したときに。,20180310
20520,4291,おそらく、広告看板が落ちてこない限りは,20170810
20520,8667,そして彼女の内部でリンゴ酒を作った。,20170402
91198,6184,今夜がその夜だ：ユーカリの木で眠れ。,20170526
48538,4731,大酒を飲むには最高の日。オフィスのウォータークーラーに酒を入れろ。,20170618
61540,5829,デュシャームの教訓：,20180323
38236,9906,「私がしてほしいことを言いなさい」と言ったら、彼にロリポップをあげなさい。,20180328
38236,2917,客2：「私も――そしてグラスがきれいであることを確認してくれ！」,20170108
87125,8431,コンピュータが人間より多くの仕事をこなせる一つの良い理由は、彼らが,20170419
87125,9780,どういうわけか高貴なものとされ、誰もそれを批判しようとしない。,20180403
87125,4687,-- ドクター・フー,20170206
76227,4329,子供に装填済みの鯉で遊ばせるな。,20170327
76227,2652,"God is not dead!  He's alive and autographing bibles at Cody's
",20170508
76227,8663,もう一方。,20170305
50463,9599,教授とは、誰かの睡眠中に話す人のことである。,20170304
50463,6437,"miss
",20170809
50463,4223,それが何であれ、私は再び結婚するだろう。,20170603
50135,7227,-- チャーリー・マッカーシー,20180413
50135,7272,時間だ！」,20170212
50135,7676,もし10個のパラメータを持つプロシージャがあるなら、おそらくいくつか見逃している。,20180427
83030,4069,世界は終わる！悔い改め、図書館の本を返しなさい！,20170817
83030,4583,マクガワンのマディソン・アベニュー公理：,20171010
83030,3209,本物のプログラマーはテニスや、,20180115
51257,4804,LSDは、その重さの47倍の過剰な現実を消費する。,20180120
51257,315,第二法則：働くことで達成できる最大のことは、,20171028
80745,3810,予定説は最初から運命づけられていた。,20170812
80745,7275,-- ウディ・アレン,20180330
80629,746,それはやる価値がなかった。,20170422
80629,4464,分子生物学者はデザイナー遺伝子（デザイナーズジーンズとの掛詞）を身に着けるのか？,20170829
80629,674,無政府状態は最良の統治形態ではないかもしれないが、,20180306
82162,4520,"
",20170328
82162,3869,クリンクラーの第一法則：,20170104
67758,7660,-- アルベルト・アインシュタイン,20180225
67758,5255,-- ヘンリー・キッシンジャー,20170719
73608,3799,起こる。,20180107
76435,4867,宇宙は大きい。あなたはそれがどれほど広大で、巨大で、心を,20171119
76435,1763,人々に考えさせていると思わせれば、彼らはあなたを愛するだろう。しかし、もしあなたが,20170122
76435,3114,瓦礫を跳ねさせる,20171223
54921,1600,"The Universe is laughing behind your back
",20180110
54921,4818,-- リリー・トムリン,20170406
54921,4731,"enough cheese
",20170222
44978,7390,街角の酒場を活性化させる。,20180428
42533,6964,精神病院：楽観主義が最も栄える場所。,20170715
90524,6185,核攻撃の場合、学校での祈りを禁じる連邦政府の判決は,20180120
54783,9016,皮肉屋の目を、彼の視力を改善するために。,20170203
54783,6059,死ぬことは非常に退屈で陰気なことだ。そして、君への私のアドバイスは,20180109
54783,3652,は中止された。,20171107
91171,5255,主は、もしそうでなければ、なぜ我々にこれほどの素早い動きを与えられたのか。,20170317
81238,816,文明に触れることなく退廃へ。,20180201
81238,5753,現実は幻覚の障害である。,20171212
81238,418,政治家がつまらない人物であればあるほど、彼は,20170419
52304,6101,誘惑以外なら何にでも抵抗できる。,20180208
52304,174,不在：友人や知人の攻撃にさらされること。中傷されること。,20170826
52304,6521,「どうして知るものか？私は何だ、哲学者か？」,20170607
24044,517,それは完全な損失だった。,20180319
24044,1623,学生たちの中に。,20170921
67914,765,神は言われた。「ニュートンあれ」と。するとすべてが光であった。,20170730
67914,8521,そうだと告げられたとき,20170913
65615,6156,サンフランシスコはかつての姿ではなく、そして決してそうではなかった。,20171220
65615,6636,時空間スキップの中で。,20180404
56699,6517,最初で成功しないなら、諦めろ。とんでもない馬鹿になる必要はない。,20170104
50621,7862,ネーザーの法則：,20170325
50621,1302,"Laetrile is the pits
",20170224
16324,1386,-- アナトール・フランス,20170830
56912,5628,アレクサンダー・グラハム・ベルはニューヨークで健在で、まだ,20180109
65504,1859,子供に装填済みの鯉で遊ばせるな。,20170223
44344,1751,"You have the capacity to learn from mistakes.  You'll learn a lot
",20180422
44344,1878,あなたは賢く、機知に富み、素晴らしいが、あまりに多くの時間を,20170126
53382,6815,その絵を説明する。1万語のセットで適切に,20180220
84910,1404,簡単な問題はすべて解決済みだ。,20170916
84910,9016,-- ジョー・ウォルシュ,20170919
84910,5478,犯罪の兆候：絶叫または助けを求める叫び声。,20170202
68565,9612,不在：友人や知人の攻撃にさらされること。中傷されること。,20170923
68565,8785,「なぜ私は不安なのか？」（ラテン語）,20180222
62495,5201,どういうわけか高貴なものとされ、誰もそれを批判しようとしない。,20171017
62495,8977,少なくとも二つの人為的ミスを見つけるだろう、それを,20171103
61721,8063,1981年、滑降スキーに最悪の月：1月。行列は,20171110
61721,9956,重要な書類は、自発的に移動することでその重要性を示すだろう。,20170922
73213,4930,-- ラザルス・ロング,20170630
76273,4029,感情的に活発であれ。お気に入りの神経症に迎合せよ。,20170207
15506,1381,もし良い写真が撮れたとしても、それらは台無しになるだろう,20170702
15506,8380,有名な最期の言葉：,20170826
75276,5561,本当に考えさせると、彼らはあなたを嫌うだろう。,20170607
75276,9267,本物のプログラマーはBASICでは書かない。実際、BASICで書くプログラマーはいない。,20170518
75276,364,6ヶ月ごとに。,20170601
55584,7888,民主主義とは、国が一流の経営の下で何ができるか疑問に思うことが許される統治形態である。,20170429
74677,4859,IBMにはPL/Iがあった,20170911
25869,5101,俗語とは、コートを脱ぎ、手に唾を吐きかけ、,20170227
25869,6965,午前中は新しいプロジェクトに青信号。午後は交通に赤信号。,20170405
25869,2940,来週の金曜日はあなたの幸運な日ではない。実を言うと、あなたは,20170117
78658,777,早朝にコーヒーを飲むな。昼まで目が覚めてしまうぞ。,20171112
63180,3589,"A city is a large community where people are lonesome together
",20180212
63180,5396,興味深いものは何も簡単ではない。,20180101
63180,2035,コンピュータプログラミングの法則：,20180208
33174,5519,許可を得るより許しを得る方が簡単だ。,20171205
57462,1106,男たちは黙ってお茶をすすっていた。しばらくして、不器用な男が,20180131
57462,8418,人を馬鹿と呼ぶな。彼から借りろ。,20171002
44258,8804,未来はまだら模様。夕方遅くにスープをこぼすだろう。,20170701
44258,2021,外交官とは、妻に,20170525
50677,9246,生きている方がましだ。,20171231
50677,5396,プログラミング。,20170510
42879,1520,1ビットたりとも取るな！,20180207
20760,6178,客2：「私も――そしてグラスがきれいであることを確認してくれ！」,20170407
98616,6869,来週の金曜日はあなたの幸運な日ではない。実を言うと、あなたは,20171009
98616,4715,オーレオマイシン、コカイン、インターフェロン、そしてTLC。チキン,20180301
98616,4729,それに慣れろ。,20170720
80254,7181,共同制作：,20180303
42702,7181,毛皮のコート。,20180213
42702,6801,本物のプログラマーはコードにコメントをしない。書くのが難しかったのなら、,20171126
27990,8785,"Whether you can hear it or not
",20170105
13568,764,メッセージが郵便で届く。FBIに見られる前に破壊せよ。,20170921
75298,6480,ガスはひどい匂いがする。,20180122
75298,1127,自然な傾向に屈せよ。憎らしく、退屈であれ。,20170715
97349,8172,「なぜ私は不安なのか？」（ラテン語）,20170401
50140,9007,人を馬鹿と呼ぶな。彼から借りろ。,20171019
50140,1794,あなたが置いた場所から、見つけられない場所へ。,20170201
50140,3037,多数派：犯罪と法律を区別する性質。,20170911
22282,574,"
",20170327
22282,4193,-- ギゴ,20170315
22282,7995,分子生物学者はデザイナー遺伝子（デザイナーズジーンズとの掛詞）を身に着けるのか？,20171123
33082,769,今月は忘れられない月になるだろう――どんなに忘れようとしても。,20180408
33082,1625,彼らがそうあるべきであると。ゆえに、スキタイ人の間では、,20171214
12578,2863,扱いやすい：あなたは間違った問題を解決した。,20170926
79397,8976,白いひげを生やし、赤いスーツを着たぽっちゃりした男が間もなくあなたに近づくだろう。,20170216
79397,2501,-- リリー・トムリン,20171205
79397,4913,あなたのアナリストはあなたを別の患者と混同している。信じてはいけない。,20180319
19949,6393,-- ブルース・レヴェレット,20180308
19949,1799,神は7日で世界を創造したのではない。6日間遊び呆けて,20170528
11863,2940,プログラミングについての考え方に影響を与えない言語は,20170416
39877,9347,"A city is a large community where people are lonesome together
",20170828
39877,8010,LISPプログラマーはすべての価値を知っているが、そのコストは,20180301
39877,4965,予定説は最初から運命づけられていた。,20180315
67386,4069,グラフィックスについて：一枚の絵は1万語の価値がある――しかし、,20170429
67386,515,プログラミング言語。,20180201
90604,3634,思春期：思春期と不倫の間の段階。,20180225
90604,1659,核攻撃の場合、学校での祈りを禁じる連邦政府の判決は,20180408
90604,4612,-- A・E・ハウスマン,20180410
48069,8403,働くために。,20180313
48069,8158,最も短い、けれど。,20180501
48069,7043,大酒を飲むには最高の日。オフィスのウォータークーラーに酒を入れろ。,20180111
67624,777,名誉ある：手の届く範囲に障害があること。立法府では,20170807
67624,4859,-- クリント・イーストウッド,20170315
32036,8172,"        But this output can be
",20170412
93624,1852,ダイナマイトで空高く吹き飛ばされる神聖な権利の目に見える兆候。,20170317
93624,7297,質問：,20180319
93624,6579,事実への些細な投資から、推測という見返りを。,20170529
17681,3415,サンフランシスコ？,20170328
17681,5155,"If I traveled to the end of the rainbow
",20170815
17681,5971,"
",20170722
94172,3595,コンピュータが人間より多くの仕事をこなせる一つの良い理由は、彼らが,20170202
34475,718,皮肉屋：色眼鏡を通して物事を偏見の目で見る者。,20170217
62214,8629,今日はあなたが勝者になるだろう。4歳児に喧嘩を売れ。,20170827
62214,174,プログラミングについての考え方に影響を与えない言語は,20180408
43745,3999,リュシストラタは良いアイデアを持っていた。,20170103
43745,4687,ユーザー（名詞）：あなたが言ったことを何でも信じるプログラマー。,20170217
43745,6447,ポップアップ、プッシュダウン、バイト、バイト、バイト！,20180313
44193,9877,それは、死んだ方がましだと思う人々のための時間つぶしの本だった。,20170802
44193,4520,"He did his very best to make
",20180428
44193,8778,"算数とは、""",20171208
91874,3009,もし持ち込み可の試験を与えられたら、本を忘れるだろう。,20170301
49318,1581,-- イザヤ,20170513
49318,9470,Q: 論理右シフトをするのにIBMのCPUは何個必要か？,20180423
87366,624,彼があなたに言うこと。,20180207
99965,8433,「それは素晴らしいに違いない！私には全く理解できない。」,20171202
99965,9110,歩行者。,20170705
75392,3841,そのモニターは完全に負ける！,20171224
16773,9150,-- アラン・パーリス,20171212
16773,1163,-- アラン・パーリス,20170303
16773,9434,そして男性的な衝動,20170703
81791,9046,団体では、すべてのメンバーを名誉あるものとして言及するのが通例である。例えば、「,20170620
18361,2152,ジョージ・オーウェルは楽観主義者だった。,20170620
18361,9167,あなたの同意なしに、誰もあなたを劣っていると感じさせることはできない。,20180316
75380,2933,エネルギーを節約せよ：無関心であれ。,20170604
75380,8724,-- F・P・ジョーンズ,20171228
75380,1077,今、私はそれを守っている。,20170525
51508,5151,すべての兆候には7つの症状があった。,20170508
51508,3779,グループの人数によって。,20170809
51508,7028,"        Anything that can go wr
",20180130
38140,3,彼に起こるありふれたこと。,20170521
38140,2716,タルムードで最も古くから puzzling されてきた問題の一つは、「なぜ神は,20180421
80893,9035,客1：「紅茶をください」,20170223
80893,5585,今日はあなたが勝者になるだろう。4歳児に喧嘩を売れ。,20171116
80893,1127,"        The apple fermented
",20180224
21031,1923,ガンジー：それは良い考えだと思う。,20170724
21031,4729,"        The apple fermented
",20171030
56128,8798,そしてそれ以来、ベンゼン（been seen=見られたとの掛詞）になったことはない。,20171009
56128,8114,誘惑以外なら何にでも抵抗できる。,20180309
48864,143,本物のプログラマーはBASICでは書かない。実際、BASICで書くプログラマーはいない。,20171109
87610,7990,物忘れ：神が債務者に、,20170313
87610,5659,自動化？,20171218
87610,8380,ワッフルにかけたことがある。,20180425
36354,8939,脳は素晴らしい器官だ。あなたが起きた瞬間に働き始め,20170719
74184,5015,客2：「私も――そしてグラスがきれいであることを確認してくれ！」,20180131
74184,3940,書かれたものと、そうでないもののために。,20171116
73510,4659,誰を信じる？,20180321
73510,7035,CPUにいます我らのOSよ、御名をUNIXと称えさせたまえ。,20171114
66081,3607,プロジェクトMACを通り過ぎたとき,20171201
51787,6521,ガスはひどい匂いがする。,20171105
51787,8629,有り余るエネルギーを発散させるには良い日だ。何か重いものを盗め。,20170927
51787,8249,もし神があなたに裸で歩き回ってほしかったなら、もっと大きな,20180328
35266,1302,分析され、新たな弱点に置き換えられる。,20171215
35266,8118,暇な時間に現金を稼ごう――友達を脅迫せよ。,20180305
19409,9590,ミッキーマウスはスピロ・アグニューの腕時計をしている。,20171009
19409,8084,朝に、そして学校に着くまで止まらない。,20180405
89266,6131,「成功できるのに、なぜ男でいる必要がある？」,20170706
12850,8657,この人物は解雇されなければならない。,20180330
12850,9310,暇な時間に現金を稼ごう――友達を脅迫せよ。,20170429
19630,1137,"        The mouse dissolved
",20171211
97286,6986,"Murphy would be there to tell me
",20170214
97286,232,そして彼女の内部でリンゴ酒を作った。,20170915
32387,4715,-- ブルース・レヴェレット,20170223
32387,7587,"There's no future in time travel
",20170826
32387,6127,最も短い、けれど。,20170521
10910,690,よそで。」,20170502
80724,4938,口を閉ざしていれば、足は集まらない。（口は災いの元）,20170707
80724,6254,小売りで買う必要がある。」,20171217
65431,9626,"God is not dead!  He's alive and autographing bibles at Cody's
",20171223
69798,1750,芸術的な冒険が注目される。美術館を襲え。,20170904
69743,5101,文句は言えない、でも時々言ってしまう。,20170222
47964,8515,"Time flies like an arrow
",20180331
47964,8600,-- W・C・フィールズ,20170328
59295,9046,ディスク上に101ブロックのゴミ！…,20171009
59295,9520,-- オスカー・ワイルド,20170510
59295,3323,後知恵は精密科学である。,20170712
78158,3865,コンピュータプログラミングの法則：,20171216
64044,6439,神は言われた。「ニュートンあれ」と。するとすべてが光であった。,20170828
12542,5101,自動化？,20180208
12542,7424,-- アーサー・ナイマン,20170518
52095,7093,正気だ。」,20170508
40208,622,上司がそれを読んでいる。,20180325
40208,3607,今週は自分で機会を作り出せる。上級,20170914
26587,3114,道徳的にハンディキャップのある人を雇いなさい。,20180123
30674,8158,もし良い写真が撮れたとしても、それらは台無しになるだろう,20170321
30674,7378,人々に考えさせていると思わせれば、彼らはあなたを愛するだろう。しかし、もしあなたが,20171021
30674,3737,歩行者。,20170917
20999,8249,神は死んでいない、ただ駐車スペースを見つけられなかっただけだ。,20171014
20999,8729,その道を。,20170321
20999,9956,6ヶ月ごとに。,20180408
50117,6765,-- ケーログ・アルブラン,20170101
48426,5011,未来はまだら模様。夕方遅くにスープをこぼすだろう。,20170309
48426,2986,彼らの良心の欠如。,20171104
48426,4681,その構文はJOSSより悪い。,20170516
75507,9589,書くこと。,20180218
75507,2338,-- H・L・メンケン,20180215
75507,3382,子供に装填済みの鯉で遊ばせるな。,20170609
67715,2735,2. 直線あてはめが必要な場合、データは2点のみ取得すること。,20171122
67715,7271,馬鹿：人間社会において影響力を持つ、大きくて強力な部族のメンバー。,20170622
67715,1389,父親は幼い息子に尋ねた。,20171026
41157,9188,今日は旅行が重要。明日、国税庁の役人が来る。,20171026
41157,1519,来週の金曜日はあなたの幸運な日ではない。実を言うと、あなたは,20170429
41157,7684,A: 3人。1人が電球をねじ込み、2人がそれを邪魔する者たちを追い払う。,20170804
78073,541,1) 「心配するな、俺が何とかする」,20171128
78073,4062,人生。,20180219
78073,7454,"
",20180125
47837,5966,彼らがその代金を払い続ける。,20170205
47837,9053,プログラマーが英語で書けるようにすれば、,20170429
26187,8068,"If I traveled to the end of the rainbow
",20170817
26187,6210,"        But the good ones I've seen
",20180123
64949,506,床を磨いたり、その他のエキサイティングなことをするのに最適な日。,20170320
64949,9214,銀行家とは、太陽が輝いているときに傘を貸してくれ,20170910
59582,5628,偏執病の人も人間だ。彼らにも彼ら自身の問題がある。簡単に,20170320
59582,4682,コンピュータの集中力は、その,20180205
26877,816,誰を信じる？,20170214
28759,8114,「第三次世界大戦がどのような兵器で戦われるかはわからないが,20170626
28759,5385,応用テロの第四法則：,20170112
40828,8873,有り余るエネルギーを発散させるには良い日だ。何か重いものを盗め。,20170509
40828,4576,こんにちは、ファルケン博士。,20170819
72879,6958,これを自分で証明するには、,20170202
72879,9372,来年の最悪野菜。,20170319
56250,9738,朝に自己嫌悪するな――昼まで寝ろ。,20170629
56250,5015,"Fruit flies like a banana
",20171031
56250,4059,想像力は、現実との戦いにおける唯一の武器である。,20170301
76374,2506,あなたは尾行されている。数日間はいかがわしい行為をやめなさい。,20170310
76374,7310,「彼はとても心が狭く、鍵穴から両目で,20170211
67238,8504,-- リリー・トムリン,20170721
67238,2218,すべてのバグには7つの兆候があった。,20170804
67238,7351,ミッキーマウスはスピロ・アグニューの腕時計をしている。,20171113
69813,9035,講師はプラナリアについて200ページを課すだろう。,20170103
69813,8426,「何もしなくても誰が気にする？これは我々の新しい,20170305
69813,1137,「カルビン・クーリッジはプリマスから出た最も偉大な人物だった,20170324
89202,5149,-- G・B・ショー,20180309
89202,2306,時間を無駄にすることは、生きることの重要な一部である。,20180216
89202,232,芸術的な冒険が注目される。美術館を襲え。,20170509
43489,1973,皮肉屋：物事をありのままに、あるべき姿ではなく見る、欠陥のある視力を持つ悪党。,20170104
43489,2021,何もない。,20180409
22191,709,"不在者：収入があり、""",20180308
22191,4986,腐敗した：政治において、信任または利益のある職に就くこと。,20170605
22191,5269,すべてのハックには7つのバグがあった。,20180309
36946,4754,-- フィンリー・ピーター・ダン（ミスター・ドゥーリー）,20180104
35465,8476,警官を避けるには良い日。学校まで這って行こう。,20170530
13641,2021,宇宙は大きい。あなたはそれがどれほど広大で、巨大で、心を,20170418
13641,3999,第一法則：働かずに何も得ることはできない。,20170428
13641,6129,働くために。,20170416
90810,4993,-- ケーログ・アルブラン,20170322
90810,5778,-- マーク・トウェイン,20180318
90810,3382,注意：呼吸はあなたの健康に有害な場合があります。,20171202
59712,4029,サンフランシスコ？,20170106
59712,1344,自己中心主義とは、親切な自然が痛みを和らげるために与える麻酔である。,20171113
66117,3810,もし入力が正確でなかったら。,20171101
66117,9126,他人があなたのことをどう思っているか心配するな。彼らは,20170329
73490,3750,人生を深刻に受け止めすぎるな。生きては出られないのだから。,20171119
73490,8082,つまり、もしアパートを借りるなら、あなたは3つの,20180413
73490,5201,我々にハムと豚肉とベーコンを与えてくれる。,20180129
43020,6701,しばらくハリケーンに近づかないように。,20171210
43020,3114,あっちへ行け！邪魔だ！,20180201
46338,5004,デュシャームの公理：,20171225
27952,1033,記者（マハトマ・ガンジーへ）：ガンジーさん、,20180418
27952,6636,光の速さより速いものはない…,20170920
66602,4781,天才には限界があるかもしれないが、愚かさにはそのような,20170420
66602,3362,決して美徳の道に迷い込むな。,20180122
66602,3297,「なぜ足の甲に特別な名前がないんだろう？」,20170130
60672,9956,人生はヨーヨーで、人類はその糸に結び目を作る。,20170508
14510,8759,彼に起こるありふれたこと。,20170401
14510,1750,気分転換には良い日。寝室の壁紙を張り替えよう。,20171104
47330,703,LISPプログラマーはすべての価値を知っているが、そのコストは,20180331
91136,9335,-- イディッシュ語のことわざ,20180114
91136,1190,よそで。」,20171202
62092,4044,現実は幻覚の障害である。,20170606
62092,4951,すべてのプログラムは、他のプログラムの一部であり、めったに適合しない。,20170130
62092,8342,"Murphy would be there to tell me
",20171105
52564,66,彼らがあなたのことをどう思っているか心配することで忙しい。,20170616
52564,9167,-- ウディ・アレン,20180429
25352,709,数学の法則が現実に関わる限り、それらは,20170112
25352,7245,生きている方がましだ。,20180313
74488,8925,今回のログインセッション：$13.99、しかしあなたには$11.88,20180408
74488,4331,パタパタ、ばたばた、ぱたん,20180418
74488,1374,誘惑を取り除く唯一の方法は、それに屈することだ。,20170418
21625,7310,さえ。,20170604
45375,7331,科学には何か魅力的なものがある。人はそのような卸売りの,20170418
17415,3463,あなたは間もなく認識されるかもしれない。隠れなさい。,20170311
77915,5425,-- W・C・フィールズ,20170807
74499,4485,午後はロマンスに非常に好都合。一人の人を,20170416
74499,1396,ユニコーンを救えないなら、魔法に何の意味がある？,20170530
52612,4246,5年間で、我々は一つの素晴らしいプログラミング言語を手に入れることができる。ただ,20170203
52612,3810,"        Anything that can go wr
",20170217
67713,3490,しかし、私が命じたことだけだ。,20170306
67713,3318,「新発売」および／または「改良」と表示されたものは、そうではない。その表示は,20180420
67713,1302,そして男性的な衝動,20180327
53789,8498,システム/3！システム/3！,20171106
53789,4193,プロジェクトMACを通り過ぎたとき,20170720
33655,9791,"Rocky's Lemma of Innovation Prevention
",20170306
88170,3123,"
",20171111
88170,777,ネーザーの法則：,20180204
73804,1389,彼を避けろ。彼は共産主義者だ。,20180107
73804,374,他人はあなたに安定を求めるだろう。だから、,20171225
73804,1851,慰謝料とは、二人が過ちを犯したとき、そのうちの一人が,20180119
78429,7351,スープが治せないのは、母親への神経症的な依存である。,20171220
78429,8559,闇が漏れ出す。,20170716
78429,746,彼らは私を偏執病に見せようとしているだけだ！,20180413
89808,8383,"He sure is a fun god
",20171231
22942,3823,物事は今よりも昔のようになっている。,20180314
22942,3470,"Fruit flies like a banana
",20171031
22942,5748,UFOは実在する。空軍は存在しない。,20180109
73125,66,大学：ソフトウェアハウスのようなもの。ただし、ソフトウェアは無料で、,20170108
80931,3151,民主主義とは、,20170421
80931,7773,「どうして知るものか？私は何だ、哲学者か？」,20170325
80931,6653,真に賢い者は、決してユニコーンと馬跳びをしない。,20170831
82146,1994,リュシストラタは良いアイデアを持っていた。,20180113
73107,622,子供に装填済みの鯉で遊ばせるな。,20170921
60668,212,しかし、科学者たちは、知っているはずなのに,20170131
60668,9768,もし時がすべての傷を癒すなら、なぜへそは変わらないのか？,20180222
43678,6658,"Bizarreness is the essence of the exotic
",20170522
25496,2071,タルムードで最も古くから puzzling されてきた問題の一つは、「なぜ神は,20170303
60913,4520,紙に当たる。,20170604
72353,2716,川は湿っている。,20170807
29087,5003,-- ブルース・レヴェレット,20180101
29087,3009,ファッションとは、あまりに耐え難い醜さの一形態であり、我々はそれを,20170326
86892,6669,"A city is a large community where people are lonesome together
",20170921
86892,6059,-- オスカー・ワイルド,20171203
86892,1837,新しい議員たちは政府を立て直すと言っている。私は,20171216
42773,1143,SQL交響楽団コンサート,20170405
47304,7466,問題を十分注意深く見れば、,20180305
47304,4876,スープが治せないのは、母親への神経症的な依存である。,20180311
47304,7478,1981年、滑降スキーに最悪の月：1月。行列は,20171102
93498,6239,光の速さより速いものはない…,20180419
93498,9564,団体では、すべてのメンバーを名誉あるものとして言及するのが通例である。例えば、「,20180322
93498,9053,神は7日で世界を創造したのではない。6日間遊び呆けて,20170312
92799,6085,-- 『ドクター・フー』より、准将,20170317
92799,3199,相手が綴りを知っていること。,20171117
92799,339,「今こそすべての善良な人々が立ち上がる時だ。」,20170112
75743,6184,自分自身を問題の一部として。,20170831
75743,4961,それはやる価値がなかった。,20180203
75743,8114,-- アラン・パーリス,20170712
92604,1393,歌手がいなければ、オペラはどれほど素晴らしいだろう。,20170917
92604,9583,確固たる決断の日だ！！！！！それとも違うか？,20180116
92604,2789,今夜は半月。（少なくとも、月がないよりはましだ。）,20180430
15914,3244,本物のプログラマーはPL/Iでは書かない。PL/Iは,20170405
15914,4448,"Hail to the sun god
",20171224
15914,8600,服を着替える。登山はOKで、本物のプログラマーは,20180212
35869,8233,"Conscience is the inner voice that warns us somebody is looking
",20180112
35869,4612,時間だ！」,20180331
98716,6503,時々子供っぽくなれないなら、大人である意味はない。,20170603
26455,2207,"        But the good ones I've seen
",20170320
26455,3997,プロジェクトMACを通り過ぎたとき,20180316
33376,9188,新しい議員たちは政府を立て直すと言っている。私は,20180103
33376,7946,"You have the capacity to learn from mistakes.  You'll learn a lot
",20170914
32703,7416,何もない。,20170416
53384,8383,プログラミング。,20180211
53384,8152,生きている方がましだ。,20170502
11175,9564,"We wish you a Hare Krishna
",20180325
11175,7113,-- マーク・トウェイン,20171115
68154,7236,自然と自然の法則は夜に隠されていた,20170329
68154,3016,1ビットたりとも取るな！,20170729
55926,8417,ああ、一体どうしたのだろう,20170715
55926,3201,決して立ち止まって電話に出る必要がない。,20170120
55926,6515,もし10個のパラメータを持つプロシージャがあるなら、おそらくいくつか見逃している。,20170414
89848,4576,ゼロックスはそれを何度も何度も何度も…,20171202
89848,6656,サンフランシスコ？,20180205
89848,8468,そしてこれはとても奇妙だった、なぜならそれは,20170111
47749,9,年間最悪の月：2月。2月は28日しかなく,20171225
47749,4149,-- G・B・ショー,20170912
47749,9738,犯罪の兆候：絶叫または助けを求める叫び声。,20171112
77660,1193,神は草を発明した。,20170225
77660,2714,書かれたものと、そうでないもののために。,20170527
77660,2071,そして先月分を前払いで。,20170813
60657,2403,壊れないおもちゃは、他のおもちゃを壊すのに役立つ。,20170915
60657,8798,今夜はコウモリに餌をやらないで。,20170109
60657,7773,「商品市場で小金を稼ぐ方法は、始めることだ」,20170629
15976,8864,"Vitamin C deficiency is apauling
",20170113
15976,5585,午後は明るくなるだろう。警官があなたの顔にライトを当てるから。,20170826
93416,2059,脳（動詞）：[「脳する」のように]  bluntly に、しかし pointedly ではなく叱責すること。,20171226
93416,4329,正義：あなたに有利な決定。,20180501
93416,4938,本物のプログラマーはコードにコメントをしない。書くのが難しかったのなら、,20170601
58965,4837,-- マクスウェル・スマート,20170707
58965,6154,探すのをやめなさい。幸福はあなたのすぐ隣にある。さて、もし彼らがただ,20170513
58965,124,「ラクダが針の穴を通るのは、それが,20170605
94332,4137,老いたプログラマーは死なず。ただ新しいアドレスに分岐するのみ。,20171029
25430,6101,"We wish you a Hare Krishna
",20170730
25430,341,そのモニターは完全に負ける！,20170802
55343,5493,フィラデルフィアは退屈ではない――ただ、隣にあるからそう見えるだけだ。,20171129
55343,2806,扱いやすい：あなたは間違った問題を解決した。,20170225
54118,6292,応用テロの第四法則：,20170913
54118,4683,行方不明者になる絶好の機会。,20170815
14577,3581,幸福：他人の不幸を熟考することから生じる心地よい感覚。,20180429
14577,1202,ユーカリの木の中で。,20171008
98633,2044,最適化は進化を妨げる。,20170105
37764,4069,腐敗した少数による、無能な多数の任命。,20170228
37764,7474,"BLISS is ignorance
",20180318
37764,3878,コンウェイの法則：,20171008
26296,9053,さようなら。私は退屈だから去る。,20171218
26296,2264,エラーのないプログラムを書く方法は二つある。三番目の方法だけが,20170422
58691,6072,風呂に入る…,20171212
58691,551,法は、その荘厳な平等において、富める者にも,20180108
58691,6753,それがいかに走るか見よ！それがいかに走るか見よ！,20180320
21314,4687,コンピュータがクラッシュする。,20170715
23832,3799,脳（動詞）：[「脳する」のように]  bluntly に、しかし pointedly ではなく叱責すること。,20170107
23832,339,メニュー：レストランがちょうど品切れにした料理のリスト。,20171020
65557,3904,マクガワンのマディソン・アベニュー公理：,20170718
65557,1714,-- アナトール・フランス,20180313
65557,3737,英語では、すべての単語を動詞化できる。我々の,20170211
24587,3992,最初で成功しないなら、諦めろ。とんでもない馬鹿になる必要はない。,20180316
24587,3072,アメリカを美しく保とう。ビール缶を飲み込め。,20180112
24587,7862,"WHERE CAN THE MATTER BE
",20170815
89298,8476,ノスタルジアは、もはや昔のものではない。,20180210
89298,2834,コンピュータ科学の言語。強い型付けは記憶力の弱い人々のためのものだ。,20170127
89298,3204,小売りで買う必要がある。」,20180110
29232,8777,"        Anything that can go wr
",20171110
29232,7947,そうだと告げられたとき,20170222
11202,8753,誰でも扱えるように作ることはできるが、,20170829
77730,1830,大酒を飲むには最高の日。オフィスのウォータークーラーに酒を入れろ。,20170507
77730,3904,5年間で、我々は一つの素晴らしいプログラミング言語を手に入れることができる。ただ,20170924
77730,4318,良い忠告とは、悪い手本を示すには年を取りすぎた男が与えるものである。,20170903
32704,6722,赤ん坊とは、一端に大きな声、もう一端に,20171118
32704,2153,-- ケーログ・アルブラン,20170623
32704,9406,死とは、人生があなたに「お前はクビだ」と告げる方法である。,20180224
60059,6602,今日は旅行が重要。明日、国税庁の役人が来る。,20170728
60059,418,それは、死んだ方がましだと思う人々のための時間つぶしの本だった。,20171205
60059,1410,アメリカを美しく保とう。ビール缶を飲み込め。,20170510
92235,9832,アメリカは、野蛮から飛躍した国としてユニークかもしれない。,20180205
92235,8909,-- オスカー・ワイルド,20180323
92235,5628,システム、その主要な弱点がすべて露呈した,20170111
18923,2863,ヴァン・ロイの法則：,20170804
99283,4699,「新発売」および／または「改良」と表示されたものは、そうではない。その表示は,20171118
99283,3984,あなたは大きな音に驚くだろう。,20170611
71929,8249,時空間スキップの中で。,20171028
71929,104,私は聴衆に、彼らがなしうる最善のことは,20170402
13679,1643,神は草を発明した。,20180408
13679,2958,"
",20170606
28951,1783,-- ケーログ・アルブラン,20170122
28951,4987,大学とは、教員が,20170809
28951,4207,私は木を全く見ることがないだろう。,20170623
56315,4143,"        While her lover lamented
",20170211
56315,8979,我が国には良い5セント葉巻がたくさんあるが、問題は,20170105
61681,2035,それはかつて私を指していた。,20171101
61681,9137,核攻撃の場合、学校での祈りを禁じる連邦政府の判決は,20180403
48144,3072,彼がその向こう側から現れるまで、あなたは彼を見ることはないだろう。,20171204
48144,8869,-- グルーチョ・マルクス,20180112
63571,4354,しかし、それは素人にとってあらゆる物事に関する最高の本だからだ。,20170807
98405,9289,重力は神話だ、地球は吸い込む。,20170527
98405,341,マクガワンのマディソン・アベニュー公理：,20180416
61317,6015,人間はアルコールを発明した。,20171101
61317,2089,消化不良。,20180413
87413,9469,世界がかつて見たことのない。,20180214
87413,7894,ラー！ラー！ラー！,20180306
87413,8826,"Accuracy: The vice of being right
",20170124
14913,8836,ノスタルジアは、もはや昔のものではない。,20180320
65153,9876,-- フィンリー・ピーター・ダン（ミスター・ドゥーリー）,20170325
65153,6845,「この核軍拡競争を続けるなら、君たちがやることは,20171026
65427,3634,新しい議員たちは政府を立て直すと言っている。私は,20171227
65427,7705,爆弾。,20170705
70873,1743,サラダにとってのニンニクが、芸術にとっての狂気である。,20180413
70873,8698,瓦礫を跳ねさせる,20170723
70873,7310,旗。,20170807
28811,488,口を閉ざしていれば、足は集まらない。（口は災いの元）,20180419
28811,9245,彼らにそれを返す。,20180302
28811,4884,"A.A.A.A.A.: An organization for drunks who drive
",20170222
75892,4331,A: 33人。1人がビットを持ち、32人がレジスタを押す。,20171222
90168,1599,本物のプログラマーは文書化しない。ドキュメントは、,20171219
78290,4729,"WHERE CAN THE MATTER BE
",20170903
78290,777,プログラマーが英語で書けるようにすれば、,20170510
64921,1799,死ぬ：突然罪を犯すのをやめること。,20170610
88978,2044,科学とは、先入観が検証に出会ったときに起こることである。,20170909
62847,6275,デュシャームの教訓：,20170902
62847,9145,薬局への道は遠いかもしれないが、宇宙に比べればピーナッツみたいなものだ。,20180417
62847,9373,勇気を奮い起こせ！他のものは全部台無しにしたんだから。,20170314
50375,8233,感嘆：他人が,20170406
50375,1389,「成功できるのに、なぜ男でいる必要がある？」,20170718
54319,1743,系論：,20171018
54319,488,消化不良。,20170419
54319,9171,川は湿っている。,20170530
15508,6262,"Laetrile is the pits
",20170526
15508,7113,そして男性的な衝動,20171205
41382,916,柔和な者は地を受け継ぐだろう――彼らは弱すぎて断れないのだ。,20180211
41382,9669,提案を拒否する。,20180331
41382,7888,そして他のエロティックな効果。,20180421
68902,7236,3) 「もしお前が自分で思うほど賢いなら、,20180306
60958,5714,-- アンブローズ・ビアス,20170131
60958,4804,ヴァン・ロイの法則：,20171103
58360,8431,-- アルベルト・アインシュタイン,20171222
58360,3984,それを直し、そして…,20170601
58360,3595,すべてはトップダウンで構築されるべきだ、最初の時を除いては。,20180114
48760,7854,英語では、すべての単語を動詞化できる。我々の,20170702
48760,4674,大きな財産を持って。」,20170811
44308,9923,シャボン玉？,20170520
44308,212,さて、GCよ、当面は,20170605
44308,2044,本ではなく、スープを濃縮せよ！,20170703
95669,2110,Fortranが存続し続ける可能性。,20180108
95669,3463,ゼロックスは決して独創的なものを生み出さない。,20170623
14252,8666,最適化は進化を妨げる。,20170329
14252,3823,ストリップは回転した。,20171002
14252,6505,もし良い写真が撮れたとしても、それらは台無しになるだろう,20170820
30184,4448,想像力は、現実との戦いにおける唯一の武器である。,20180307
30184,4930,自己中心主義とは、親切な自然が痛みを和らげるために与える麻酔である。,20170411
64098,1604,-- R・ガイス,20170419
64098,3471,"Murphy would be there to tell me
",20170807
90800,5999,短い針が…にある。,20180305
90800,8418,2. 直線あてはめが必要な場合、データは2点のみ取得すること。,20170425
90800,7454,そしてサン・ミョン・ムーン（文鮮明）！,20170414
28264,7758,幸福：他人の不幸を熟考することから生じる心地よい感覚。,20171207
28264,8057,俗語とは、コートを脱ぎ、手に唾を吐きかけ、,20171026
28264,7792,有り余るエネルギーを発散させるには良い日だ。何か重いものを盗め。,20170318
43444,4715,"一目惚れは、""",20170113
43444,5748,"Computer programmers do it byte by byte
",20171218
38504,2110,改善する。,20171207
51948,1994,「三重アイソ分岐クリプトンゲートMOSプロセス…」,20180425
39496,4915,歴史の第一法則：,20170519
98135,1171,コンピュータ。,20170514
98135,9325,行方不明者になる絶好の機会。,20171019
28544,845,めったにきれいではなく,20170815
28544,1054,-- マーク・トウェイン,20180101
83043,658,-- アルベルト・アインシュタイン,20171221
53765,2177,"Vitamin C deficiency is apauling
",20170217
53765,4044,"
",20170328
53765,994,我々のビデオプロセッサに『スタートレック3.2』をロードした。」,20170224
46982,2594,コンピュータにゴミを入れれば、ゴミしか出てこない。しかし,20170319
35603,2886,ユーザー空間と同じようにカーネル空間でも！,20170504
35603,2993,-- グルーチョ・マルクス,20170729
30991,8187,俗語とは、コートを脱ぎ、手に唾を吐きかけ、,20170412
62215,5606,"Paul Revere was a tattle-tale
",20180220
89405,1001,その構文はJOSSより悪い。,20171022
89405,6437,人工知能に一年費やせば、,20170724
19227,55,これを自分で証明するには、,20180116
19227,4719,優越性は劣性である。,20171210
19227,2506,"Steinbach's Guideline for Systems Programming
",20180118
47786,2365,手。,20170717
47786,3521,自分がどこにいるか気にしないなら、迷子ではない。,20170520
87054,3114,明かりがつく。,20170216
87054,374,腐敗した：政治において、信任または利益のある職に就くこと。,20180113
87054,8605,銀行家とは、太陽が輝いているときに傘を貸してくれ,20170410
33902,7466,-- ドロシー・パーカー,20180501
79185,2151,ベアメタルで。アプリケーションプログラミングは、システム,20180130
50209,7093,コンピュータがクラッシュする。,20170716
50209,1266,犯罪の兆候：絶叫または助けを求める叫び声。,20180402
50209,1166,コンピュータを家庭に持ち込んでも、どちらも変わらないだろうが、,20180101
48001,8541,ジョニーは祭りからなかなか帰らない。,20171028
48001,4930,シャボン玉？,20170621
41193,2253,その絵を説明する。1万語のセットで適切に,20170203
41193,7841,"We wish you a Hare Krishna
",20170429
41193,7242,本物のプログラマーはコードにコメントをしない。書くのが難しかったのなら、,20170728
67988,3157,歩行者。,20171209
67988,8380,-- ウィンストン・チャーチル,20170415
95797,315,多数派の側にいることに気づいたときはいつでも、,20170817
47306,2153,死ぬことは非常に退屈で陰気なことだ。そして、君への私のアドバイスは,20170614
47306,1794,"God is a polythiest
",20170307
47306,8804,"        when someone inadvertently opens the darkroom door and all of
",20180415
22823,1404,これを自分で証明するには、,20170111
65278,2054,-- 愚者の辞書,20171122
94171,6127,年間最悪の月：2月。2月は28日しかなく,20170517
94171,9145,新しい議員たちは政府を立て直すと言っている。私は,20170506
18855,1344,ローマ帝国はなぜ崩壊したのか？事務所のラテン語は何？,20170817
18855,4485,"God is a comic playing to an audience that's afraid to laugh
",20171119
88418,6386,今夜はユーカリの木で眠るな。,20171010
96010,3322,"The Universe is laughing behind your back
",20170401
96010,11,ゼロックスはそれを何度も何度も何度も…,20170710
35476,1600,会話：息を切らしている方が,20170701
71386,2986,「すべての肉は草である」,20170818
71386,2274,大人：もっと分別があってもよい年齢の者。,20170904
44380,2924,彼らがその代金を払い続ける。,20170703
44380,5270,それ。,20170710
44380,7259,-- ジョン・オハラ,20170614
72813,2558,科学には何か魅力的なものがある。人はそのような卸売りの,20180320
96016,9917,自己中心主義とは、親切な自然が痛みを和らげるために与える麻酔である。,20170311
96016,9122,白いひげを生やし、赤いスーツを着たぽっちゃりした男が間もなくあなたに近づくだろう。,20170518
96016,2071,間違いはしばしば、完全な失敗への踏み石となる。,20180320
18026,2403,暇な時間に現金を稼ごう――友達を脅迫せよ。,20170412
28435,1659,そして雨が降り出した途端にそれを返して欲しがる。,20170528
28435,8193,ローマ帝国はなぜ崩壊したのか？事務所のラテン語は何？,20180115
28435,2831,コンピュータのせいにされるすべてのエラーの根源には、,20170618
78232,2059,コンピュータがクラッシュする。,20180404
78232,6436,-- ジュール・ド・ゴルティエ,20170928
14062,5810,毛皮のコート。,20180409
14062,2863,汝のプログラムは走り、汝のシステムコールは成されたり。,20170306
45847,5536,-- 愚者の辞書,20170507
45847,3734,自然と自然の法則は夜に隠されていた,20171203
26061,9906,対処法を知らないエラー条件をテストするな。,20170713
26061,1923,-- イディッシュ語のことわざ,20170614
70913,7271,人生。,20170316
70913,8433,-- ウォルト・ケリー,20170122
70913,9177,-- ソーパー上院議員,20180306
94957,8306,コンピュータを家庭に持ち込んでも、どちらも変わらないだろうが、,20170906
94957,2937,恩知らず：餌を与えてくれた手を噛み、そして文句を言う男。,20170906
63175,4476,完全に避けられることを、明日に延ばすな。,20170113
63175,7130,分析され、新たな弱点に置き換えられる。,20170918
63175,374,-- ケーログ・アルブラン,20170705
72002,8629,今日まで。,20171126
80936,2311,速報！人類の知能が低下中。詳細は…ええと、いつだったか,20170306
80936,8979,瓦礫にすぎない,20170104
40412,2506,戴冠式：君主に外見上と,20170622
40412,8132,あっちへ行け！邪魔だ！,20170903
40412,8620,人間は、,20170814
27514,388,ユーカリの木の中で。,20170825
27514,4731,向かっている。,20170629
27514,8082,助けを必要としている旧友をがっかりさせるには良い日だ。,20171116
56253,5396,今年の最悪野菜：芽キャベツ。これはまた、,20170206
56253,6722,警句があるなら、メタ警句もなければならない。,20170628
86541,3297,花嫁：幸せな未来を背後に持つ女性。,20171117
34746,3415,カリフォルニアは住むには良い場所だ――もしあなたがオレンジなら。,20171026
34746,9876,グラフィックスについて：一枚の絵は1万語の価値がある――しかし、,20180112
79285,6702,瓦礫を跳ねさせる,20170420
79285,1365,"The Universe is laughing behind your back
",20170711
32375,2044,イギリス史の中間試験の前夜、あなたの生物学の,20170107
97433,4143,-- アラン・パーリス,20180117
97433,7416,郵便。対応するエラーは、,20170203
77615,658,モグラの問題かい？,20180422
77615,5385,-- メイシーズ,20171128
15412,7466,"不在者：収入があり、""",20180111
15412,690,注意：呼吸はあなたの健康に有害な場合があります。,20171217
71276,6845,-- フィンリー・ピーター・ダン（ミスター・ドゥーリー）,20180417
71276,1926,-- ドクター・フー,20170509
25388,6589,デュシャームの公理：,20170711
25388,5061,神は言われた。「ニュートンあれ」と。するとすべてが光であった。,20170406
11494,2403,-- アラン・パーリス,20170705
11494,2152,アメリカを美しく保とう。ビール缶を飲み込め。,20170623
11494,9469,-- グルーチョ・マルクス,20170623
63547,8418,持ち帰り試験を与えられると、どこに,20170411
26712,9877,医者があなたの症状に名前を付けたからといって、彼が,20180319
26712,9590,「私がしてほしいことを言いなさい」と言ったら、彼にロリポップをあげなさい。,20180220
26712,786,扱う。,20170618
45363,7929,"
",20170402
95313,5519,その構文はJOSSより悪い。,20180129
95313,7386,分子生物学者はデザイナー遺伝子（デザイナーズジーンズとの掛詞）を身に着けるのか？,20170506
95313,2559,"Brain fried -- Core dumped
",20170328
61442,2834,「率直に申し上げましょう、ムッシュ。あなたを,20180217
61442,777,応用テロの第五法則：,20170102
61442,6186,永遠を傷つけずに時間を潰すことはできない。,20170118
93017,4300,共同制作：,20170308
93017,4687,「ここ電話会社では、あらゆる種類の人々にサービスを提供しています。,20180312
53395,4470,事故：心の落ち着きは良いが、,20170415
53395,8633,-- ドクター・フー,20170617
27219,1202,講師はプラナリアについて200ページを課すだろう。,20170926
27219,3351,何もない。,20170414
49829,9319,運勢：セグメンテーション違反――コアダンプ,20170407
98527,8059,団体では、すべてのメンバーを名誉あるものとして言及するのが通例である。例えば、「,20170611
98527,2089,-- ラ・ロシュフコー,20180118
98527,3470,-- 合併形成外科医・工具製造社,20170709
43781,6154,「第三次世界大戦がどのような兵器で戦われるかはわからないが,20170826
69653,2749,-- バート・ウィットニー,20170807
69653,4719,-- ジョー・ウォルシュ,20170527
69653,8132,-- ドクター・フー,20180317
39920,2993,-- A・E・ハウスマン,20170427
39920,6105,何もない。,20171217
39920,9673,人々はお一人様一点限りのものなら何でも買う。,20170129
84039,5043,正直者：口がきけず、読み書きができない。,20170103
25967,3376,コーナー、バーモント州」,20171105
25967,9432,LISPプログラマーはすべての価値を知っているが、そのコストは,20170729
25967,7236,ゼロックスはそれを何度も何度も何度も…,20170120
37213,1143,SQL交響楽団コンサート,20170803
37213,1143,SQL交響楽団コンサート,20171129
37213,1143,SQL交響楽団コンサート,20180201
71727,1381,郵便。対応するエラーは、,20170505
82128,3357,街角の酒場を活性化させる。,20170124
82128,8605,は一時的に中止されます。,20180420
82128,2362,"A.A.A.A.A.: An organization for drunks who drive
",20171011
35315,4591,神は言われた。「ニュートンあれ」と。するとすべてが光であった。,20170730
10287,6229,ガンジー：それは良い考えだと思う。,20170801
10287,709,大学：ソフトウェアハウスのようなもの。ただし、ソフトウェアは無料で、,20170408
33407,5971,「どんなに親しい友人でも、互いの葬式には参列できない。」,20180126
20450,2652,ダンという名の若い詩人がいた,20180221
20450,1659,A: 両方だ。,20170408
85525,2306,神を。,20171105
85525,3190,レーガン大統領は、経済評論家が多すぎると指摘し,20170102
69506,9306,ベアメタルで。アプリケーションプログラミングは、システム,20171129
69506,4961,-- オスカー・ワイルド,20180419
69506,1625,-- ブルース・レヴェレット,20180306
68975,7113,今回のログインセッション：$13.99、しかしあなたには$11.88,20170623
68975,4354,鍋は向こうの端にある。,20180112
68975,3232,すべてが可能だが、,20171216
62189,4329,丸一日得られない。可能な限り2月は避けよう。,20170227
62189,8433,"Familiarity breeds attempt
",20171021
11191,4754,この国に必要なのは、良質な5セントのニッケル硬貨だ。,20180329
11191,7660,Fortranが存続し続ける可能性。,20170508
49774,4804,多数派の側にいることに気づいたときはいつでも、,20170402
20930,7676,-- アラン・パーリス,20171015
20930,4652,もし10個のパラメータを持つプロシージャがあるなら、おそらくいくつか見逃している。,20180403
65997,3647,-- ジョン・バリモアの最期の言葉,20180420
65997,2230,-- ジョン・オハラ,20170612
12184,3865,"We wish you a Hare Krishna
",20180213
12184,4837,上司を驚かせろ。時間通りに出勤しろ。,20170605
12184,8417,さようなら。私は退屈だから去る。,20170517
34372,2967,しかし、科学者たちは、知っているはずなのに,20180419
34372,4149,一度。,20170523
40085,3115,"It was the reader's CONS
",20180330
40085,8964,コンピュータは絶対に間違わない。,20171215
57727,1306,-- エルバート・ハバード,20180109
57727,9188,"It's not that I'm afraid to die.  I just don't want to be there when it
",20180411
62667,9310,大西洋を、口に動詞をくわえて。,20170911
81231,7259,暇な時間に現金を稼ごう――友達を脅迫せよ。,20170505
81231,2917,きわどいアリアを専門とする歌姫は、オフコロラトゥーラソプラノだ…,20170121
81231,9934,歴史の第一法則：,20170801
14591,8442,腐敗した：政治において、信任または利益のある職に就くこと。,20170824
75235,9245,タバコ：一端に火、もう一端に愚か者、そして,20170426
79248,2502,サラダにとってのニンニクが、芸術にとっての狂気である。,20170910
79248,402,「なぜ足の甲に特別な名前がないんだろう？」,20170530
31483,5963,老兵は死なず。若者は死ぬ。,20170110
31483,1519,川は湿っている。,20170325
83073,4448,そして徹夜した。,20171102
83073,8548,毛皮のコート。,20170112
44593,996,それに慣れろ。,20170122
13849,493,-- ウディ・アレン,20170331
13849,8729,大学とは、教員が,20170625
84139,2207,皮肉屋：色眼鏡を通して物事を偏見の目で見る者。,20180124
84139,2099,収支を合わせられると思った頃に、誰かが,20170501
97007,845,それは完全な損失だった。,20180306
97007,968,そしてサン・ミョン・ムーン（文鮮明）！,20170828
25630,4352,自動化？,20170626
25630,5972,手。,20170622
25630,345,今年はハンニバル・デーを祝おう。象を昼食に連れて行け。,20170324
50715,7364,収支を合わせられると思った頃に、誰かが,20170328
36844,9956,貧しい人々をお互いから守るために。,20170424
36844,8012,歩行者。,20170207
36844,241,外交官とは、妻に,20170816
42458,1923,多数派：犯罪と法律を区別する性質。,20171113
42458,7478,銀行家とは、太陽が輝いているときに傘を貸してくれ,20170120
42458,2967,時間を無駄にすることは、生きることの重要な一部である。,20170622
55388,4534,酸はあなたを汚す。,20170718
10890,1404,「それは素晴らしいに違いない！私には全く理解できない。」,20180311
10890,551,もう一方には責任が。,20170803
44093,1520,"There was a young lady from Hyde
",20170903
44093,6377,そして徹夜した。,20170313
44093,8836,-- マーク・トウェイン,20170222
55861,6658,彼らがそれを売ってくれればいいのに。,20170225
19444,4534,確固たる決断の日だ！！！！！それとも違うか？,20170109
75880,4381,我が国には良い5セント葉巻がたくさんあるが、問題は,20171218
75880,2177,ダクトテープはフォースのようなものだ。光の側面と闇の側面があり、,20170501
69124,7820,蒸気配管工のピクニックで。,20170605
69124,2671,-- マーク・トウェイン,20170228
69124,4702,Q: 電球を交換するのに、異性愛者の男性は何人必要か？,20180204
64369,3297,団体では、すべてのメンバーを名誉あるものとして言及するのが通例である。例えば、「,20171028
64369,746,-- フィンリー・ピーター・ダン（ミスター・ドゥーリー）,20171001
11295,4240,脳（動詞）：[「脳する」のように]  bluntly に、しかし pointedly ではなく叱責すること。,20170418
11295,7338,それに慣れろ。,20171029
11295,6136,"...And malt does more than Milton can
",20171004
27771,6129,結晶学のオタクたち。,20170615
27771,8633,「本当？なんて偶然、私も浅はかよ！」,20180216
27771,6515,注意：呼吸はあなたの健康に有害な場合があります。,20180104
84609,2967,今年は幸運な日を過ごす。,20180126
84609,6965,「なぜ足の甲に特別な名前がないんだろう？」,20171129
84609,8504,プログラミング。,20170110
60238,5493,覚えておけ、たとえ出世競争に勝ったとしても――お前はまだネズミだ。,20180408
60238,3595,この種のゴミ。,20170510
29123,8569,システム/3！,20171210
20408,9589,熱力学の三法則：,20180206
20408,2311,-- アルベルト・アインシュタイン,20180214
20408,5585,悪意に帰するな、,20180411
44238,1163,は去ることだった。,20180416
44238,1623,爆弾。,20170502
14824,7181,アシッド――化学を通じたより良い生活。,20170526
14824,158,向かっている。,20170519
67544,9630,聞くことすべて、あるいは言うことすべてを信じるな。,20170706
69680,1649,誰もが彫刻を教わることができる。ミケランジェロは,20171220
24830,9325,今、自然に振る舞いなさい。煮えくり返り、怒り狂い、かんしゃくを起こしなさい。,20180127
65222,3114,名誉ある：手の届く範囲に障害があること。立法府では,20171002
65222,6131,有り余るエネルギーを発散させるには良い日だ。何か重いものを盗め。,20170920
65222,4310,今日は大きな嘘をつくな。小さな嘘でも同じくらい効果的だ。,20180407
76585,1393,バグを修正し、再びダンプする：,20180128
81296,1295,電気処刑：すべての現代的な改良が施された火あぶり。,20180404
81296,3384,何をしているかわからないときは、きれいにやれ。,20170205
81296,3999,明日！,20170725
94940,4429,本物のプログラマーはPASCAL、BLISS、ADA、その他赤みがかった,20180318
94940,3521,自分がどこにいるか気にしないなら、迷子ではない。,20180116
81247,551,"BLISS is ignorance
",20171010
81247,845,人々が私に同意するときはいつも、私は自分が間違っているに違いないと感じる。,20171208
81247,9162,それが何か知っている。,20180325
20177,7792,彼らがあなたのことをどう思っているか心配することで忙しい。,20170816
20177,737,ユーカリの木の中で。,20170509
42994,8773,16歳以上で、美しく裕福で、,20171208
42994,2403,"God is a comic playing to an audience that's afraid to laugh
",20170925
31790,6964,-- ベルトルト・ブレヒト,20170205
31790,3623,"Familiarity breeds attempt
",20170921
31790,8233,本物のプログラマーはコードにコメントをしない。書くのが難しかったのなら、,20180220
31179,4069,神は練習のために愚か者を作り、そして教育委員会を作った。,20170709
31179,6292,天才には限界があるかもしれないが、愚かさにはそのような,20180423
31179,8193,科学には何か魅力的なものがある。人はそのような卸売りの,20170204
87729,2365,もし神が我々に裸でいてほしかったなら、我々はそのように生まれていただろう。,20170615
87729,3517,戴冠式：君主に外見上と,20170111
87729,6515,ウェイター：「紅茶かコーヒー、どちらになさいますか？」,20171210
43712,4915,解決策ではなく、問題を修正する。,20180307
86977,8063,「お前は母親のような男には決してなれない！」,20170916
86977,9122,システム/3！システム/3！,20170113
86977,9190,なし。「ユーザーが解決できるだろう。」,20171123
17123,106,ウィル・ロジャースが言ったように、「無料の,20180122
17123,2443,対処法を知らないエラー条件をテストするな。,20180318
17123,2274,最適化は進化を妨げる。,20171231
38094,793,主は、もしそうでなければ、なぜ我々にこれほどの素早い動きを与えられたのか。,20180315
38094,126,プログラミング。,20171102
38094,2210,時々子供っぽくなれないなら、大人である意味はない。,20180210
46765,4982,今夜がその夜だ：ユーカリの木で眠れ。,20180203
46765,2272,"Conscience is the inner voice that warns us somebody is looking
",20180206
46765,5843,"        But the good ones I've seen
",20170804
55130,363,彼らがその代金を払い続ける。,20180308
43859,4554,朝に自己嫌悪するな――昼まで寝ろ。,20171104
41251,9599,今日は驚きが待っている。家賃もだ。,20170321
41251,1837,正義：あなたに有利な決定。,20180210
53076,8727,最適化は進化を妨げる。,20170318
53076,6101,「一度でいいから、,20170815
53076,865,早朝にコーヒーを飲むな。昼まで目が覚めてしまうぞ。,20170717
23264,2731,それが、点で対になって,20180115
55429,8777,人生をやり直せるかもしれない――もし最初の,20180409
42843,3745,一つ。,20180212
42843,9669,何かが起こる確率が百万分の一なら、,20180420
60918,7587,キッシュと綴る。彼らはトゥインキーや四川料理を食べる。,20170326
60918,9185,-- ケーログ・アルブラン,20170511
60918,2420,そのモニターは完全に負ける！,20170417
43116,8082,精神科医は4人に1人が精神的に病んでいると言う。,20170410
43116,7420,事柄は常に支配的で制御的であった。,20170319
89781,4723,-- ケーログ・アルブラン,20170205
89781,8925,"
",20170712
89781,8777,嘘：真実の非常に粗末な代用品だが、発見された唯一のもの。,20180408
82392,3323,目…」,20170221
18486,2993,彼は言った、「ああ、知っているよ」,20170714
87968,2075,歌手がいなければ、オペラはどれほど素晴らしいだろう。,20170625
87968,8279,チケット。,20170914
19713,8114,想像力は、現実との戦いにおける唯一の武器である。,20170927
84714,9434,ネーザーの法則：,20170502
84714,4273,自分自身を問題の一部として。,20171123
84714,9353,会話：息を切らしている方が,20171103
72740,6292,狂気は遺伝する。子供から受け継ぐのだ。,20170218
72740,9126,ディスク上の100ブロックのゴミ！,20171226
78591,1600,電気処刑：すべての現代的な改良が施された火あぶり。,20170423
73484,2071,"enough cheese
",20171104
73484,2875,探すのをやめなさい。幸福はあなたのすぐ隣にある。,20170902
73484,1056,"Fruit flies like a banana
",20171102
75182,6077,「お前は母親のような男には決してなれない！」,20171010
75182,3362,"Time flies like an arrow
",20180304
28844,1144,絵で説明される。,20170901
28844,1393,-- マーク・トウェイン,20171203
28844,988,目…」,20170707
33650,2475,ユーザー（名詞）：あなたが言ったことを何でも信じるプログラマー。,20170210
33650,9319,3) 「もしお前が自分で思うほど賢いなら、,20170221
88292,6965,人を馬鹿と呼ぶな。彼から借りろ。,20170305
59158,5493,リメリックは複雑な芸術形式,20171201
59158,4804,-- ジョン・バリモアの最期の言葉,20170204
59158,3670,3) 「もしお前が自分で思うほど賢いなら、,20171116
16640,9130,-- サルヴァー・ハーディン,20170901
16640,8012,永遠を傷つけずに時間を潰すことはできない。,20170124
90286,4965,応用テロの第五法則：,20170125
90286,9768,丸一日得られない。可能な限り2月は避けよう。,20170926
90286,4723,-- サルヴァー・ハーディン,20180113
29152,8729,考えてみろ！VLSIがあれば、1平方センチメートルに100台のENIACを詰め込める！,20170730
32134,6740,大統領や王から地の果てのクズまで…,20170823
41610,85,体の方が良い。,20170621
41610,8663,-- ハーバート・フーバー,20170926
41610,4659,自由で、オープンで、陽気であれ！楽しめ！事態はこれ以上良くならないから,20170805
19368,9388,-- ドン・クイン,20170121
19368,7609,腐敗した：政治において、信任または利益のある職に就くこと。,20180402
19368,2272,-- ラザルス・ロング,20180409
41082,9877,外交官とは、妻に,20170328
17834,3647,警官だ。」,20170123
17834,488,他人があなたのことをどう思っているか心配するな。彼らは,20180109
17834,2152,低空飛行する蝶に注意。,20180310
18407,9529,ああ、決して、決して疑うまい,20180210
18407,703,ヌーディストとは、一つボタンのスーツを着る人々のことである。,20171027
18407,7990,グラフィックスについて：一枚の絵は1万語の価値がある――しかし、,20170506
96756,1137,-- ジョージ・サンダースの最期の言葉,20170121
96756,2274,何もない。,20180223
13857,7698,瓦礫にすぎない,20180325
13857,1659,A: 33人。1人がビットを持ち、32人がレジスタを押す。,20180322
58017,2581,結果が事前に分かっていない限り、資金提供機関は,20170710
58017,8612,理性の命令に従って行動するように。,20170828
84114,7841,"
",20171222
84114,8559,システム、その主要な弱点がすべて露呈した,20171104
84114,1574,ああ、決して、決して疑うまい,20170502
18466,8118,"Time flies like an arrow
",20180402
18466,8629,-- マーク・トウェイン,20171213
33346,6625,正しいプログラムを理解するより、間違ったプログラムを書く方が簡単だ。,20170313
33346,6184,短い針が…にある。,20180211
33346,9564,物事は今よりも昔のようになっている。,20170723
70289,6254,今夜は半月。（少なくとも、月がないよりはましだ。）,20171122
59823,9105,良い知らせ。金曜日から10週間後は、かなり良い日になるだろう。,20180201
59823,4534,-- オスカー・ワイルド,20171110
23932,7028,定言命法を打倒せよ！,20170507
99488,4063,5年間で、我々は一つの素晴らしいプログラミング言語を手に入れることができる。ただ,20170719
99488,6156,経験とは、あなたが認識することを可能にする素晴らしいものである。,20170822
99488,777,助けを必要としている旧友をがっかりさせるには良い日だ。,20170625
31293,1404,我が国には良い5セント葉巻がたくさんあるが、問題は,20171209
31293,1155,今、私はそれを守っている。,20170511
31293,2365,「演技とは、観客に,20170228
37999,1625,予報官たち、そして超過預言者税を決定した。,20171206
37999,2152,-- ウィンストン・チャーチル,20170306
99936,6575,コンピュータ科学の言語。強い型付けは記憶力の弱い人々のためのものだ。,20170926
53549,4804,他人があなたのことをどう思っているか心配するな。彼らは,20171224
53549,7758,-- エルバート・ハバード,20170722
35711,9974,彼らは私を偏執病に見せようとしているだけだ！,20170704
43900,8132,"Steinbach's Guideline for Systems Programming
",20170912
43900,8620,分子生物学者はデザイナー遺伝子（デザイナーズジーンズとの掛詞）を身に着けるのか？,20170209
43900,674,もし入力が正確でなかったら。,20180411
76193,4702,客1：「紅茶をください」,20170529
21023,1753,点。,20170917
21023,8491,全くプログラムを手に入れられず、手に入れたものを受け入れる。,20170108
21023,7820,「それは素晴らしいに違いない！私には全く理解できない。」,20170122
14745,8778,今夜は家族のことを考えなさい。,20180322
88637,3362,それが何であれ、私は再び結婚するだろう。,20170111
88637,2099,"A limerick packs laughs anatomical
",20170920
14058,3734,覚えておけ、たとえ出世競争に勝ったとしても――お前はまだネズミだ。,20180225
27337,4112,-- ハーバート・フーバー,20170527
44857,6575,最適化は進化を妨げる。,20170814
44857,7698,もしそうなら、そうなるだろう。しかし、そうではないから、そうではない。それが論理だ！,20170623
44857,5468,早朝にコーヒーを飲むな。昼まで目が覚めてしまうぞ。,20171213
70223,8542,自分自身を問題の一部として。,20171223
70223,968,あなたのプログラムを説明しているときに聞き手がうなずいたら、,20170504
74302,9103,息をしている方がリスナーと呼ばれる。,20170427
74302,6589,牛は、我々人間が,20180219
74302,8667,プログラマー。,20170109
76205,2940,点。,20180119
76205,1229,より懸命に。,20180416
98423,3635,民主主義とは、,20180127
98423,3345,全く価値がない。,20180306
79163,1878,分析され、新たな弱点に置き換えられる。,20170820
21057,7093,それが、点で対になって,20171028
11403,3776,第一法則：働かずに何も得ることはできない。,20170411
47389,6843,私はあなたが思うほど酔っていない。（I'm not as think as you drunk I am. の言葉遊び）,20170209
86091,8426,-- マーク・トウェイン,20170202
86091,7043,"
",20170509
86091,7698,今夜は家族のことを考えなさい。,20170910
28517,2834,彼らの話題は主にセックスに及ぶ。,20170330
28517,4044,客1：「紅茶をください」,20171010
61079,6969,本ではなく、スープを濃縮せよ！,20171110
50838,1542,-- ドクター・フー,20170821
50838,8995,私は7つのハックを持つQuuxに出会った。,20170926
35404,5478,"        Every instructor assumes that you have nothing else to do
",20171228
35404,2044,大学：ソフトウェアハウスのようなもの。ただし、ソフトウェアは無料で、,20170903
22695,2979,宇宙は大きい。あなたはそれがどれほど広大で、巨大で、心を,20170911
22695,1106,"
",20170927
22695,9624,道徳的にハンディキャップのある人を雇いなさい。,20180211
30293,4239,おばあちゃんを路上から遠ざけろ――ビンゴを合法化せよ。,20171120
30293,5101,考えてみろ！VLSIがあれば、1平方センチメートルに100台のENIACを詰め込める！,20180130
98036,7364,腐敗した少数による、無能な多数の任命。,20170104
98036,136,-- ケーログ・アルブラン,20170628
98036,8012,A: 3人。1人が電球をねじ込み、2人がそれを邪魔する者たちを追い払う。,20171105
29360,2834,軍法は正義にとって、軍楽が音楽にとってそうであるようなものだ。,20180216
29360,1288,事故：心の落ち着きは良いが、,20171012
58451,6084,-- マーク・トウェイン,20171212
89112,8777,対処法を知らないエラー条件をテストするな。,20171020
89112,7107,外交とは、石を見つけるまで「いい子だね、ワンちゃん」と言い続ける技術である。,20170707
70985,6999,"Whether you can hear it or not
",20170523
98734,3652,馬鹿：人間社会において影響力を持つ、大きくて強力な部族のメンバー。,20171217
98734,4476,小売りで買う必要がある。」,20170110
50224,8061,外交官とは、妻に,20180427
57868,6884,最適化は進化を妨げる。,20170605
87774,8883,熱力学の三法則：,20171128
87774,5539,"        Anything that can go wr
",20170129
87774,9245,蒸気配管工のピクニックで。,20170112
77658,7262,大酒を飲むには最高の日。オフィスのウォータークーラーに酒を入れろ。,20180219
54342,1999,相手のエラーの原因を取り除くこと。,20180213
35366,3483,すべてのプログラムをRPGで実行する！,20170624
35366,4387,分析され、新たな弱点に置き換えられる。,20180115
81773,4987,Fortranが存続し続ける可能性。,20170506
91340,1960,チキン・リトルは正しかった。,20170817
91340,4699,IBMにはPL/Iがあった,20171129
56410,9681,"        If an idea can survive a bureaucratic review and be implemented
",20170731
56410,8061,改善する。,20170212
30534,8468,もし神が完全なら、なぜ不連続関数を創造されたのか？,20180421
30534,3737,姉妹や近親者が弾くピアノよりも迷惑だ。,20170123
52643,4491,-- ソーパー上院議員,20180226
52643,6186,確率は50対50だ。,20180322
52643,5145,良い知らせ。金曜日から10週間後は、かなり良い日になるだろう。,20170308
31295,7110,あなたは尾行されている。数日間はいかがわしい行為をやめなさい。,20171125
31295,5043,一番大声で鳴く鶏が、最も,20170711
31295,9917,神は7日で世界を創造したのではない。6日間遊び呆けて,20170708
49115,5042,扱う。,20170929
93315,8491,英語では、すべての単語を動詞化できる。我々の,20180119
93315,8784,メビウスの輪の上のネズミ,20170320
11297,3973,彼を避けろ。彼は共産主義者だ。,20180421
92408,2731,明日！,20171114
92408,7338,異なれ：順応せよ。,20171115
59258,842,すべてが可能だが、,20180404
59258,5970,「それは素晴らしいに違いない！私には全く理解できない。」,20171124
59258,4867,一度。,20180101
81368,4283,リメリックは複雑な芸術形式,20170224
57556,786,ダクトテープはフォースのようなものだ。光の側面と闇の側面があり、,20180215
57556,2059,コンピュータの集中力は、その,20170927
99478,7535,-- ケーログ・アルブラン,20170118
99478,764,午後：我々がどうやって,20170728
99478,6845,真実は今朝明らかになるだろう。（それが事態を本当に混乱させるかもしれない。）,20171130
85497,574,酵素とは、生物学者が発明したものであり、,20180202
85497,6085,電気技術者はより少ない抵抗でやる。,20180123
85497,2863,完全な馬鹿でも扱えるように。,20180331
18787,8158,真に賢い者は、決してユニコーンと馬跳びをしない。,20170606
18787,1988,本ではなく、スープを濃縮せよ！,20171022
18787,3357,子供は、,20180422
30304,1623,そしてこの言語が行くところどこでも,20170623
30304,2953,裸の腕を持つ権利を支持せよ！（武器を持つ権利(bear arms)との掛詞）,20170403
30304,4892,豚は、もし私が間違っていなければ,20170901
14284,3201,書くこと。,20170618
14284,2940,他人に彼の心が大きいと思わせておけ,20180209
16045,6059,価格が上がった。「すべて新品」「完全新品」あるいは「素晴らしい新品」というラベルは,20170419
16045,7758,"God is a comic playing to an audience that's afraid to laugh
",20170323
16045,418,コンピュータがクラッシュする。,20180217
10284,3652,その絵を説明する。1万語のセットで適切に,20170314
10284,1302,ああ、決して、決して疑うまい,20180430
10284,9245,なし。宇宙が電球を回し、禅師は,20170425
48363,2272,100ブロックのゴミ！,20170812
48363,9469,好機は常に、最も不都合な瞬間に訪れる。,20170515
16603,1811,狂気は遺伝する。子供から受け継ぐのだ。,20171004
16603,2600,マクガワンのマディソン・アベニュー公理：,20180211
72931,5255,-- オスカー・ワイルド,20171123
97683,9267,写真の第三法則：,20170623
97683,3869,もし持ち込み可の試験を与えられたら、本を忘れるだろう。,20180226
97683,7509,-- クリント・イーストウッド,20170803
64708,341,系論：,20171129
80357,2863,戴冠式：君主に外見上と,20180124
80357,8383,-- G・B・ショー,20171119
80357,8061,国が一流の経営の下で何ができるかを声高に。,20170405
67282,4681,失敗への対処は簡単だ。改善するために努力する。成功もまた,20170113
67282,4859,「演技とは、観客に,20171005
67282,7257,それらに15セントを請求する。,20180201
66857,8836,それは薬の効果を鈍らせる。,20180319
66857,6722,事柄は常に支配的で制御的であった。,20170623
86297,8084,人を馬鹿と呼ぶな。彼から借りろ。,20170113
12121,488,幸せな結婚をする方法は一つしかない。そして私が,20170726
12121,9347,コンピュータは絶対に間違わない。,20170127
17232,8341,銀行家とは、太陽が輝いているときに傘を貸してくれ,20180413
17232,2311,自分がどこにいるか気にしないなら、迷子ではない。,20180109
17232,5561,それは宇宙を一つにまとめている…,20180205
96548,3587,解決策ではなく、問題を修正する。,20170920
96548,4318,"We wish you a Hare Krishna
",20170131
96548,374,彼らの良心の欠如。,20170718
87270,9780,おばあちゃんを路上から遠ざけろ――ビンゴを合法化せよ。,20170610
47878,5748,床を磨いたり、その他のエキサイティングなことをするのに最適な日。,20180315
47878,2677,パーティーを開くには良い日だ。彼をできるだけ遠くに投げ飛ばせ。,20180421
75194,4006,エキサイティングなデラウェア、ニュージャージー。（バリー・フレッチャーの故郷！）,20180405
26758,8666,「何もしなくても誰が気にする？これは我々の新しい,20170723
42334,104,神を。,20170919
42334,8187,そのモニターは完全に負ける！,20180211
42334,1290,爆弾。,20170715
68061,4059,"
",20170811
48312,2858,あなたは犬のような生活を送ってきた。家具から離れていなさい。,20170810
48312,8622,コンピュータは絶対に間違わない。,20170223
48312,3323,"
",20170723
50049,1701,そしてきれいなものは、めったに滑稽ではない。,20171025
77975,1574,12歳以降に。,20180120
77975,9784,サラダにとってのニンニクが、芸術にとっての狂気である。,20171011
77975,9956,先週の火曜日がつまらなかったと思うなら、何が起こるか待ってみなさい。,20171001
46651,2594,価格が大幅に上がったことを意味する。,20170402
12319,4072,やる価値のあることは、誰かにやってもらう手間をかける価値がある。,20171208
12319,1483,相手のエラーの原因を取り除くこと。,20170110
12319,8836,-- ジュール・ド・ゴルティエ,20180105
49649,9681,ディスク上に101ブロックのゴミ！…,20180208
49649,6515,後知恵は精密科学である。,20180313
49649,5344,街角の酒場を活性化させる。,20171216
92974,1701,しかし、我々は熱意のあまり、,20180307
92974,537,子供は、,20170721
92974,4699,「新発売」および／または「改良」と表示されたものは、そうではない。その表示は,20170209
98174,482,"God is a comic playing to an audience that's afraid to laugh
",20170607
98174,4283,それ。,20170305
98174,2241,-- アンブローズ・ビアス,20180102
51139,8657,我々のお気に入りの独占企業によって作られた！,20170823
51139,8898,驚くほど大きいかということだ。つまり、あなたは,20170914
51139,1163,"Call Avogardo 6.02 x 10^23
",20180412
92306,1306,ポップアップ、プッシュダウン、バイト、バイト、バイト！,20170925
92306,4652,誰でも扱えるように作ることはできるが、,20171231
92306,9159,さようなら。私は退屈だから去る。,20180430
66305,6022,経験とは、あなたが認識することを可能にする素晴らしいものである。,20180311
50526,176,貧しい人々をお互いから守るために。,20170926
50526,2338,現代人とは、類人猿と人間との間の失われた環（ミッシング・リンク）である。,20171112
50526,363,理解するのが難しいだろう。,20171219
37142,9137,正しいプログラムを理解するより、間違ったプログラムを書く方が簡単だ。,20171027
37142,1909,5年間で、我々は一つの素晴らしいプログラミング言語を手に入れることができる。ただ,20170115
87502,6965,神は死んでいない、ただ駐車スペースを見つけられなかっただけだ。,20170427
87502,541,"Familiarity breeds attempt
",20170405
14210,4491,一度。,20180219
14210,3251,しかし、科学者たちは、知っているはずなのに,20170421
16657,4892,コンピューティングの第43法則：,20171126
16657,2306,-- アラン・パーリス,20180404
16657,9087,書くこと。,20180328
32037,6229,正義：あなたに有利な決定。,20180322
32037,6084,"        The mouse dissolved
",20180115
32037,703,もし良い写真が撮れたとしても、それらは台無しになるだろう,20171102
14622,3441,私は聴衆に、彼らがなしうる最善のことは,20171105
31321,5562,朝。,20171202
31321,2189,この種のゴミ。,20170626
60615,2059,-- ジョン・バリモアの最期の言葉,20171028
35436,1389,"miss
",20170612
35436,3517,ファッションとは、あまりに耐え難い醜さの一形態であり、我々はそれを,20170812
79450,1675,本物のプログラマーはコードにコメントをしない。書くのが難しかったのなら、,20170614
79450,9902,"        Every instructor assumes that you have nothing else to do
",20171106
79450,6184,ヴェリリンドの実験の法則：,20180402
72828,2731,今日はあなたが勝者になるだろう。4歳児に喧嘩を売れ。,20170307
72828,515,本物のプログラマーはコードにコメントをしない。書くのが難しかったのなら、,20180312
72828,134,エネルギーを節約せよ：無関心であれ。,20170425
49750,9373,トゥルナウカの法則：,20170131
49750,9105,大統領や王から地の果てのクズまで…,20170209
49750,968,不在：友人や知人の攻撃にさらされること。中傷されること。,20180108
77929,9335,予算とは、金を使う前に心配するための方法に過ぎない。,20180326
77929,3156,-ディープ・ソート,20170505
77929,364,マーフィーの法則が間違っている可能性があるなら、それは間違っているだろう。,20170901
42115,3016,豚は、もし私が間違っていなければ,20171110
28916,6059,"一目惚れは、""",20180101
32824,446,コンピュータがクラッシュする。,20170331
32824,6625,"        A new hydrocarbon
",20170104
32824,6789,来週の金曜日はあなたの幸運な日ではない。実を言うと、あなたは,20171226
13933,9906,パーティーを開くには良い日だ。彼をできるだけ遠くに投げ飛ばせ。,20180501
44952,4951,もし入力が正確でなかったら。,20171209
44952,5313,今年は幸運な日を過ごす。,20171025
73816,4699,民主主義とは、,20170916
73816,8976,主は、もしそうでなければ、なぜ我々にこれほどの素早い動きを与えられたのか。,20170923
35740,3209,人生は玉ねぎのようなものだ。一枚一枚皮をむいていくと、,20171117
35740,8383,-- ジョン・マクナルティ,20170712
35740,1623,"        The mouse dissolved
",20170308
80381,2858,もし時がすべての傷を癒すなら、なぜへそは変わらないのか？,20170619
80381,2264,委員会――それが彼らを破滅させるだろう。,20171028
69854,3587,タイプライターは、感情を込めて演奏されると、,20170618
69854,2917,1. 再現性が問題になる可能性がある場合、テストは,20170907
85013,1329,-- ジョージ・サンダースの最期の言葉,20180322
85013,6377,アコーディオン：プリーツ付きのバグパイプ。,20170805
50515,4892,-- W・サマセット・モーム,20170805
50515,3053,精神病院：楽観主義が最も栄える場所。,20180112
50515,8431,-- R・ガイス,20170214
92085,8416,そして彼女の内部でリンゴ酒を作った。,20171129
24340,7994,今日はあなたが勝者になるだろう。4歳児に喧嘩を売れ。,20170520
24340,4731,-- 『銀河ヒッチハイク・ガイド』,20170806
31413,1604,レーガン大統領は、経済評論家が多すぎると指摘し,20170524
83015,8932,ああ、決して、決して疑うまい,20170301
83015,764,-- ヨハネ・パウロ1世,20171118
56467,2089,-- ジョン・バリモアの最期の言葉,20171028
56467,1973,新しい町。,20180217
56467,5270,責任は常に権限を上回る。,20171210
63474,6884,"It was the reader's CONS
",20171102
63474,7820,「家具との議論は、めったに生産的ではない。」,20170928
98115,5810,リュシストラタは良いアイデアを持っていた。,20170805
98115,5927,"Today is the first day of the rest of the mess
",20170806
98115,8932,"
",20170416
67843,1404,-ディープ・ソート,20180309
67843,7227,人々。,20171011
67843,8753,何をしているかわからないときは、きれいにやれ。,20170107
54941,8363,"It's because I try to put every possible syllable into that last line
",20171226
89755,9712,すべてのプログラムには（少なくとも）二つの目的がある。一つは,20170427
89755,8455,カサブランカから出て、ドイツ人は奇跡を非合法化した。」,20170512
89755,3463,リメリックは複雑な芸術形式,20170228
10319,1200,"Advertisement: The most truthful part of a newspaper
",20180417
10319,9319,献身的な追随者の不足により、偉大な指導者の生産は,20180108
86967,6517,"Fruit flies like a banana
",20171126
75483,8716,-- D・J・ヒックス,20171105
75483,8995,ハンロンの剃刀：,20170515
77955,8476,本物のプログラマーはBASICでは書かない。実際、BASICで書くプログラマーはいない。,20170703
77955,792,野心とは、怠けるほどの分別がないことの粗末な言い訳である。,20171222
78113,8279,記者（マハトマ・ガンジーへ）：ガンジーさん、,20170728
55569,6642,改革するために。,20170728
55569,8421,彼は言った、「ああ、知っているよ」,20170603
55569,8541,生きている方がましだ。,20170202
29886,3652,分析され、新たな弱点に置き換えられる。,20180224
29886,6965,今夜はユーカリの木で眠るな。,20180130
29886,9470,LISPプログラマーはすべての価値を知っているが、そのコストは,20180224
45986,3351,扱う。,20170314
59031,1751,左にシフト！右にシフト！,20170721
59031,3750,クリーブランドはまだ生きている。神は死んだに違いない。,20170328
36942,8176,戴冠式：君主に外見上と,20170809
36942,2210,"        A new hydrocarbon
",20171006
36942,402,-- アルベルト・アインシュタイン,20180302
76380,1599,熱力学の三法則：,20170723
76380,5972,-- ドロシー・パーカー,20170115
76380,1851,闇が漏れ出す。,20170724
36168,718,ディスク上に101ブロックのゴミ！…,20170430
36168,9362,深まる憂鬱の中で、あなたの犬がようやく,20170827
36168,6505,"Hail to the sun god
",20171129
16714,624,旗。,20170117
16714,8367,金を持つ者がルールを作る。,20170520
40751,9660,-- ポール・マクラッケン,20171110
40751,1799,-- ウィンストン・チャーチル,20170611
40751,2049,批判するが、もし皆に嫌われたら、あなたも偏執病になるだろう。,20170616
46200,8521,応用テロの第四法則：,20170515
72831,8403,「私の友人たちと私は皆、狂っている。それが我々を,20170312
57728,9414,登山靴を職場に。万一、,20170702
20685,3444,チキンスープ：,20170209
52537,1001,想像力は、現実との戦いにおける唯一の武器である。,20170815
28582,1143,SQL交響楽団コンサート,20170615
28582,1143,SQL交響楽団コンサート,20170115
28582,1143,SQL交響楽団コンサート,20171220
28582,1143,SQL交響楽団コンサート,20171215
65475,5772,-- ジョン・マクナルティ,20170208
74027,4965,ガスはひどい匂いがする。,20180211
74027,649,この種のゴミ。,20171003
74027,6571,調査の日。あなたは召喚されるだろう。,20170814
85305,8306,サラダにとってのニンニクが、芸術にとっての狂気である。,20170615
85305,4687,左にシフト！右にシフト！,20170127
85305,3204,全くプログラムを手に入れられず、手に入れたものを受け入れる。,20171103
74098,9434,蒸気配管工のピクニックで。,20180102
60912,2958,アシッド――化学を通じたより良い生活。,20170812
60912,4837,チキン・リトルは正しかった。,20180312
60912,1623,-- アドレー・スティーブンソン,20180128
92977,1056,"
",20170916
92977,517,-- マーク・トウェイン,20180220
38268,8864,-- ケーログ・アルブラン,20170320
38268,3770,他人に彼の心が大きいと思わせておけ,20170110
14090,8759,-- サルヴァー・ハーディン,20171009
14090,1077,手。,20171119
14090,5155,プロジェクトMACを通り過ぎたとき,20170104
68693,4354,「要するに、_Nがリシャール的であるのは、_Nがリシャール的でない場合に限る。」,20170122
68693,9159,人生をやり直せるかもしれない――もし最初の,20170201
68693,2918,予定説は最初から運命づけられていた。,20170730
71083,3322,もし誰かが、私がいつか教皇になると言っていたら、私は,20171217
71083,1667,-- ハーバート・プロクナウ,20170213
71083,4331,2) 「お前と、どの軍隊だ？」,20180226
91114,7338,「今こそすべての善良な人々が立ち上がる時だ。」,20170806
32773,6765,障害を克服するには良い日。障害物競走を試してみよう。,20180128
32773,3266,神は7日で世界を創造したのではない。6日間遊び呆けて,20170417
99673,9362,他人に彼の心が大きいと思わせておけ,20170329
81337,8455,-- ヘンリー・キッシンジャー,20170620
81337,9188,終わる。,20180317
27968,1973,軍法は正義にとって、軍楽が音楽にとってそうであるようなものだ。,20171216
27968,8491,壊れないおもちゃは、他のおもちゃを壊すのに役立つ。,20170416
27968,651,Q: 論理右シフトをするのにIBMのCPUは何個必要か？,20180403
75521,7676,"Bizarreness is the essence of the exotic
",20170113
75521,7351,"Computer programmers do it byte by byte
",20180130
43834,8316,-- アラン・パーリス,20180128
43834,2526,世界がかつて見たことのない。,20180501
44351,4876,捨てられる運命にある：重要なのは、常にそれを,20170810
44351,8380,"BLISS is ignorance
",20170223
80669,6059,何が起こっているか。,20170208
80669,2831,経済学者の間では、現実世界はしばしば特殊なケースである。,20171119
80669,4195,-- ルイス・キャロル,20170525
74132,8778,-- ルイス・キャロル,20180311
74132,2049,本物のプログラマーは9時から5時まで働かない。もし本物のプログラマーが午前9時頃にいるなら,20180116
74132,5282,-- ジョン・チアルディ,20170723
14370,4534,そしてこれはとても奇妙だった、なぜならそれは,20171024
14370,9564,"Vote anarchist
",20171127
16667,7028,馬の分別とは、馬が,20170817
16667,2295,-- ブルース・レヴェレット,20171231
84107,9347,「可能性は三つある。パイオニアの太陽電池パネルが,20180118
84107,8360,未来の仕事は危険であることだ。,20170916
88754,1144,「最適化コンパイラにおけるレジスタ割り付け」,20170331
88754,2210,よそで。」,20170524
88754,5269,好機は常に、最も不都合な瞬間に訪れる。,20170908
54181,2153,1) 「心配するな、俺が何とかする」,20170809
91930,6059,ハンディキャップのある。,20170417
22549,7390,-- ブラウン・セキュリティ犯罪防止パンフレットより,20170308
22549,4069,対処法を知らないエラー条件をテストするな。,20170814
59773,8724,コンピューティングの第43法則：,20171208
59773,284,"Ass（尻/ロバ）：""lass""（娘）の男性形。",20170328
59773,3896,世界は終わる！悔い改め、図書館の本を返しなさい！,20170825
89516,9712,-- オスカー・ワイルド,20170810
71751,674,"        But this output can be
",20171203
13018,6447,ジョージ・オーウェルは楽観主義者だった。,20170806
13018,9414,これを自分で証明するには、,20170829
41695,8315,"Laetrile is the pits
",20170612
37485,5091,責任は常に権限を上回る。,20171024
59227,5512,講師はプラナリアについて200ページを課すだろう。,20170328
59227,9934,鍋は向こうの端にある。,20171001
59227,3318,ネーザーの法則：,20170410
83725,5925,ユーカリの木の中で。,20170520
83725,9246,目…」,20171024
83725,8187,ダイナマイトで空高く吹き飛ばされる神聖な権利の目に見える兆候。,20170723
69898,106,-- イザヤ,20180416
69898,1529,今日。,20170113
92698,8029,老兵は死なず。若者は死ぬ。,20170816
92698,9053,サンフランシスコはかつての姿ではなく、そして決してそうではなかった。,20170203
92698,1194,プログラムに合わせて仕様を変更する方が、その逆よりも簡単だ。,20180416
16074,3199,その絵を説明する。1万語のセットで適切に,20180126
95848,5294,"There was a young lady from Hyde
",20170816
95848,2475,-- アラン・パーリス,20170409
95848,5201,IBMにはPL/Iがあった,20170302
98428,5033,どんな組織にも、常に一人は知っている人がいる。,20170827
29452,9346,名誉ある：手の届く範囲に障害があること。立法府では,20171116
27159,6958,分析され、新たな弱点に置き換えられる。,20170128
56559,9150,-- オスカー・ワイルド,20171224
56559,5753,それがいかに走るか見よ！それがいかに走るか見よ！,20180218
56559,5344,それは薬の効果を鈍らせる。,20170201
62544,9612,種が動くかどうかを見ずに。,20180201
62544,9064,丸一日得られない。可能な限り2月は避けよう。,20170819
62544,7262,闇が漏れ出す。,20180209
10683,2668,我々自身。,20180214
10683,1046,99ブロックのゴミ！,20170725
10683,9472,（ウェイター退場、そして再登場）,20170410
71400,1728,変数。」,20180310
48937,6993,時間を無駄にすることは、生きることの重要な一部である。,20170917
48937,9035,自由で、オープンで、陽気であれ！楽しめ！事態はこれ以上良くならないから,20180206
48937,5344,委員会――それが彼らを破滅させるだろう。,20170214
17258,5425,エキサイティングなデラウェア、ニュージャージー。（バリー・フレッチャーの故郷！）,20170726
17258,3157,世界がかつて見たことのない。,20180125
17258,8633,-- ドロシー・パーカー,20180326
28227,2403,書くこと。,20180109
91465,1649,"
",20170704
94945,232,"
",20171022
94945,2499,「ボンベイの気候は、その住民が生活しなければならないほどのものである」,20170102
54301,1143,SQL交響楽団コンサート,20170816
50962,1728,起こる。,20170505
50962,5043,誰でも扱えるように作ることはできるが、,20170712
50962,7275,もう一方には責任が。,20170529
70458,4143,そして先月分を前払いで。,20180323
70458,1529,太陽は海の上で輝いていた。,20171027
70458,2433,失敗への対処は簡単だ。改善するために努力する。成功もまた,20170319
20768,2581,ジョージ・オーウェルは楽観主義者だった。,20171110
20768,649,扱いやすい：あなたは間違った問題を解決した。,20180225
20768,4717,それらに15セントを請求する。,20171024
66924,2433,UFOは実在する。空軍は存在しない。,20170617
66924,9414,あなたは間もなく認識されるかもしれない。隠れなさい。,20180415
66924,5155,-- マーク・トウェイン,20180215
54564,9570,警官を避けるには良い日。学校まで這って行こう。,20180314
54564,3114,-- オスカー・ワイルド,20170414
54564,1155,書くこと。,20170410
99704,4986,それは続かなかった。悪魔が「ホー！」と叫び,20170302
99704,2092,朝に自己嫌悪するな――昼まで寝ろ。,20170331
99704,2652,ヴァン・ロイの法則：,20170506
90739,8729,不幸は仲間を好むが、仲間はそれに応えない。,20180109
90739,6658,100ブロックのゴミ！,20180131
90739,4240,症状、兆候、バグ、そしてハック。,20171112
10472,7888,世界は終わる！悔い改め、図書館の本を返しなさい！,20170531
73422,9087,LSDは、その重さの47倍の過剰な現実を消費する。,20180223
73422,4246,機械上で、彼らは「ほんの数回」の30時間で動作するようにパッチを当てることができる。,20170718
73286,106,人生はヨーヨーで、人類はその糸に結び目を作る。,20180212
25925,2403,-- グルーチョ・マルクス,20170706
37897,3779,"We wish you a Hare Krishna
",20180411
37897,7297,改革するために。,20170830
57444,5648,もし我々が進む方向を変えなければ、我々は,20170313
28798,5396,世の中で噂されることより悪いことは一つしかない。そしてそれは,20170823
20137,1389,-- ルイス・キャロル,20170914
20137,5323,自動化？,20170901
20137,5772,しかし、それは素人にとってあらゆる物事に関する最高の本だからだ。,20180419
57180,515,すべてのハックには7つのバグがあった。,20171005
57180,1077,これを自分で証明するには、,20180420
31836,7093,我々自身。,20170708
31836,8976,機能する。,20171110
95906,8949,驚くほど大きいかということだ。つまり、あなたは,20170628
95906,2958,"Steinbach's Guideline for Systems Programming
",20170701
43158,4235,法は、その荘厳な平等において、富める者にも,20170302
21007,9906,ゼロックスはそれを何度も何度も何度も…,20170518
21007,551,イギリス史の中間試験の前夜、あなたの生物学の,20171218
21007,5023,-- ジェローム・レトヴィン,20171212
77101,1604,写真の第三法則：,20170604
77101,4554,-- ヒレア・ベロック,20170318
58604,2420,点。,20170505
58604,5810,電球を交換するのに、テックライターは何人必要か？,20180221
58604,9520,もし神があなたに裸で歩き回ってほしかったなら、もっと大きな,20170816
92845,9035,あなたのプログラムを説明しているときに聞き手がうなずいたら、,20170214
92845,5777,応用テロの第五法則：,20180107
92845,6275,恩知らず：餌を与えてくれた手を噛み、そして文句を言う男。,20170602
98131,9335,鍋は向こうの端にある。,20170421
14507,4485,プログラミング。,20171108
14507,1107,調査の日。あなたは召喚されるだろう。,20180119
76253,9190,太陽は海の上で輝いていた。,20170905
76253,8909,-- アラン・パーリス,20171219
65781,537,真に賢い者は、決してユニコーンと馬跳びをしない。,20170308
65781,5914,クリンクラーの第一法則：,20170910
50583,7378,彼は、注文していない付け合わせでも見るかのように私を見た。,20170724
50583,1785,彼らがその代金を払い続ける。,20180408
50583,4804,この種のゴミ。,20171001
76690,2863,大きな財産を持って。」,20170510
97337,8433,5年間で、我々は一つの素晴らしいプログラミング言語を手に入れることができる。ただ,20171031
97337,129,本物のプログラマーのプログラムは、最初は決して正しく動かない。しかし、もしあなたが,20170106
30558,7130,老いたプログラマーは死なず。ただ新しいアドレスに分岐するのみ。,20170131
30558,5135,より懸命に。,20171222
79412,8431,「そして、私と同じくらい大きくなったら何をするの？」,20171220
79412,2668,文学的なドイツ人が文章に飛び込むときはいつでも、それが最後だ。,20170628
51315,3225,それを直し、そして…,20170911
41857,1529,"He did his very best to make
",20180122
41857,9712,メビウスの輪の上のネズミ,20180216
39390,6386,ゼロックスは決して独創的なものを生み出さない。,20170708
65886,4195,太陽から。大きな隕石が通信を妨げているか、あるいは誰かが,20170625
65886,4612,戴冠式：君主に外見上と,20170120
65886,2958,-- アラン・パーリス,20170809
91064,8361,-- ケーログ・アルブラン,20180416
91064,842,深まる憂鬱の中で、あなたの犬がようやく,20170103
91064,690,-- ケーログ・アルブラン,20170405
93439,7113,それはやる価値がなかった。,20180401
93439,6869,それ。,20180220
45905,346,郵便。対応するエラーは、,20171205
45905,8600,助けを必要としている旧友をがっかりさせるには良い日だ。,20180407
99655,3521,-- アルベルト・アインシュタイン,20171023
76631,7509,人生。,20171109
76631,4387,強い酒には気をつけろ。それは税務署員を撃ちたくさせ、そして,20170108
21669,8068,それが何であれ、私は再び結婚するだろう。,20171127
21669,2513,西洋文明？,20170813
21669,2350,精神病院：楽観主義が最も栄える場所。,20170805
60187,2806,は一時的に中止されます。,20180315
60187,1811,無政府状態は最良の統治形態ではないかもしれないが、,20180430
60187,8109,脳は素晴らしい器官だ。あなたが起きた瞬間に働き始め,20171107
47130,8029,捨てられる運命にある：重要なのは、常にそれを,20170422
47130,8063,応用テロの第四法則：,20170225
44164,212,-- マーク・トウェイン,20180426
44164,6154,結晶学のオタクたち。,20171227
97956,8158,1ビットたりとも取るな！,20170908
69139,4534,"Whether you can hear it or not
",20180214
69139,5914,"It never does quite what I want
",20170131
69139,6186,今日。,20171026
45561,4485,「なぜ私は不安なのか？」（ラテン語）,20171202
45561,8925,薬局への道は遠いかもしれないが、宇宙に比べればピーナッツみたいなものだ。,20170909
45561,3415,ユーカリの木で眠らない方がよい、もう一晩。,20180313
98539,703,"        But the good ones I've seen
",20180129
98539,1302,未来はまだら模様。夕方遅くにスープをこぼすだろう。,20171223
24737,8131,-- チャーリー・マッカーシー,20171126
85065,4464,-- ドクター・フー,20170616
85065,7424,"Today is the tomorrow you worried about yesterday
",20180330
87824,5880,時間を無駄にすることは、生きることの重要な一部である。,20171229
87824,1106,-- ハーバート・フーバー,20180416
37958,4951,我々のビデオプロセッサに『スタートレック3.2』をロードした。」,20170909
37958,6015,豚の愚かさだと思う。,20171108
37958,3670,コンピュータ。,20170907
90475,9306,我々にハムと豚肉とベーコンを与えてくれる。,20180331
90475,7609,"        when someone inadvertently opens the darkroom door and all of
",20170124
90475,8605,人々に考えさせていると思わせれば、彼らはあなたを愛するだろう。しかし、もしあなたが,20180102
50416,5157,-- 合併形成外科医・工具製造社,20170428
40636,1295,私にできること。」,20170110
40636,9876,そしてこれはとても奇妙だった、なぜならそれは,20180401
40636,6184,"        The apple fermented
",20170909
40244,9934,靴。,20170919
40244,8187,文学的なドイツ人が文章に飛び込むときはいつでも、それが最後だ。,20170509
86817,7043,非戦闘員：死んだクエーカー教徒。,20171026
87098,9035,釘。,20180227
50874,106,両利きになるためなら右腕を差し出してもいい。,20170502
50874,6186,力の限り輝いて：,20170907
50874,793,そしてサン・ミョン・ムーン（文鮮明）！,20170309
27074,3490,ストリップは回転した。,20171209
27074,146,事実への些細な投資から、推測という見返りを。,20170410
27074,2153,ウェイター：「紅茶かコーヒー、どちらになさいますか？」,20180405
46857,8082,-- 『銀河ヒッチハイク・ガイド』,20170310
46857,2502,シャボン玉？,20170830
46857,5151,"        But she started absorbin'
",20180405
51224,363,縄は緩む。,20170614
55698,2595,確固たる決断の日だ！！！！！それとも違うか？,20180204
55698,1909,大人：もっと分別があってもよい年齢の者。,20170103
55501,6341,予報官たち、そして超過預言者税を決定した。,20170428
61906,4491,"We wish you a Hare Krishna
",20170602
61906,7297,-- ビル・ホースト,20170822
61906,5135,消化不良。,20180312
39567,8667,会話：息を切らしている方が,20170423
35586,2937,"
",20170515
25428,4576,政府機関の解決策があなたの問題に合わないとき、あなたは,20170510
25428,4892,-- ジョン・バリモアの最期の言葉,20180210
25428,6184,"He sure is a fun god
",20170321
72644,8012,-- アナトール・フランス,20171025
93696,8187,彼がその向こう側から現れるまで、あなたは彼を見ることはないだろう。,20170217
93696,8869,失敗への対処は簡単だ。改善するために努力する。成功もまた,20170323
93696,1604,エネルギーを節約せよ：無関心であれ。,20171005
72920,3635,-- カール・ツヴァンツィヒ,20170318
72920,7236,重役。,20170509
72920,5590,大統領や王から地の果てのクズまで…,20171117
11151,5772,ユニコーンを救えないなら、魔法に何の意味がある？,20171101
80151,1087,-- W・サマセット・モーム,20170730
92249,8663,光の速さより速いものはない…,20180123
19671,537,そのモニターは完全に負ける！,20170422
74714,8476,俗語とは、コートを脱ぎ、手に唾を吐きかけ、,20170308
83312,8515,彼を避けろ。彼は共産主義者だ。,20171230
99029,9564,ホーングレンの観察：,20170907
99029,4982,"I think that I shall never see
",20171205
99029,7466,点。,20170505
67835,2863,プログラミング言語。,20180424
67835,9159,気分転換には良い日。寝室の壁紙を張り替えよう。,20170208
76712,9188,愚かさ。,20170414
76712,674,「私の友人たちと私は皆、狂っている。それが我々を,20180402
81689,3213,両利きになるためなら右腕を差し出してもいい。,20180210
85904,5914,子供は、,20170820
85904,4675,収支を合わせられると思った頃に、誰かが,20171209
67667,8559,嘘：真実の非常に粗末な代用品だが、発見された唯一のもの。,20170127
63691,6986,彼らがそれを売ってくれればいいのに。,20170103
63691,4461,考えてみろ！VLSIがあれば、1平方センチメートルに100台のENIACを詰め込める！,20170612
63691,718,自己中心主義とは、親切な自然が痛みを和らげるために与える麻酔である。,20180416
55437,9375,今夜はユーカリの木で眠るな。,20180317
38252,9924,私にできること。」,20180416
38252,6254,来週危機が起こるはずがない。私のスケジュールはすでにいっぱいだ。,20170521
38252,7837,中傷された。,20170616
37710,5294,数学の法則が現実に関わる限り、それらは,20170708
37710,9103,「演技とは、観客に,20170518
37710,3284,ユーカリの木の中で。,20170503
51031,1783,ネーザーの法則：,20170904
51031,6602,エネルギーを節約せよ：無関心であれ。,20170706
51031,3213,川は湿っている。,20170913
75755,4612,"
",20170519
57316,3137,朝に自己嫌悪するな――昼まで寝ろ。,20180425
57316,3139,自分自身を問題の一部として。,20180415
30847,8132,生きる。,20170216
30847,9520,ベアメタルで。アプリケーションプログラミングは、システム,20170827
30847,488,地球は小さな砂粒のようなものだ、ただずっとずっと重いだけ。,20180219
47773,881,-- マーク・トウェイン,20170425
47773,2875,すべてはトップダウンで構築されるべきだ、最初の時を除いては。,20170519
99175,8663,本物のプログラマーはアプリケーションプログラムを書かない。彼らは,20170521
99175,6131,瓦礫を跳ねさせる,20170118
43161,4507,"A limerick packs laughs anatomical
",20170114
41468,3750,UFOは実在する。空軍は存在しない。,20180116
41468,2218,"There was a young lady from Hyde
",20170604
41468,7028,皮肉屋：色眼鏡を通して物事を偏見の目で見る者。,20180421
89971,9137,クリーブランドはまだ生きている。神は死んだに違いない。,20180104
83412,3734,イギリス史の中間試験の前夜、あなたの生物学の,20170611
83412,816,本物のプログラマーはBASICでは書かない。実際、BASICで書くプログラマーはいない。,20170804
51527,3077,-- オスカー・ワイルド,20170319
51527,1202,-- ジョン・チアルディ,20180217
41876,2595,誘惑以外なら何にでも抵抗できる。,20170123
10205,4930,運勢：セグメンテーション違反――コアダンプ,20171025
40758,765,探すのをやめなさい。幸福はあなたのすぐ隣にある。さて、もし彼らがただ,20170216
54688,4429,もし良い写真が撮れたとしても、それらは台無しになるだろう,20170926
54688,7498,"Paul Revere was a tattle-tale
",20171210
54688,5033,しかし、我々は熱意のあまり、,20171220
23494,8061,「なぜ私は不安なのか？」（ラテン語）,20170725
52604,6701,電気コード。,20180211
52604,3323,ハンディキャップのある。,20170525
52604,574,民主主義とは、国が一流の経営の下で何ができるか疑問に思うことが許される統治形態である。,20180406
71713,8727,現代人とは、類人猿と人間との間の失われた環（ミッシング・リンク）である。,20171015
71713,4219,身を粉にして働け！,20170905
78140,6015,食べる。,20171122
78140,7478,プログラミングについての考え方に影響を与えない言語は,20170320
41048,8040,-- マーク・トウェイン,20170228
41048,2967,もし神が我々に裸でいてほしかったなら、我々はそのように生まれていただろう。,20170321
54785,257,プロジェクトMACでの損失はどれくらいか？,20170715
54785,9314,"
",20180422
54785,4965,有り余るエネルギーを発散させるには良い日だ。何か重いものを盗め。,20180103
95505,9246,レーガン大統領は、経済評論家が多すぎると指摘し,20171123
95505,8034,-- ホークウインド,20180128
88980,4149,非戦闘員：死んだクエーカー教徒。,20180313
94232,5784,ゼロックスはそれを何度も何度も何度も…,20170204
94232,3570,青リンゴを食べて死んだ。,20170921
94232,7498,未来はまだら模様。夕方遅くにスープをこぼすだろう。,20170112
25261,3318,真夜中。,20170801
25261,8418,フィラデルフィアは退屈ではない――ただ、隣にあるからそう見えるだけだ。,20170503
14903,4652,人生は玉ねぎのようなものだ。一枚一枚皮をむいていくと、,20170130
99185,8416,アシッド――化学を通じたより良い生活。,20170129
99185,7637,-- アラン・パーリス,20171125
99185,9529,講師はプラナリアについて200ページを課すだろう。,20180308
55662,4612,使いやすく、動作し、もし壊れたら、彼らはすぐに,20170617
81872,6938,大酒を飲むには最高の日。オフィスのウォータークーラーに酒を入れろ。,20170628
81872,3776,アメリカを美しく保とう。ビール缶を飲み込め。,20170523
81872,183,経済学者の間では、現実世界はしばしば特殊なケースである。,20170603
97449,8650,父親は幼い息子に尋ねた。,20170824
53509,4063,-- クラレンス・ダロウ,20180315
53509,1106,電球を交換するのに、ハードウェアエンジニアは何人必要か？,20170611
53509,6127,フィナグルの信条：,20170324
81402,3779,皮肉屋の目を、彼の視力を改善するために。,20170501
43096,1811,"Today is the tomorrow you worried about yesterday
",20180219
21161,7272,16歳以上で、美しく裕福で、,20171227
21161,622,エネルギーを節約せよ：無関心であれ。,20170111
21161,2735,「成功できるのに、なぜ男でいる必要がある？」,20170317
96752,8976,コンピューティングの第43法則：,20170627
96752,3595,経験を共有しようとするカリフォルニア人。,20180119
93087,3187,そして雨が降り出した途端にそれを返して欲しがる。,20180131
93087,1386,理性の命令に従って行動するように。,20180320
37076,5255,-- マーク・トウェイン,20170408
37076,6022,何としても現実を避けよ。,20171103
46128,9335,暇な時間に現金を稼ごう――友達を脅迫せよ。,20170820
46128,3345,CPUにいます我らのOSよ、御名をUNIXと称えさせたまえ。,20180429
87669,4252,ユーザー空間と同じようにカーネル空間でも！,20170416
87669,4867,もう一方には責任が。,20170925
87669,2716,応用テロの第四法則：,20171125
64194,5313,すべての兆候には7つの症状があった。,20170511
64194,4681,本物のプログラマーはBASICでは書かない。実際、BASICで書くプログラマーはいない。,20180318
97404,7478,「ボンベイの気候は、その住民が生活しなければならないほどのものである」,20180111
68179,8790,あなたは大きな音に驚くだろう。,20170328
42757,7937,"Brain fried -- Core dumped
",20170912
98791,7107,良い知らせ。金曜日から10週間後は、かなり良い日になるだろう。,20171017
98791,3,-- G・B・ショー,20171204
93610,8078,豚は、もし私が間違っていなければ,20180331
58700,9267,"        While her lover lamented
",20170906
58700,104,"
",20170630
58700,7351,この国に必要なのは、良質な5セントのニッケル硬貨だ。,20180222
96037,1851,アコーディオン：プリーツ付きのバグパイプ。,20180408
96037,7676,-- マーク・トウェイン,20180416
96037,7258,相手のエラーの原因を取り除くこと。,20171008
73352,3016,自分の評判を考えなさい。名前を変えて、,20170911
73352,816,さえ。,20170124
59290,4063,プログラミング言語。,20170409
59290,1087,正気だ。」,20170602
30895,4464,あなたは大きな音に驚くだろう。,20171008
30895,3156,少年：泥のついた騒音。,20170527
30895,1529,馬鹿：人間社会において影響力を持つ、大きくて強力な部族のメンバー。,20170420
59051,6210,何もない。,20170526
57252,7182,午後：我々がどうやって,20170726
54307,8207,-- グルーチョ・マルクス,20180419
54307,5858,今週は自分で機会を作り出せる。上級,20170730
54307,2044,誰かが「私がただ,20180304
20513,924,助けを必要としている旧友をがっかりさせるには良い日だ。,20170904
38585,5735,運勢：セグメンテーション違反――コアダンプ,20170407
38585,1728,"
",20170426
38585,8341,種が動くかどうかを見ずに。,20180203
43698,8418,1981年、滑降スキーに最悪の月：1月。行列は,20170522
43698,7416,"THE GOLDEN RULE OF ARTS AND SCIENCES
",20171114
43698,1852,-- オスカー・ワイルド,20170118
76398,7894,"Vitamin C deficiency is apauling
",20180326
76398,9362,"Time flies like an arrow
",20180409
76398,2241,今年は幸運な日を過ごす。,20170213
93397,3734,持ち帰り試験を与えられると、どこに,20170614
57793,1468,「ここ電話会社では、あらゆる種類の人々にサービスを提供しています。,20171021
57793,4938,"
",20170728
77024,3885,「どんなに親しい友人でも、互いの葬式には参列できない。」,20170403
77024,4381,良い忠告とは、悪い手本を示すには年を取りすぎた男が与えるものである。,20180314
20779,1567,は一時的に中止されます。,20170307
20779,8633,-- マーク・トウェイン,20170609
64462,5162,左にシフト！右にシフト！,20170322
64462,5043,アメリカを美しく保とう。ビール缶を飲み込め。,20171021
64462,9768,午後は明るくなるだろう。警官があなたの顔にライトを当てるから。,20170609
74306,1016,書かれたものと、そうでないもののために。,20170330
74306,4485,私は未来を見たが、それは現在と全く同じで、ただ長いだけだった。,20171230
74306,388,過去は常にかつてより良く見える。それが心地よいのは、ただ,20180406
26041,7424,リストまたはオブジェクトデッキ。,20171011
23346,8187,ハンディキャップのある。,20170218
79602,4287,時間を無駄にすることは、生きることの重要な一部である。,20170822
79602,4913,点。,20180325
93947,4252,力の限り輝いて：,20171218
67508,2099,経済学者の間では、現実世界はしばしば特殊なケースである。,20170620
67508,3115,暇な時間に現金を稼ごう――友達を脅迫せよ。,20180116
67508,8909,闇が漏れ出す。,20170810
47888,1978,"
",20170324
99038,2716,そして彼女の内部でリンゴ酒を作った。,20170403
99038,6653,アメリカは、野蛮から飛躍した国としてユニークかもしれない。,20171006
62637,8417,"Conscience is the inner voice that warns us somebody is looking
",20170530
62637,9974,キッシュと綴る。彼らはトゥインキーや四川料理を食べる。,20170628
40538,9314,A: 両方だ。,20170424
89392,3878,ネーザーの法則：,20170604
89392,1604,勇気を奮い起こせ！他のものは全部台無しにしたんだから。,20170815
50903,1004,"Vote anarchist
",20170706
50903,3470,力の限り輝いて：,20170531
50903,9347,少年：泥のついた騒音。,20170120
29453,996,恩知らず：餌を与えてくれた手を噛み、そして文句を言う男。,20171011
29453,1266,大西洋を、口に動詞をくわえて。,20180218
93263,17,あなたは賢く、機知に富み、素晴らしいが、あまりに多くの時間を,20180405
39498,5727,他人に彼の心が大きいと思わせておけ,20171017
39498,5313,おとぎ話：子供たちを新聞に備えさせるためのホラーストーリー。,20170630
39498,6789,持ち帰り試験を与えられると、どこに,20170402
27114,4252,ヴァン・ロイの法則：,20180501
27114,3952,我々にハムと豚肉とベーコンを与えてくれる。,20170330
94080,8612,あなたは犬のような生活を送ってきた。家具から離れていなさい。,20180220
94080,4675,モグラの問題かい？,20170606
13155,1973,講師はプラナリアについて200ページを課すだろう。,20170506
13155,55,離婚から抜け出す。,20170612
13155,537,-- アルベルト・アインシュタイン,20170128
93900,7927,その間にタバコ。,20180101
93900,1374,後からよりも。,20180303
93900,7535,今夜がその夜だ：ユーカリの木で眠れ。,20170421
50831,3156,-- R・ガイス,20180430
50831,8057,変数。」,20170917
50831,3635,つまり、もしアパートを借りるなら、あなたは3つの,20171224
95607,7523,完全に避けられることを、明日に延ばすな。,20170406
70607,3797,旗。,20180204
70607,8342,点。,20171016
92656,8193,ユーカリの木の中で。,20170121
54935,8476,提案を拒否する。,20170927
63797,9712,闇が漏れ出す。,20171103
63797,1763,-- フレッド・アレン,20171113
35925,2735,-- オスカー・ワイルド,20180324
35925,3570,-- アーサー・ナイマン,20180201
35925,6658,その詩は決して韻律に合わなかった。,20170303
47215,1625,本物のプログラマーはBASICでは書かない。実際、BASICで書くプログラマーはいない。,20170426
49560,7271,-- R・ガイス,20170507
49560,8729,名誉ある：手の届く範囲に障害があること。立法府では,20170615
67734,9087,本物のプログラマーはFORTRANでは書かない。FORTRANは配管応力マニアや,20170108
67734,8576,口を閉ざしていれば、足は集まらない。（口は災いの元）,20180313
67734,8004,我々自身。,20170131
90972,7378,チケット。,20170330
40405,339,人生をやり直せるかもしれない――もし最初の,20180425
81598,7927,床を磨いたり、その他のエキサイティングなことをするのに最適な日。,20170930
75262,1202,最悪な一日を過ごすには最高の日だ。,20170215
75262,1193,誰かが「私がただ,20170618
75262,5536,真に賢い者は、決してユニコーンと馬跳びをしない。,20180419
52438,7257,"        If an idea can survive a bureaucratic review and be implemented
",20180303
52438,6878,助けを必要としている旧友をがっかりさせるには良い日だ。,20170807
52438,6341,もし神があなたに裸で歩き回ってほしかったなら、もっと大きな,20170818
20376,70,経験とは、あなたが認識することを可能にする素晴らしいものである。,20170731
20376,5829,息をしている方がリスナーと呼ばれる。,20170819
20376,515,会話：息を切らしている方が,20170424
54689,6127,-- トーマス・ジェファーソン,20180127
54689,3491,そして雨が降り出した途端にそれを返して欲しがる。,20180126
24289,792,独身者とは、ある女性を,20170329
24289,1542,"A.A.A.A.A.: An organization for drunks who drive
",20170617
94217,4491,新しい町。,20180406
94217,6658,-- 合併形成外科医・工具製造社,20170228
21887,9310,ツバメがカピストラーノに着陸するのを手伝おう。,20171119
55173,4652,ディスク上の100ブロックのゴミ,20171027
70734,8029,大学とは、教員が,20170916
70734,8012,クリーブランドはまだ生きている。神は死んだに違いない。,20170701
70734,4485,"Vote anarchist
",20180106
25385,6292,-- ウォルト・ケリー,20170913
25385,2311,ユーザー（名詞）：あなたが言ったことを何でも信じるプログラマー。,20170401
14758,4818,"        The apple fermented
",20170620
14758,1994,そのモニターは完全に負ける！,20171115
14758,4239,予定説は最初から運命づけられていた。,20180208
50530,8063,-- ポール・マクラッケン,20170402
53214,4859,-- イザヤ,20170304
53214,712,カミソリは痛い。,20180227
53214,2858,まあいい、全部の卵を一つのカゴに入れちまえ。,20170201
53308,5561,今夜はコウモリに餌をやらないで。,20180117
83458,1163,重要な書類は、自発的に移動することでその重要性を示すだろう。,20170927
83458,9589,こんにちは、ファルケン博士。,20170108
58449,2264,「なぜ私は不安なのか？」（ラテン語）,20171020
80130,8995,変化。,20180311
80130,257,「サワークリームのボウルのように？」と他方が尋ねた。「なぜ？」,20180306
80130,3441,"Death is nature's way of telling you to slow down
",20171024
96685,2206,"God is a comic playing to an audience that's afraid to laugh
",20180105
96685,6015,捨てられる運命にある：重要なのは、常にそれを,20170625
96685,1830,プログラムに合わせて仕様を変更する方が、その逆よりも簡単だ。,20180421
13374,8777,趣味に余分な時間を費やせ。巻紙をたくさん手に入れろ。,20180204
13374,3244,一番大声で鳴く鶏が、最も,20170416
60640,5727,世の中で噂されることより悪いことは一つしかない。そしてそれは,20170616
60640,3734,責任は常に権限を上回る。,20170509
92654,3190,外交官とは、妻に,20170916
90598,1529,社会遺伝学の根本原理：,20171112
23514,3225,人間は赤面する唯一の動物である――あるいは、そうする必要がある唯一の動物である。,20180206
23514,3471,暇な時間に現金を稼ごう――友達を脅迫せよ。,20180429
23514,3201,扱いやすい：あなたは間違った問題を解決した。,20171112
65861,1750,それが、点で対になって,20171104
38531,9388,「演技とは、観客に,20170128
51562,9133,-- マーク・トウェイン,20170527
51562,3770,息をしている方がリスナーと呼ばれる。,20170212
26661,4193,まあいい、全部の卵を一つのカゴに入れちまえ。,20170113
26661,9122,起こる。,20170916
26661,4659,コンピュータがクラッシュする。,20180408
40262,8995,彼らにそれを返す。,20180204
40262,2177,シルバーマンの法則：,20170316
40262,1200,チャイルドプルーフキャップに苦労するのは大人だけだ。,20170930
77613,6262,もし我々が進む方向を変えなければ、我々は,20171213
77613,1794,彼は言った、「ああ、知っているよ」,20170320
77613,6521,-- ミッキーマウス,20171003
74315,5145,こんにちは、ファルケン博士。,20170108
74315,649,"不在者：収入があり、""",20180424
21678,4719,すべてのプログラムには（少なくとも）二つの目的がある。一つは,20180203
21678,1973,彼らは私を偏執病に見せようとしているだけだ！,20170319
84523,7637,Q: 電球を交換するのに、オレゴン州民は何人必要か？,20180127
84523,7181,Q: 電球を交換するのに、オレゴン州民は何人必要か？,20180410
30804,5748,"
",20180217
30804,2937,モリソンの官僚主義仮説：,20171005
71930,9612,-- オスカー・ワイルド,20171109
71930,7390,3) 「もしお前が自分で思うほど賢いなら、,20171026
49065,651,リストまたはオブジェクトデッキ。,20170705
81097,2714,Q: 論理右シフトをするのにIBMのCPUは何個必要か？,20180205
81097,146,歩行者。,20171007
79281,1127,-- マーク・トウェイン,20180206
25462,4507,人工知能に一年費やせば、,20170818
25462,4993,2. 直線あてはめが必要な場合、データは2点のみ取得すること。,20170108
25462,7390,彼を。,20170924
55633,2594,多数派の側にいることに気づいたときはいつでも、,20180110
55633,4867,皮肉屋の目を、彼の視力を改善するために。,20171203
68481,765,神を。,20170115
68481,8071,"Rocky's Lemma of Innovation Prevention
",20170217
68481,7637,「どうして知るものか？私は何だ、哲学者か？」,20180205
22555,3156,自動化？,20170829
35395,2677,リストまたはオブジェクトデッキ。,20171216
35395,649,縄は緩む。,20170304
35395,6982,あなたは賢く、機知に富み、素晴らしいが、あまりに多くの時間を,20170915
80423,777,彼は、注文していない付け合わせでも見るかのように私を見た。,20180206
69766,9771,今夜は料理するな――今日ネズミを餓死させろ！,20170104
53319,3776,めったにきれいではなく,20171122
53319,7093,もし我々が進む方向を変えなければ、我々は,20180102
47245,2167,川は湿っている。,20170613
19573,4542,"        But the good ones I've seen
",20170319
14710,8548,あなたの同意なしに、誰もあなたを劣っていると感じさせることはできない。,20170711
97420,1001,-- G・B・ショー,20180118
66043,2953,クリスマスに子供にメンタルブロックを与えなさい。,20170713
66043,1344,"Conscience is the inner voice that warns us somebody is looking
",20170323
20083,7947,趣味に余分な時間を費やせ。巻紙をたくさん手に入れろ。,20180118
20083,9924,三人の友人。もし彼らが大丈夫なら、あなたがそうだ。,20180124
20083,9880,誘惑を取り除く唯一の方法は、それに屈することだ。,20170420
88835,5659,本物のプログラマーはキッシュを食べない。実際、本物のプログラマーは,20170812
88835,6702,捨てられる運命にある：重要なのは、常にそれを,20170207
31031,5753,時間とは、すべてが同時に起こらないようにするための自然の方法である。,20170727
32958,8025,「ダイエット」,20180219
32958,3973,-- オスカー・ワイルド,20180324
32958,9599,「この核軍拡競争を続けるなら、君たちがやることは,20170617
79241,9624,幸せな結婚をする方法は一つしかない。そして私が,20170414
79241,5560,コンピュータ科学の言語。強い型付けは記憶力の弱い人々のためのものだ。,20170520
79241,446,-- ドロシー・パーカー,20171111
35927,7894,-- ラ・ロシュフコー,20170113
63165,8249,"
",20180125
63165,4207,外交とは、石を見つけるまで「いい子だね、ワンちゃん」と言い続ける技術である。,20180208
91424,341,人々が私に同意するときはいつも、私は自分が間違っているに違いないと感じる。,20170709
91424,924,全くプログラムを手に入れられず、手に入れたものを受け入れる。,20180429
91424,9087,-- リリー・トムリン,20180227
41020,4715,"        Every instructor assumes that you have nothing else to do
",20170221
14128,777,世界は終わる！悔い改め、図書館の本を返しなさい！,20170223
50048,4044,今日まで。,20171121
19430,2420,使いやすく、動作し、もし壊れたら、彼らはすぐに,20180315
19430,3797,エラーのない重要な手紙は、,20170820
43856,5388,木のように美しい広告看板。,20170414
34491,4063,人生をやり直せるかもしれない――もし最初の,20171223
34491,5412,それはかつて私を指していた。,20171124
34491,5240,新しい町。,20171207
11153,6239,世界は終わる！悔い改め、図書館の本を返しなさい！,20171105
11153,4310,ジョージ・オーウェルは楽観主義者だった。,20170619
40283,4329,何かが起こる確率が百万分の一なら、,20180325
40283,1973,対処法を知らないエラー条件をテストするな。,20170826
40283,4207,人々に考えさせていると思わせれば、彼らはあなたを愛するだろう。しかし、もしあなたが,20170625
95653,7894,「私は経済学者ではない。私は正直者だ！」,20170910
95653,2633,簡単な問題はすべて解決済みだ。,20170620
95653,8152,それ。,20171003
99858,9133,扱う。,20171014
40384,8012,LISPプログラマーはすべての価値を知っているが、そのコストは,20171026
40384,1137,無政府状態は最良の統治形態ではないかもしれないが、,20170330
94877,7888,ハンロンの剃刀：,20170320
94877,6517,素人のためのプログラミングに関する最高の本は『不思議の国のアリス』だ。,20170126
94877,8600,第三法則：絶対零度でしか収支はとんとんにならない。,20180220
45386,9250,しかし、科学者たちは、知っているはずなのに,20171029
45386,968,ダイナマイトで空高く吹き飛ばされる神聖な権利の目に見える兆候。,20170228
65194,2863,今年はハンニバル・デーを祝おう。象を昼食に連れて行け。,20180103
65194,5585,彼らがその代金を払い続ける。,20171003
50502,3745,つまり、もしアパートを借りるなら、あなたは3つの,20170926
50502,482,今回のログインセッション：$13.99、しかしあなたには$11.88,20170925
86018,6884,理性の命令に従って行動するように。,20170304
86018,3647,興味深いものは何も簡単ではない。,20171229
10168,8034,-- アラン・パーリス,20180425
10168,9335,プロジェクトMACでの損失はどれくらいか？,20170711
10168,143,覚えておけ、たとえ出世競争に勝ったとしても――お前はまだネズミだ。,20170108
50769,764,"I must have slipped a disk -- my pack hurts
",20180430
50769,1288,客2：「私も――そしてグラスがきれいであることを確認してくれ！」,20171211
57169,9974,速報！人類の知能が低下中。詳細は…ええと、いつだったか,20180213
29517,3491,我が国には良い5セント葉巻がたくさんあるが、問題は,20170817
87553,9375,機械上で、彼らは「ほんの数回」の30時間で動作するようにパッチを当てることができる。,20170509
87553,712,失敗への対処は簡単だ。改善するために努力する。成功もまた,20171214
46606,8059,-- ペギー・ジョイス,20171028
46606,2595,科学には何か魅力的なものがある。人はそのような卸売りの,20171110
94538,5585,フィルモア大統領を悪く言うな。彼は我々をベトナム戦争から遠ざけてくれた。,20170904
92295,7305,すべてのハックには7つのバグがあった。,20180116
92295,241,今日は旅行が重要。明日、国税庁の役人が来る。,20170618
92295,4913,フィナグルの信条：,20180220
29204,6131,なし。宇宙が電球を回し、禅師は,20170908
29204,8491,死とは、人生があなたに「お前はクビだ」と告げる方法である。,20170501
87540,7093,行方不明者になる絶好の機会。,20170529
87540,6964,ジョニーは祭りからなかなか帰らない。,20170124
87540,2044,皮肉屋の目を、彼の視力を改善するために。,20180113
62818,9105,デュシャームの公理：,20170730
62818,1374,-- ラザルス・ロング,20170616
62818,8068,"Today is the first day of the rest of the mess
",20170123
81900,764,さえ。,20170326
14302,488,心配するために。,20171108
71694,2716,は去ることだった。,20180207
71694,1837,-- ドン・クイン,20170907
25595,3156,-- ドクター・フー,20170614
25595,1097,確率は50対50だ。,20170829
32763,5606,結晶学のオタクたち。,20180101
32763,5560,搾取の範囲から自分自身を。,20180126
32763,706,事柄は常に支配的で制御的であった。,20180322
67347,4731,コンピュータの集中力は、その,20180423
67347,1751,サラダにとってのニンニクが、芸術にとっての狂気である。,20180315
21780,4913,覚えておけ、たとえ出世競争に勝ったとしても――お前はまだネズミだ。,20170226
21780,4352,考えてみろ！VLSIがあれば、1平方センチメートルに100台のENIACを詰め込める！,20170518
97115,9470,人生をやり直せるかもしれない――もし最初の,20180328
59404,8063,書かれたものと、そうでないもののために。,20170726
59404,4062,ゼロックスは決して独創的なものを生み出さない。,20180307
59404,3869,「要するに、_Nがリシャール的であるのは、_Nがリシャール的でない場合に限る。」,20170813
12103,7780,聞くことすべて、あるいは言うことすべてを信じるな。,20170122
10347,793,本物のプログラマーはPL/Iでは書かない。PL/Iは,20170108
10347,1926,"Fruit flies like a banana
",20180220
75057,2270,第一法則：働かずに何も得ることはできない。,20180305
72104,8084,理解するのが難しいだろう。,20170817
72104,9956,-- ルイス・キャロル,20170410
72104,5562,電球を交換するのに、ハードウェアエンジニアは何人必要か？,20170829
21800,3139,-- クラレンス・ダロウ,20170503
10808,2834,正気だ。」,20170626
10808,792,「なぜ私は不安なのか？」（ラテン語）,20180110
10808,9347,多数派の側にいることに気づいたときはいつでも、,20171007
97073,4207,愚かさ。,20180429
42888,4240,-- ヘンリー・キッシンジャー,20170625
42888,4507,それを直し、そして…,20170608
97206,7888,ああ、決して、決して疑うまい,20170524
42066,4300,そしてそれ以来、ベンゼン（been seen=見られたとの掛詞）になったことはない。,20170813
42066,2054,その講師のコースのために勉強することを除いて。,20170822
42066,8426,-- ピーター・S・ビーグル,20170528
53512,2986,書くこと。,20170220
53512,5493,良い忠告とは、悪い手本を示すには年を取りすぎた男が与えるものである。,20170717
53512,1670,全面核戦争ゲームをプレイしますか？,20180222
75558,7227,「本当？なんて偶然、私も浅はかよ！」,20170814
75558,8082,悪意に帰するな、,20171219
62693,7454,第三法則：絶対零度でしか収支はとんとんにならない。,20180215
62693,4062,"to justify God's ways to man
",20180209
17280,1751,LSDは、その重さの47倍の過剰な現実を消費する。,20180405
17280,8025,幸せな結婚をする方法は一つしかない。そして私が,20180401
15637,5999,エキサイティングなデラウェア、ニュージャージー。（バリー・フレッチャーの故郷！）,20180501
15637,1581,これを自分で証明するには、,20180321
82205,5539,100ブロックのゴミ！,20170108
41673,1701,文明に触れることなく退廃へ。,20170818
41673,6740,もし神が我々に裸でいてほしかったなら、我々はそのように生まれていただろう。,20171118
57587,7331,委員会――それが彼らを破滅させるだろう。,20180409
57587,8925,おそらく、広告看板が落ちてこない限りは,20170619
57587,4652,恩知らず：餌を与えてくれた手を噛み、そして文句を言う男。,20180127
24270,5593,彼を避けろ。彼は共産主義者だ。,20171123
83245,2183,彼らは私を偏執病に見せようとしているだけだ！,20180419
83245,8804,ハンロンの剃刀：,20170816
83245,4195,悪意に帰するな、,20170724
96515,3156,「本当？なんて偶然、私も浅はかよ！」,20170917
53788,4687,ウェイター：「紅茶二つ。きれいなグラスを頼んだのはどちら様ですか？」,20180401
14455,1229,あなたは賢く、機知に富み、素晴らしいが、あまりに多くの時間を,20170222
14455,8380,クリンクラーの第一法則：,20170928
54294,7927,全くプログラムを手に入れられず、手に入れたものを受け入れる。,20170813
54294,9130,は去ることだった。,20170528
54294,6136,メニュー：レストランがちょうど品切れにした料理のリスト。,20170415
74992,174,"A limerick packs laughs anatomical
",20171110
74992,6845,平均的な女性は、頭脳よりも美貌を望む。なぜなら、,20180401
20399,8118,-- A・E・ハウスマン,20170722
71602,1344,文明に触れることなく退廃へ。,20171003
26858,124,新しい町。,20170918
74508,3114,起こる。,20170822
74508,9103,-- アルベルト・アインシュタイン,20180325
54009,6602,今回のログインセッション：$13.99、しかしあなたには$11.88,20170603
54009,2110,風呂に入る…,20170217
41657,3444,10年間の不採用通知は、自然があなたにやめるよう告げる方法である。,20171230
41657,4381,それ。,20171115
92014,4675,定言命法を打倒せよ！,20171129
92014,9570,"Vitamin C deficiency is apauling
",20170130
92014,8727,知る価値がない。,20180320
65384,5323,第二法則：働くことで達成できる最大のことは、,20170910
65384,9599,コーナー、バーモント州」,20170205
65384,7454,今、私はそれを守っている。,20171009
77969,7245,心配するために。,20171116
46600,5927,それが作った。,20171011
46600,4892,神は死んでいない、ただ駐車スペースを見つけられなかっただけだ。,20170802
46600,845,歴史は繰り返さない――歴史家が互いに繰り返すだけだ。,20170819
84322,1670,神は草を発明した。,20170219
84322,3351,予定説は最初から運命づけられていた。,20171019
32016,7349,電球を交換するのに、ハードウェアエンジニアは何人必要か？,20180320
32016,3810,"There's no future in time travel
",20170211
10218,6084,そして先月分を前払いで。,20180403
91468,8363,世の中で噂されることより悪いことは一つしかない。そしてそれは,20170708
46895,1659,先週の火曜日がつまらなかったと思うなら、何が起こるか待ってみなさい。,20171207
91934,7272,こんにちは、ファルケン博士。,20171121
91934,2986,非戦闘員：死んだクエーカー教徒。,20170816
91934,9372,重要な書類は、自発的に移動することでその重要性を示すだろう。,20170404
64432,1925,探すのをやめなさい。幸福はあなたのすぐ隣にある。さて、もし彼らがただ,20170921
95296,3137,酸はあなたを汚す。,20170327
52656,7275,"enough cheese
",20170809
52656,9677,もし時がすべての傷を癒すなら、なぜへそは変わらないのか？,20170503
38217,6131,は一時的に中止されます。,20170625
28237,5517,そして他のエロティックな効果。,20171102
28237,5287,記者（マハトマ・ガンジーへ）：ガンジーさん、,20180402
28237,1107,タイプライターは、感情を込めて演奏されると、,20171024
34522,1143,SQL交響楽団コンサート,20180219
88228,690,その絵を説明する。1万語のセットで適切に,20171121
88228,6993,そして薬はけいれんを引き起こす。,20180110
62858,2350,「率直に申し上げましょう、ムッシュ。あなたを,20180316
62858,5030,神のみが無作為な選択をすることができる。,20180430
77252,5753,自然な傾向に屈せよ。憎らしく、退屈であれ。,20180326
77252,9570,今日。,20170717
66031,4965,豚の愚かさだと思う。,20171122
66031,5562,柔和な者は地を受け継ぐだろう――彼らは弱すぎて断れないのだ。,20170501
78007,8059,慰謝料とは、二人が過ちを犯したとき、そのうちの一人が,20171106
78007,1998,-- イザヤ,20171103
78007,3734,"We wish you a Hare Krishna
",20170210
84216,6262,それはやる価値がなかった。,20180303
84216,5061,ハンロンの剃刀：,20170826
84216,816,その講師のコースのために勉強することを除いて。,20180128
63944,765,-- ウォルト・ケリー,20170719
63944,7351,アレクサンダー・グラハム・ベルはニューヨークで健在で、まだ,20180301
63944,1567,一度。,20171112
43505,2270,-- A・E・ハウスマン,20170617
43505,5963,価格が上がった。「すべて新品」「完全新品」あるいは「素晴らしい新品」というラベルは,20180122
44607,2677,彼らに良いマナーを教える努力。,20171018
44607,6969,感情的に活発であれ。お気に入りの神経症に迎合せよ。,20170628
44607,8061,タバコ：一端に火、もう一端に愚か者、そして,20180116
79844,1552,定言命法を打倒せよ！,20170810
79844,9712,有名な最期の言葉：,20170424
79844,2559,今週は自分で機会を作り出せる。上級,20180117
73101,3266,エキサイティングなデラウェア、ニュージャージー。（バリー・フレッチャーの故郷！）,20170712
77419,2241,-- グルーチョ・マルクス,20171217
77419,3915,旗。,20170411
77419,9150,デフリース家のジレンマ：,20180216
95804,1033,-- ハーバート・フーバー,20171119
95804,5606,イギリス史の中間試験の前夜、あなたの生物学の,20170721
76352,1785,自然と自然の法則は夜に隠されていた,20170524
76352,994,人間は赤面する唯一の動物である――あるいは、そうする必要がある唯一の動物である。,20180108
76352,1649,狂気は遺伝する。子供から受け継ぐのだ。,20170919
90911,9432,別のものの。,20170514
90911,7315,タルムードで最も古くから puzzling されてきた問題の一つは、「なぜ神は,20171008
39198,4804,本物のプログラマーはBASICでは書かない。実際、BASICで書くプログラマーはいない。,20170525
39198,4913,「三重アイソ分岐クリプトンゲートMOSプロセス…」,20171105
83158,8541,そのモニターは完全に負ける！,20170820
83158,3952,世の中で噂されることより悪いことは一つしかない。そしてそれは,20180422
83158,129,"Call Avogardo 6.02 x 10^23
",20170628
17010,146,考えてみろ！VLSIがあれば、1平方センチメートルに100台のENIACを詰め込める！,20171124
17010,5468,覚えておけ、たとえ出世競争に勝ったとしても――お前はまだネズミだ。,20170827
94526,9906,「もし知っていたら、私は錠前屋になっていただろう。」,20170918
94526,517,本物のプログラマーはテニスや、,20170811
94526,418,彼女は彼に、,20170529
16403,3797,さて、GCよ、当面は,20180110
16403,2834,今日まで。,20170128
16403,4310,-- マーク・トウェイン,20180319
30807,5030,点。,20170104
30807,5748,共同制作：,20170608
38126,786,ミニーマウスは迷路を覚えるのが遅い。,20171115
90637,1866,今年はハンニバル・デーを祝おう。象を昼食に連れて行け。,20171227
90637,709,障害を克服するには良い日。障害物競走を試してみよう。,20170715
93472,8729,平均的な女性は、頭脳よりも美貌を望む。なぜなら、,20170929
93472,6595,システム、その主要な弱点がすべて露呈した,20170915
27051,5135,全く価値がない。,20180422
27051,1360,メッセージが郵便で届く。FBIに見られる前に破壊せよ。,20170731
27051,5385,コンピュータ。,20170916
44441,4252,あなたが置いた場所から、見つけられない場所へ。,20171011
44441,4223,-- オスカー・ワイルド,20170305
44441,3491,扱いやすい：あなたは間違った問題を解決した。,20180221
46038,3323,"Murphy would be there to tell me
",20170204
46038,2362,そしてこれはとても奇妙だった、なぜならそれは,20170522
46038,9137,-- アンブローズ・ビアス,20170104
18722,4993,彼らの話題は主にセックスに及ぶ。,20180423
44195,5561,今日。,20180411
46399,1143,SQL交響楽団コンサート,20170216
46399,1143,SQL交響楽団コンサート,20170205
46399,1143,SQL交響楽団コンサート,20170503
40817,1988,ウェイター：「紅茶かコーヒー、どちらになさいますか？」,20180313
40817,5972,時間だ！」,20170716
40817,4207,数学の法則が現実に関わる限り、それらは,20170208
92615,1365,理性の命令に従って行動するように。,20170304
92615,4461,正義：あなたに有利な決定。,20170423
92615,4982,自然な傾向に屈せよ。憎らしく、退屈であれ。,20171209
26898,7130,-- トーマス・ジェファーソン,20171202
26898,5851,A: 両方だ。,20180202
26898,8566,法は、その荘厳な平等において、富める者にも,20171115
37438,5282,朝に自己嫌悪するな――昼まで寝ろ。,20170921
75066,8633,しかし、それは素人にとってあらゆる物事に関する最高の本だからだ。,20180221
75066,5468,-- マーク・トウェイン,20180210
64485,1381,電気技術者はより少ない抵抗でやる。,20171002
65355,3463,息をしている方がリスナーと呼ばれる。,20170207
65355,3323,-- アラン・パーリス,20171016
65355,4207,例。,20170507
25227,2513,皮肉屋：物事をありのままに、あるべき姿ではなく見る、欠陥のある視力を持つ悪党。,20170810
62900,2099,主は、もしそうでなければ、なぜ我々にこれほどの素早い動きを与えられたのか。,20180424
62900,2264,コンピューティングの第43法則：,20170523
62900,6986,薬局への道は遠いかもしれないが、宇宙に比べればピーナッツみたいなものだ。,20170127
40585,7773,コンピュータの集中力は、その,20170320
40585,4239,"一目惚れは、""",20171030
20707,9773,太陽は海の上で輝いていた。,20170116
20707,737,今週は自分で機会を作り出せる。上級,20180216
55773,719,それが作った。,20180301
19428,3953,"        A new hydrocarbon
",20180107
19428,7466,-- マーク・トウェイン,20170526
86980,7130,デフリース家のジレンマ：,20180209
86980,2809,"Time flies like an arrow
",20170815
31294,2350,タルムードで最も古くから puzzling されてきた問題の一つは、「なぜ神は,20171027
54337,5562,非常に経済的な宇宙へ。,20170901
54337,8416,"Fruit flies like a banana
",20180416
21417,9771,大酒を飲むには最高の日。オフィスのウォータークーラーに酒を入れろ。,20170913
38434,4318,両利きになるためなら右腕を差し出してもいい。,20170821
17315,2306,「商品市場で小金を稼ぐ方法は、始めることだ」,20170309
90436,9375,我々のビデオプロセッサに『スタートレック3.2』をロードした。」,20170727
90436,5606,"        The apple fermented
",20180103
90436,5963,"Hail to the sun god
",20171118
20781,6341,"Today is the first day of the rest of the mess
",20180221
20781,8121,精神科医は4人に1人が精神的に病んでいると言う。,20171207
60662,3629,彼は言った、「ああ、知っているよ」,20171014
60662,8279,委員会――それが彼らを破滅させるだろう。,20171201
60662,1859,鍋は向こうの端にある。,20171118
66620,6659,本物のプログラマーはコードにコメントをしない。書くのが難しかったのなら、,20170112
66620,4273,力の限り輝いて：,20170827
64525,9432,-- ギゴ,20180201
43058,7737,-- ブルース・レヴェレット,20180327
36378,9570,"Accuracy: The vice of being right
",20170414
36378,1599,警官を避けるには良い日。学校まで這って行こう。,20170909
36378,363,精神病院：楽観主義が最も栄える場所。,20170128
19864,2924,-- ウィンストン・チャーチル,20171101
19864,1659,"Accuracy: The vice of being right
",20180305
29468,4731,本当に考えさせると、彼らはあなたを嫌うだろう。,20180331
29468,8521,人々が私に同意するときはいつも、私は自分が間違っているに違いないと感じる。,20180311
29468,3225,政府機関の解決策があなたの問題に合わないとき、あなたは,20180212
23207,2189,本物のプログラマーはFORTRANでは書かない。FORTRANは配管応力マニアや,20180413
23207,9214,もし良い写真が撮れたとしても、それらは台無しになるだろう,20170210
51065,5091,パーティーを開くには良い日だ。彼をできるだけ遠くに投げ飛ばせ。,20170818
51065,2420,そして他のエロティックな効果。,20170711
61958,6521,大酒を飲むには最高の日。オフィスのウォータークーラーに酒を入れろ。,20170502
61958,1410,しばらくハリケーンに近づかないように。,20170905
61958,5858,予定説は最初から運命づけられていた。,20170417
77749,5648,非公式なものから公式なものへ、公式な手段で進むことはできない。,20170122
77749,9110,確率は50対50だ。,20170531
85846,8360,-- ミッキーマウス,20180115
85846,1659,今夜はユーカリの木で眠るな。,20180209
42824,3521,瓦礫にすぎない,20171208
88437,2338,我々にハムと豚肉とベーコンを与えてくれる。,20180404
88437,7107,今回のログインセッション：$13.99、しかしあなたには$11.88,20180123
88437,3114,ローマ帝国はなぜ崩壊したのか？事務所のラテン語は何？,20180331
21053,8132,午後：我々がどうやって,20170512
48666,7841,カリフォルニアは住むには良い場所だ――もしあなたがオレンジなら。,20171215
69867,1143,SQL交響楽団コンサート,20171113
80098,2404,すべてのプログラムをRPGで実行する！,20170302
59769,9346,最適化は進化を妨げる。,20170722
40167,4470,共同制作：,20170813
40167,5714,"Ass（尻/ロバ）：""lass""（娘）の男性形。",20171224
31433,129,"
",20180421
31433,2659,いかにしてそうしないかを教えられなければならなかっただろう。偉大なプログラマーも同様である。,20170507
63295,517,「どうして知るものか？私は何だ、哲学者か？」,20170227
63295,2147,来週から、パスワードはモールス信号で入力されることになります。,20170114
63295,2581,コンピュータプログラミングの法則：,20180326
18484,2558,"We wish you a Hare Krishna
",20170402
18484,1438,私は未来を見たが、それは現在と全く同じで、ただ長いだけだった。,20171207
15648,7660,本物のプログラマーはコードにコメントをしない。書くのが難しかったのなら、,20170325
15648,8004,A: 33人。1人がビットを持ち、32人がレジスタを押す。,20170712
92414,3570,電気処刑：すべての現代的な改良が施された火あぶり。,20170105
92414,8515,街角の酒場を活性化させる。,20170922
92414,6077,-- ビル・ホースト,20180317
72725,8061,"Computer programmers do it byte by byte
",20170627
72725,2264,旗。,20180212
81873,5839,エキサイティングなデラウェア、ニュージャージー。（バリー・フレッチャーの故郷！）,20180210
12955,5562,独身者とは、ある女性を,20180427
12955,6236,-- アーサー・ナイマン,20180307
12955,8417,は去ることだった。,20180217
98664,6965,政治家がつまらない人物であればあるほど、彼は,20170804
98664,3483,それは完全な損失だった。,20171003
45844,339,今夜は料理するな――今日ネズミを餓死させろ！,20170216
45844,3114,キリスト：少なくとも5000年早く生まれすぎた男。,20171122
69778,2338,ユーカリの木の中で。,20171119
69778,3799,搾取の範囲から自分自身を。,20180207
95142,2594,-- ドロシー・パーカー,20171002
95142,5468,-- ラザルス・ロング,20170930
98014,2679,客1：「紅茶をください」,20170305
98014,4941,朝に、そして学校に着くまで止まらない。,20171113
98014,5999,教授とは、誰かの睡眠中に話す人のことである。,20170917
99573,2270,ベアメタルで。アプリケーションプログラミングは、システム,20180315
56723,7637,何をしているかわからないときは、きれいにやれ。,20180101
56723,2403,あなたは間もなく認識されるかもしれない。隠れなさい。,20170728
56723,143,-- クリント・イーストウッド,20171118
38893,6845,ユーザー空間と同じようにカーネル空間でも！,20170413
38893,3490,-- ペギー・ジョイス,20170728
66865,1107,知る価値がない。,20170830
66865,4235,気分転換には良い日。寝室の壁紙を張り替えよう。,20170609
66865,3037,力の限り輝いて：,20171030
54667,4072,文句は言えない、でも時々言ってしまう。,20170811
54667,4687,"Vitamin C deficiency is apauling
",20180212
82639,4004,-- ジョン・マクナルティ,20180318
82639,3266,誰を信じる？,20170114
99982,4507,今夜は料理するな――今日ネズミを餓死させろ！,20170609
99982,3901,早朝にコーヒーを飲むな。昼まで目が覚めてしまうぞ。,20180404
31684,4719,"Ass（尻/ロバ）：""lass""（娘）の男性形。",20170507
31684,3115,あなたは間もなく認識されるかもしれない。隠れなさい。,20170405
82628,4993,「もし神が地上に住んでいたら、人々は彼の窓をすべて叩き割るだろう。」,20171204
82628,9780,人々に考えさせていると思わせれば、彼らはあなたを愛するだろう。しかし、もしあなたが,20180212
73031,1046,これを自分で証明するには、,20170415
25995,8132,消化不良。,20170619
22329,4354,電気技術者はより少ない抵抗でやる。,20170125
45941,8442,誘惑を取り除く唯一の方法は、それに屈することだ。,20180316
45941,5659,-- ピーター・S・ビーグル,20170620
91716,8456,白いひげを生やし、赤いスーツを着たぽっちゃりした男が間もなくあなたに近づくだろう。,20170215
91716,8790,中には何もない。,20170218
91716,1782,現代人とは、類人猿と人間との間の失われた環（ミッシング・リンク）である。,20170617
61844,4534,予報官たち、そして超過預言者税を決定した。,20170921
61844,1999,応用テロの第五法則：,20180109
86752,3484,「結婚（Matrimony）は言葉じゃない、宣告（sentence）だ。」,20180424
96286,996,-- アーサー・ナイマン,20180422
96286,4318,ディスク上の100ブロックのゴミ！,20180114
70724,3077,悪意に帰するな、,20170829
70724,5605,プログラミング。,20170922
50963,4195,息をしている方がリスナーと呼ばれる。,20171101
50963,8949,記者（マハトマ・ガンジーへ）：ガンジーさん、,20170319
66524,624,有名な最期の言葉：,20170423
78171,43,偏執病の人も人間だ。彼らにも彼ら自身の問題がある。簡単に,20170402
52476,5659,ノスタルジアは、もはや昔のものではない。,20171030
52476,8784,外交官とは、妻に,20180301
69863,8753,"        A new hydrocarbon
",20180108
69863,9559,自動車：丘を駆け上がり、人々を駆け下りる四輪車。,20180317
69863,5539,インテリよ、団結せよ！失うものは君たちの黄身（yolks=yokes=束縛）だけだ。,20170812
39572,3670,左にシフト！右にシフト！,20171217
39572,8071,彼は、注文していない付け合わせでも見るかのように私を見た。,20170718
30055,769,経験とは、あなたが認識することを可能にする素晴らしいものである。,20180407
31765,2403,今日は友達を吸おう。,20170119
36260,3201,メビウスの輪の上のネズミ,20171116
36260,9053,しばらくハリケーンに近づかないように。,20171220
16785,8068,歩行者。,20170331
19691,7587,共同制作：,20180417
19691,8367,咳き込んでいる。」,20170325
96717,8898,警官だ。」,20170430
96717,4069,彼らは私を偏執病に見せようとしているだけだ！,20170802
47430,8342,郵便。対応するエラーは、,20170823
47430,4941,-- F・P・ジョーンズ,20170907
55192,5778,-- ケーログ・アルブラン,20170828
55192,4520,もう一方には責任が。,20170130
77801,7946,"
",20170809
77801,7830,短い針が…にある。,20170430
87019,1785,よそで。」,20171008
70445,4069,決して立ち止まって電話に出る必要がない。,20171011
70445,9250,最適化は進化を妨げる。,20170511
84090,5033,ヴァン・ロイの法則：,20180114
84090,5972,年間最悪の月：2月。2月は28日しかなく,20180309
97741,8504,予報官たち、そして超過預言者税を決定した。,20171107
97741,8698,勇気を奮い起こせ！他のものは全部台無しにしたんだから。,20180218
18210,8997,-- オスカー・ワイルド,20180215
18210,3384,イギリス史の中間試験の前夜、あなたの生物学の,20170814
18210,8902,なし。「ユーザーが解決できるだろう。」,20170422
45911,4781,ブラッドリーの陳腐な言葉：,20180318
45911,649,今、自然に振る舞いなさい。煮えくり返り、怒り狂い、かんしゃくを起こしなさい。,20170404
81819,7275,不在：友人や知人の攻撃にさらされること。中傷されること。,20170427
81819,7637,世界は終わる！悔い改め、図書館の本を返しなさい！,20171117
28411,8418,-- ジョージ・サンダースの最期の言葉,20171025
28411,3209,人々が私に同意するときはいつも、私は自分が間違っているに違いないと感じる。,20170514
17887,2886,-- 合併形成外科医・工具製造社,20180221
82691,610,相手が綴りを知っていること。,20170725
82691,9314,つまり、もしアパートを借りるなら、あなたは3つの,20170130
82691,9035,慰謝料とは、二人が過ちを犯したとき、そのうちの一人が,20171107
38165,2210,警句があるなら、メタ警句もなければならない。,20180110
46490,5925,両利きになるためなら右腕を差し出してもいい。,20180126
51068,1028,これを自分で証明するには、,20180401
28553,8061,最も短い、けれど。,20170416
28553,2940,金を持つ者がルールを作る。,20171224
98394,988,彼らがその代金を払い続ける。,20180411
10489,4804,彼は言った、「ああ、知っているよ」,20170328
10489,1604,クリンクラーの第二法則：,20170208
47969,8798,パーティーを開くには良い日だ。彼をできるだけ遠くに投げ飛ばせ。,20180224
47969,3244,明かりがつく。,20170426
47969,2264,誘惑以外なら何にでも抵抗できる。,20170901
43349,2420,文学的なドイツ人が文章に飛び込むときはいつでも、それが最後だ。,20170924
54929,124,モグラの問題かい？,20170211
54929,2937,リストまたはオブジェクトデッキ。,20170508
15690,9924,それが、点で対になって,20170309
15690,1852,不在：友人や知人の攻撃にさらされること。中傷されること。,20170419
21384,8859,トゥルナウカの法則：,20170124
21384,3362,真夜中。,20180315
21384,9626,"You have the capacity to learn from mistakes.  You'll learn a lot
",20180309
52331,9007,それはここにない。,20170325
79399,2924,道徳的にハンディキャップのある人を雇いなさい。,20170709
79399,2831,科学は真実である。事実に惑わされるな。,20170608
55839,1155,もし誰かが、私がいつか教皇になると言っていたら、私は,20170926
43119,8084,"A.A.A.A.A.: An organization for drunks who drive
",20171205
43119,5415,-- F・P・ジョーンズ,20170212
43119,7093,この種のゴミ。,20170609
26923,8114,しばらくハリケーンに近づかないように。,20170218
26923,2933,16歳以上で、美しく裕福で、,20170506
26923,7028,改善する。,20170103
58616,2924,「この核軍拡競争を続けるなら、君たちがやることは,20170914
58616,257,「私たちは気にしない。気にする必要はない。私たちは電話会社だから。」,20170627
73399,3232,彼らがそうあるべきであると。ゆえに、スキタイ人の間では、,20170202
73399,4965,"
",20170731
73399,551,-- サルヴァー・ハーディン,20170506
10377,2979,アシッド――化学を通じたより良い生活。,20170520
24960,2306,靴。,20171217
30470,2789,人生。,20170711
30470,8132,「なぜ足の甲に特別な名前がないんだろう？」,20170519
46078,3865,彼らがその代金を払い続ける。,20170213
46078,8380,老兵は死なず。若者は死ぬ。,20170326
35700,3629,ダイナマイトで空高く吹き飛ばされる神聖な権利の目に見える兆候。,20170321
35700,6579,それが、点で対になって,20170722
36342,3607,"You have the capacity to learn from mistakes.  You'll learn a lot
",20170309
36342,4717,素人のためのプログラミングに関する最高の本は『不思議の国のアリス』だ。,20170731
36342,8642,俗語とは、コートを脱ぎ、手に唾を吐きかけ、,20170508
41551,17,パン。,20170622
41551,4476,"
",20171107
13895,7837,絵で説明される。,20171115
13895,4331,政府機関の解決策があなたの問題に合わないとき、あなたは,20170729
70269,1386,豚は、もし私が間違っていなければ,20170617
53089,8335,神は練習のために愚か者を作り、そして教育委員会を作った。,20170827
53089,6136,"BLISS is ignorance
",20170824
53089,85,中には何もない。,20170615
74988,5030,-- 『銀河ヒッチハイク・ガイド』,20170903
74988,1393,本物のプログラマーのプログラムは、最初は決して正しく動かない。しかし、もしあなたが,20171211
34256,3016,キッシュと綴る。彼らはトゥインキーや四川料理を食べる。,20180115
34256,1056,コンピュータプログラミングの法則：,20180215
16655,9677,システム、その主要な弱点がすべて露呈した,20180219
16655,9956,幸運の女神が意図したように,20170302
17210,5512,それが作った。,20171024
68739,6789,警官だ。」,20170617
30299,2940,UFOは実在する。空軍は存在しない。,20170807
30299,339,想像力は、現実との戦いにおける唯一の武器である。,20171122
30299,9599,-- R・ガイス,20170926
53044,7637,タイプライターで2つのキーを打つと、望まない方が,20180411
53044,1623,銃は合法ではない。,20170814
58393,2671,午後：我々がどうやって,20170821
58393,5735,自動化？,20170622
72660,5519,コンサルタントとは、会社に数字を尋ね、そして,20171201
63965,3997,「もっと必要になるまで、乗り切るのに十分なだけ必要だ。」,20180307
63965,1999,恩知らず：餌を与えてくれた手を噛み、そして文句を言う男。,20170423
63965,5966,-- マーク・トウェイン,20170116
88998,2338,年間最悪の月：2月。2月は28日しかなく,20170328
88998,493,年間最悪の月：2月。2月は28日しかなく,20171203
94860,6156,とんでもない馬鹿であることの。,20170501
94860,3984,"You have the capacity to learn from mistakes.  You'll learn a lot
",20171023
51795,3382,経験とは、あなたが認識することを可能にする素晴らしいものである。,20170125
24248,9599,私はあなたが思うほど酔っていない。（I'm not as think as you drunk I am. の言葉遊び）,20180208
24248,9167,-- オスカー・ワイルド,20170308
24248,5963,早朝にコーヒーを飲むな。昼まで目が覚めてしまうぞ。,20170213
84660,2875,終わる。,20180215
59828,2573,フィラデルフィアは退屈ではない――ただ、隣にあるからそう見えるだけだ。,20170113
59828,5659,壊れないおもちゃは、他のおもちゃを壊すのに役立つ。,20180121
72245,6595,彼らがそれを売ってくれればいいのに。,20170827
82518,6894,失敗への対処は簡単だ。改善するために努力する。成功もまた,20171027
82518,8836,川は湿っている。,20170822
36868,1229,全くプログラムを手に入れられず、手に入れたものを受け入れる。,20180123
26803,8777,ブラッドリーの陳腐な言葉：,20180108
25868,4331,"Brain fried -- Core dumped
",20180120
25868,7028,機械室の真ん中に。,20170809
36511,8059,探すのをやめなさい。幸福はあなたのすぐ隣にある。さて、もし彼らがただ,20180203
36511,6229,小売りで買う必要がある。」,20170327
39507,1859,-- ソーパー上院議員,20170801
39507,5151,全国半袖シャツ協会は言う：,20171129
44609,3204,狂気は遺伝する。子供から受け継ぐのだ。,20171120
44609,4291,-- アドレー・スティーブンソン,20180407
41924,9902,"
",20170416
41924,5784,私にできること。」,20170527
41924,2033,今夜は家族のことを考えなさい。,20180411
19048,488,リュシストラタは良いアイデアを持っていた。,20171213
59931,9353,大西洋を、口に動詞をくわえて。,20170120
59931,5469,物事は今よりも昔のようになっている。,20170309
59931,7474,プログラミングについての考え方に影響を与えない言語は,20171119
46526,1753,クリンクラーの第二法則：,20171109
46526,6571,客1：「紅茶をください」,20171008
88110,6571,豚は、もし私が間違っていなければ,20170224
88110,9615,"...And malt does more than Milton can
",20180302
36400,9934,趣味に余分な時間を費やせ。巻紙をたくさん手に入れろ。,20170709
36400,2002,今日は友達を吸おう。,20170103
33638,8576,A: 33人。1人がビットを持ち、32人がレジスタを押す。,20170909
33638,3896,小売りで買う必要がある。」,20170317
95676,6136,もし我々が進む方向を変えなければ、我々は,20171125
15987,5468,"Ass（尻/ロバ）：""lass""（娘）の男性形。",20170725
15987,4915,本物のプログラマーはCOBOLでは書かない。COBOLは弱々しいアプリケーションのためのものだ。,20170517
15987,2206,働くために。,20170621
59987,2035,誰でも扱えるように作ることはできるが、,20180309
59987,3799,"Time flies like an arrow
",20170114
59987,6993,グループのIQは、グループのメンバーの最低IQを,20170310
98792,2863,名誉ある紳士は卑劣な犬である。」,20170123
98792,1046,こんにちは、ファルケン博士。,20171018
37332,1714,不幸は仲間を好むが、仲間はそれに応えない。,20170415
37332,8403,青リンゴを食べて死んだ。,20170912
37332,6447,それはやる価値がなかった。,20170528
87647,7181,それは宇宙を一つにまとめている…,20170720
87647,5585,今、私はそれを守っている。,20170403
49970,8612,-- ビル・ホースト,20171006
49970,4017,柔和な者は地を受け継ぐだろう――彼らは弱すぎて断れないのだ。,20171021
49970,1999,ユーザー空間と同じようにカーネル空間でも！,20170402
51078,1973,未来の仕事は危険であることだ。,20170515
51078,3896,恩知らず：餌を与えてくれた手を噛み、そして文句を言う男。,20180123
51078,1365,年：365回の失望の期間。,20170710
15885,7698,搾取の範囲から自分自身を。,20180210
25796,8773,-- イディッシュ語のことわざ,20170628
15592,3204,"WHERE CAN THE MATTER BE
",20170101
72526,8040,今日は友達を吸おう。,20180114
72526,9167,"Today is the first day of the rest of the mess
",20180320
72526,2940,予報官たち、そして超過預言者税を決定した。,20170618
91117,5753,委員会――それが彼らを破滅させるだろう。,20180107
91117,5362,-- オスカー・ワイルド,20170529
91117,1290,パタパタ、ばたばた、ぱたん,20170524
67586,3323,恋は感傷的なはしかである。,20180424
67586,9414,爆弾を禁止せよ。通常戦争のために世界を救え。,20170909
78350,241,"
",20180321
78350,7841,臆病者：危険な緊急事態に足で考える者。,20171111
17750,8869,自分の評判を考えなさい。名前を変えて、,20171030
39247,2044,両利きになるためなら右腕を差し出してもいい。,20171201
39247,8559,5年間で、我々は一つの素晴らしいプログラミング言語を手に入れることができる。ただ,20170604
74151,43,そして徹夜した。,20170810
90090,2021,カミソリは痛い。,20170929
90090,9373,-- ブルース・レヴェレット,20170119
90090,2089,調査の日。あなたは召喚されるだろう。,20170508
63514,1054,平均的な女性は、頭脳よりも美貌を望む。なぜなら、,20170522
63514,1753,"不在者：収入があり、""",20171012
63514,9335,"算数とは、""",20180121
94746,6156,LISPプログラマーはすべての価値を知っているが、そのコストは,20170823
94746,8657,長い目で見れば、すべてのプログラムはロココ調になり、そして瓦礫となる。,20170509
94746,6154,トゥルナウカの法則：,20170615
72734,4004,体の方が良い。,20170711
72734,4583,明かりがつく。,20170105
72734,842,よそで。」,20170202
74261,6515,「第三次世界大戦がどのような兵器で戦われるかはわからないが,20170811
74261,8504,死ぬことは非常に退屈で陰気なことだ。そして、君への私のアドバイスは,20180227
74261,6642,ヴェリリンドの実験の法則：,20180221
64667,1830,"God is a polythiest
",20180410
64667,9832,本物のプログラマーのプログラムは、最初は決して正しく動かない。しかし、もしあなたが,20170317
27201,5772,提案を拒否する。,20170202
71987,9669,人々が私に同意するときはいつも、私は自分が間違っているに違いないと感じる。,20170424
34544,5772,それが何か知っている。,20171117
34544,3770,先週の火曜日がつまらなかったと思うなら、何が起こるか待ってみなさい。,20180106
39752,1266,会話：息を切らしている方が,20170118
39752,2668,「最適化コンパイラにおけるレジスタ割り付け」,20171220
28307,5313,何かが起こる確率が百万分の一なら、,20171126
28307,4554,"
",20180426
28307,5715,-- グルーチョ・マルクス,20170817
26129,3284,"He did his very best to make
",20170629
96951,6437,結果が事前に分かっていない限り、資金提供機関は,20170905
96951,4781,非公式なものから公式なものへ、公式な手段で進むことはできない。,20170315
96951,4986,一度。,20170327
19262,1926,"Hail to the sun god
",20171110
19262,8724,人間は、,20170206
40647,402,1) 「心配するな、俺が何とかする」,20170910
40647,8605,しかし、それは素人にとってあらゆる物事に関する最高の本だからだ。,20180315
60095,9372,1ビットたりとも取るな！,20170905
94589,4072,銀行家とは、太陽が輝いているときに傘を貸してくれ,20170604
82543,5255,-- アルベルト・アインシュタイン,20170204
62636,3779,有り余るエネルギーを発散させるには良い日だ。何か重いものを盗め。,20170622
62636,7737,-- ベルトルト・ブレヒト,20170310
58028,5135,人生をやり直せるかもしれない――もし最初の,20180405
73505,842,「何もしなくても誰が気にする？これは我々の新しい,20170414
73505,8316,少なくとも二つの人為的ミスを見つけるだろう、それを,20171102
56883,2600,酵素とは、生物学者が発明したものであり、,20171004
29554,3952,愚かさ。,20180115
29554,8468,勇気を奮い起こせ！他のものは全部台無しにしたんだから。,20170319
29554,2834,一番大声で鳴く鶏が、最も,20170307
49114,1960,本物のプログラマーは文書化しない。ドキュメントは、,20170714
98387,1998,熱力学の三法則：,20170409
98387,9621,LISPプログラマーはすべての価値を知っているが、そのコストは,20170823
98387,6129,-- ミッキーマウス,20170825
53516,5536,候補者とは、金持ちから金をもらい、,20170330
53516,9564,人間はアルコールを発明した。,20170924
17882,6969,つまり、もしアパートを借りるなら、あなたは3つの,20171027
47762,4837,私にできること。」,20170416
47762,2193,「この核軍拡競争を続けるなら、君たちがやることは,20170417
47762,9974,未来はまだら模様。夕方遅くにスープをこぼすだろう。,20171128
24953,9103,汝、それを再生するなかれ。,20170823
64584,5727,不在：友人や知人の攻撃にさらされること。中傷されること。,20180218
64584,2679,すべてのプログラムは、他のプログラムの一部であり、めったに適合しない。,20180419
64584,1302,今日は大きな嘘をつくな。小さな嘘でも同じくらい効果的だ。,20170713
62261,8650,書くこと。,20170224
62261,6084,相手が綴りを知っていること。,20171013
62261,5605,-- グルーチョ・マルクス,20180112
39865,6701,野心とは、怠けるほどの分別がないことの粗末な言い訳である。,20180401
63925,712,本ではなく、スープを濃縮せよ！,20171128
29878,5478,何が起こっているか。,20170902
14049,9395,-- 『ドクター・フー』より、准将,20171217
62271,2677,彼に起こるありふれたこと。,20171116
62271,3915,"Vote anarchist
",20180429
62271,1520,今夜はユーカリの木で眠るな。,20170901
29825,7182,-- ジョン・バリモアの最期の言葉,20170113
29825,3251,-- アラン・パーリス,20180118
14464,6114,-- アルベルト・アインシュタイン,20170125
14464,6254,プログラマー。,20170221
62885,8504,電球を交換するのに、ハードウェアエンジニアは何人必要か？,20180303
62885,3652,年齢に敬意を払え。たまには良いスコッチを飲め。,20170803
69536,845,もう一方には責任が。,20170429
92132,2403,最新の公式数値によると、全統計の43%は,20171202
92132,2792,"Conscience is the inner voice that warns us somebody is looking
",20180310
91531,6521,-- アンブローズ・ビアス,20170328
39467,9335,ユーザー（名詞）：あなたが言ったことを何でも信じるプログラマー。,20171124
39467,5772,ソフトウェアが他の何物とも似ておらず、それが,20180401
42448,8979,やるべきことを先延ばしにするのに、今ほど良い時はない。,20171124
42448,6999,"Rocky's Lemma of Innovation Prevention
",20180304
81930,4884,システム、その主要な弱点がすべて露呈した,20170719
81930,4331,"Vitamin C deficiency is apauling
",20180121
81930,2147,ホーングレンの観察：,20170820
63401,9267,献身的な追随者の不足により、偉大な指導者の生産は,20180106
12479,4381,3) 「もしお前が自分で思うほど賢いなら、,20180309
12479,7758,それは、死んだ方がましだと思う人々のための時間つぶしの本だった。,20170930
12479,6789,今日は空飛ぶ円盤に近づかないように。,20170327
54981,6869,消化不良。,20180411
68500,6914,-- リリー・トムリン,20180304
68500,8605,良い忠告とは、悪い手本を示すには年を取りすぎた男が与えるものである。,20170228
68500,104,正気だ。」,20170106
64582,674,彼らがあなたのことをどう思っているか心配することで忙しい。,20171202
64582,2917,使いやすく、動作し、もし壊れたら、彼らはすぐに,20170928
64582,5142,Fortranが存続し続ける可能性。,20180313
84296,2071,ホーングレンの観察：,20171219
84296,2809,"Brain fried -- Core dumped
",20180128
84296,7509,「もし神が地上に住んでいたら、人々は彼の窓をすべて叩き割るだろう。」,20171128
82945,9615,あなたが偏執病だからといって、彼らがあなたを狙っていないとは限らない。,20170729
82945,8118,朝に、そして学校に着くまで止まらない。,20170121
51517,5282,文句は言えない、でも時々言ってしまう。,20171212
21896,9677,こんにちは、ファルケン博士。,20170429
21896,5628,非公式なものから公式なものへ、公式な手段で進むことはできない。,20170204
21896,1978,時間を無駄にすることは、生きることの重要な一部である。,20170709
70543,7841,老兵は死なず。若者は死ぬ。,20170118
87994,2640,COBOLで書くかFORTRANで書くか。,20180306
33781,2979,午後は明るくなるだろう。警官があなたの顔にライトを当てるから。,20170503
80666,106,今夜は料理するな――今日ネズミを餓死させろ！,20170819
69980,9660,先週の火曜日がつまらなかったと思うなら、何が起こるか待ってみなさい。,20171004
69980,7242,地球は小さな砂粒のようなものだ、ただずっとずっと重いだけ。,20171226
69980,5030,今回のログインセッション：$13.99、しかしあなたには$11.88,20180305
19805,622,-- ウディ・アレン,20180223
19805,9145,「なぜ足の甲に特別な名前がないんだろう？」,20170121
19805,6254,"算数とは、""",20170729
19508,3077,ストリップは回転した。,20170409
19508,8383,1) 「心配するな、俺が何とかする」,20171215
56136,9245,ウェイター：「紅茶二つ。きれいなグラスを頼んだのはどちら様ですか？」,20170718
56136,7990,"一目惚れは、""",20170623
31224,7378,ゼロックスはそれを何度も何度も何度も…,20170323
53890,1998,ニヒリズムは自己から始めるべきだ。,20170423
53890,8456,結晶学のオタクたち。,20180318
53890,7386,大酒を飲むには最高の日。オフィスのウォータークーラーに酒を入れろ。,20170904
16122,1921,-- ラ・ロシュフコー,20171119
34157,3123,"BLISS is ignorance
",20171130
34157,6447,本物のプログラマーはPASCAL、BLISS、ADA、その他赤みがかった,20170118
34157,212,今日は旅行が重要。明日、国税庁の役人が来る。,20170202
28634,2917,-- ピーター・S・ビーグル,20170207
60972,5843,簡単な問題はすべて解決済みだ。,20180222
60972,737,講師はプラナリアについて200ページを課すだろう。,20180106
32761,4219,神を。,20170414
32761,2831,犯罪の兆候：絶叫または助けを求める叫び声。,20170308
71836,1994,ノスタルジアは、もはや昔のものではない。,20171123
71836,3640,委員会――それが彼らを破滅させるだろう。,20180202
50122,4915,もし神が我々に裸でいてほしかったなら、我々はそのように生まれていただろう。,20171113
50122,7929,ダイヤルトーンを求めて。,20171226
50122,134,きわどいアリアを専門とする歌姫は、オフコロラトゥーラソプラノだ…,20170412
85426,85,コンピュータのせいにされるすべてのエラーの根源には、,20170820
85426,9427,ユーカリの木で眠らない方がよい、もう一晩。,20170419
85426,793,-- ジェローム・レトヴィン,20171005
73918,5162,思春期：思春期と不倫の間の段階。,20171125
73918,8176,世界がかつて見たことのない。,20170122
73918,5255,この種のゴミ。,20170115
77296,129,1981年、滑降スキーに最悪の月：1月。行列は,20180223
77296,2189,CPUにいます我らのOSよ、御名をUNIXと称えさせたまえ。,20180209
12547,9,もう一方には責任が。,20170426
19078,517,ディスク上の99ブロックのゴミ,20180429
19078,8569,-- エレノア・ルーズベルト,20170520
19078,363,反意語：あなたが考えようとしている言葉の反対。,20180404
37041,9188,私は聴衆に、彼らがなしうる最善のことは,20171207
74257,1171,彼は言った、「ああ、知っているよ」,20170404
74257,4283,物忘れ：神が債務者に、,20180124
74257,3470,この国に必要なのは、良質な5セントのニッケル硬貨だ。,20171202
54645,5313,"There was a young lady from Hyde
",20170504
54645,2033,-- ケーログ・アルブラン,20170911
54645,5970,システム/3！,20170830
40894,6938,社会遺伝学の根本原理：,20171009
40894,70,ヴァン・ロイの法則：,20170902
40894,4351,-- F・P・ジョーンズ,20171211
76293,1866,異なれ：順応せよ。,20170314
76293,1763,その道を。,20171202
15477,4287,大統領や王から地の果てのクズまで…,20170708
99028,1438,サラダにとってのニンニクが、芸術にとっての狂気である。,20171231
99028,6843,オーレオマイシン、コカイン、インターフェロン、そしてTLC。チキン,20171006
53058,6156,その構文はJOSSより悪い。,20170420
54549,8456,-- R・ガイス,20171220
54549,7995,扱う。,20170809
60412,2089,人を馬鹿と呼ぶな。彼から借りろ。,20170213
60412,3865,応用テロの第五法則：,20170823
88599,8869,すべてのプログラムには（少なくとも）二つの目的がある。一つは,20171112
88599,9273,真夜中。,20170706
88599,8521,-- ジョージ・サンダースの最期の言葉,20170710
95105,8605,数学の法則が現実に関わる限り、それらは,20171219
95105,6722,そしてきれいなものは、めったに滑稽ではない。,20170916
93495,6210,その講師のコースのために勉強することを除いて。,20170716
93495,2831,プログラミング。,20170513
25613,3953,-- ベルトルト・ブレヒト,20170331
25613,7271,死：突然罪を犯すのをやめること。,20171130
73006,4239,明日！,20170808
55797,6505,戴冠式：君主に外見上と,20170820
55797,610,"WHERE CAN THE MATTER BE
",20170811
15867,4683,-- マーク・トウェイン,20171208
51772,8306,確率は50対50だ。,20171125
51772,1743,CPUにいます我らのOSよ、御名をUNIXと称えさせたまえ。,20171027
51772,1894,「商品市場で小金を稼ぐ方法は、始めることだ」,20180302
59752,9214,左にシフト！右にシフト！,20170722
59752,996,タルムードで最も古くから puzzling されてきた問題の一つは、「なぜ神は,20170808
83047,5015,野心とは、怠けるほどの分別がないことの粗末な言い訳である。,20171018
83047,1563,重役。,20170628
64176,4892,キッシュと綴る。彼らはトゥインキーや四川料理を食べる。,20170627
64176,5240,-- マーク・トウェイン,20170131
64176,9016,決して美徳の道に迷い込むな。,20171228
51939,5425,自動車：丘を駆け上がり、人々を駆け下りる四輪車。,20170311
73375,4781,ダイナマイトで空高く吹き飛ばされる神聖な権利の目に見える兆候。,20170630
74176,1290,人間は赤面する唯一の動物である――あるいは、そうする必要がある唯一の動物である。,20180112
83464,6131,来週危機が起こるはずがない。私のスケジュールはすでにいっぱいだ。,20170314
83464,4731,政府機関の解決策があなたの問題に合わないとき、あなたは,20170716
68335,8455,A: 3人。1人が電球をねじ込み、2人がそれを邪魔する者たちを追い払う。,20171214
68335,3484,LISPプログラマーはすべての価値を知っているが、そのコストは,20170405
76557,2071,モリソンの官僚主義仮説：,20170605
76557,8964,サンフランシスコはかつての姿ではなく、そして決してそうではなかった。,20170723
76557,2502,波は滑らかで輝いている――,20170827
26492,2075,-- 『ドクター・フー』より、准将,20170321
26492,4059,システム/3！,20180407
44527,7259,カリフォルニアは住むには良い場所だ――もしあなたがオレンジなら。,20170311
93203,106,1ビットたりとも取るな！,20170331
93203,3797,確率は50対50だ。,20170701
93203,2075,-- クリント・イーストウッド,20170729
51001,7698,本物のプログラマーは仕様書を書かない――ユーザーは,20170317
51001,1625,未来はまだら模様。夕方遅くにスープをこぼすだろう。,20180216
84403,8759,"WHERE CAN THE MATTER BE
",20170907
84403,690,-- ギゴ,20180301
84403,70,-- ジョン・オハラ,20170226
88960,5091,あなたは大きな音に驚くだろう。,20170825
88960,6869,言った、「人生はサワークリームのボウルのようなものだ。」,20170510
28980,2924,プログラマーの視点は、彼の,20170908
28980,5362,全国半袖シャツ協会は言う：,20180309
28980,9246,朝。,20180420
47414,7035,今、私はそれを守っている。,20170721
47414,8729,クリーブランドはまだ生きている。神は死んだに違いない。,20180227
47414,1483,郵便。対応するエラーは、,20180131
36294,6702,-- ケーログ・アルブラン,20170115
36294,5517,-- オスカー・ワイルド,20170526
36294,3900,さようなら。私は退屈だから去る。,20170408
59569,4240,-- フィンリー・ピーター・ダン（ミスター・ドゥーリー）,20171128
79178,8057,Q: 電球を交換するのに、オレゴン州民は何人必要か？,20180118
79178,1851,16歳以上で、美しく裕福で、,20180423
17027,9087,探すのをやめなさい。幸福はあなたのすぐ隣にある。さて、もし彼らがただ,20170313
17027,3470,デュシャームの教訓：,20171004
17027,6625,偏執病の人も人間だ。彼らにも彼ら自身の問題がある。簡単に,20170718
26645,1483,コンピュータ科学の言語。強い型付けは記憶力の弱い人々のためのものだ。,20180428
26645,5033,他人があなたのことをどう思っているか心配するな。彼らは,20170612
76146,5590,長い目で見れば、すべてのプログラムはロココ調になり、そして瓦礫となる。,20170701
76146,9660,酸はあなたを汚す。,20170726
37884,9630,コンピュータがクラッシュする。,20180314
11165,994,私は木を全く見ることがないだろう。,20170607
11165,2207,"to justify God's ways to man
",20170503
20811,9288,"WHERE CAN THE MATTER BE
",20180331
20811,89,"
",20170618
20811,9273,そしてこの言語が行くところどこでも,20180324
78601,2035,街角の酒場を活性化させる。,20171210
90922,8559,さえ。,20171025
42342,4941,タルムードで最も古くから puzzling されてきた問題の一つは、「なぜ神は,20180426
51441,6156,-- ホークウインド,20170210
70553,9599,より懸命に。,20170802
70553,5388,"There's no future in time travel
",20171126
70553,9630,"He sure is a fun god
",20180414
28068,6884,タバコ：一端に火、もう一端に愚か者、そして,20171208
28068,3779,今日は何か変わったことをしなさい。請求書を払いなさい。,20170719
76239,1714,グループの人数によって。,20170602
76925,85,朝に、そして学校に着くまで止まらない。,20170928
76925,4717,天才には限界があるかもしれないが、愚かさにはそのような,20180321
76925,5966,-- マーク・トウェイン,20170919
75694,5313,科学には何か魅力的なものがある。人はそのような卸売りの,20180421
83695,8082,深まる憂鬱の中で、あなたの犬がようやく,20170702
83695,5089,今、自然に振る舞いなさい。煮えくり返り、怒り狂い、かんしゃくを起こしなさい。,20170526
83695,9167,人々に考えさせていると思わせれば、彼らはあなたを愛するだろう。しかし、もしあなたが,20170628
48649,2218,外交官とは、妻に,20170129
21075,8778,豚は、もし私が間違っていなければ,20180407
21075,2573,コンピューティングの第43法則：,20180416
21075,183,コンピュータのせいにされるすべてのエラーの根源には、,20170513
96307,345,郵便。対応するエラーは、,20170315
96307,3484,ラー！ラー！ラー！,20171216
96307,124,ユーカリの木の中で。,20170826
59867,7523,"There once was a girl named Irene
",20170921
59867,9906,-- エルバート・ハバード,20180418
59867,3999,-- ジョージ・サンダースの最期の言葉,20180311
93158,2499,-- マーク・トウェイン,20171023
93158,276,もし神が完全なら、なぜ不連続関数を創造されたのか？,20171103
74543,3483,エキサイティングなデラウェア、ニュージャージー。（バリー・フレッチャーの故郷！）,20171111
74543,9906,皮肉屋：色眼鏡を通して物事を偏見の目で見る者。,20170123
65376,517,つまり、もしアパートを借りるなら、あなたは3つの,20170904
65376,4659,-- ブラウン・セキュリティ犯罪防止パンフレットより,20171103
94667,5030,"
",20180326
94667,537,向かっている。,20180301
78819,8538,ミッキーマウスはスピロ・アグニューの腕時計をしている。,20170922
78819,8063,人間は赤面する唯一の動物である――あるいは、そうする必要がある唯一の動物である。,20180204
25398,7837,銃は合法ではない。,20170119
15854,8622,している。,20170707
15854,2210,民主主義とは、,20170506
63137,5124,-- ブラウン・セキュリティ犯罪防止パンフレットより,20180402
63137,9177,一つ。,20171218
63137,1599,-- ドロシー・パーカー,20170416
61095,842,モグラの問題かい？,20170812
60708,1143,SQL交響楽団コンサート,20170416
60708,1143,SQL交響楽団コンサート,20180403
60708,1143,SQL交響楽団コンサート,20170207
14216,3046,今、自然に振る舞いなさい。煮えくり返り、怒り狂い、かんしゃくを起こしなさい。,20171224
31360,4993,闇が漏れ出す。,20170104
79081,8622,この人物は解雇されなければならない。,20171001
88730,3915,"
",20171001
88730,5468,私は酒はやらない。,20180402
88730,8826,朝に自己嫌悪するな――昼まで寝ろ。,20170914
41288,4682,酸はあなたを汚す。,20180131
41288,9310,そして男性的な衝動,20170814
69174,1673,太陽から。大きな隕石が通信を妨げているか、あるいは誰かが,20171113
69174,5030,客1：「紅茶をください」,20180128
69174,5715,青リンゴを食べて死んだ。,20171118
29966,5784,「三重アイソ分岐クリプトンゲートMOSプロセス…」,20171008
56235,241,彼らは私を偏執病に見せようとしているだけだ！,20171101
56235,1623,"Steinbach's Guideline for Systems Programming
",20180228
56235,8034,人生。,20170429
59798,2633,タイプライターで2つのキーを打つと、望まない方が,20171111
41051,2110,朝。,20170519
35702,3213,裸の腕を持つ権利を支持せよ！（武器を持つ権利(bear arms)との掛詞）,20171007
35702,8521,ローマ帝国はなぜ崩壊したのか？事務所のラテン語は何？,20170305
72661,9832,プロジェクトMACを通り過ぎたとき,20180103
74131,6589,-- ヘンリー・キッシンジャー,20180216
74131,9250,"
",20170120
13637,124,-- クリント・イーストウッド,20170209
13637,2668,Q: 電球を交換するのに、オレゴン州民は何人必要か？,20180107
13637,8759,もし我々が進む方向を変えなければ、我々は,20180122
47724,4195,多数派の側にいることに気づいたときはいつでも、,20170113
47724,2558,さえ。,20180411
47724,5396,-- ジョン・チアルディ,20180212
75068,3841,「それは素晴らしいに違いない！私には全く理解できない。」,20171109
75068,7929,向かっている。,20171209
75068,4951,本ではなく、スープを濃縮せよ！,20180311
75612,5648,現代人とは、類人猿と人間との間の失われた環（ミッシング・リンク）である。,20170416
75612,6999,"Today is the tomorrow you worried about yesterday
",20170122
75612,6148,想像力は、現実との戦いにおける唯一の武器である。,20180107
35643,6127,彼らがあなたのことをどう思っているか心配することで忙しい。,20180121
35643,9126,-- ウォルト・ケリー,20170331
35643,2910,応用テロの第四法則：,20170715
58574,5628,この種のゴミ。,20171022
66697,8316,"Steinbach's Guideline for Systems Programming
",20180426
50965,5966,明日は興味が持たれないため中止となります。,20171009
50965,6993,精神科医は4人に1人が精神的に病んでいると言う。,20170324
52570,3745,システム/3！システム/3！,20180413
52570,8010,コンサルタントとは、会社に数字を尋ね、そして,20170721
35017,811,"I really hate this damned machine
",20170705
35017,9310,ああ、一体どうしたのだろう,20170309
98356,5270,そして男性的な衝動,20171016
98356,8421,俗語とは、コートを脱ぎ、手に唾を吐きかけ、,20180122
64401,1649,ディスク上の100ブロックのゴミ！,20180309
64401,5478,-- フレッド・アレン,20170128
28282,1290,本物のプログラマーはPASCAL、BLISS、ADA、その他赤みがかった,20180123
24924,5519,改善する。,20170930
24924,5362,-- ペギー・ジョイス,20180305
13369,1190,速報！人類の知能が低下中。詳細は…ええと、いつだったか,20170924
13369,610,プログラマーの視点は、彼の,20170621
42504,6178,なし。「ユーザーが解決できるだろう。」,20170302
57102,6463,"Laetrile is the pits
",20180328
72820,6505,愚かさ。,20170630
72820,1701,-- エルバート・ハバード,20171220
69500,793,口を閉ざしていれば、足は集まらない。（口は災いの元）,20171115
69500,8566,良い忠告とは、悪い手本を示すには年を取りすぎた男が与えるものである。,20170220
48822,8342,ゼロックスはそれを何度も何度も何度も…,20180429
48822,482,種が動くかどうかを見ずに。,20171111
63393,3046,我々にハムと豚肉とベーコンを与えてくれる。,20171031
63393,3595,社会遺伝学の根本原理：,20180114
63393,3201,-- ラ・ロシュフコー,20170818
62860,1859,全く価値がない。,20180120
36711,9660,A: 3人。1人が電球をねじ込み、2人がそれを邪魔する者たちを追い払う。,20180303
13241,7401,別のものの。,20170731
13241,8504,正義：あなたに有利な決定。,20170803
13845,4287,-- ウォルト・ケリー,20171211
13845,6765,ウェイター：「紅茶二つ。きれいなグラスを頼んだのはどちら様ですか？」,20170211
13845,3187,逆もまた然り。,20171021
26282,1016,1ビットたりとも取るな！,20170814
26282,8468,-- アルベルト・アインシュタイン,20170105
26282,7523,時々、無実の人が議会に送られる。,20170227
71013,5240,今日は空飛ぶ円盤に近づかないように。,20170607
71013,7894,-- グルーチョ・マルクス,20180218
88087,5004,ラー！ラー！ラー！,20180401
69160,9917,"We wish you a Hare Krishna
",20170405
55335,8498,それは完全な損失だった。,20171126
55335,2365,ファッションとは、あまりに耐え難い醜さの一形態であり、我々はそれを,20170404
89502,4491,100ブロックのゴミ！,20170112
49079,6229,何かが起こる確率が百万分の一なら、,20180212
72884,4429,神は死んでいない、ただ駐車スペースを見つけられなかっただけだ。,20170815
72884,8566,再び同じ間違いを犯したときに。,20180214
72884,8442,チケット。,20170306
75986,2350,"God is a polythiest
",20180210
75986,703,-- ビル・ホースト,20170828
45308,2986,トゥルナウカの法則：,20180322
45308,2958,"        While her lover lamented
",20171204
45308,5593,ミッキーマウスはスピロ・アグニューの腕時計をしている。,20170721
11568,8620,今年の最悪野菜：芽キャベツ。これはまた、,20180418
11568,7995,来週から、パスワードはモールス信号で入力されることになります。,20180325
11568,1675,神は死んでいない、ただ駐車スペースを見つけられなかっただけだ。,20170802
43976,3209,皮肉屋：物事をありのままに、あるべき姿ではなく見る、欠陥のある視力を持つ悪党。,20170513
43976,1878,プログラマー。,20180318
37050,712,中傷された。,20170816
37050,7107,皮肉屋の目を、彼の視力を改善するために。,20170613
61881,3209,それに慣れろ。,20180120
61881,8504,すべての兆候には7つの症状があった。,20170815
61881,574,すべてのプログラムは、他のプログラムの一部であり、めったに適合しない。,20180120
40431,6178,脳は素晴らしい器官だ。あなたが起きた瞬間に働き始め,20170717
40431,7333,ツバメがカピストラーノに着陸するのを手伝おう。,20170215
40431,8521,おとぎ話：子供たちを新聞に備えさせるためのホラーストーリー。,20180425
34269,5415,再生業者よ、その木を助けてやれ！,20170709
86146,8716,気分転換には良い日。寝室の壁紙を張り替えよう。,20170101
86146,8898,コンピュータ。,20171226
86146,1193,"Hail to the sun god
",20170410
18984,8548,それがいかに走るか見よ！それがいかに走るか見よ！,20170820
18984,5157,そして先月分を前払いで。,20171011
29066,4207,時空間スキップの中で。,20171207
29066,2809,"Bizarreness is the essence of the exotic
",20180118
34620,2433,電球を交換するのに、ハードウェアエンジニアは何人必要か？,20180325
34620,7333,"
",20170731
90397,6129,貧しい人々をお互いから守るために。,20180501
90397,9288,本物のプログラマーはコードにコメントをしない。書くのが難しかったのなら、,20170926
90397,1360,起こる。,20170311
51635,610,今日は象の唇にキスをするな。,20171129
51635,1200,そうに違いないと我々を安心させてくれる。,20180101
51635,345,どういうわけか高貴なものとされ、誰もそれを批判しようとしない。,20170107
60914,9347,-- ウィンストン・チャーチル,20170621
60914,2917,-- ジュール・ド・ゴルティエ,20170106
18306,769,よそで。」,20170301
18306,339,責任は常に権限を上回る。,20170425
18306,374,1. 再現性が問題になる可能性がある場合、テストは,20170405
16232,9469,この種のゴミ。,20180320
16232,6575,暇な時間に現金を稼ごう――友達を脅迫せよ。,20170911
94111,2888,グラフィックスについて：一枚の絵は1万語の価値がある――しかし、,20171014
31117,3799,本物のプログラマーはPASCAL、BLISS、ADA、その他赤みがかった,20170301
31117,6436,「彼はとても心が狭く、鍵穴から両目で,20170211
31117,4044,ストリップは回転した。,20170824
22810,2210,柔和な者は地を受け継ぐだろう――彼らは弱すぎて断れないのだ。,20170927
25377,4884,覚えておけ、UNIXを逆から綴るとXINUになる。,20180206
31191,811,物事は今よりも昔のようになっている。,20170627
31191,3218,多数派の側にいることに気づいたときはいつでも、,20180324
31191,8341,波の上に立つ者もまた、サーフィンをする。,20180324
55810,1193,-- ヒレア・ベロック,20170721
68607,6004,"I think that I shall never see
",20170816
94523,622,ツバメがカピストラーノに着陸するのを手伝おう。,20171104
94523,9335,ハンディキャップのある。,20171028
43994,7637,柔和な者は地を受け継ぐだろう――彼らは弱すぎて断れないのだ。,20170517
34498,1104,"
",20170428
10815,1529,ストリップは回転した。,20170906
70768,493,-- ケーログ・アルブラン,20171026
15758,5091,ラー！ラー！ラー！,20170628
15758,1163,パーティーを開くには良い日だ。彼をできるだけ遠くに投げ飛ばせ。,20170322
15758,4729,プログラミング。,20170328
85397,9630,"Whether you can hear it or not
",20171203
85397,1046,文学的なドイツ人が文章に飛び込むときはいつでも、それが最後だ。,20170517
59193,9375,デュシャームの教訓：,20171213
59193,9934,-- ギゴ,20171004
64439,8773,理解するのが難しいだろう。,20170423
64439,493,このゴミは、非常に高価な機械を通過した後,20171107
24865,7698,-- ブラウン・セキュリティ犯罪防止パンフレットより,20170404
24865,9564,系論：,20170706
74525,1994,慰謝料とは、二人が過ちを犯したとき、そのうちの一人が,20170111
74525,8315,ヴェリリンドの実験の法則：,20170607
74525,3750,ネーザーの法則：,20170907
50835,5468,速報！人類の知能が低下中。詳細は…ええと、いつだったか,20170605
60441,3647,"The Universe is laughing behind your back
",20171116
60441,7758,-- 『ドクター・フー』より、准将,20170910
54609,4006,IBMにはPL/Iがあった,20170304
54609,2207,-- アルベルト・アインシュタイン,20170507
54609,9130,今日。,20180211
54789,4818,ダクトテープはフォースのようなものだ。光の側面と闇の側面があり、,20180318
54789,1066,ユーザー（名詞）：あなたが言ったことを何でも信じるプログラマー。,20180212
54789,8864,分子生物学者はデザイナー遺伝子（デザイナーズジーンズとの掛詞）を身に着けるのか？,20180428
91998,8279,LSDは、その重さの47倍の過剰な現実を消費する。,20170429
59746,5778,何もない。,20170903
59746,4576,後からよりも。,20170918
59746,4715,"
",20170409
73829,4915,マーフィーの法則が間違っている可能性があるなら、それは間違っているだろう。,20171216
73829,8187,少なくとも二つの人為的ミスを見つけるだろう、それを,20170923
73829,537,理解するのが難しいだろう。,20180326
49828,3490,永遠を傷つけずに時間を潰すことはできない。,20170303
49828,9246,重力は神話だ、地球は吸い込む。,20171013
93532,9681,趣味に余分な時間を費やせ。巻紙をたくさん手に入れろ。,20180426
93532,2241,私は聴衆に、彼らがなしうる最善のことは,20180321
93532,3378,ポップアップ、プッシュダウン、バイト、バイト、バイト！,20170726
50846,6571,波は滑らかで輝いている――,20180412
50846,6178,ユーカリの木の中で。,20171222
50846,6815,重要な書類は、自発的に移動することでその重要性を示すだろう。,20170916
67393,1194,彼らは通常、処女を,20171009
89293,6178,-- バート・ウィットニー,20170728
89293,8176,-- オスカー・ワイルド,20170227
89293,3484,なし。宇宙が電球を回し、禅師は,20171127
79037,7454,その構文はJOSSより悪い。,20170807
68269,7478,"
",20170102
97502,8657,もう一方。,20170626
97502,6965,1. 再現性が問題になる可能性がある場合、テストは,20180426
97502,3823,エラーのない重要な手紙は、,20180312
52215,6072,短い針が…にある。,20170708
52215,1056,「可能性は三つある。パイオニアの太陽電池パネルが,20170613
52215,6447,（ウェイター退場、そして再登場）,20180325
39812,2633,"Today is the first day of the rest of the mess
",20180426
39812,9469,12歳以降に。,20170419
53265,7130,朝。,20170306
53265,5606,例。,20170622
53265,5015,-- オスカー・ワイルド,20170425
23432,8442,ノスタルジアは、もはや昔のものではない。,20170428
23432,7862,世界は終わる！悔い改め、図書館の本を返しなさい！,20180116
73953,7509,今日は驚きが待っている。家賃もだ。,20170617
73953,6210,猫に頑固さで勝とうとするな。,20171027
73953,3266,電球を交換するのに、禅師は何人必要か？,20170207
16317,3904,短い針が…にある。,20171227
16317,8431,-- アナトール・フランス,20180203
16317,9434,青リンゴを食べて死んだ。,20171030
87941,6767,人を馬鹿と呼ぶな。彼から借りろ。,20170619
46224,6184,中には何もない。,20170519
46224,8040,-- D・J・ヒックス,20171207
61437,4731,ディスク上の99ブロックのゴミ,20171228
61437,1675,電球を交換するのに、ハードウェアエンジニアは何人必要か？,20180406
61437,5151,まあいい、全部の卵を一つのカゴに入れちまえ。,20170701
61250,7182,パン。,20180131
61250,1520,精神科医は4人に1人が精神的に病んでいると言う。,20180322
27530,6236,私は木を全く見ることがないだろう。,20180205
27530,4062,「ボンベイの気候は、その住民が生活しなければならないほどのものである」,20170220
27530,4717,来年の最悪野菜。,20180120
41277,1329,理解するのが難しいだろう。,20171013
41277,8468,ディスク上の100ブロックのゴミ,20170306
41277,2993,大酒を飲むには最高の日。オフィスのウォータークーラーに酒を入れろ。,20170718
66637,6653,決して美徳の道に迷い込むな。,20170501
66637,7093,フィナグルの信条：,20170407
66637,8979,-- リリー・トムリン,20170824
41529,2295,文明に触れることなく退廃へ。,20170611
41529,6894,デフリース家のジレンマ：,20171118
41529,7946,今日は旅行が重要。明日、国税庁の役人が来る。,20180310
67397,5101,政府などない方がましだ。,20180212
93580,1229,瓦礫にすぎない,20171001
93580,6185,"A city is a large community where people are lonesome together
",20170208
93580,339,神は練習のために愚か者を作り、そして教育委員会を作った。,20170808
89704,9956,皮肉屋の目を、彼の視力を改善するために。,20180115
54917,1266,ウェイター：「紅茶かコーヒー、どちらになさいますか？」,20170418
46517,7792,政府機関の解決策があなたの問題に合わないとき、あなたは,20170309
46517,3016,趣味に余分な時間を費やせ。巻紙をたくさん手に入れろ。,20180413
13954,3984,質問：,20180321
99466,257,そして薬はけいれんを引き起こす。,20170907
51229,2311,白いひげを生やし、赤いスーツを着たぽっちゃりした男が間もなくあなたに近づくだろう。,20180217
51229,4581,床を磨いたり、その他のエキサイティングなことをするのに最適な日。,20180105
51229,3,簡単な問題はすべて解決済みだ。,20170109
92375,7994,献身的な追随者の不足により、偉大な指導者の生産は,20180414
57878,3378,床を磨いたり、その他のエキサイティングなことをするのに最適な日。,20171011
53792,9016,"Steinbach's Guideline for Systems Programming
",20170528
92195,3187,脳（動詞）：[「脳する」のように]  bluntly に、しかし pointedly ではなく叱責すること。,20170405
20240,4464,牛は、我々人間が,20170418
39688,1438,それが、点で対になって,20180114
24948,2652,「三重アイソ分岐クリプトンゲートMOSプロセス…」,20180111
24948,4291,バグを修正し、再びダンプする：,20170110
32835,1851,有名な最期の言葉：,20180416
43725,6625,ツバメがカピストラーノに着陸するのを手伝おう。,20171009
43725,3046,年齢に敬意を払え。たまには良いスコッチを飲め。,20171019
43725,8521,-- エルバート・ハバード,20180413
37319,1054,ブラッドリーの陳腐な言葉：,20170707
38229,5963,ノスタルジアは、もはや昔のものではない。,20180301
38229,1046,彼らがその代金を払い続ける。,20180225
63649,1600,"
",20170703
93829,610,朝に、そして学校に着くまで止まらない。,20170816
93829,4699,死ぬことは非常に退屈で陰気なことだ。そして、君への私のアドバイスは,20170408
23256,3992,-- イディッシュ語のことわざ,20170121
23256,7523,多数派の側にいることに気づいたときはいつでも、,20170717
46178,1563,失敗への対処は簡単だ。改善するために努力する。成功もまた,20170110
78615,1763,何が起こっているか。,20180501
66310,4351,最適化は進化を妨げる。,20171028
66310,9267,大学：ソフトウェアハウスのようなもの。ただし、ソフトウェアは無料で、,20180131
66310,3,-- ブラウン・セキュリティ犯罪防止パンフレットより,20171226
86619,8784,もう一方。,20171001
86619,9064,暴力は無能な者の最後の砦である。,20171107
50993,176,「ここ電話会社では、あらゆる種類の人々にサービスを提供しています。,20180125
50993,9780,幸せな結婚をする方法は一つしかない。そして私が,20170415
50993,3490,民主主義とは、,20170817
97103,1097,平均的な男性は考えるよりも見ることの方が得意である。,20170210
34592,4930,知る価値がない。,20170808
34592,3992,ラー！ラー！ラー！,20170215
46045,7758,消化不良。,20170131
46045,7946,感嘆：他人が,20170923
46045,7820,数学の法則が現実に関わる限り、それらは,20170618
30591,143,私はあなたが思うほど酔っていない。（I'm not as think as you drunk I am. の言葉遊び）,20170721
30591,6964,"        But this output can be
",20180110
71618,7523,午後はロマンスに非常に好都合。一人の人を,20170515
71618,1604,重要な書類は、自発的に移動することでその重要性を示すだろう。,20171001
71618,2400,三人の友人。もし彼らが大丈夫なら、あなたがそうだ。,20171105
31153,3251,-- オスカー・ワイルド,20170423
31153,2924,ウィル・ロジャースが言ったように、「無料の,20170428
82634,3869,感情的に活発であれ。お気に入りの神経症に迎合せよ。,20180205
82634,4554,"Steinbach's Guideline for Systems Programming
",20170721
94273,8864,死ぬことは非常に退屈で陰気なことだ。そして、君への私のアドバイスは,20171016
94273,3952,それはやる価値がなかった。,20170501
94273,9589,感嘆：他人が,20180130
68182,4069,12歳以降に。,20171227
68182,3490,収支を合わせられると思った頃に、誰かが,20171220
47013,6602,大学：ソフトウェアハウスのようなもの。ただし、ソフトウェアは無料で、,20170518
47013,3570,「なぜ足の甲に特別な名前がないんだろう？」,20170307
66490,9105,愚かさ。,20180101
34703,9832,収支を合わせられると思った頃に、誰かが,20170619
34703,2295,エキサイティングなデラウェア、ニュージャージー。（バリー・フレッチャーの故郷！）,20170605
34703,1396,人を馬鹿と呼ぶな。彼から借りろ。,20171223
66380,3915,嘘：真実の非常に粗末な代用品だが、発見された唯一のもの。,20170716
66380,3953,許可を得るより許しを得る方が簡単だ。,20170923
93868,709,-- ケーログ・アルブラン,20180204
93868,5089,ヴァン・ロイの法則：,20171020
74627,1093,働くために。,20171010
74627,7990,コンサルタントとは、会社に数字を尋ね、そして,20171014
36647,9214,時々子供っぽくなれないなら、大人である意味はない。,20170408
36647,8193,ダクトテープはフォースのようなものだ。光の側面と闇の側面があり、,20170927
36647,1837,外交官とは、妻に,20170916
73803,7460,今、自然に振る舞いなさい。煮えくり返り、怒り狂い、かんしゃくを起こしなさい。,20180405
73803,9956,-- ブルース・レヴェレット,20170301
40318,4448,"Vote anarchist
",20170512
40318,6447,99ブロックのゴミ！,20170524
40318,1393,こんにちは、ファルケン博士。,20171120
69077,2350,それはかつて私を指していた。,20170702
69077,9469,-- ピーター・S・ビーグル,20170614
69077,5396,Q: 電球を交換するのに、異性愛者の男性は何人必要か？,20170114
69614,8118,今夜は家族のことを考えなさい。,20180401
69614,5091,-- ヘンリー・キッシンジャー,20180405
90764,7676,応用テロの第五法則：,20180424
36121,4193,-- H・L・メンケン,20180213
36121,6105,「新発売」および／または「改良」と表示されたものは、そうではない。その表示は,20170321
36121,4137,コンウェイの法則：,20170929
21847,7498,本物のプログラマーはBASICでは書かない。実際、BASICで書くプログラマーはいない。,20170119
62046,6275,許可を得るより許しを得る方が簡単だ。,20170112
62046,8152,地球は小さな砂粒のようなものだ、ただずっとずっと重いだけ。,20170108
76317,5287,コンウェイの法則：,20171003
76317,5748,物忘れ：神が債務者に、,20170208
76317,8804,-- ハーバート・フーバー,20170731
27155,6004,"
",20180402
27155,3157,バグを修正し、再びダンプする：,20170801
64696,4534,本物のプログラマーはPL/Iでは書かない。PL/Iは,20170923
72409,1468,-- フィンリー・ピーター・ダン（ミスター・ドゥーリー）,20171024
72409,9599,それは続かなかった。悪魔が「ホー！」と叫び,20171023
90989,3896,今夜は料理するな――今日ネズミを餓死させろ！,20180203
90989,2151,鍋は向こうの端にある。,20170201
90989,5282,何もない。,20180131
69994,8522,別のものの。,20170208
22196,2937,-- フィンリー・ピーター・ダン（ミスター・ドゥーリー）,20171109
22196,126,分析され、新たな弱点に置き換えられる。,20170904
26457,3415,名誉ある：手の届く範囲に障害があること。立法府では,20180309
26457,6136,-- F・P・ジョーンズ,20170129
28124,2573,人生はヨーヨーで、人類はその糸に結び目を作る。,20170605
28124,4715,2. 直線あてはめが必要な場合、データは2点のみ取得すること。,20170823
29899,6262,チキンスープ：,20180208
75102,212,あなたのプログラムを説明しているときに聞き手がうなずいたら、,20180326
75102,4112,目…」,20171028
75102,4987,確実である。そして、それらが確実である限り、それらは現実には言及しない。,20171203
44779,8513,しばらくハリケーンに近づかないように。,20180213
44779,4351,皮肉屋の目を、彼の視力を改善するために。,20170717
74423,2714,上司を驚かせろ。時間通りに出勤しろ。,20171107
74423,587,老兵は死なず。若者は死ぬ。,20180322
27572,8724,きわどいアリアを専門とする歌姫は、オフコロラトゥーラソプラノだ…,20180314
27572,5135,コンピュータのせいにされるすべてのエラーの根源には、,20180215
75712,6015,"He did his very best to make
",20170926
84705,5142,-- カール・ツヴァンツィヒ,20170227
17936,8515,犯罪の兆候：絶叫または助けを求める叫び声。,20180317
25897,6753,障害を克服するには良い日。障害物競走を試してみよう。,20171106
26503,4331,「なぜ足の甲に特別な名前がないんだろう？」,20171120
26503,3999,しかし、我々は熱意のあまり、,20170215
55378,3896,"Bizarreness is the essence of the exotic
",20170915
55378,4723,-- ルイス・キャロル,20170508
55378,3463,この国に必要なのは、良質な5セントのニッケル硬貨だ。,20180402
60176,4219,それが何か知っている。,20170904
60176,346,提案を拒否する。,20171201
88394,5287,-- W・C・フィールズ,20170227
66301,5810,本物のプログラマーはPL/Iでは書かない。PL/Iは,20171221
76092,1714,経験を共有しようとするカリフォルニア人。,20170316
76092,2886,優越性は劣性である。,20170426
76092,1396,我々のお気に入りの独占企業によって作られた！,20170802
21967,1107,気分転換には良い日。寝室の壁紙を張り替えよう。,20171003
21967,4044,すべてのプログラムは、他のプログラムの一部であり、めったに適合しない。,20171017
21967,5772,軍法は正義にとって、軍楽が音楽にとってそうであるようなものだ。,20170814
80974,5033,持ち帰り試験を与えられると、どこに,20170418
79525,4884,-- A・E・ハウスマン,20170615
79525,2714,戴冠式：君主に外見上と,20170521
86511,7947,症状、兆候、バグ、そしてハック。,20170909
68783,4429,裸の腕を持つ権利を支持せよ！（武器を持つ権利(bear arms)との掛詞）,20170212
65487,1659,-- ウォルト・ケリー,20170406
65487,9923,サラダにとってのニンニクが、芸術にとっての狂気である。,20180429
65487,3444,午後は明るくなるだろう。警官があなたの顔にライトを当てるから。,20180126
60801,2749,神は言われた。「ニュートンあれ」と。するとすべてが光であった。,20170727
60801,2640,成功の秘訣は誠実さだ。それを偽ることを学べば、,20170331
60801,5784,写真の第三法則：,20180207
15325,3998,批判するが、もし皆に嫌われたら、あなたも偏執病になるだろう。,20170516
15325,1190,コンピュータ科学の言語。強い型付けは記憶力の弱い人々のためのものだ。,20180407
15325,7257,完全に避けられることを、明日に延ばすな。,20171021
46111,2502,彼らがそうあるべきであると。ゆえに、スキタイ人の間では、,20180414
46111,1604,ニヒリズムは自己から始めるべきだ。,20170202
24703,6595,心配するために。,20170105
24703,2110,すべてのハックには7つのバグがあった。,20170131
24703,506,今、私はそれを守っている。,20180130
22625,3589,その詩は決して韻律に合わなかった。,20170803
22625,104,電球を交換するのに、テックライターは何人必要か？,20170820
22625,3896,フィラデルフィアは退屈ではない――ただ、隣にあるからそう見えるだけだ。,20170811
32684,7275,-- マーク・トウェイン,20170627
73198,5091,私は7つのハックを持つQuuxに出会った。,20180416
73198,4464,このゴミは、非常に高価な機械を通過した後,20170524
73198,792,向かっている。,20170113
37980,2152,誘惑以外なら何にでも抵抗できる。,20170129
29776,5772,"BLISS is ignorance
",20171026
61457,7927,マーフィーの法則が間違っている可能性があるなら、それは間違っているだろう。,20170116
61457,1667,"        Every instructor assumes that you have nothing else to do
",20170304
61457,363,服を着替える。登山はOKで、本物のプログラマーは,20170413
43983,5715,「ダイエット」,20170908
53130,2311,この国に必要なのは、良質な5セントのニッケル硬貨だ。,20171029
53130,8569,上司がそれを読んでいる。,20180317
53130,8068,-- ウォルト・ケリー,20170903
93730,8380,今年はハンニバル・デーを祝おう。象を昼食に連れて行け。,20171024
69685,5089,理性の命令に従って行動するように。,20170729
69685,4987,終わる。,20170625
69685,1028,アコーディオン：プリーツ付きのバグパイプ。,20180131
43893,7424,今日。,20170328
43893,3463,街角の酒場を活性化させる。,20171025
43893,6136,ゴイムを創造したのか？」一般的に受け入れられている答えは、「誰かが,20180309
39327,1483,皮肉屋の目を、彼の視力を改善するために。,20171228
39327,3218,客1：「紅茶をください」,20170602
78218,2270,神は7日で世界を創造したのではない。6日間遊び呆けて,20180211
96780,2789,"We wish you a Hare Krishna
",20170219
96780,8667,-- イザヤ,20170914
46931,1978,あなたは間もなく認識されるかもしれない。隠れなさい。,20171002
46931,3973,それが作った。,20170423
47855,8642,「新発売」および／または「改良」と表示されたものは、そうではない。その表示は,20170213
47855,4915,委員会――それが彼らを破滅させるだろう。,20170729
32885,2075,全国半袖シャツ協会は言う：,20170826
32885,6702,応用テロの第五法則：,20170305
32885,1837,「すべての肉は草である」,20170118
29042,3953,割り、掛け、そして引くだろう。,20170602
29042,9469,それは薬の効果を鈍らせる。,20170328
29042,3904,は一時的に中止されます。,20170813
81755,5269,現実は幻覚の障害である。,20171230
81755,3,目…」,20170307
34411,9177,さようなら。私は退屈だから去る。,20180501
80603,5124,「サイを盗むことは軽々しく試みるべきではない。」,20180329
49979,9621,講師はプラナリアについて200ページを課すだろう。,20170624
49979,7888,未来はまだら模様。夕方遅くにスープをこぼすだろう。,20180406
82976,8605,左にシフト！右にシフト！,20170305
82976,5415,"Death is nature's way of telling you to slow down
",20171214
82976,1087,今日は象の唇にキスをするな。,20171112
94599,1410,カミソリは痛い。,20170929
18770,2888,老兵は死なず。若者は死ぬ。,20170616
18770,5999,ディスク上の100ブロックのゴミ,20170912
36836,3318,"He sure is a fun god
",20180329
36836,5269,多数派の側にいることに気づいたときはいつでも、,20170115
43656,2206,-- オスカー・ワイルド,20171107
43656,7509,電気コード。,20170306
43656,7995,俗語とは、コートを脱ぎ、手に唾を吐きかけ、,20180327
16864,6127,ヴェリリンドの実験の法則：,20170903
87573,18,本当に考えさせると、彼らはあなたを嫌うだろう。,20170101
87573,1137,人生は玉ねぎのようなものだ。一枚一枚皮をむいていくと、,20170214
78482,3750,来週の金曜日はあなたの幸運な日ではない。実を言うと、あなたは,20171227
78482,7676,想像力は、現実との戦いにおける唯一の武器である。,20170520
11314,5124,ガスはひどい匂いがする。,20170721
36469,8650,ミッキーマウスはスピロ・アグニューの腕時計をしている。,20180317
45966,9310,「なぜ私は不安なのか？」（ラテン語）,20170717
57456,8729,完全に避けられることを、明日に延ばすな。,20170914
57456,9791,-- ブルース・レヴェレット,20170308
57456,7219,さて、GCよ、当面は,20170904
72230,706,-- 合併形成外科医・工具製造社,20170403
81426,257,プログラマーが英語で書けるようにすれば、,20171129
81426,2792,脳（動詞）：[「脳する」のように]  bluntly に、しかし pointedly ではなく叱責すること。,20170508
81426,212,後からよりも。,20170503
33156,5922,16歳以上で、美しく裕福で、,20170510
35846,4331,"It never does quite what I want
",20171016
35846,1155,午後は明るくなるだろう。警官があなたの顔にライトを当てるから。,20171124
35846,1127,軽く油を塗った。」,20171226
93919,3799,真夜中。,20180221
93919,7219,思春期：思春期と不倫の間の段階。,20171202
93919,3318,銀行家とは、太陽が輝いているときに傘を貸してくれ,20170320
49536,7297,彼らがその代金を払い続ける。,20170313
49536,7995,鍋は向こうの端にある。,20170608
45671,816,来週危機が起こるはずがない。私のスケジュールはすでにいっぱいだ。,20180112
45671,1381,"        While her lover lamented
",20171004
45671,8193,Q: 電球を交換するのに、異性愛者の男性は何人必要か？,20180302
29739,3115,"
",20170628
99866,2365,午後は明るくなるだろう。警官があなたの顔にライトを当てるから。,20170726
99866,541,神は練習のために愚か者を作り、そして教育委員会を作った。,20180126
11761,2210,-- ケーログ・アルブラン,20170624
11761,7364,中には何もない。,20180324
11761,8657,決して立ち止まって電話に出る必要がない。,20171208
30680,4290,最適化は進化を妨げる。,20180124
19198,8315,今年の最悪野菜：芽キャベツ。これはまた、,20170612
19198,4507,地球は小さな砂粒のようなものだ、ただずっとずっと重いだけ。,20180104
19198,1001,それ。,20170522
66944,6085,もし神が完全なら、なぜ不連続関数を創造されたのか？,20170202
66944,9974,今回のログインセッション：$13.99、しかしあなたには$11.88,20170108
87672,2917,金を持つ者がルールを作る。,20180314
87672,4818,「アインシュタインをそっとしておけ！」は現状を回復した。,20170810
87672,3770,COBOLで書くかFORTRANで書くか。,20171019
56418,136,扱う。,20180401
68856,2054,すべてのプログラムをRPGで実行する！,20171026
50232,4675,本物のプログラマーはPL/Iでは書かない。PL/Iは,20180216
50232,9314,ディスク上の100ブロックのゴミ！,20171110
86500,1410,助けを必要としている旧友をがっかりさせるには良い日だ。,20170521
66276,9956,離婚から抜け出す。,20171230
66276,2659,新しい議員たちは政府を立て直すと言っている。私は,20171216
66276,212,"The Universe is laughing behind your back
",20171206
31094,3953,太陽は海の上で輝いていた。,20171028
75691,17,西洋文明？,20170202
75691,5425,ウェイター：「紅茶かコーヒー、どちらになさいますか？」,20170314
39133,5142,脳は素晴らしい器官だ。あなたが起きた瞬間に働き始め,20171006
39133,6595,神を。,20180118
40669,3992,世界がかつて見たことのない。,20170217
53656,1066,きわどいアリアを専門とする歌姫は、オフコロラトゥーラソプラノだ…,20170825
53656,3587,重要な書類は、自発的に移動することでその重要性を示すだろう。,20170813
60684,797,両利きになるためなら右腕を差し出してもいい。,20171120
60684,3441,聞くことすべて、あるいは言うことすべてを信じるな。,20170808
13847,1468,一度。,20171219
13847,2501,-- ベルトルト・ブレヒト,20180408
20924,4941,そしてこれはとても奇妙だった、なぜならそれは,20180414
98110,8905,プログラマー。,20170922
98110,3471,結晶学のオタクたち。,20171101
98110,8949,"We wish you a Hare Krishna
",20170601
23593,4951,あっちへ行け！邪魔だ！,20171107
23593,2230,歩行者。,20180331
23593,7258,エキサイティングなデラウェア、ニュージャージー。（バリー・フレッチャーの故郷！）,20180316
30199,4818,"He sure is a fun god
",20170719
30199,2311,誰でも扱えるように作ることはできるが、,20171116
34036,1654,-- クラレンス・ダロウ,20170717
45880,446,来年の最悪野菜。,20170120
45880,1659,例。,20180406
61326,7466,-- ウィンストン・チャーチル,20180113
21864,6815,コンピュータが、事実を印刷するために,20171213
21864,1393,感嘆：他人が,20170123
21864,5784,生きている方がましだ。,20170316
59155,3901,「サワークリームのボウルのように？」と他方が尋ねた。「なぜ？」,20180203
59155,6186,10年間の不採用通知は、自然があなたにやめるよう告げる方法である。,20170525
76612,4464,パタパタ、ばたばた、ぱたん,20170301
76612,9150,どんな組織にも、常に一人は知っている人がいる。,20171226
16264,8542,さもなければ、より難しい思考を必要とする。,20170725
41660,1973,今日は空飛ぶ円盤に近づかないように。,20180416
41660,1410,反意語：あなたが考えようとしている言葉の反対。,20171129
78918,1799,"        Every instructor assumes that you have nothing else to do
",20170326
78918,7994,決して立ち止まって電話に出る必要がない。,20170810
78918,4986,柔和な者は地を受け継ぐだろう――彼らは弱すぎて断れないのだ。,20171025
92252,6801,"We wish you a Hare Krishna
",20171207
65685,5362,-- ベルトルト・ブレヒト,20170529
64776,4476,本物のプログラマーはキッシュを食べない。実際、本物のプログラマーは,20170211
64776,7035,システム/3！システム/3！,20170218
64776,6722,不幸は仲間を好むが、仲間はそれに応えない。,20180316
18007,5772,最も短い、けれど。,20171214
18810,6869,何をしているかわからないときは、きれいにやれ。,20170330
18810,765,あなたは仕事のことで心配しすぎだ。やめなさい。あなたは十分に給料をもらっていない。,20171005
46262,8114,人生。,20170213
46262,7466,デュシャームの教訓：,20170507
46262,8416,幸運の女神が意図したように,20170601
89587,3362,"        The apple fermented
",20170906
24406,4283,彼がその向こう側から現れるまで、あなたは彼を見ることはないだろう。,20170909
24406,4731,言った、「人生はサワークリームのボウルのようなものだ。」,20170317
24406,6669,-- オスカー・ワイルド,20180427
38234,5714,しかし、私が命じたことだけだ。,20170910
38234,5562,エキサイティングなデラウェア、ニュージャージー。（バリー・フレッチャーの故郷！）,20180318
50806,8522,12歳以降に。,20170821
69556,3634,"I must have slipped a disk -- my pack hurts
",20170925
35244,9347,"不在者：収入があり、""",20171208
35244,1701,-- クリント・イーストウッド,20170618
65966,6129,シャボン玉？,20171209
65966,4965,コンピュータにゴミを入れれば、ゴミしか出てこない。しかし,20180403
65966,6377,生きている方がましだ。,20170129
28679,1960,答えは42だ。,20180421
93387,6239,世界がかつて見たことのない。,20180113
54531,9669,明日は興味が持たれないため中止となります。,20170911
54531,5149,ダンという名の若い詩人がいた,20171219
54531,8515,銀行家とは、太陽が輝いているときに傘を貸してくれ,20170430
87701,3745,光の速さより速いものはない…,20180125
87701,1921,-- ウォルト・ケリー,20170219
87701,8279,2) 「お前と、どの軍隊だ？」,20170414
77729,7459,「それどころか」とトゥイードルディーは続けた。「もしそうだったら、そうだったかもしれないし、,20170107
77729,797,-- クリント・イーストウッド,20171114
65454,9145,イギリス史の中間試験の前夜、あなたの生物学の,20170228
68576,8566,プログラミング。,20170327
68576,9260,想像力は、現実との戦いにおける唯一の武器である。,20180425
53624,703,来年の最悪野菜。,20171024
53624,8569,とんでもない馬鹿であることの。,20180412
53624,3750,両利きになるためなら右腕を差し出してもいい。,20170411
87599,4287,-- オスカー・ワイルド,20180424
87599,5590,正気だ。」,20170409
38466,2270,-- ジョン・バリモアの最期の言葉,20171110
38466,9335,考えてみろ！VLSIがあれば、1平方センチメートルに100台のENIACを詰め込める！,20170311
38466,4682,しばらくハリケーンに近づかないように。,20170410
95693,6938,犯罪の兆候：絶叫または助けを求める叫び声。,20171211
95693,149,誰かが「私がただ,20180409
15121,9347,それは続かなかった。悪魔が「ホー！」と叫び,20170521
79847,5255,系論：,20170127
79847,1097,経済学者の間では、現実世界はしばしば特殊なケースである。,20171219
79847,9832,プロジェクトMACを通り過ぎたとき,20170222
65209,1878,川は湿っている。,20170714
65209,6642,-- カール・ツヴァンツィヒ,20170415
73796,3157,ストリップは回転した。,20171115
97460,3634,今週は自分で機会を作り出せる。上級,20180422
80861,5149,我々のビデオプロセッサに『スタートレック3.2』をロードした。」,20170929
80861,7275,今日は驚きが待っている。家賃もだ。,20170314
80861,9880,第三法則：絶対零度でしか収支はとんとんにならない。,20170526
80668,4137,プログラミングについての考え方に影響を与えない言語は,20180418
80668,5142,今日は何か変わったことをしなさい。請求書を払いなさい。,20170827
80668,9126,確率は50対50だ。,20170128
94415,7927,口を閉ざしていれば、足は集まらない。（口は災いの元）,20171119
94415,4485,例。,20171123
94415,5829,"We wish you a Hare Krishna
",20170223
32772,3745,そしてこの言語が行くところどこでも,20170320
32772,7401,今日は友達を吸おう。,20170322
32772,8784,「私がしてほしいことを言いなさい」と言ったら、彼にロリポップをあげなさい。,20170814
45441,8193,やる価値のあることは、誰かにやってもらう手間をかける価値がある。,20170705
45441,5963,明日！,20171027
45441,6884,そしてサン・ミョン・ムーン（文鮮明）！,20170207
58902,9122,"Familiarity breeds attempt
",20171106
74954,9681,ヴァン・ロイの法則：,20171023
74954,3209,驚くほど大きいかということだ。つまり、あなたは,20170609
27407,1386,しばらくサウスダコタでサーフィンをするな。,20170923
84499,6004,あっちへ行け！邪魔だ！,20170528
20627,8158,「ダイエット」,20170814
20627,3,両利きになるためなら右腕を差し出してもいい。,20170323
20627,8949,カサブランカから出て、ドイツ人は奇跡を非合法化した。」,20170917
67865,5715,-- ウディ・アレン,20171228
67865,3900,心配するために。,20170625
67865,4318,扱いやすい：あなたは間違った問題を解決した。,20171121
69456,5383,向かっている。,20171030
69456,4659,時間とは、すべてが同時に起こらないようにするための自然の方法である。,20170121
69456,2206,例。,20170723
11358,1288,電球を交換するのに、テックライターは何人必要か？,20171211
11358,8071,レーガン大統領は、経済評論家が多すぎると指摘し,20180110
11358,9776,完全な馬鹿でも扱えるように。,20180129
90058,8698,プログラミング。,20171026
90058,8925,偏執病とは、単に人生に対する楽観的な見方である。,20180130
90058,6993,中には何もない。,20171231
99391,4675,「演技とは、観客に,20170805
99391,7587,私は7つのハックを持つQuuxに出会った。,20170723
99391,3491,「この核軍拡競争を続けるなら、君たちがやることは,20180110
69770,388,チキン・リトルは正しかった。,20180201
69770,7310,天才には限界があるかもしれないが、愚かさにはそのような,20180110
69770,1520,システム、その主要な弱点がすべて露呈した,20170529
54990,3865,もう一方には責任が。,20171113
35611,649,幸せな結婚をする方法は一つしかない。そして私が,20180411
22801,6722,-- リリー・トムリン,20170502
22801,8925,神のみが無作為な選択をすることができる。,20170928
22759,7107,-- A・E・ハウスマン,20180214
22759,8416,もう一方には責任が。,20171219
18090,8012,豚は、もし私が間違っていなければ,20171114
24307,4291,他人はあなたに安定を求めるだろう。だから、,20180226
24307,1999,神は7日で世界を創造したのではない。6日間遊び呆けて,20180214
24307,8131,それはかつて私を指していた。,20171231
51278,4534,分析され、新たな弱点に置き換えられる。,20171212
51278,8790,例。,20170215
56423,4993,物忘れ：神が債務者に、,20170926
49927,6982,オーレオマイシン、コカイン、インターフェロン、そしてTLC。チキン,20170623
49927,339,-- バート・ウィットニー,20180319
49927,5512,IBMにはPL/Iがあった,20170121
95144,6101,-- グルーチョ・マルクス,20170111
95144,11,別のものの。,20180329
77712,8605,-- D・J・ヒックス,20170810
77712,9335,-- オスカー・ワイルド,20170809
81002,3904,ハンディキャップのある。,20171213
87457,7305,波は滑らかで輝いている――,20171225
19245,2917,あっちへ行け！邪魔だ！,20171010
19245,5839,ユーザー空間と同じようにカーネル空間でも！,20170712
53115,718,人々が私に同意するときはいつも、私は自分が間違っているに違いないと感じる。,20171107
53115,85,-- フレッド・アレン,20170108
47214,8777,改善する。,20180216
15149,8442,手。,20170214
15149,5124,"Brain fried -- Core dumped
",20170424
15149,7236,"Vote anarchist
",20180418
15027,2241,-- オスカー・ワイルド,20170126
15027,7181,-- マーク・トウェイン,20170506
78181,1143,SQL交響楽団コンサート,20170220
78181,1143,SQL交響楽団コンサート,20180208
78181,1143,SQL交響楽団コンサート,20171120
70933,174,「もっと必要になるまで、乗り切るのに十分なだけ必要だ。」,20170212
70933,7420,Q: 電球を交換するのに、オレゴン州民は何人必要か？,20180413
70933,5585,フィナグルの信条：,20180209
72057,3490,何としても現実を避けよ。,20180423
55241,3779,-- アナトール・フランス,20170104
38340,7182,A: 両方だ。,20170914
38340,6077,機能する。,20180208
38340,7927,ブラッドリーの陳腐な言葉：,20170212
34261,7035,好機は常に、最も不都合な瞬間に訪れる。,20170831
34261,3156,デュシャームの教訓：,20170517
12354,5727,プログラムに合わせて仕様を変更する方が、その逆よりも簡単だ。,20180125
12354,4491,サラダにとってのニンニクが、芸術にとっての狂気である。,20170912
12354,2183,きわどいアリアを専門とする歌姫は、オフコロラトゥーラソプラノだ…,20170605
20628,1200,絵で説明される。,20180420
20628,9771,価格が上がった。「すべて新品」「完全新品」あるいは「素晴らしい新品」というラベルは,20170511
30274,6101,貧しい人々をお互いから守るために。,20180210
62708,1143,SQL交響楽団コンサート,20180104
62708,1143,SQL交響楽団コンサート,20170205
62708,1143,SQL交響楽団コンサート,20170925
62708,1143,SQL交響楽団コンサート,20170503
82468,2679,深まる憂鬱の中で、あなたの犬がようやく,20180215
82468,9917,自分がどこにいるか気にしないなら、迷子ではない。,20171031
82468,5282,医者があなたの症状に名前を付けたからといって、彼が,20170705
39119,8335,誰を信じる？,20170320
77423,3810,ウェイター：「紅茶かコーヒー、どちらになさいますか？」,20171102
50092,7792,少年：泥のついた騒音。,20170614
76506,4381,"
",20180101
28420,1143,SQL交響楽団コンサート,20180116
28420,1143,SQL交響楽団コンサート,20170915
16568,5659,三人の友人。もし彼らが大丈夫なら、あなたがそうだ。,20171024
16568,6789,コンピュータが人間より多くの仕事をこなせる一つの良い理由は、彼らが,20170206
16568,7474,-- 合併形成外科医・工具製造社,20170910
68194,8417,本物のプログラマーはPASCAL、BLISS、ADA、その他赤みがかった,20170710
68194,7929,-- アルベルト・アインシュタイン,20171227
68194,1675,-- ジョン・マクナルティ,20170201
98707,4915,防衛運転をしろ。戦車を買え。,20170815
98707,3470,今日は友達を吸おう。,20170613
98707,9035,平均的な女性は、頭脳よりも美貌を望む。なぜなら、,20171214
57138,5468,プログラマー。,20180215
69036,871,今年の最悪野菜：芽キャベツ。これはまた、,20170315
69036,506,子供は、,20170618
69036,5715,2. 直線あてはめが必要な場合、データは2点のみ取得すること。,20170302
95189,1978,もし時がすべての傷を癒すなら、なぜへそは変わらないのか？,20170315
95189,6004,"A city is a large community where people are lonesome together
",20170402
95189,2272,郵便。対応するエラーは、,20170822
59309,3755,「家具との議論は、めったに生産的ではない。」,20171210
59309,9167,ベアメタルで。アプリケーションプログラミングは、システム,20180317
59309,515,A: 3人。1人が電球をねじ込み、2人がそれを邪魔する者たちを追い払う。,20170102
76531,2958,今日は旅行が重要。明日、国税庁の役人が来る。,20170810
76531,8421,「それどころか」とトゥイードルディーは続けた。「もしそうだったら、そうだったかもしれないし、,20180417
76531,7780,「そして、私と同じくらい大きくなったら何をするの？」,20180118
53463,5042,私にできること。」,20170718
53463,3251,全く価値がない。,20171207
53463,8158,政治家がつまらない人物であればあるほど、彼は,20180120
89168,7758,もう一方。,20180317
89168,2595,シャボン玉？,20170924
52307,7676,誰でも扱えるように作ることはできるが、,20180114
47112,1542,-- オスカー・ワイルド,20170201
56206,1202,とは全く関係がない。,20171218
86055,3415,人々。,20171207
86055,2218,太陽は海の上で輝いていた。,20170325
21172,8279,"        But the good ones I've seen
",20170719
21172,5971,今日は空飛ぶ円盤に近づかないように。,20170324
46258,2863,ガスはひどい匂いがする。,20180217
46258,9626,世界は終わる！悔い改め、図書館の本を返しなさい！,20170130
46258,9310,"You have the capacity to learn from mistakes.  You'll learn a lot
",20171204
46602,792,すべてのプログラムは、他のプログラムの一部であり、めったに適合しない。,20170407
46602,5282,再生業者よ、その木を助けてやれ！,20170717
46602,5999,-- ベルトルト・ブレヒト,20170201
87530,345,ダンという名の若い詩人がいた,20180218
82184,9570,会話：息を切らしている方が,20170607
82184,6843,咳き込んでいる。」,20171015
67784,9780,コンウェイの法則：,20180121
67784,345,-- マーク・トウェイン,20180419
28667,8082,-- ドン・クイン,20170213
28667,7378,経済学者の間では、現実世界はしばしば特殊なケースである。,20180318
28667,4965,ああ、決して、決して疑うまい,20170127
53954,2227,戴冠式：君主に外見上と,20171211
53954,2420,タバコ：一端に火、もう一端に愚か者、そして,20171024
37874,4329,なし。宇宙が電球を回し、禅師は,20171228
81166,718,私はあなたが思うほど酔っていない。（I'm not as think as you drunk I am. の言葉遊び）,20170416
42747,1654,重役。,20170730
42747,1194,プロジェクトMACを通り過ぎたとき,20180109
42747,8061,おとぎ話：子供たちを新聞に備えさせるためのホラーストーリー。,20170202
99840,7242,-- グルーチョ・マルクス,20171128
99840,1921,自己中心主義とは、親切な自然が痛みを和らげるために与える麻酔である。,20170703
99840,7504,-- R・ガイス,20170321
84959,8068,機能する。,20170531
39818,1077,-- ベルトルト・ブレヒト,20170409
39818,4682,「成功できるのに、なぜ男でいる必要がある？」,20170110
39818,7509,-- ドクター・フー,20170121
23889,9924,狂気は遺伝する。子供から受け継ぐのだ。,20170723
66789,6894,キリスト：少なくとも5000年早く生まれすぎた男。,20180205
66789,4583,-- オスカー・ワイルド,20180408
77426,8522,メニュー：レストランがちょうど品切れにした料理のリスト。,20180404
77426,8114,現代人とは、類人猿と人間との間の失われた環（ミッシング・リンク）である。,20170929
77426,2475,助けを必要としている旧友をがっかりさせるには良い日だ。,20170225
68410,8790,"There's no future in time travel
",20170606
68410,4583,今日は何か変わったことをしなさい。請求書を払いなさい。,20170927
68410,4470,「私は経済学者ではない。私は正直者だ！」,20170522
74825,3878,靴。,20170803
74825,746,批判するが、もし皆に嫌われたら、あなたも偏執病になるだろう。,20180127
92296,6642,聞くことすべて、あるいは言うことすべてを信じるな。,20170619
75355,8759,服を着替える。登山はOKで、本物のプログラマーは,20170813
75355,3998,は去ることだった。,20170213
75355,1190,LISPプログラマーはすべての価値を知っているが、そのコストは,20170903
38360,2306,靴。,20180121
48704,4069,ウェイター：「紅茶かコーヒー、どちらになさいますか？」,20170927
28426,3157,死とは、人生があなたに「お前はクビだ」と告げる方法である。,20170123
28426,3266,あなたは犬のような生活を送ってきた。家具から離れていなさい。,20170625
28426,1794,芸術的な冒険が注目される。美術館を襲え。,20170808
80921,5517,"        The mouse dissolved
",20170729
80921,9880,すべてのプログラムは、他のプログラムの一部であり、めったに適合しない。,20170313
87547,4534,一度。,20170324
87547,339,その詩は決して韻律に合わなかった。,20170528
96214,2809,は一時的に中止されます。,20170220
12879,4287,その絵を説明する。1万語のセットで適切に,20170113
12879,8600,非公式なものから公式なものへ、公式な手段で進むことはできない。,20170701
55538,4006,今月は忘れられない月になるだろう――どんなに忘れようとしても。,20170718
46239,8082,このゴミは、非常に高価な機械を通過した後,20180219
46239,1794,間違いはしばしば、完全な失敗への踏み石となる。,20170812
43872,4318,-- ベルトルト・ブレヒト,20171011
43872,6938,私は7つのハックを持つQuuxに出会った。,20170925
43872,8620,太陽から。大きな隕石が通信を妨げているか、あるいは誰かが,20170709
23929,7820,こんにちは、ファルケン博士。,20170508
23929,2559,それがいかに走るか見よ！それがいかに走るか見よ！,20170605
23929,6653,コンピュータが人間より多くの仕事をこなせる一つの良い理由は、彼らが,20180321
39461,7947,本物のプログラマーはFORTRANでは書かない。FORTRANは配管応力マニアや,20170105
39461,1306,彼らの話題は主にセックスに及ぶ。,20170124
39461,4464,デュシャームの教訓：,20171203
20151,7219,"
",20180103
20151,764,「私は経済学者ではない。私は正直者だ！」,20171125
84312,5616,"Computer programmers do it byte by byte
",20170208
83620,8727,英語では、すべての単語を動詞化できる。我々の,20170828
83620,3734,他人があなたのことをどう思っているか心配するな。彼らは,20170703
83620,1104,離婚から抜け出す。,20170215
90599,363,明日！,20180310
90599,5970,今週は自分で機会を作り出せる。上級,20170907
79492,6982,異なれ：順応せよ。,20170727
18258,712,クリーブランドはまだ生きている。神は死んだに違いない。,20170720
62220,4699,死ぬ？とんでもない、友よ。バリモア家はそんな,20170526
62220,5478,-- ヒレア・ベロック,20180420
62220,9347,蒸気配管工のピクニックで。,20171211
94159,3139,老兵は死なず。若者は死ぬ。,20171218
94159,5914,"Time flies like an arrow
",20170402
72028,1563,"There's no future in time travel
",20170707
33079,4004,"
",20171113
33079,1290,今日は驚きが待っている。家賃もだ。,20170213
74614,6236,それが、点で対になって,20180302
65201,7401,-- ウォルト・ケリー,20180220
48380,3998,神は言われた。「ニュートンあれ」と。するとすべてが光であった。,20171230
48380,6702,「サワークリームのボウルのように？」と他方が尋ねた。「なぜ？」,20170707
48380,3570,メニュー：レストランがちょうど品切れにした料理のリスト。,20180414
15706,6965,警官を避けるには良い日。学校まで這って行こう。,20171126
15706,7929,「すべての肉は草である」,20171014
15706,1794,暇な時間に現金を稼ごう――友達を脅迫せよ。,20180102
46010,9353,-- ドン・クイン,20170710
46010,9414,人生をやり直せるかもしれない――もし最初の,20170304
63407,6505,大西洋を、口に動詞をくわえて。,20180409
63407,2640,朝。,20180311
63407,1625,心配するために。,20171018
87565,7587,文学的なドイツ人が文章に飛び込むときはいつでも、それが最後だ。,20170718
80333,1404,"He did his very best to make
",20180222
80333,1925,両利きになるためなら右腕を差し出してもいい。,20180330
76008,1194,少年：泥のついた騒音。,20170812
76008,9260,明かりがつく。,20170417
76008,174,システム/3！システム/3！,20180420
92744,2400,-- ウディ・アレン,20170705
92744,610,勇気を奮い起こせ！他のものは全部台無しにしたんだから。,20171011
92744,2272,本物のプログラマーはコードにコメントをしない。書くのが難しかったのなら、,20170905
43472,4029,「もし知っていたら、私は錠前屋になっていただろう。」,20171125
43472,9016,すべてのプログラムには（少なくとも）二つの目的がある。一つは,20180208
82109,4207,中には何もない。,20180119
26924,737,記者（マハトマ・ガンジーへ）：ガンジーさん、,20170217
62661,7705,"算数とは、""",20170811
62661,1673,2. 直線あてはめが必要な場合、データは2点のみ取得すること。,20170110
17290,2967,-- ジョン・オハラ,20170819
17290,7862,木のように美しい広告看板。,20180223
17290,5091,分子生物学者はデザイナー遺伝子（デザイナーズジーンズとの掛詞）を身に着けるのか？,20180221
98712,1104,「私の友人たちと私は皆、狂っている。それが我々を,20170413
98712,4717,今、自然に振る舞いなさい。煮えくり返り、怒り狂い、かんしゃくを起こしなさい。,20180207
98712,3244,「率直に申し上げましょう、ムッシュ。あなたを,20170619
51464,8082,ストリップは回転した。,20170801
51464,842,全国半袖シャツ協会は言う：,20171227
27287,6236,（ウェイター退場、そして再登場）,20170827
27287,8403,その道を。,20170412
58015,1028,解決策ではなく、問題を修正する。,20170704
58015,2937,-- アラン・パーリス,20170902
58015,4351,-- アナトール・フランス,20170708
13212,6722,プログラミングについての考え方に影響を与えない言語は,20170516
13212,2274,さようなら。私は退屈だから去る。,20170320
13212,8859,"        But this output can be
",20170811
47709,9564,リストまたはオブジェクトデッキ。,20170806
36096,9335,自分の評判を考えなさい。名前を変えて、,20180215
36096,388,神は死んでいない、ただ駐車スペースを見つけられなかっただけだ。,20170701
36096,2918,グループの人数によって。,20180314
22912,6239,文学的なドイツ人が文章に飛び込むときはいつでも、それが最後だ。,20170917
22912,5628,軍法は正義にとって、軍楽が音楽にとってそうであるようなものだ。,20180329
22912,3629,委員会――それが彼らを破滅させるだろう。,20170815
58778,9335,人々。,20180227
58778,9314,-- ヒレア・ベロック,20170425
58778,2958,死ぬ：突然罪を犯すのをやめること。,20180225
57635,9353,"Advertisement: The most truthful part of a newspaper
",20170601
57635,3213,イギリス史の中間試験の前夜、あなたの生物学の,20171230
19741,1302,ヴェリリンドの実験の法則：,20170115
92899,9427,-- クラレンス・ダロウ,20180304
92899,6178,"We wish you a Hare Krishna
",20170121
29461,8132,-- ケーログ・アルブラン,20170207
29461,2295,終わる。,20180315
81262,9738,時空間スキップの中で。,20170620
81262,1794,真実は今朝明らかになるだろう。（それが事態を本当に混乱させるかもしれない。）,20170811
81262,5089,「ダイエット」,20180131
36064,3190,今夜はコウモリに餌をやらないで。,20170618
36064,3587,完全な馬鹿でも扱えるように。,20180320
82517,1743,幸運の女神が意図したように,20170725
40266,8666,彼があなたに言うこと。,20170904
40266,1468,そして男性的な衝動,20180210
60284,994,父親は幼い息子に尋ねた。,20180302
64087,8176,"Whether you can hear it or not
",20180119
47637,4687,"God is a comic playing to an audience that's afraid to laugh
",20170824
47637,9673,皮肉屋：物事をありのままに、あるべき姿ではなく見る、欠陥のある視力を持つ悪党。,20171012
46644,2979,オーレオマイシン、コカイン、インターフェロン、そしてTLC。チキン,20170604
46644,9559,-- オスカー・ワイルド,20170221
29606,610,つまり、もしアパートを借りるなら、あなたは3つの,20180426
29606,183,"
",20171123
29606,1056,偏執病の人も人間だ。彼らにも彼ら自身の問題がある。簡単に,20170713
96402,9246,あなたは大きな音に驚くだろう。,20180329
96402,5157,重力は神話だ、地球は吸い込む。,20180212
96402,6658,有り余るエネルギーを発散させるには良い日だ。何か重いものを盗め。,20180204
20638,718,コンサルタントとは、会社に数字を尋ね、そして,20171013
91056,968,皮肉屋の目を、彼の視力を改善するために。,20170122
25324,2714,思春期：思春期と不倫の間の段階。,20171123
25324,5478,-- オスカー・ワイルド,20170928
25324,9314,何もない。,20180223
13779,4915,瓦礫にすぎない,20171021
13779,2183,フィナグルの信条：,20170112
13779,1851,チャイルドプルーフキャップに苦労するのは大人だけだ。,20170106
49463,8612,そうだと告げられたとき,20170513
45645,4729,この国に必要なのは、良質な5セントの「何か」だ！,20170112
41621,4884,タバコ：一端に火、もう一端に愚か者、そして,20170216
41621,9669,答えは42だ。,20171208
41621,4986,時空間スキップの中で。,20170712
65418,4982,もし神があなたに裸で歩き回ってほしかったなら、もっと大きな,20170116
65418,2749,幸せな結婚をする方法は一つしかない。そして私が,20170214
66712,769,太陽から。大きな隕石が通信を妨げているか、あるいは誰かが,20180208
66712,5966,変化。,20170328
66712,374,偏執病とは、単に人生に対する楽観的な見方である。,20170318
91657,6505,機械上で、彼らは「ほんの数回」の30時間で動作するようにパッチを当てることができる。,20170403
85623,3750,-- ジョージ・サンダースの最期の言葉,20180221
85623,8025,自由で、オープンで、陽気であれ！楽しめ！事態はこれ以上良くならないから,20170126
85623,4681,川は湿っている。,20180407
86268,5362,-- F・P・ジョーンズ,20171104
86268,5777,1) 「心配するな、俺が何とかする」,20170521
86268,5003,文明に触れることなく退廃へ。,20180420
48904,1410,おそらく、広告看板が落ちてこない限りは,20170906
48904,9589,電気技術者はより少ない抵抗でやる。,20180428
48904,5585,あなたのプログラムを説明しているときに聞き手がうなずいたら、,20170522
14082,1763,あっちへ行け！邪魔だ！,20170404
14082,6186,姉妹や近親者が弾くピアノよりも迷惑だ。,20180126
10743,871,瓦礫を跳ねさせる,20170810
10743,537,グラフィックスについて：一枚の絵は1万語の価値がある――しかし、,20170223
68735,6148,馬の分別とは、馬が,20171028
68735,649,おとぎ話：子供たちを新聞に備えさせるためのホラーストーリー。,20180308
43961,8416,「何もしなくても誰が気にする？これは我々の新しい,20170102
84404,8576,"Brain fried -- Core dumped
",20171001
15617,402,口を閉ざしていれば、足は集まらない。（口は災いの元）,20180120
66110,418,（ウェイター退場、そして再登場）,20170918
56021,3357,A: 33人。1人がビットを持ち、32人がレジスタを押す。,20170602
56021,793,本物のプログラマーはキッシュを食べない。実際、本物のプログラマーは,20180323
62376,3737,マクガワンのマディソン・アベニュー公理：,20170114
78830,345,バグを修正し、再びダンプする：,20170129
78830,6767,定言命法を打倒せよ！,20170515
32091,2264,"        Anything that can go wr
",20170509
32091,8121,今夜はユーカリの木で眠るな。,20180420
96871,4329,そしてきれいなものは、めったに滑稽ではない。,20170814
96871,8569,今日はあなたが勝者になるだろう。4歳児に喧嘩を売れ。,20180416
96871,3810,"Ass（尻/ロバ）：""lass""（娘）の男性形。",20170617
48241,3734,靴。,20170427
48241,6447,宇宙は大きい。あなたはそれがどれほど広大で、巨大で、心を,20170311
48241,7698,-- ジョン・チアルディ,20170518
75124,4235,"If I traveled to the end of the rainbow
",20180406
75124,9934,何をしているかわからないときは、きれいにやれ。,20180222
72730,4240,第四次世界大戦は棒と石で戦われるだろう。」,20171006
72730,5702,ああ、決して、決して疑うまい,20180129
93554,8724,アメリカを美しく保とう。ビール缶を飲み込め。,20180113
26778,4520,クリスマスに子供にメンタルブロックを与えなさい。,20180120
26778,2227,ダイヤルトーンを求めて。,20170106
54067,3322,-- マーク・トウェイン,20171009
54067,9624,豚は、もし私が間違っていなければ,20170724
54067,3471,ヴェリリンドの実験の法則：,20171004
98747,2274,大きな財産を持って。」,20171230
19263,1654,今年は幸運な日を過ごす。,20171113
19263,8360,闇が漏れ出す。,20171021
19263,5135,偏執病とは、単に人生に対する楽観的な見方である。,20170727
75739,2111,"Death is nature's way of telling you to slow down
",20170225
75739,5867,もしそうなら、そうなるだろう。しかし、そうではないから、そうではない。それが論理だ！,20180215
58636,6154,ツバメがカピストラーノに着陸するのを手伝おう。,20180121
58636,7454,その間にタバコ。,20170115
63531,4682,-- アドレー・スティーブンソン,20170704
36980,3072,-- F・P・ジョーンズ,20180408
65245,1830,プログラマー。,20180216
65245,5157,すべてのハックには7つのバグがあった。,20180107
81990,8612,IBMにはPL/Iがあった,20170212
57051,4612,「私は経済学者ではない。私は正直者だ！」,20180122
57051,5585,政府などない方がましだ。,20180311
57051,6480,そうだと告げられたとき,20171227
12230,2167,何としても現実を避けよ。,20170901
12230,1994,"
",20170313
38573,9768,アメリカを美しく保とう。ビール缶を飲み込め。,20180214
38573,9347,平均的な男性は考えるよりも見ることの方が得意である。,20170927
57015,3213,プログラマー。,20170425
90531,6101,種が動くかどうかを見ずに。,20170329
74139,2953,人を馬鹿と呼ぶな。彼から借りろ。,20170609
74139,8504,で責任を回避するか？,20170206
60300,4273,確実である。そして、それらが確実である限り、それらは現実には言及しない。,20170628
60300,4583,今日は大きな嘘をつくな。小さな嘘でも同じくらい効果的だ。,20171224
70116,4283,地球は小さな砂粒のようなものだ、ただずっとずっと重いだけ。,20170812
24934,9902,（ウェイター退場、そして再登場）,20180216
24934,8172,ファッションとは、あまりに耐え難い醜さの一形態であり、我々はそれを,20180208
24934,4982,機能する。,20170123
75457,3322,精神病院：楽観主義が最も栄える場所。,20170604
84504,8417,システム、その主要な弱点がすべて露呈した,20170813
84504,9406,「ここ電話会社では、あらゆる種類の人々にサービスを提供しています。,20170108
59742,9559,左にシフト！右にシフト！,20170924
11900,4986,-- アルベルト・アインシュタイン,20170810
11900,7219,そして徹夜した。,20170810
11900,315,モグラの問題かい？,20180228
40115,3345,一度。,20171221
97458,3984,恋は感傷的なはしかである。,20171110
97458,5593,点。,20171127
97458,3376,何もない。,20170417
72165,6275,もう一方。,20171104
72165,9924,有名な最期の言葉：,20171004
20150,1649,エラーのないプログラムを書く方法は二つある。三番目の方法だけが,20170802
20150,1202,花嫁：幸せな未来を背後に持つ女性。,20170822
89372,9137,ツバメがカピストラーノに着陸するのを手伝おう。,20171207
79928,8426,-- オスカー・ワイルド,20170415
79928,295,三人の友人。もし彼らが大丈夫なら、あなたがそうだ。,20170126
28537,8063,グループのIQは、グループのメンバーの最低IQを,20171201
28537,232,あなたのアナリストはあなたを別の患者と混同している。信じてはいけない。,20170125
76113,8433,臆病者：危険な緊急事態に足で考える者。,20170720
76113,6114,永遠を傷つけずに時間を潰すことはできない。,20171201
76145,8773,時間だ！」,20170728
60033,5089,プログラマー。,20171206
60033,9406,良い知らせ。金曜日から10週間後は、かなり良い日になるだろう。,20180418
67702,9924,質問：,20180421
67702,4239,大酒を飲むには最高の日。オフィスのウォータークーラーに酒を入れろ。,20170913
46323,9621,ああ、一体どうしたのだろう,20170620
84377,6515,それはやる価値がなかった。,20170212
17602,1143,SQL交響楽団コンサート,20180308
17602,1143,SQL交響楽団コンサート,20170111
17602,1143,SQL交響楽団コンサート,20170922
52765,8663,恩知らず：餌を与えてくれた手を噛み、そして文句を言う男。,20171012
52765,6292,しかし、私が命じたことだけだ。,20170911
16715,8826,第三法則：絶対零度でしか収支はとんとんにならない。,20171220
16715,1988,カサブランカから出て、ドイツ人は奇跡を非合法化した。」,20170610
16715,5157,本物のプログラマーはテニスや、,20170415
39445,9030,-- 合併形成外科医・工具製造社,20180329
12061,8778,「三重アイソ分岐クリプトンゲートMOSプロセス…」,20170519
12061,9310,すべてのプログラムには（少なくとも）二つの目的がある。一つは,20170318
12061,3997,自分自身を問題の一部として。,20170511
81898,6659,"Accuracy: The vice of being right
",20170718
52832,9624,瓦礫にすぎない,20170407
52832,374,自動化？,20170121
70414,8057,今夜は料理するな――今日ネズミを餓死させろ！,20180205
33923,3156,-- マーク・トウェイン,20170106
33923,9362,神は言われた。「ニュートンあれ」と。するとすべてが光であった。,20180320
45615,1393,登山靴を職場に。万一、,20170821
11993,4892,"        While her lover lamented
",20171001
31252,1988,-- ウォルト・ケリー,20170801
31252,6740,自分の評判を考えなさい。名前を変えて、,20180322
31252,4581,明日！,20170819
42438,1866,-- ヒレア・ベロック,20170510
42438,8367,父親は幼い息子に尋ねた。,20170808
42438,364,彼を避けろ。彼は共産主義者だ。,20170825
51710,2749,-- G・B・ショー,20170525
51710,9773,今週は自分で機会を作り出せる。上級,20171101
51710,8629,16歳以上で、美しく裕福で、,20170725
78799,3915,-- アルベルト・アインシュタイン,20180411
78799,2306,歴史の第一法則：,20170920
78799,7182,1ビットたりとも取るな！,20170819
25807,2886,瓦礫を跳ねさせる,20180412
25807,4387,価格が大幅に上がったことを意味する。,20171220
25807,5748,"Vitamin C deficiency is apauling
",20170115
52622,9122,グループの人数によって。,20180227
52622,3901,「なぜ私は不安なのか？」（ラテン語）,20171119
89410,4982,"
",20170628
89410,8421,"        But she started absorbin'
",20170513
63345,1404,-- H・L・メンケン,20170720
99598,8826,今日は驚きが待っている。家賃もだ。,20180415
99598,1714,明日は興味が持たれないため中止となります。,20170921
99598,3570,皮肉屋：色眼鏡を通して物事を偏見の目で見る者。,20180204
56115,8753,A: 両方だ。,20180102
56115,8476,子供に装填済みの鯉で遊ばせるな。,20170625
51864,996,外交官とは、妻に,20171225
73297,9956,最初で成功しないなら、諦めろ。とんでもない馬鹿になる必要はない。,20171220
73297,5091,-- ミッキーマウス,20170220
87026,1200,リストまたはオブジェクトデッキ。,20170311
87026,1344,タイプライターで2つのキーを打つと、望まない方が,20170821
12412,9388,鍋は向こうの端にある。,20170309
13917,8335,重力は神話だ、地球は吸い込む。,20170903
98912,3376,それはここにない。,20170510
71577,4554,銀行家とは、太陽が輝いているときに傘を貸してくれ,20170513
44318,9353,「今こそすべての善良な人々が立ち上がる時だ。」,20170426
44318,8012,コンピュータの集中力は、その,20170213
44318,9167,-- ブラウン・セキュリティ犯罪防止パンフレットより,20171105
98062,6964,ディスク上の100ブロックのゴミ,20170317
98062,3483,慰謝料とは、二人が過ちを犯したとき、そのうちの一人が,20180316
81311,5971,確率は50対50だ。,20170721
15785,1751,登山靴を職場に。万一、,20180422
15785,6958,-- 『銀河ヒッチハイク・ガイド』,20170724
68192,8883,咳き込んでいる。」,20180410
38181,8939,彼らがその代金を払い続ける。,20170927
38181,6965,誰もが彫刻を教わることができる。ミケランジェロは,20180430
56341,17,ハチドリは歌の歌詞を決して覚えない。,20180424
56341,7333,死とは、人生があなたに「お前はクビだ」と告げる方法である。,20170523
39911,3635,趣味に余分な時間を費やせ。巻紙をたくさん手に入れろ。,20171020
39911,8777,プロジェクトMACを通り過ぎたとき,20180103
85672,5043,-- クリント・イーストウッド,20170908
85672,8538,何もない。,20171218
85672,5011,一番大声で鳴く鶏が、最も,20170925
68690,3745,思春期：思春期と不倫の間の段階。,20170123
68690,6114,-- ハーバート・フーバー,20170610
68690,5425,イギリス史の中間試験の前夜、あなたの生物学の,20170608
63013,8131,丸一日得られない。可能な限り2月は避けよう。,20180105
63013,3441,アコーディオン：プリーツ付きのバグパイプ。,20180130
63013,8316,私は7つのハックを持つQuuxに出会った。,20180227
18353,9306,あなたのアナリストはあなたを別の患者と混同している。信じてはいけない。,20170401
18353,8804,使いやすく、動作し、もし壊れたら、彼らはすぐに,20171202
18353,4652,中傷された。,20180404
41597,842,年：365回の失望の期間。,20171126
41597,2679,「率直に申し上げましょう、ムッシュ。あなたを,20170225
41597,7257,軽く油を塗った。」,20170815
30469,6063,解決策ではなく、問題を修正する。,20170511
30469,9150,経験を共有しようとするカリフォルニア人。,20170306
30469,7219,暇な時間に現金を稼ごう――友達を脅迫せよ。,20170306
67797,1393,エラーのない重要な手紙は、,20180412
67797,341,死：突然罪を犯すのをやめること。,20170219
67797,1925,-- エルバート・ハバード,20170701
27479,6658,"God is a polythiest
",20180309
27479,3470,"THE GOLDEN RULE OF ARTS AND SCIENCES
",20170216
27479,8622,生きている方がましだ。,20170325
81098,8078,「今こそすべての善良な人々が立ち上がる時だ。」,20171121
81098,6767,自然な傾向に屈せよ。憎らしく、退屈であれ。,20180401
72849,9372,（ウェイター退場、そして再登場）,20180325
72849,5605,釘。,20180131
71377,5004,今月は忘れられない月になるだろう――どんなに忘れようとしても。,20180122
71377,4612,簡単な問題はすべて解決済みだ。,20180103
71377,6789,一度。,20170404
69916,183,今日は驚きが待っている。家賃もだ。,20170709
66264,9677,調査の日。あなたは召喚されるだろう。,20170629
66264,816,"
",20170106
66264,4652,-- サルヴァー・ハーディン,20170705
20323,3483,重要な書類は、自発的に移動することでその重要性を示すだろう。,20170608
20323,4930,言った、「人生はサワークリームのボウルのようなものだ。」,20180201
59000,8522,第四次世界大戦は棒と石で戦われるだろう。」,20171101
67448,1483,再び同じ間違いを犯したときに。,20170211
13466,9406,ローマ帝国はなぜ崩壊したのか？事務所のラテン語は何？,20170902
63790,5388,「もし神が地上に住んでいたら、人々は彼の窓をすべて叩き割るだろう。」,20171203
63790,6129,手。,20170718
53061,5383,ダクトテープはフォースのようなものだ。光の側面と闇の側面があり、,20180201
53061,792,バグを修正し、再びダンプする：,20170222
94178,765,汝のプログラムは走り、汝のシステムコールは成されたり。,20171021
94178,8905,「私たちは気にしない。気にする必要はない。私たちは電話会社だから。」,20170415
94178,1837,偏執病の人も人間だ。彼らにも彼ら自身の問題がある。簡単に,20170805
29348,7587,今、私はそれを守っている。,20170407
29348,4576,そのモニターは完全に負ける！,20170713
29348,4006,新しい議員たちは政府を立て直すと言っている。私は,20171218
13934,3779,愚かさ。,20170805
13934,2350,あなたは賢く、機知に富み、素晴らしいが、あまりに多くの時間を,20171206
13934,8118,靴。,20171013
36034,3878,心配するために。,20170402
36034,9288,は一時的に中止されます。,20170509
36034,8078,アメリカを美しく保とう。ビール缶を飲み込め。,20180217
16991,8040,科学とは、先入観が検証に出会ったときに起こることである。,20170211
16991,3151,プログラミング言語。,20180406
51950,8335,それはやる価値がなかった。,20170310
51950,85,何もない。,20170615
93421,7305,恋は感傷的なはしかである。,20180326
93421,3865,靴。,20170921
89407,5972,-- ウディ・アレン,20170724
89407,690,自然と自然の法則は夜に隠されていた,20170121
89407,2270,"        A new hydrocarbon
",20170614
24687,9167,人生を深刻に受け止めすぎるな。生きては出られないのだから。,20170905
24687,737,"
",20171006
24687,2270,あなたは間もなく認識されるかもしれない。隠れなさい。,20180306
85398,6229,息をしている方がリスナーと呼ばれる。,20171011
85398,3378,誘惑を取り除く唯一の方法は、それに屈することだ。,20171001
90567,2910,調査の日。あなたは召喚されるだろう。,20170218
51112,1093,ツバメがカピストラーノに着陸するのを手伝おう。,20180308
43147,2789,IBMにはPL/Iがあった,20170923
43147,363,明日！,20170603
75409,8233,狂気は遺伝する。子供から受け継ぐのだ。,20170831
75409,3797,もし時がすべての傷を癒すなら、なぜへそは変わらないのか？,20171126
24152,5201,すべてのプログラムは、他のプログラムの一部であり、めったに適合しない。,20180225
24152,4892,それがエネルギーに変換されるとき？,20170721
52409,4913,もし誰かが、私がいつか教皇になると言っていたら、私は,20170104
52409,1811,川は湿っている。,20171004
73257,9677,大西洋を、口に動詞をくわえて。,20170608
83804,5727,1. 再現性が問題になる可能性がある場合、テストは,20170225
45318,9137,完全な馬鹿でも扱えるように。,20171201
45318,1438,完全な馬鹿でも扱えるように。,20180105
49295,345,爆弾を禁止せよ。通常戦争のために世界を救え。,20171231
76553,4884,ハンロンの剃刀：,20171207
76553,5344,コンピュータが人間より多くの仕事をこなせる一つの良い理由は、彼らが,20180411
76553,4354,良い忠告とは、悪い手本を示すには年を取りすぎた男が与えるものである。,20180101
44864,8315,聞くことすべて、あるいは言うことすべてを信じるな。,20170712
44864,126,メッセージが郵便で届く。FBIに見られる前に破壊せよ。,20170211
72476,7504,今日は旅行が重要。明日、国税庁の役人が来る。,20180326
72476,7994,LSDは、その重さの47倍の過剰な現実を消費する。,20170422
72476,793,豚の愚かさだと思う。,20171011
73779,5412,今回のログインセッション：$13.99、しかしあなたには$11.88,20170803
37625,7258,ヴェリリンドの実験の法則：,20180121
37625,418,外交とは、石を見つけるまで「いい子だね、ワンちゃん」と言い続ける技術である。,20171130
37625,968,金を持つ者がルールを作る。,20170621
83086,1143,SQL交響楽団コンサート,20171102
83086,1143,SQL交響楽団コンサート,20170711
83086,1143,SQL交響楽団コンサート,20170225
83086,1143,SQL交響楽団コンサート,20170730
12363,9876,愚かさ。,20180310
12363,2834,チキン・リトルは正しかった。,20170423
12363,3077,そして男性的な衝動,20170905
11615,4719,とは全く関係がない。,20171028
11615,5971,豚は、もし私が間違っていなければ,20170201
11615,7364,物忘れ：神が債務者に、,20170303
61225,8335,「可能性は三つある。パイオニアの太陽電池パネルが,20180203
99341,9150,"God is a polythiest
",20170507
99341,674,あなたの同意なしに、誰もあなたを劣っていると感じさせることはできない。,20170314
99341,4804,深まる憂鬱の中で、あなたの犬がようやく,20171203
15490,4235,向かっている。,20170722
15490,574,酵素とは、生物学者が発明したものであり、,20180102
66425,1763,正気だ。」,20170421
66425,9470,もし入力が正確でなかったら。,20171119
41127,6105,本物のプログラマーはPL/Iでは書かない。PL/Iは,20171022
93236,3589,シルバーマンの法則：,20170325
93236,9159,ミニーマウスは迷路を覚えるのが遅い。,20171020
93236,6999,道徳的にハンディキャップのある人を雇いなさい。,20180331
12582,8012,"
",20170706
12582,9064,この種のゴミ。,20170813
58423,9325,それは完全な損失だった。,20170122
41775,146,午後は明るくなるだろう。警官があなたの顔にライトを当てるから。,20170823
41775,104,A: 33人。1人がビットを持ち、32人がレジスタを押す。,20180410
41775,1994,例。,20170602
67759,388,脳は素晴らしい器官だ。あなたが起きた瞬間に働き始め,20170523
67759,7386,人間はアルコールを発明した。,20170817
67759,6463,誘惑を取り除く唯一の方法は、それに屈することだ。,20180111
34374,6589,誰も確信していないこと。,20180121
51316,5282,不在：友人や知人の攻撃にさらされること。中傷されること。,20171002
96491,6262,今年はハンニバル・デーを祝おう。象を昼食に連れて行け。,20170918
26016,4461,-- アラン・パーリス,20170314
35506,2044,人々。,20170921
55178,3187,ああ、決して、決して疑うまい,20170126
66648,7227,完全な馬鹿でも扱えるように。,20170712
66648,6589,神を。,20180225
51329,7275,コーナー、バーモント州」,20180127
82492,6236,-- サルヴァー・ハーディン,20170801
82492,5561,本物のプログラマーはCOBOLでは書かない。COBOLは弱々しいアプリケーションのためのものだ。,20180308
55274,9583,チキンスープ：,20180106
55274,6815,その構文はJOSSより悪い。,20180210
42046,315,いかにしてそうしないかを教えられなければならなかっただろう。偉大なプログラマーも同様である。,20180131
42046,3901,教授とは、誰かの睡眠中に話す人のことである。,20170911
62180,769,今日は大きな嘘をつくな。小さな嘘でも同じくらい効果的だ。,20171212
62180,845,ゴイムを創造したのか？」一般的に受け入れられている答えは、「誰かが,20171224
21581,3869,午後は明るくなるだろう。警官があなたの顔にライトを当てるから。,20170830
21581,1926,客2：「私も――そしてグラスがきれいであることを確認してくれ！」,20171102
21581,5839,ユーカリの木で眠らない方がよい、もう一晩。,20170730
34965,1143,SQL交響楽団コンサート,20170202
18096,3750,白いひげを生やし、赤いスーツを着たぽっちゃりした男が間もなくあなたに近づくだろう。,20180415
18096,7937,失敗への対処は簡単だ。改善するために努力する。成功もまた,20170831
18096,4195,-- ラザルス・ロング,20170712
40147,3415,今夜はユーカリの木で眠るな。,20170716
40147,9130,防衛運転をしろ。戦車を買え。,20171230
17487,6136,-- 愚者の辞書,20170421
17487,4112,-- ブラウン・セキュリティ犯罪防止パンフレットより,20170927
17487,9145,永遠を傷つけずに時間を潰すことはできない。,20170906
36950,2021,-- R・ガイス,20170205
36950,176,自然と自然の法則は夜に隠されていた,20171122
36950,9105,グループのIQは、グループのメンバーの最低IQを,20171119
79243,2809,今日は空飛ぶ円盤に近づかないように。,20170312
79243,9612,"        But she started absorbin'
",20170109
16295,2679,"He sure is a fun god
",20171108
87400,8784,定言命法を打倒せよ！,20170906
68334,3441,デュシャームの公理：,20170224
35884,9171,価格が上がった。「すべて新品」「完全新品」あるいは「素晴らしい新品」というラベルは,20180413
35884,2167,文明に触れることなく退廃へ。,20170401
51114,9902,それ。,20171110
63847,786,自分がどこにいるか気にしないなら、迷子ではない。,20171204
63847,871,朝に自己嫌悪するな――昼まで寝ろ。,20180317
63847,8576,フィルモア大統領を悪く言うな。彼は我々をベトナム戦争から遠ざけてくれた。,20180420
12365,7780,チケット。,20171023
12365,6480,プログラミングについての考え方に影響を与えない言語は,20170711
12365,3984,もし時がすべての傷を癒すなら、なぜへそは変わらないのか？,20180311
87075,7478,-- オスカー・ワイルド,20170120
87075,1171,明日は興味が持たれないため中止となります。,20180319
87075,3357,自動車：丘を駆け上がり、人々を駆け下りる四輪車。,20171109
47355,9273,我々にハムと豚肉とベーコンを与えてくれる。,20171107
47355,3581,自分がどこにいるか気にしないなら、迷子ではない。,20170902
83797,2033,完全な馬鹿でも扱えるように。,20170408
67248,3623,蒸気配管工のピクニックで。,20170101
71502,7258,あなたのプログラムを説明しているときに聞き手がうなずいたら、,20170528
71502,9934,時々、無実の人が議会に送られる。,20170511
71502,5023,名誉ある：手の届く範囲に障害があること。立法府では,20170102
48772,4029,-- クリント・イーストウッド,20170625
81082,6148,おそらく、広告看板が落ちてこない限りは,20170112
81082,8455,本当に考えさせると、彼らはあなたを嫌うだろう。,20170321
91604,5294,「それどころか」とトゥイードルディーは続けた。「もしそうだったら、そうだったかもしれないし、,20180409
91604,2404,"
",20170903
91604,1171,人生。,20170607
88134,5240,嘘：真実の非常に粗末な代用品だが、発見された唯一のもの。,20171126
48667,4300,貧しい人々をお互いから守るために。,20170314
48667,7275,それがいかに走るか見よ！それがいかに走るか見よ！,20171023
48667,6131,覚えておけ、UNIXを逆から綴るとXINUになる。,20170923
92507,3915,"He did his very best to make
",20180128
92507,769,人生は玉ねぎのようなものだ。一枚一枚皮をむいていくと、,20171013
92507,8773,そのモニターは完全に負ける！,20171218
40885,1143,SQL交響楽団コンサート,20180125
24268,2924,システム、その主要な弱点がすべて露呈した,20170707
24268,4729,貧しい人々をお互いから守るために。,20170221
24268,6845,軍法は正義にとって、軍楽が音楽にとってそうであるようなものだ。,20170813
11263,4719,人を馬鹿と呼ぶな。彼から借りろ。,20170712
47928,7737,「素晴らしい！この半,20170527
47928,5843,-- A・E・ハウスマン,20171223
76781,1374,「第三次世界大戦がどのような兵器で戦われるかはわからないが,20180413
76781,5151,"I must have slipped a disk -- my pack hurts
",20171103
76781,4986,狂気は遺伝する。子供から受け継ぐのだ。,20171220
43526,574,"
",20170626
43526,1714,オーレオマイシン、コカイン、インターフェロン、そしてTLC。チキン,20171226
52057,2071,波の上に立つ者もまた、サーフィンをする。,20170127
52057,6020,成功の秘訣は誠実さだ。それを偽ることを学べば、,20171220
52057,2218,プログラマーが英語で書けるようにすれば、,20170303
14020,5468,-- ドクター・フー,20171126
14020,7242,文句は言えない、でも時々言ってしまう。,20171112
54525,4941,収支を合わせられると思った頃に、誰かが,20170215
54525,9346,誰を信じる？,20170524
54525,4387,非公式なものから公式なものへ、公式な手段で進むことはできない。,20170131
25553,2749,は中止された。,20170525
25553,8559,自由で、オープンで、陽気であれ！楽しめ！事態はこれ以上良くならないから,20170126
25553,3647,最悪な一日を過ごすには最高の日だ。,20180210
38887,4859,来年の最悪野菜。,20170724
81176,4352,我々自身。,20180122
87473,7259,別のものの。,20170526
87473,1994,人間はアルコールを発明した。,20170719
87473,1381,科学とは、先入観が検証に出会ったときに起こることである。,20170522
78616,6625,「要するに、_Nがリシャール的であるのは、_Nがリシャール的でない場合に限る。」,20171108
78616,7929,-- アラン・パーリス,20170319
78616,8029,人間はアルコールを発明した。,20170618
16879,9192,すべてのハックには7つのバグがあった。,20180412
16879,2809,"        While her lover lamented
",20170828
18888,2021,何が起こっているか。,20171114
52367,1344,簡単な問題はすべて解決済みだ。,20170511
52367,2230,それがいかに走るか見よ！それがいかに走るか見よ！,20170227
52367,515,まあいい、全部の卵を一つのカゴに入れちまえ。,20180319
10704,1785,記者（マハトマ・ガンジーへ）：ガンジーさん、,20170909
25652,4674,第一法則：働かずに何も得ることはできない。,20170623
85447,3470,手。,20170212
85447,6436,彼は言った、「ああ、知っているよ」,20171113
85447,8068,メニュー：レストランがちょうど品切れにした料理のリスト。,20170401
61164,9035,分析され、新たな弱点に置き換えられる。,20180122
61164,8114,何をしているかわからないときは、きれいにやれ。,20170922
91373,8442,彼らは私を偏執病に見せようとしているだけだ！,20170322
91373,3483,軍事諜報は矛盾した言葉である。,20170807
59860,6156,-- アラン・パーリス,20170211
97001,1926,クリンクラーの第一法則：,20170114
97001,7338,もし神が完全なら、なぜ不連続関数を創造されたのか？,20171031
47218,1468,歴史は繰り返さない――歴史家が互いに繰り返すだけだ。,20170607
69537,8729,定言命法を打倒せよ！,20170929
85374,1998,団体では、すべてのメンバーを名誉あるものとして言及するのが通例である。例えば、「,20170301
85374,8456,"I must have slipped a disk -- my pack hurts
",20170104
85374,7258,理解するのが難しいだろう。,20170220
36653,9126,ミニーマウスは迷路を覚えるのが遅い。,20170219
46317,1404,法は、その荘厳な平等において、富める者にも,20170311
46317,1200,ゼロックスは決して独創的なものを生み出さない。,20170227
16205,1552,コンピュータが、事実を印刷するために,20170429
16205,2924,酸はあなたを汚す。,20170318
16205,9773,太陽から。大きな隕石が通信を妨げているか、あるいは誰かが,20170604
99213,3199,-- チャーリー・マッカーシー,20171226
99213,7946,街角の酒場を活性化させる。,20180427
99213,9828,ヌーディストとは、一つボタンのスーツを着る人々のことである。,20171207
35795,488,「新発売」および／または「改良」と表示されたものは、そうではない。その表示は,20180218
35795,7737,あなたのアナリストはあなたを別の患者と混同している。信じてはいけない。,20170124
11176,7535,アコーディオン：プリーツ付きのバグパイプ。,20171211
11176,6845,人間は、,20170319
85800,9630,幸福：他人の不幸を熟考することから生じる心地よい感覚。,20170522
85800,2443,今夜は料理するな――今日ネズミを餓死させろ！,20170708
40403,7995,エキサイティングなデラウェア、ニュージャージー。（バリー・フレッチャーの故郷！）,20170524
40403,5605,貧しい人々をお互いから守るために。,20171003
37723,3,縄は緩む。,20170425
37723,7351,"Brain fried -- Core dumped
",20170622
86672,4675,過去は常にかつてより良く見える。それが心地よいのは、ただ,20180325
86672,8698,死ぬ？とんでもない、友よ。バリモア家はそんな,20171226
66472,6702,午前中は新しいプロジェクトに青信号。午後は交通に赤信号。,20170624
74086,5294,覚えておけ、UNIXを逆から綴るとXINUになる。,20170222
32213,9780,こんにちは、ファルケン博士。,20170503
32213,4004,彼らがあなたのことをどう思っているか心配することで忙しい。,20170217
32213,3483,何もない。,20170707
76576,2264,民主主義とは、,20170326
76576,1574,午後は明るくなるだろう。警官があなたの顔にライトを当てるから。,20170207
18564,363,"        But she started absorbin'
",20170610
89670,1046,プログラマーの視点は、彼の,20170316
54066,6938,16歳以上で、美しく裕福で、,20171004
22314,6659,道徳的にハンディキャップのある人を雇いなさい。,20180125
17115,9472,-- ルイス・キャロル,20170704
19613,816,写真の第三法則：,20170408
19613,551,丸一日得られない。可能な限り2月は避けよう。,20170302
19613,1104,本物のプログラマーはBASICでは書かない。実際、BASICで書くプログラマーはいない。,20170607
61859,8576,その講師のコースのために勉強することを除いて。,20171103
92393,6129,タルムードで最も古くから puzzling されてきた問題の一つは、「なぜ神は,20180223
92404,718,正しいプログラムを理解するより、間違ったプログラムを書く方が簡単だ。,20170728
97364,3750,コンピュータがクラッシュする。,20180117
97364,4534,割り、掛け、そして引くだろう。,20170524
97364,4354,皮肉屋：色眼鏡を通して物事を偏見の目で見る者。,20170615
97521,3984,許可を得るより許しを得る方が簡単だ。,20180318
79802,2809,年：365回の失望の期間。,20170927
79802,2054,オーレオマイシン、コカイン、インターフェロン、そしてTLC。チキン,20180125
81526,1143,SQL交響楽団コンサート,20171202
59771,5043,あっちへ行け！邪魔だ！,20170215
59771,4069,ポップアップ、プッシュダウン、バイト、バイト、バイト！,20170322
48485,674,"Fruit flies like a banana
",20171003
48485,7498,「どんなに親しい友人でも、互いの葬式には参列できない。」,20171105
48485,3444,考えてみろ！VLSIがあれば、1平方センチメートルに100台のENIACを詰め込める！,20170911
38279,5323,誰でも扱えるように作ることはできるが、,20170826
57172,9245,"If I traveled to the end of the rainbow
",20180429
77921,4507,1) 「心配するな、俺が何とかする」,20170131
94173,9738,コーナー、バーモント州」,20170210
55759,8012,彼らの良心の欠如。,20180224
94492,8620,軍法は正義にとって、軍楽が音楽にとってそうであるようなものだ。,20170221
33093,8622,バグを修正し、再びダンプする：,20170720
33093,3009,信仰とは、ピクニックでブラックベリージャムを食べることを可能にする資質である。,20171128
33093,346,郵便。対応するエラーは、,20171006
30375,8057,犯罪の兆候：絶叫または助けを求める叫び声。,20170802
30375,6239,"It's not that I'm afraid to die.  I just don't want to be there when it
",20170319
30375,1659,おばあちゃんを路上から遠ざけろ――ビンゴを合法化せよ。,20180221
38407,1344,コンピュータを家庭に持ち込んでも、どちらも変わらないだろうが、,20180329
40620,5030,プログラムに合わせて仕様を変更する方が、その逆よりも簡単だ。,20170622
40620,2403,メッセージが郵便で届く。FBIに見られる前に破壊せよ。,20170827
80500,9738,"Rocky's Lemma of Innovation Prevention
",20170827
80500,4448,カリフォルニアは住むには良い場所だ――もしあなたがオレンジなら。,20170820
47744,3973,熱力学の三法則：,20170830
47744,551,自分自身を問題の一部として。,20171001
24397,1143,SQL交響楽団コンサート,20170112
24397,1143,SQL交響楽団コンサート,20171208
24397,1143,SQL交響楽団コンサート,20170609
24397,1143,SQL交響楽団コンサート,20170716
40533,1763,姉妹や近親者が弾くピアノよりも迷惑だ。,20171022
70634,842,-- R・ガイス,20180404
70634,8548,-- ジョン・オハラ,20171212
70634,2677,-ディープ・ソート,20171106
45483,2207,警官だ。」,20170518
45483,3581,私は聴衆に、彼らがなしうる最善のことは,20170210
45483,5101,服を着替える。登山はOKで、本物のプログラマーは,20180406
75294,2863,服を着替える。登山はOKで、本物のプログラマーは,20170604
75294,493,-- ハーバート・プロクナウ,20171107
75294,9167,オーレオマイシン、コカイン、インターフェロン、そしてTLC。チキン,20170703
21347,3607,朝に自己嫌悪するな――昼まで寝ろ。,20170312
21347,1599,団体では、すべてのメンバーを名誉あるものとして言及するのが通例である。例えば、「,20171227
21347,2365,消化不良。,20170220
44212,4414,他人があなたのことをどう思っているか心配するな。彼らは,20170504
35523,9923,道徳的にハンディキャップのある人を雇いなさい。,20171128
85366,9432,「なぜ私は不安なのか？」（ラテン語）,20171204
64800,6575,しかし、私が命じたことだけだ。,20171216
64800,4961,-- ウィンストン・チャーチル,20170304
70507,8902,そうだと告げられたとき,20171220
70507,6701,委員会――それが彼らを破滅させるだろう。,20170424
52384,158,そうだと告げられたとき,20180218
52384,2443,一度。,20170823
82838,8421,"There's no future in time travel
",20180213
66231,1404,その道を。,20170405
66231,9427,金を持つ者がルールを作る。,20170612
66231,3490,-- オスカー・ワイルド,20170114
16518,7478,「ここ電話会社では、あらゆる種類の人々にサービスを提供しています。,20180303
16518,8335,豚は、もし私が間違っていなければ,20170825
16518,5282,第三法則：絶対零度でしか収支はとんとんにならない。,20170819
56333,3139,年齢に敬意を払え。たまには良いスコッチを飲め。,20180221
56333,3213,そして雨が降り出した途端にそれを返して欲しがる。,20170426
47060,1374,自分がどこにいるか気にしないなら、迷子ではない。,20180217
47060,1973,多数派：犯罪と法律を区別する性質。,20171006
47060,8426,幸運の女神が意図したように,20170426
14747,2033,皮肉屋：物事をありのままに、あるべき姿ではなく見る、欠陥のある視力を持つ悪党。,20170815
57577,6393,「どうして知るものか？私は何だ、哲学者か？」,20180423
22034,9145,長い目で見れば、すべてのプログラムはロココ調になり、そして瓦礫となる。,20180130
22034,9167,モグラの問題かい？,20170503
98227,339,何としても現実を避けよ。,20170716
19991,8004,"
",20171016
19991,8360,死：突然罪を犯すのをやめること。,20170103
80069,5415,医者があなたの症状に名前を付けたからといって、彼が,20180309
80069,3973,世界がかつて見たことのない。,20170819
66291,1643,「それは素晴らしいに違いない！私には全く理解できない。」,20170624
66291,2918,16歳以上で、美しく裕福で、,20170316
63871,1670,メッセージが郵便で届く。FBIに見られる前に破壊せよ。,20170218
22167,9917,時間とは、すべてが同時に起こらないようにするための自然の方法である。,20170527
94115,5469,共同制作：,20171212
94115,339,-- メイシーズ,20180325
88859,1552,幸せな結婚をする方法は一つしかない。そして私が,20171203
88859,2306,旗。,20171014
88859,2558,ウィル・ロジャースが言ったように、「無料の,20170222
98886,8979,死とは、人生があなたに「お前はクビだ」と告げる方法である。,20170922
12770,4354,第三法則：絶対零度でしか収支はとんとんにならない。,20171216
12770,4286,興味深いものは何も簡単ではない。,20171117
12770,5753,-- ベラミー・ブルックス,20170227
37947,4715,「本当？なんて偶然、私も浅はかよ！」,20180212
37947,1386,ガスはひどい匂いがする。,20180407
37947,5478,誘惑以外なら何にでも抵抗できる。,20170830
57147,6653,現実は幻覚の障害である。,20170612
57147,916,デフリース家のジレンマ：,20170428
71238,7705,いかにしてそうしないかを教えられなければならなかっただろう。偉大なプログラマーも同様である。,20170812
71238,4310,"
",20170819
71238,2177,"        But this output can be
",20171120
84796,4063,信仰とは、ピクニックでブラックベリージャムを食べることを可能にする資質である。,20170817
84796,1077,-- 『銀河ヒッチハイク・ガイド』,20170714
97990,7227,プログラミングについての考え方に影響を与えない言語は,20170814
97990,6878,候補者とは、金持ちから金をもらい、,20170411
97990,5851,割り、掛け、そして引くだろう。,20170925
19206,2792,ミニーマウスは迷路を覚えるのが遅い。,20170904
41605,2420,強い酒には気をつけろ。それは税務署員を撃ちたくさせ、そして,20170811
20927,5880,-- アラン・パーリス,20170907
80612,9372,きわどいアリアを専門とする歌姫は、オフコロラトゥーラソプラノだ…,20180203
42953,9222,聞くことすべて、あるいは言うことすべてを信じるな。,20171229
80750,4951,さえ。,20170821
80750,9924,良い忠告とは、悪い手本を示すには年を取りすぎた男が与えるものである。,20180121
80750,4754,1) 「心配するな、俺が何とかする」,20180430
59394,5478,誰も確信していないこと。,20180308
57512,9880,「アインシュタインをそっとしておけ！」は現状を回復した。,20180201
57512,5011,「ここ電話会社では、あらゆる種類の人々にサービスを提供しています。,20171209
22407,7822,幸福：他人の不幸を熟考することから生じる心地よい感覚。,20170627
22407,1643,自己中心主義とは、親切な自然が痛みを和らげるために与える麻酔である。,20180425
22407,9612,"        A new hydrocarbon
",20170608
78025,786,彼らは通常、処女を,20180331
19588,3471,エキサイティングなデラウェア、ニュージャージー。（バリー・フレッチャーの故郷！）,20171103
19588,2189,こんにちは、ファルケン博士。,20170106
73280,4006,誰も確信していないこと。,20170422
73280,4331,電気技術者はより少ない抵抗でやる。,20170612
73280,8515,応用テロの第五法則：,20170207
69204,6480,CPUにいます我らのOSよ、御名をUNIXと称えさせたまえ。,20171216
69204,8084,もし時がすべての傷を癒すなら、なぜへそは変わらないのか？,20171122
69204,2264,毛皮のコート。,20170720
94677,3284,それは続かなかった。悪魔が「ホー！」と叫び,20170304
94677,6063,こんにちは、ファルケン博士。,20170828
46307,5867,私は木を全く見ることがないだろう。,20170424
46307,8082,経験を共有しようとするカリフォルニア人。,20180204
86890,5560,"Vote anarchist
",20180114
19150,2679,"The Universe is laughing behind your back
",20180418
84784,1925,外交官とは、妻に,20170211
84784,6845,闇が漏れ出す。,20180417
33571,1171,歩行者。,20171024
54747,143,長い目で見れば、すべてのプログラムはロココ調になり、そして瓦礫となる。,20170517
54747,6463,"
",20171205
31764,7862,メニュー：レストランがちょうど品切れにした料理のリスト。,20170116
31764,4069,10年間の不採用通知は、自然があなたにやめるよう告げる方法である。,20180107
99022,4951,あなたのプログラムを説明しているときに聞き手がうなずいたら、,20180315
99022,7792,ヴァン・ロイの法則：,20171111
99022,43,デュシャームの教訓：,20171029
60671,6579,豚は、もし私が間違っていなければ,20180331
16593,174,（ウェイター退場、そして再登場）,20171031
91296,8902,きわどいアリアを専門とする歌姫は、オフコロラトゥーラソプラノだ…,20170331
75370,4143,障害を克服するには良い日。障害物競走を試してみよう。,20170303
14602,7227,めったにきれいではなく,20170606
14602,7927,「成功できるのに、なぜ男でいる必要がある？」,20171216
14602,6958,あなたが偏執病だからといって、彼らがあなたを狙っていないとは限らない。,20170716
34616,2152,おそらく、広告看板が落ちてこない限りは,20180422
17785,1077,価格が大幅に上がったことを意味する。,20170919
17785,55,"I think that I shall never see
",20180108
41813,7093,記者（マハトマ・ガンジーへ）：ガンジーさん、,20170117
41813,1751,異なれ：順応せよ。,20180428
41813,2306,共同制作：,20170522
69238,8109,それは続かなかった。悪魔が「ホー！」と叫び,20180324
69238,5784,それは薬の効果を鈍らせる。,20180121
90497,6843,本物のプログラマーは仕様書を書かない――ユーザーは,20171217
90497,7994,-- ケーログ・アルブラン,20171001
90497,9159,逆もまた然り。,20170423
28292,3490,真に賢い者は、決してユニコーンと馬跳びをしない。,20170115
23894,3297,人を馬鹿と呼ぶな。彼から借りろ。,20170921
98700,3213,世の中で噂されることより悪いことは一つしかない。そしてそれは,20170821
98700,8729,"Today is the first day of the rest of the mess
",20170923
19971,5999,もし誰かが、私がいつか教皇になると言っていたら、私は,20170903
61144,4194,愚かさ。,20170920
61144,9570,"
",20170829
56951,6740,-- ジョン・バリモアの最期の言葉,20180429
56951,2152,暇な時間に現金を稼ごう――友達を脅迫せよ。,20170330
56951,793,名誉ある：手の届く範囲に障害があること。立法府では,20170706
77817,3362,太陽から。大きな隕石が通信を妨げているか、あるいは誰かが,20170719
78865,6642,私は7つのハックを持つQuuxに出会った。,20170127
57967,7504,調査の日。あなたは召喚されるだろう。,20171217
57967,2953,タバコ：一端に火、もう一端に愚か者、そして,20170322
99083,9432,重要な書類は、自発的に移動することでその重要性を示すだろう。,20170516
99083,7043,「なぜ私は不安なのか？」（ラテン語）,20180209
99083,9621,神は死んでいない、ただ駐車スペースを見つけられなかっただけだ。,20180318
36329,5753,"
",20170807
36329,8421,「成功できるのに、なぜ男でいる必要がある？」,20171002
36329,1093,英語では、すべての単語を動詞化できる。我々の,20171026
35931,3484,決して立ち止まって電話に出る必要がない。,20180303
35931,7390,縄は緩む。,20180106
35931,6845,レーガン大統領は、経済評論家が多すぎると指摘し,20170410
68592,8976,-- ルイス・キャロル,20170804
68592,6131,決して立ち止まって電話に出る必要がない。,20180428
76351,8873,インテリよ、団結せよ！失うものは君たちの黄身（yolks=yokes=束縛）だけだ。,20170916
76351,8785,カリフォルニアは住むには良い場所だ――もしあなたがオレンジなら。,20170715
28039,9273,絵で説明される。,20180117
83202,7401,金を持つ者がルールを作る。,20180129
10432,8114,死ぬ？とんでもない、友よ。バリモア家はそんな,20170528
10432,2984,川は湿っている。,20171212
10432,2831,フィナグルの信条：,20171028
12484,5810,エラーのないプログラムを書く方法は二つある。三番目の方法だけが,20180429
12484,5585,本ではなく、スープを濃縮せよ！,20170906
12484,1229,正義：あなたに有利な決定。,20170917
79140,8131,後知恵は精密科学である。,20170314
79140,777,太陽は海の上で輝いていた。,20180207
79140,9934,-- ドロシー・パーカー,20170408
81787,1106,委員会――それが彼らを破滅させるだろう。,20170117
81787,284,皮肉屋：物事をありのままに、あるべき姿ではなく見る、欠陥のある視力を持つ悪党。,20170503
81787,3345,さもなければ、より難しい思考を必要とする。,20170731
75895,6463,結果が事前に分かっていない限り、資金提供機関は,20180201
75895,6393,「サワークリームのボウルのように？」と他方が尋ねた。「なぜ？」,20170829
20144,9974,身を粉にして働け！,20170417
20144,6503,地球は小さな砂粒のようなものだ、ただずっとずっと重いだけ。,20170113
77859,1750,ああ、一体どうしたのだろう,20170529
68293,8084,愚かさ。,20170622
68293,136,ああ、決して、決して疑うまい,20171112
68293,8315,グループのIQは、グループのメンバーの最低IQを,20170609
16048,5033,"There once was a girl named Irene
",20170106
16048,9319,"        While her lover lamented
",20170825
92525,988,それが作った。,20170422
42934,4485,重役。,20171116
58216,346,誰でも扱えるように作ることはできるが、,20180228
58216,8629,ウェイター：「紅茶二つ。きれいなグラスを頼んだのはどちら様ですか？」,20171028
58216,658,体の方が良い。,20180404
65630,6869,おばあちゃんを路上から遠ざけろ――ビンゴを合法化せよ。,20170615
82561,8667,男たちは黙ってお茶をすすっていた。しばらくして、不器用な男が,20170522
82561,9145,"Kin: An affliction of the blood
",20170607
82561,126,Q: 電球を交換するのに、異性愛者の男性は何人必要か？,20171111
39049,1468,爆弾を禁止せよ。通常戦争のために世界を救え。,20180131
39049,3878,"
",20170614
12711,3734,丸一日得られない。可能な限り2月は避けよう。,20171227
12711,9738,服を着替える。登山はOKで、本物のプログラマーは,20170616
63408,1093,書くこと。,20170712
63408,5512,-- オスカー・ワイルド,20170407
87467,9630,会話：息を切らしている方が,20170517
87467,1529,彼らがあなたのことをどう思っているか心配することで忙しい。,20180128
29772,6436,歩行者。,20170405
76556,9956,そして彼女の内部でリンゴ酒を作った。,20180326
76556,6801,偏執病とは、単に人生に対する楽観的な見方である。,20170116
49746,9335,服を着替える。登山はOKで、本物のプログラマーは,20170425
11639,3046,戴冠式：君主に外見上と,20170911
11639,4719,コンピュータが、事実を印刷するために,20170424
11639,3581,改革するために。,20170805
78125,3797,息をしている方がリスナーと呼ばれる。,20170911
78125,7684,"Rocky's Lemma of Innovation Prevention
",20170913
30511,3187,人々はお一人様一点限りのものなら何でも買う。,20171031
85541,2958,老兵は死なず。若者は死ぬ。,20171228
85541,8114,そして薬はけいれんを引き起こす。,20171007
86280,1837,猫に頑固さで勝とうとするな。,20180428
86280,7315,「率直に申し上げましょう、ムッシュ。あなたを,20170220
29713,257,柔和な者は地を受け継ぐだろう――彼らは弱すぎて断れないのだ。,20180401
29713,61,経済学者の間では、現実世界はしばしば特殊なケースである。,20170128
83765,8360,「私がしてほしいことを言いなさい」と言ったら、彼にロリポップをあげなさい。,20180202
83765,1519,現実は幻覚の障害である。,20180331
73394,3115,1ビットたりとも取るな！,20180128
16968,5867,まあいい、全部の卵を一つのカゴに入れちまえ。,20180423
16968,4029,症状、兆候、バグ、そしてハック。,20170527
57128,5493,信仰とは、ピクニックでブラックベリージャムを食べることを可能にする資質である。,20180129
57128,8029,イギリス史の中間試験の前夜、あなたの生物学の,20170324
57128,3323,「もし知っていたら、私は錠前屋になっていただろう。」,20171226
43287,3123,-- ペギー・ジョイス,20171221
43287,8622,事故：心の落ち着きは良いが、,20171123
43287,7182,-- 合併形成外科医・工具製造社,20170629
21526,1552,"miss
",20180221
21526,1909,ハンディキャップのある。,20180308
21526,4286,彼は、注文していない付け合わせでも見るかのように私を見た。,20171216
48557,6958,国が一流の経営の下で何ができるかを声高に。,20180423
48557,4681,-- ジョン・オハラ,20180207
48557,4429,正義：あなたに有利な決定。,20170106
17141,8777,重要な書類は、自発的に移動することでその重要性を示すだろう。,20170509
17141,8468,-- アナトール・フランス,20170608
17141,7676,障害を克服するには良い日。障害物競走を試してみよう。,20170508
15645,3137,「何もしなくても誰が気にする？これは我々の新しい,20170706
49464,7349,人生を深刻に受け止めすぎるな。生きては出られないのだから。,20171114
49464,7504,逆もまた然り。,20180309
49464,2513,キリスト：少なくとも5000年早く生まれすぎた男。,20170407
45961,703,時間だ！」,20171213
45961,6063,コンピュータ。,20170210
73916,5778,今回のログインセッション：$13.99、しかしあなたには$11.88,20170303
73916,5810,自分がどこにいるか気にしないなら、迷子ではない。,20180121
73916,1393,しばらくサウスダコタでサーフィンをするな。,20170110
24089,9347,しばらくサウスダコタでサーフィンをするな。,20170219
24089,2338,人間は赤面する唯一の動物である――あるいは、そうする必要がある唯一の動物である。,20171031
38275,9260,あなたは大きな音に驚くだろう。,20170410
38275,6127,彼は言った、「ああ、知っているよ」,20170220
47486,5914,"I must have slipped a disk -- my pack hurts
",20170425
47486,124,コンウェイの法則：,20170819
47486,4485,「そして、私と同じくらい大きくなったら何をするの？」,20170910
49399,4381,誘惑以外なら何にでも抵抗できる。,20180330
49399,9630,-- アルベルト・アインシュタイン,20170330
17076,4017,99ブロックのゴミ！,20170309
17076,8883,「彼はとても心が狭く、鍵穴から両目で,20180117
17076,4683,メビウスの輪の上のネズミ,20180310
22990,9105,幸せな結婚をする方法は一つしかない。そして私が,20180201
70991,2151,ヌーディストとは、一つボタンのスーツを着る人々のことである。,20170824
93511,8172,"If I traveled to the end of the rainbow
",20170912
36852,6127,汝のプログラムは走り、汝のシステムコールは成されたり。,20170923
36852,4239,瓦礫を跳ねさせる,20171229
36852,1483,熱力学の三法則：,20170731
64426,1004,子供に装填済みの鯉で遊ばせるな。,20180114
34856,8538,「素晴らしい！この半,20180107
73186,43,今日はあなたが勝者になるだろう。4歳児に喧嘩を売れ。,20180329
73186,7424,人々。,20180316
42510,1988,誰も確信していないこと。,20170925
42510,3187,英語では、すべての単語を動詞化できる。我々の,20180218
56211,6612,「本当？なんて偶然、私も浅はかよ！」,20170201
56211,4223,予定説は最初から運命づけられていた。,20180405
56211,2581,しばらくハリケーンに近づかないように。,20180329
47028,2984,働くために。,20171226
47028,4044,"I must have slipped a disk -- my pack hurts
",20170106
47028,8784,収支を合わせられると思った頃に、誰かが,20171123
50883,1763,それ。,20180208
84650,7609,貧しい人々が、橋の下で眠り、路上で物乞いをし、,20171118
84650,2403,驚くほど大きいかということだ。つまり、あなたは,20170211
14652,3382,向かっている。,20170814
14652,6505,"A.A.A.A.A.: An organization for drunks who drive
",20171026
66580,8057,父親は幼い息子に尋ねた。,20171123
66580,9190,解決策ではなく、問題を修正する。,20170611
50442,7862,裸の腕を持つ権利を支持せよ！（武器を持つ権利(bear arms)との掛詞）,20180129
50442,8566,おばあちゃんを路上から遠ざけろ――ビンゴを合法化せよ。,20180116
44877,1643,来週危機が起こるはずがない。私のスケジュールはすでにいっぱいだ。,20170514
33857,2338,ウェイター：「紅茶かコーヒー、どちらになさいますか？」,20180322
33857,6702,メニュー：レストランがちょうど品切れにした料理のリスト。,20170505
33857,9414,向かっている。,20170829
55518,2749,新しい議員たちは政府を立て直すと言っている。私は,20180410
55518,5011,-ディープ・ソート,20170304
55518,6480,しかし、私が命じたことだけだ。,20170920
63232,6239,そしてサン・ミョン・ムーン（文鮮明）！,20180326
88576,8068,時間だ！」,20170425
88576,1302,彼らにそれを返す。,20170911
76514,8629,貧しい人々が、橋の下で眠り、路上で物乞いをし、,20170601
76514,7937,死とは、人生があなたに「お前はクビだ」と告げる方法である。,20170310
85548,7737,エネルギーを節約せよ：無関心であれ。,20180202
85548,9388,改革するために。,20170526
85548,2559,息をしている方がリスナーと呼ばれる。,20170307
27703,1028,狂気は遺伝する。子供から受け継ぐのだ。,20170901
27703,1194,他人に彼の心が大きいと思わせておけ,20170704
89304,9167,腐敗した少数による、無能な多数の任命。,20180429
89304,4982,さもなければ、より難しい思考を必要とする。,20171004
23179,769,リュシストラタは良いアイデアを持っていた。,20180101
90918,8068,姉妹や近親者が弾くピアノよりも迷惑だ。,20170509
90918,5468,A: 3人。1人が電球をねじ込み、2人がそれを邪魔する者たちを追い払う。,20171019
90918,9007,"        A new hydrocarbon
",20171011
29376,8724,-- オスカー・ワイルド,20180207
29376,9876,-- ピーター・S・ビーグル,20170923
39561,8521,慰謝料とは、二人が過ちを犯したとき、そのうちの一人が,20180321
39561,5970,俗語とは、コートを脱ぎ、手に唾を吐きかけ、,20170912
39561,7351,-- フレッド・アレン,20180319
42375,4804,その5年間がいつ始まるかを我々は制御できない。,20170820
42375,2499,汝、それを再生するなかれ。,20170404
93747,8569,とは全く関係がない。,20170515
93747,5469,未来の仕事は危険であることだ。,20170417
82964,8121,太陽から。大きな隕石が通信を妨げているか、あるいは誰かが,20170607
68369,8925,非戦闘員：死んだクエーカー教徒。,20180413
75429,4930,ゼロックスはそれを何度も何度も何度も…,20171205
22088,777,素人のためのプログラミングに関する最高の本は『不思議の国のアリス』だ。,20180327
22088,3647,朝。,20170408
22088,4470,木のように美しい広告看板。,20171030
56900,9564,自分の評判を考えなさい。名前を変えて、,20170912
56900,2858,「それは素晴らしいに違いない！私には全く理解できない。」,20170310
85175,1396,体の方が良い。,20180215
31824,8778,明日は興味が持たれないため中止となります。,20170228
29820,5971,"Paul Revere was a tattle-tale
",20171013
78955,9190,フィルモア大統領を悪く言うな。彼は我々をベトナム戦争から遠ざけてくれた。,20170106
78955,9469,風呂に入る…,20170507
88765,3323,「お前は母親のような男には決してなれない！」,20180109
88765,3490,生きている方がましだ。,20170710
88765,4004,しかし、私が命じたことだけだ。,20170911
65968,5061,その間にタバコ。,20170426
10141,9612,-- ドクター・フー,20170324
10141,295,彼らがその代金を払い続ける。,20170214
99105,6878,ワッフルにかけたことがある。,20170815
77714,8657,文学的なドイツ人が文章に飛び込むときはいつでも、それが最後だ。,20180115
77714,8360,英語では、すべての単語を動詞化できる。我々の,20171230
77714,1750,相手が綴りを知っていること。,20171224
48319,6656,貧しい人々をお互いから守るために。,20170302
48319,777,第二法則：働くことで達成できる最大のことは、,20170603
13227,5162,彼女は彼に、,20170305
13227,6015,その絵を説明する。1万語のセットで適切に,20180325
88450,8977,理解するのが難しいだろう。,20171009
88450,2433,"THE GOLDEN RULE OF ARTS AND SCIENCES
",20180129
75869,2253,彼らの良心の欠如。,20170731
90580,3378,その道を。,20171127
90580,4993,真実は今朝明らかになるだろう。（それが事態を本当に混乱させるかもしれない。）,20171112
90580,7416,パーティーを開くには良い日だ。彼をできるだけ遠くに投げ飛ばせ。,20170429
34413,4069,彼らがあなたのことをどう思っているか心配することで忙しい。,20170417
34413,7315,年：365回の失望の期間。,20170427
34413,7460,偏執病の人も人間だ。彼らにも彼ら自身の問題がある。簡単に,20170322
67937,4246,変化。,20180129
67937,6575,朝に自己嫌悪するな――昼まで寝ろ。,20170823
67937,8187,姉妹や近親者が弾くピアノよりも迷惑だ。,20180326
40276,7364,時間だ！」,20180115
47570,1542,何かが起こる確率が百万分の一なら、,20170616
22629,2499,登山靴を職場に。万一、,20170204
13515,4235,"We wish you a Hare Krishna
",20170612
78509,988,あなたは仕事のことで心配しすぎだ。やめなさい。あなたは十分に給料をもらっていない。,20180208
47936,4859,ユーカリの木で眠らない方がよい、もう一晩。,20171106
47936,7351,それが作った。,20170207
47936,2731,しかし、科学者たちは、知っているはずなのに,20171205
28127,2967,経験とは、あなたが認識することを可能にする素晴らしいものである。,20170115
28127,1574,-- エレノア・ルーズベルト,20170724
28127,9828,クリンクラーの第一法則：,20170628
16861,1056,-- ウディ・アレン,20180127
95249,6964,カミソリは痛い。,20180401
95249,6254,エラーのない重要な手紙は、,20170907
76373,9681,皮肉屋：色眼鏡を通して物事を偏見の目で見る者。,20171202
76373,149,ゼロックスは決して独創的なものを生み出さない。,20170202
76373,6439,相手が綴りを知っていること。,20171210
10388,8541,そしてそれ以来、ベンゼン（been seen=見られたとの掛詞）になったことはない。,20170829
10388,3779,なし。「ソフトウェアで修正する。」,20170124
83910,8131,自己中心主義とは、親切な自然が痛みを和らげるために与える麻酔である。,20171207
45018,2809,コンピュータのせいにされるすべてのエラーの根源には、,20171208
72264,3,コンピュータにゴミを入れれば、ゴミしか出てこない。しかし,20180130
83384,1988,誰でも扱えるように作ることはできるが、,20171011
83384,8977,収支を合わせられると思った頃に、誰かが,20170406
83384,482,感情的に活発であれ。お気に入りの神経症に迎合せよ。,20170827
90564,2111,"God is not dead!  He's alive and autographing bibles at Cody's
",20180130
90564,8657,責任は常に権限を上回る。,20170418
73955,777,スープが治せないのは、母親への神経症的な依存である。,20170208
73955,8869,有り余るエネルギーを発散させるには良い日だ。何か重いものを盗め。,20170714
73955,5963,コンウェイの法則：,20170919
98043,5702,あなたは尾行されている。数日間はいかがわしい行為をやめなさい。,20170118
98043,5999,すべてのハックには7つのバグがあった。,20171217
98043,649,"The Universe is laughing behind your back
",20180302
75346,7262,物事は今よりも昔のようになっている。,20170811
75346,7927,-- ジョー・ウォルシュ,20170427
52938,8727,電球を交換するのに、テックライターは何人必要か？,20171012
17028,8804,-- ジョン・オハラ,20170408
17028,3266,この国に必要なのは、良質な5セントのニッケル硬貨だ。,20171019
10158,2338,"There's no future in time travel
",20170405
10158,7219,非公式なものから公式なものへ、公式な手段で進むことはできない。,20180427
10158,7478,-- アルベルト・アインシュタイン,20170401
75062,1107,三人の友人。もし彼らが大丈夫なら、あなたがそうだ。,20170723
66267,4583,答えは42だ。,20170330
57977,4062,ダイヤルトーンを求めて。,20180306
57977,7182,分析され、新たな弱点に置き換えられる。,20171203
57977,2475,マーフィーの法則が間違っている可能性があるなら、それは間違っているだろう。,20180302
21093,9192,"I think that I shall never see
",20170114
21093,4681,科学は真実である。事実に惑わされるな。,20180126
44600,3463,電気技術者はより少ない抵抗でやる。,20171220
19507,1033,それは、死んだ方がましだと思う人々のための時間つぶしの本だった。,20180130
19507,2189,科学とは、先入観が検証に出会ったときに起こることである。,20170917
50028,4381,ユーザー（名詞）：あなたが言ったことを何でも信じるプログラマー。,20180217
50028,6575,臆病者：危険な緊急事態に足で考える者。,20170403
50028,6377,彼らがそうあるべきであると。ゆえに、スキタイ人の間では、,20180312
52239,9325,他人はあなたに安定を求めるだろう。だから、,20171005
95163,3607,-- アーサー・ナイマン,20170703
86956,8559,"miss
",20171202
86956,5784,自分自身を問題の一部として。,20170918
86956,1998,核攻撃の場合、学校での祈りを禁じる連邦政府の判決は,20171029
23244,2668,老兵は死なず。若者は死ぬ。,20170128
56172,2735,-- ハーバート・フーバー,20180226
18357,1389,「率直に申し上げましょう、ムッシュ。あなたを,20170226
18357,9087,A: 33人。1人がビットを持ち、32人がレジスタを押す。,20171216
18357,1046,精神科医は4人に1人が精神的に病んでいると言う。,20170701
83028,6084,ヴェリリンドの実験の法則：,20170609
47632,5255,未来はまだら模様。夕方遅くにスープをこぼすだろう。,20170913
47632,2110,自動車：丘を駆け上がり、人々を駆け下りる四輪車。,20170506
87463,1093,彼を。,20171218
87463,1144,本物のプログラマーはFORTRANでは書かない。FORTRANは配管応力マニアや,20170108
24700,4723,もし誰かが、私がいつか教皇になると言っていたら、私は,20180324
24700,8836,ニヒリズムは自己から始めるべきだ。,20170810
24700,4112,デフリース家のジレンマ：,20180107
14523,3297,銀行家とは、太陽が輝いているときに傘を貸してくれ,20170813
14523,1046,良い知らせ。金曜日から10週間後は、かなり良い日になるだろう。,20170519
14523,8361,文句は言えない、でも時々言ってしまう。,20171130
47005,2659,今日は旅行が重要。明日、国税庁の役人が来る。,20170102
47005,765,何としても現実を避けよ。,20170430
47005,4699,もし時がすべての傷を癒すなら、なぜへそは変わらないのか？,20170309
73454,6869,もし良い写真が撮れたとしても、それらは台無しになるだろう,20170618
82846,6515,ミッキーマウスはスピロ・アグニューの腕時計をしている。,20170120
82846,709,-- ヒレア・ベロック,20170506
82846,737,ダクトテープはフォースのようなものだ。光の側面と闇の側面があり、,20171008
43063,8541,そしてこれはとても奇妙だった、なぜならそれは,20171216
42576,3490,コンピュータがクラッシュする。,20170129
31228,7236,そうだと告げられたとき,20170302
31228,9162,-- アーサー・ナイマン,20171213
31228,3441,コンピュータのせいにされるすべてのエラーの根源には、,20170705
52292,9087,解決策ではなく、問題を修正する。,20171128
52292,3471,今日は何か変わったことをしなさい。請求書を払いなさい。,20171209
43279,1830,年：365回の失望の期間。,20171016
43279,2183,第四次世界大戦は棒と石で戦われるだろう。」,20180228
43279,136,A: 両方だ。,20170709
84141,4951,本物のプログラマーは仕様書を書かない――ユーザーは,20180325
84141,3225,コンピュータが、事実を印刷するために,20170626
84141,2071,-- ドクター・フー,20170101
44386,3218,-- マーク・トウェイン,20180212
44386,1054,-- アラン・パーリス,20170612
44386,2443,それは宇宙を一つにまとめている…,20171023
39231,7929,脳は素晴らしい器官だ。あなたが起きた瞬間に働き始め,20180125
53230,4884,向かっている。,20171117
53230,9188,この人物は解雇されなければならない。,20170121
53230,2207,運勢：セグメンテーション違反――コアダンプ,20170630
62889,4286,本物のプログラマーはPASCAL、BLISS、ADA、その他赤みがかった,20170219
55535,446,-ディープ・ソート,20171124
29346,7130,その講師のコースのために勉強することを除いて。,20170827
29346,9738,-- マーク・トウェイン,20170802
49642,1529,"He did his very best to make
",20170402
49642,1306,「それどころか」とトゥイードルディーは続けた。「もしそうだったら、そうだったかもしれないし、,20170202
24358,8620,チキンスープ：,20171110
24358,3470,-- ベラミー・ブルックス,20171102
18021,3156,タイプライターで2つのキーを打つと、望まない方が,20170702
75574,1137,数学の法則が現実に関わる限り、それらは,20170307
26364,4470,それは薬の効果を鈍らせる。,20170206
26364,5914,波は滑らかで輝いている――,20170208
54782,7271,波は滑らかで輝いている――,20180216
54782,3232,つまり、もしアパートを借りるなら、あなたは3つの,20170917
54782,3999,人間は赤面する唯一の動物である――あるいは、そうする必要がある唯一の動物である。,20170728
74270,9133,人間は、,20170815
29972,2210,別のものの。,20170613
29972,8034,息をしている方がリスナーと呼ばれる。,20180323
29972,7310,豚は、もし私が間違っていなければ,20170504
43727,881,思春期：思春期と不倫の間の段階。,20180416
19901,6789,なし。「ユーザーが解決できるだろう。」,20170730
19901,1782,行方不明者になる絶好の機会。,20170221
19901,845,柔和な者は地を受け継ぐだろう――彼らは弱すぎて断れないのだ。,20170117
69946,1404,イギリス史の中間試験の前夜、あなたの生物学の,20180321
69946,3072,相手のエラーの原因を取り除くこと。,20170829
69946,6894,メニュー：レストランがちょうど品切れにした料理のリスト。,20170106
50960,777,今週は自分で機会を作り出せる。上級,20170130
82562,5270,100ブロックのゴミ！,20171216
82562,7349,症状、兆候、バグ、そしてハック。,20170404
82562,6142,それは、死んだ方がましだと思う人々のための時間つぶしの本だった。,20170206
60608,1552,「本当？なんて偶然、私も浅はかよ！」,20170517
26974,89,ヴァン・ロイの法則：,20170305
26974,5255,一つ。,20171204
44045,5255,で責任を回避するか？,20171218
45034,3776,これを自分で証明するには、,20180429
45034,4941,-- H・L・メンケン,20170119
45034,2049,紙に当たる。,20170130
77226,7338,朝に、そして学校に着くまで止まらない。,20170527
68418,7698,神は草を発明した。,20170206
68418,6914,オーレオマイシン、コカイン、インターフェロン、そしてTLC。チキン,20170310
68418,506,歩行者。,20170908
93120,6236,そうだと告げられたとき,20170413
93120,4318,「ここ電話会社では、あらゆる種類の人々にサービスを提供しています。,20170501
83057,9185,彼らがそれを売ってくれればいいのに。,20180302
83057,8172,16歳以上で、美しく裕福で、,20170209
61045,7830,機械上で、彼らは「ほんの数回」の30時間で動作するようにパッチを当てることができる。,20170705
57309,3483,「すべての肉は草である」,20170221
57309,5089,ハチドリは歌の歌詞を決して覚えない。,20170316
57309,363,神は草を発明した。,20171102
33420,4674,今日。,20170606
33420,315,他人に彼の心が大きいと思わせておけ,20170106
33420,2573,皮肉屋の目を、彼の視力を改善するために。,20170123
18128,4683,風呂に入る…,20170416
83894,9246,ヴァン・ロイの法則：,20170529
72393,6595,理解するのが難しいだろう。,20170626
63873,5753,暇な時間に現金を稼ごう――友達を脅迫せよ。,20171217
63873,8233,聞くことすべて、あるいは言うことすべてを信じるな。,20170130
63873,7504,太陽は海の上で輝いていた。,20180305
65469,6765,それがエネルギーに変換されるとき？,20180324
65469,1673,平均的な男性は考えるよりも見ることの方が得意である。,20170322
49321,8279,政治家がつまらない人物であればあるほど、彼は,20170423
21643,7275,確固たる決断の日だ！！！！！それとも違うか？,20170528
87558,3151,大学：ソフトウェアハウスのようなもの。ただし、ソフトウェアは無料で、,20170221
87558,5201,運勢：セグメンテーション違反――コアダンプ,20170827
83255,3187,本物のプログラマーは仕様書を書かない――ユーザーは,20171114
83255,4044,午後：我々がどうやって,20170819
64382,1753,"A.A.A.A.A.: An organization for drunks who drive
",20171207
64382,9167,それがいかに走るか見よ！それがいかに走るか見よ！,20170605
97107,2933,運転免許を失うのは、神が「ブーガ、ブーガ！」と言うための一つの方法に過ぎない。,20180130
97107,7894,彼らは私を偏執病に見せようとしているだけだ！,20170308
39650,5362,人々が私に同意するときはいつも、私は自分が間違っているに違いないと感じる。,20170606
17229,3940,カリフォルニアは住むには良い場所だ――もしあなたがオレンジなら。,20180225
39269,5519,現実は幻覚の障害である。,20170211
39269,1567,「なぜ足の甲に特別な名前がないんだろう？」,20170708
68068,8342,改革するために。,20170112
68068,5839,さもなければ、より難しい思考を必要とする。,20170816
68068,7990,聞くことすべて、あるいは言うことすべてを信じるな。,20170907
57396,8997,結果が事前に分かっていない限り、資金提供機関は,20171109
57396,865,クリスマスに子供にメンタルブロックを与えなさい。,20170625
68178,4461,"Brain fried -- Core dumped
",20170623
68178,3652,変化。,20180219
65854,7830,ウェイター：「紅茶二つ。きれいなグラスを頼んだのはどちら様ですか？」,20171123
18865,1028,本物のプログラマーのプログラムは、最初は決して正しく動かない。しかし、もしあなたが,20170902
18865,3362,今日は象の唇にキスをするな。,20170114
70412,8753,人間は赤面する唯一の動物である――あるいは、そうする必要がある唯一の動物である。,20170210
20833,5714,重要な書類は、自発的に移動することでその重要性を示すだろう。,20180220
20833,4351,決して美徳の道に迷い込むな。,20170306
20833,4675,扱う。,20170927
54744,797,もし持ち込み可の試験を与えられたら、本を忘れるだろう。,20170627
42613,1659,応用テロの第四法則：,20170213
42613,5966,「私がしてほしいことを言いなさい」と言ったら、彼にロリポップをあげなさい。,20170623
55172,8417,それらに15セントを請求する。,20180102
55172,2502,私は木を全く見ることがないだろう。,20170117
97817,3623,私はあらゆる緊急事態には備えているが、日常には全く備えていない。,20180314
97817,5388,-- ジュール・ド・ゴルティエ,20171124
43099,1087,"Vitamin C deficiency is apauling
",20170127
43099,6148,子供は、,20170620
98839,6658,自分の評判を考えなさい。名前を変えて、,20180302
98839,2595,もし良い写真が撮れたとしても、それらは台無しになるだろう,20180321
98839,5702,"THE GOLDEN RULE OF ARTS AND SCIENCES
",20170823
89300,4062,キリスト：少なくとも5000年早く生まれすぎた男。,20171113
94773,6292,-- アーサー・ナイマン,20170204
94773,9559,まあいい、全部の卵を一つのカゴに入れちまえ。,20170820
94773,1960,"Bizarreness is the essence of the exotic
",20171102
47352,8622,驚くほど大きいかということだ。つまり、あなたは,20180125
69878,9373,リメリックは複雑な芸術形式,20170719
64863,8939,相手が綴りを知っていること。,20170617
64863,7227,我が国には良い5セント葉巻がたくさんあるが、問題は,20170415
55894,6154,第二法則：働くことで達成できる最大のことは、,20170705
83593,9,有り余るエネルギーを発散させるには良い日だ。何か重いものを盗め。,20170104
83593,8176,もし神があなたに裸で歩き回ってほしかったなら、もっと大きな,20171220
73533,8059,彼は言った、「ああ、知っているよ」,20171101
11173,1143,SQL交響楽団コンサート,20170131
11173,1143,SQL交響楽団コンサート,20171223
57889,4993,最悪な一日を過ごすには最高の日だ。,20170313
57889,718,脳は素晴らしい器官だ。あなたが起きた瞬間に働き始め,20171230
57889,1599,改革するために。,20171029
65704,4351,事故：心の落ち着きは良いが、,20170419
65704,8995,"A.A.A.A.A.: An organization for drunks who drive
",20180207
93952,5590,真夜中。,20170628
93952,9406,大人：もっと分別があってもよい年齢の者。,20180131
93952,9626,今日は旅行が重要。明日、国税庁の役人が来る。,20171122
89313,1581,-- ケーログ・アルブラン,20170330
89313,7257,爆弾。,20170909
55279,5727,機械室の真ん中に。,20170613
55279,8417,-- ラ・ロシュフコー,20170105
70823,5351,どういうわけか高貴なものとされ、誰もそれを批判しようとしない。,20170525
43602,6379,朝に自己嫌悪するな――昼まで寝ろ。,20170308
14430,1097,Q: 論理右シフトをするのにIBMのCPUは何個必要か？,20170106
14430,1923,Q: 電球を交換するのに、異性愛者の男性は何人必要か？,20180419
14430,3823,風呂に入る…,20180117
34821,3652,ニヒリズムは自己から始めるべきだ。,20171006
34821,2400,独身者とは、ある女性を,20170807
97688,8883,もし10個のパラメータを持つプロシージャがあるなら、おそらくいくつか見逃している。,20170317
97688,5383,-- アナトール・フランス,20180227
97688,2099,正しいプログラムを理解するより、間違ったプログラムを書く方が簡単だ。,20180413
69816,2177,やる価値のあることは、誰かにやってもらう手間をかける価値がある。,20171127
69816,2230,「演技とは、観客に,20170910
50222,3322,カミソリは痛い。,20170121
18415,3139,マクガワンのマディソン・アベニュー公理：,20180303
86827,651,クリーブランドはまだ生きている。神は死んだに違いない。,20170704
86827,5135,大酒を飲むには最高の日。オフィスのウォータークーラーに酒を入れろ。,20170711
40229,8542,Q: 電球を交換するのに、異性愛者の男性は何人必要か？,20170422
40229,1866,何かが起こる確率が百万分の一なら、,20180501
40229,9346,ツバメがカピストラーノに着陸するのを手伝おう。,20170410
44279,5922,"Today is the first day of the rest of the mess
",20170929
44279,8873,本物のプログラマーはコードにコメントをしない。書くのが難しかったのなら、,20170213
91902,2958,今夜は料理するな――今日ネズミを餓死させろ！,20171217
91902,4059,Q: 論理右シフトをするのにIBMのCPUは何個必要か？,20170831
91902,8773,自己中心主義とは、親切な自然が痛みを和らげるために与える麻酔である。,20170322
61210,3357,ゼロックスはそれを何度も何度も何度も…,20170303
61210,1643,人工知能に一年費やせば、,20180206
61210,8187,俗語とは、コートを脱ぎ、手に唾を吐きかけ、,20170913
89200,4112,1分がどれだけ長いかは、トイレのドアのどちら側にいるかによる。,20170914
89200,9007,"miss
",20171212
89200,8421,-- マーク・トウェイン,20170422
15844,2731,「サワークリームのボウルのように？」と他方が尋ねた。「なぜ？」,20170909
15844,9177,-- R・ガイス,20170331
15844,3463,優越性は劣性である。,20180117
95210,3896,3) 「もしお前が自分で思うほど賢いなら、,20170314
67946,1753,書かれたものと、そうでないもののために。,20170704
20877,5616,その講師のコースのために勉強することを除いて。,20170113
20877,9434,電球を交換するのに、ハードウェアエンジニアは何人必要か？,20170130
49427,4702,強い酒には気をつけろ。それは税務署員を撃ちたくさせ、そして,20180118
49427,6986,スープが治せないのは、母親への神経症的な依存である。,20171222
84333,9122,LISPプログラマーはすべての価値を知っているが、そのコストは,20171201
84333,2092,来週から、パスワードはモールス信号で入力されることになります。,20170605
84333,8034,風呂に入る…,20170717
96986,8612,この国に必要なのは、良質な5セントのニッケル硬貨だ。,20170413
96986,5149,今日まで。,20171210
96986,2499,"        But this output can be
",20180414
66991,5925,驚くほど大きいかということだ。つまり、あなたは,20170921
66991,1837,「ラクダが針の穴を通るのは、それが,20171119
66991,3209,"Today is the tomorrow you worried about yesterday
",20170811
41206,4702,好機は常に、最も不都合な瞬間に訪れる。,20180411
64192,4252,西洋文明？,20170107
75041,1529,-- ラザルス・ロング,20170504
26607,8418,プログラマー。,20170925
26607,4331,カリフォルニアは住むには良い場所だ――もしあなたがオレンジなら。,20170828
26607,9347,人間は、,20171108
35177,1567,"        But she started absorbin'
",20180406
35177,4310,バグを修正し、再びダンプする：,20170120
16987,1410,その詩は決して韻律に合わなかった。,20180228
16987,8729,しかし、科学者たちは、知っているはずなのに,20170815
16987,1701,アコーディオン：プリーツ付きのバグパイプ。,20180410
45044,719,相手のエラーの原因を取り除くこと。,20170509
88699,1670,暇な時間に現金を稼ごう――友達を脅迫せよ。,20170726
88699,4223,非常に経済的な宇宙へ。,20180123
18024,2979,あなたは間もなく認識されるかもしれない。隠れなさい。,20180319
48415,5104,私にできること。」,20180105
48415,3484,郵便。対応するエラーは、,20171020
48415,4554,今日は驚きが待っている。家賃もだ。,20171219
30022,8869,本物のプログラマーはテニスや、,20171206
30022,5468,"You have the capacity to learn from mistakes.  You'll learn a lot
",20170626
95253,8010,経験とは、あなたが認識することを可能にする素晴らしいものである。,20170311
95253,9246,メニュー：レストランがちょうど品切れにした料理のリスト。,20170911
95253,3904,モグラの問題かい？,20171117
28663,9469,酸はあなたを汚す。,20170518
28663,2671,薬局への道は遠いかもしれないが、宇宙に比べればピーナッツみたいなものだ。,20180104
14336,1155,グループのIQは、グループのメンバーの最低IQを,20170121
14336,7947,一度。,20180223
14336,9590,"Rocky's Lemma of Innovation Prevention
",20180104
25411,9673,デュシャームの教訓：,20170501
25411,9373,パリティがわずかに失われている。,20180219
25411,3670,そして男性的な衝動,20170822
22138,765,科学には何か魅力的なものがある。人はそのような卸売りの,20170906
22138,2049,人々はお一人様一点限りのものなら何でも買う。,20170522
22138,8207,"Laetrile is the pits
",20170412
80649,9880,大統領や王から地の果てのクズまで…,20170426
80649,8040,それを直し、そして…,20170107
54739,6505,あなたのプログラムを説明しているときに聞き手がうなずいたら、,20171216
15590,3077,プログラマーの視点は、彼の,20171025
15590,6589,私は未来を見たが、それは現在と全く同じで、ただ長いだけだった。,20180314
64726,5851,"He sure is a fun god
",20170609
64726,4993,軍事諜報は矛盾した言葉である。,20171228
64726,8158,-- ペギー・ジョイス,20171216
39760,5922,これを自分で証明するには、,20170930
39760,1960,彼らがその代金を払い続ける。,20170131
55502,7660,扱う。,20171102
32789,3490,さようなら。私は退屈だから去る。,20180112
32789,1667,アレクサンダー・グラハム・ベルはニューヨークで健在で、まだ,20180317
32789,4235,それが、点で対になって,20171018
54768,7275,未来はまだら模様。夕方遅くにスープをこぼすだろう。,20180404
54768,7460,献身的な追随者の不足により、偉大な指導者の生産は,20170214
54768,8367,しかし、私が命じたことだけだ。,20180401
21081,1763,ブラッドリーの陳腐な言葉：,20170805
17265,7093,大きな財産を持って。」,20170520
17265,7780,ヴェリリンドの実験の法則：,20170915
17265,4029,今、自然に振る舞いなさい。煮えくり返り、怒り狂い、かんしゃくを起こしなさい。,20180120
10000,241,"Steinbach's Guideline for Systems Programming
",20170306
10000,1137,"The Universe is laughing behind your back
",20171130
27010,9162,あなたは大きな音に驚くだろう。,20170611
27010,9167,"
",20170727
27010,2671,あなたのプログラムを説明しているときに聞き手がうなずいたら、,20170508
62520,8753,"Paul Revere was a tattle-tale
",20170208
62520,3491,は去ることだった。,20180314
75394,6653,「そして、私と同じくらい大きくなったら何をするの？」,20180215
42551,9877,"        But the good ones I've seen
",20170218
42551,5124,中には何もない。,20170510
34201,8642,しばらくハリケーンに近づかないように。,20171101
34201,4715,来週の金曜日はあなたの幸運な日ではない。実を言うと、あなたは,20170117
56119,2679,神は7日で世界を創造したのではない。6日間遊び呆けて,20180118
66910,5539,システム/3！,20170317
66910,7242,神は練習のために愚か者を作り、そして教育委員会を作った。,20170322
66910,6059,神は練習のために愚か者を作り、そして教育委員会を作った。,20171017
15898,8559,自己中心主義とは、親切な自然が痛みを和らげるために与える麻酔である。,20170301
24619,9105,爆弾。,20170810
24619,9934,彼らは私を偏執病に見せようとしているだけだ！,20180310
51659,5033,時間とは、すべてが同時に起こらないようにするための自然の方法である。,20170219
51659,4804,金を持つ者がルールを作る。,20170711
51659,2918,「何もしなくても誰が気にする？これは我々の新しい,20170611
23566,3953,暇な時間に現金を稼ごう――友達を脅迫せよ。,20170411
23566,1878,柔和な者は地を受け継ぐだろう――彼らは弱すぎて断れないのだ。,20180201
23566,4137,-- マーク・トウェイン,20171229
49949,2253,本物のプログラマーはキッシュを食べない。実際、本物のプログラマーは,20171024
49949,4965,ミニーマウスは迷路を覚えるのが遅い。,20170916
47491,8869,神は言われた。「ニュートンあれ」と。するとすべてが光であった。,20170324
17685,4731,"Whether you can hear it or not
",20171028
17685,8187,"        The apple fermented
",20180228
17685,8826,「お前は母親のような男には決してなれない！」,20171205
73684,7509,記者（マハトマ・ガンジーへ）：ガンジーさん、,20180415
73684,1389,まあいい、全部の卵を一つのカゴに入れちまえ。,20170719
73684,6229,大統領や王から地の果てのクズまで…,20170523
24391,881,服を着替える。登山はOKで、本物のプログラマーは,20171226
24391,3992,皮肉屋：物事をありのままに、あるべき姿ではなく見る、欠陥のある視力を持つ悪党。,20170815
71844,1295,また轢かれないことを願う。,20180116
27622,1654,全国半袖シャツ協会は言う：,20170407
27622,5829,信仰とは、ピクニックでブラックベリージャムを食べることを可能にする資質である。,20170607
27622,3491,"算数とは、""",20170813
77609,4006,相手が綴りを知っていること。,20170412
77609,8964,新しい議員たちは政府を立て直すと言っている。私は,20171220
96407,446,-- アナトール・フランス,20170806
96407,6801,さて、GCよ、当面は,20171203
96407,8633,この種のゴミ。,20170412
45991,2749,死ぬ？とんでもない、友よ。バリモア家はそんな,20171113
45991,2049,明日は興味が持たれないため中止となります。,20171030
51666,6969,カミソリは痛い。,20180423
36074,9712,フィルモア大統領を悪く言うな。彼は我々をベトナム戦争から遠ざけてくれた。,20170720
36074,341,「どんなに親しい友人でも、互いの葬式には参列できない。」,20180422
94735,7459,リメリックは複雑な芸術形式,20180217
37553,8522,-- ヘンリー・キッシンジャー,20180416
37553,1190,核攻撃の場合、学校での祈りを禁じる連邦政府の判決は,20170708
74504,1163,-- ドクター・フー,20180121
49366,7259,もし神があなたに裸で歩き回ってほしかったなら、もっと大きな,20171205
49366,3266,候補者とは、金持ちから金をもらい、,20171126
49366,5142,質問：,20171220
59710,8061,パタパタ、ばたばた、ぱたん,20170630
59710,4754,そして先月分を前払いで。,20170602
70685,2002,過去は常にかつてより良く見える。それが心地よいのは、ただ,20171130
70685,232,その間にタバコ。,20170421
38853,1295,蒸気配管工のピクニックで。,20170711
38853,8158,太陽から。大きな隕石が通信を妨げているか、あるいは誰かが,20170222
80153,924,青リンゴを食べて死んだ。,20170929
80153,6515,ベアメタルで。アプリケーションプログラミングは、システム,20170112
50490,212,応用テロの第四法則：,20180308
31318,764,異なれ：順応せよ。,20170313
31318,134,人生は玉ねぎのようなものだ。一枚一枚皮をむいていくと、,20170924
31318,8029,そのモニターは完全に負ける！,20180322
86931,6517,結晶学のオタクたち。,20170601
86931,9432,正気だ。」,20180317
86931,2652,"
",20171211
40095,8777,ディスク上の100ブロックのゴミ！,20171121
56534,1438,"I really hate this damned machine
",20180204
56534,8456,信仰とは、ピクニックでブラックベリージャムを食べることを可能にする資質である。,20171210
56534,4986,警官だ。」,20180324
62575,43,フィルモア大統領を悪く言うな。彼は我々をベトナム戦争から遠ざけてくれた。,20180310
62575,6236,予定説は最初から運命づけられていた。,20170623
41933,9558,"Brain fried -- Core dumped
",20170913
41933,811,犯罪の兆候：絶叫または助けを求める叫び声。,20171219
41933,1001,彼は、注文していない付け合わせでも見るかのように私を見た。,20170822
13455,4329,チャイルドプルーフキャップに苦労するのは大人だけだ。,20170706
54605,7822,シャボン玉？,20171013
54605,5605,私にできること。」,20180106
46590,769,-- チャーリー・マッカーシー,20171111
46590,3634,「もし神が地上に住んでいたら、人々は彼の窓をすべて叩き割るだろう。」,20170927
46590,176,郵便。対応するエラーは、,20171012
11957,3755,バグを修正し、再びダンプする：,20170409
70288,5843,後からよりも。,20171119
70288,8864,「新発売」および／または「改良」と表示されたものは、そうではない。その表示は,20180330
70288,3009,広い心：高邁な精神を平らにした結果。,20180308
40727,6579,"There was a young lady from Hyde
",20170521
14088,4273,やる価値のあることは、誰かにやってもらう手間をかける価値がある。,20170204
19795,5748,"WHERE CAN THE MATTER BE
",20170917
10699,2071,"        While her lover lamented
",20170926
38117,6275,死とは、人生があなたに「お前はクビだ」と告げる方法である。,20170407
38117,4731,ディスク上の99ブロックのゴミ,20170212
38117,488,-- ピーター・S・ビーグル,20170624
33083,6393,団体では、すべてのメンバーを名誉あるものとして言及するのが通例である。例えば、「,20170711
33083,1193,-- クリント・イーストウッド,20170303
47608,2089,この国に必要なのは、良質な5セントのニッケル硬貨だ。,20180212
47608,4290,"BLISS is ignorance
",20170510
51514,2270,あなたは大きな音に驚くだろう。,20180225
51514,1670,カサブランカから出て、ドイツ人は奇跡を非合法化した。」,20180313
66561,9347,"It's not that I'm afraid to die.  I just don't want to be there when it
",20180204
66561,3190,批判するが、もし皆に嫌われたら、あなたも偏執病になるだろう。,20170415
36382,1410,"
",20170211
36382,5269,バグを修正し、再びダンプする：,20170412
36382,9583,波の上に立つ者もまた、サーフィンをする。,20180314
90866,5042,銃は合法ではない。,20171215
55587,1837,機械上で、彼らは「ほんの数回」の30時間で動作するようにパッチを当てることができる。,20170822
58010,8778,コンピュータのせいにされるすべてのエラーの根源には、,20180121
57895,8456,私はあらゆる緊急事態には備えているが、日常には全く備えていない。,20170209
57895,3322,-- エルバート・ハバード,20170305
45394,786,有名な最期の言葉：,20171005
45394,9660,1. 再現性が問題になる可能性がある場合、テストは,20170822
45394,1714,外交とは、石を見つけるまで「いい子だね、ワンちゃん」と言い続ける技術である。,20180306
81422,8548,それが作った。,20180417
56928,718,一つ。,20170831
56928,9375,未来はまだら模様。夕方遅くにスープをこぼすだろう。,20170826
82095,7535,今月は忘れられない月になるだろう――どんなに忘れようとしても。,20170421
82095,5966,驚くほど大きいかということだ。つまり、あなたは,20180102
82095,6020,重役。,20180416
35286,4240,コンピュータが人間より多くの仕事をこなせる一つの良い理由は、彼らが,20170907
35286,2806,真に賢い者は、決してユニコーンと馬跳びをしない。,20170501
35286,9590,プログラマーが英語で書けるようにすれば、,20170927
39820,9167,老兵は死なず。若者は死ぬ。,20170906
46179,1171,-- ケーログ・アルブラン,20180323
10236,9564,我々のお気に入りの独占企業によって作られた！,20180321
10236,5396,「何もしなくても誰が気にする？これは我々の新しい,20180419
10236,1468,勇気を奮い起こせ！他のものは全部台無しにしたんだから。,20170813
31434,6254,イギリス史の中間試験の前夜、あなたの生物学の,20170805
31434,158,完全に避けられることを、明日に延ばすな。,20170410
47399,2506,LSDは、その重さの47倍の過剰な現実を消費する。,20180427
47399,2513,きわどいアリアを専門とする歌姫は、オフコロラトゥーラソプラノだ…,20170807
17296,7894,"
",20170123
17296,2858,教授とは、誰かの睡眠中に話す人のことである。,20170910
17296,1673,さもなければ、より難しい思考を必要とする。,20171031
13649,5880,確固たる決断の日だ！！！！！それとも違うか？,20171007
13649,4252,ポップアップ、プッシュダウン、バイト、バイト、バイト！,20180213
37692,2917,A: 両方だ。,20180119
37692,4542,CPUにいます我らのOSよ、御名をUNIXと称えさせたまえ。,20180405
95382,3483,午前中は新しいプロジェクトに青信号。午後は交通に赤信号。,20170804
95382,8249,Q: 論理右シフトをするのにIBMのCPUは何個必要か？,20170523
31118,1878,来週危機が起こるはずがない。私のスケジュールはすでにいっぱいだ。,20170918
23134,4414,何をしているかわからないときは、きれいにやれ。,20170208
33681,1046,捨てられる運命にある：重要なのは、常にそれを,20170506
33681,797,本物のプログラマーは仕様書を書かない――ユーザーは,20170831
88539,4461,未来の仕事は危険であることだ。,20180325
31978,1438,モリソンの官僚主義仮説：,20170604
31978,5748,COBOLで書くかFORTRANで書くか。,20170626
31978,5135,知る価値がない。,20180304
88837,7737,タイプライターは、感情を込めて演奏されると、,20170527
88837,7994,UFOは実在する。空軍は存在しない。,20180103
87417,7156,上司がそれを読んでいる。,20170419
87417,1859,皮肉屋：物事をありのままに、あるべき姿ではなく見る、欠陥のある視力を持つ悪党。,20170126
13032,2306,本物のプログラマーはコードにコメントをしない。書くのが難しかったのなら、,20180428
13032,3629,好機は常に、最も不都合な瞬間に訪れる。,20170708
60255,6845,"Accuracy: The vice of being right
",20180309
60255,3953,今週は自分で機会を作り出せる。上級,20170112
58938,3190,クリンクラーの第一法則：,20171203
58938,7338,誘惑を取り除く唯一の方法は、それに屈することだ。,20180209
77200,1193,-- アーサー・ナイマン,20170414
77200,5104,その講師のコースのために勉強することを除いて。,20171019
66537,7894,「三重アイソ分岐クリプトンゲートMOSプロセス…」,20170401
67792,4381,天才には限界があるかもしれないが、愚かさにはそのような,20170629
94494,1396,向かっている。,20170613
94494,4804,俗語とは、コートを脱ぎ、手に唾を吐きかけ、,20170802
94494,4930,非戦闘員：死んだクエーカー教徒。,20170730
14203,1360,闇が漏れ出す。,20180411
75162,8172,「そして、私と同じくらい大きくなったら何をするの？」,20170724
75162,8380,カサブランカから出て、ドイツ人は奇跡を非合法化した。」,20180315
75162,6254,闇が漏れ出す。,20170520
17822,1925,老いたプログラマーは死なず。ただ新しいアドレスに分岐するのみ。,20180415
17822,1552,"If I traveled to the end of the rainbow
",20180207
76222,1625,無政府状態は最良の統治形態ではないかもしれないが、,20170826
76222,9414,"If I traveled to the end of the rainbow
",20170914
76222,2099,クリーブランドはまだ生きている。神は死んだに違いない。,20170130
10833,9877,ジョージ・オーウェルは楽観主義者だった。,20171028
10833,9335,汝、それを再生するなかれ。,20171119
10833,7888,文学的なドイツ人が文章に飛び込むときはいつでも、それが最後だ。,20171220
53904,1574,三人の友人。もし彼らが大丈夫なら、あなたがそうだ。,20171111
53904,674,そしてそれ以来、ベンゼン（been seen=見られたとの掛詞）になったことはない。,20180222
53904,136,今、私はそれを守っている。,20170622
24388,8468,小売りで買う必要がある。」,20170428
24388,9319,予算とは、金を使う前に心配するための方法に過ぎない。,20171018
24388,4059,価格が上がった。「すべて新品」「完全新品」あるいは「素晴らしい新品」というラベルは,20170519
56490,8522,すべてが可能だが、,20170202
56490,43,"        But this output can be
",20170827
56490,5385,不幸は仲間を好むが、仲間はそれに応えない。,20171010
43125,6642,-- H・L・メンケン,20170827
31769,5282,平均的な男性は考えるよりも見ることの方が得意である。,20180131
31769,8902,コンピュータのせいにされるすべてのエラーの根源には、,20180328
80793,4290,そして先月分を前払いで。,20170901
80793,793,あなたは賢く、機知に富み、素晴らしいが、あまりに多くの時間を,20170209
94964,2581,「もっと必要になるまで、乗り切るのに十分なだけ必要だ。」,20170114
52594,1166,相手が綴りを知っていること。,20170911
52594,9917,そして薬はけいれんを引き起こす。,20171001
52594,6938,三人の友人。もし彼らが大丈夫なら、あなたがそうだ。,20180315
35298,4331,俗語とは、コートを脱ぎ、手に唾を吐きかけ、,20170511
35298,129,この国に必要なのは、良質な5セントの「何か」だ！,20170917
35298,1520,系論：,20171003
68375,9260,批判するが、もし皆に嫌われたら、あなたも偏執病になるだろう。,20170110
57947,4941,警官を避けるには良い日。学校まで這って行こう。,20170907
57947,3841,私は酒はやらない。,20171120
57947,5023,「そして、私と同じくらい大きくなったら何をするの？」,20180215
97032,9288,あなたが置いた場所から、見つけられない場所へ。,20170116
70578,6914,パン。,20180406
70578,341,起こる。,20170706
70578,2953,"A city is a large community where people are lonesome together
",20171009
15560,4683,勇気を奮い起こせ！他のものは全部台無しにしたんだから。,20170618
15560,9306,自然な傾向に屈せよ。憎らしく、退屈であれ。,20170821
15560,55,大学：ソフトウェアハウスのようなもの。ただし、ソフトウェアは無料で、,20170129
51746,1675,-- エルバート・ハバード,20180109
51746,2230,靴。,20170630
76093,9103,誰も確信していないこと。,20171123
35896,8979,三人の友人。もし彼らが大丈夫なら、あなたがそうだ。,20170324
35896,9624,ジョージ・オーウェルは楽観主義者だった。,20170520
35896,7862,それは宇宙を一つにまとめている…,20170629
86484,104,機械上で、彼らは「ほんの数回」の30時間で動作するようにパッチを当てることができる。,20180102
86484,7310,きわどいアリアを専門とする歌姫は、オフコロラトゥーラソプラノだ…,20170806
17871,3037,本物のプログラマーは仕様書を書かない――ユーザーは,20171204
17871,6884,子供は、,20180114
78086,4951,汝のプログラムは走り、汝のシステムコールは成されたり。,20171029
15135,2274,人間は、,20170314
15135,6938,"Paul Revere was a tattle-tale
",20170721
15135,7364,決して立ち止まって電話に出る必要がない。,20170728
82519,7107,その5年間がいつ始まるかを我々は制御できない。,20180310
82519,3471,システム/3！システム/3！,20171214
82519,4069,もし時がすべての傷を癒すなら、なぜへそは変わらないのか？,20170825
63217,3851,"Computer programmers do it byte by byte
",20170913
30880,4461,-- ベルトルト・ブレヒト,20170909
37994,8541,その講師のコースのために勉強することを除いて。,20171015
72697,8666,朝に、そして学校に着くまで止まらない。,20170303
72697,5702,教授とは、誰かの睡眠中に話す人のことである。,20180211
72697,703,それらに15セントを請求する。,20170513
12295,4149,インテリよ、団結せよ！失うものは君たちの黄身（yolks=yokes=束縛）だけだ。,20180116
12295,5287,最新の公式数値によると、全統計の43%は,20171110
12295,7535,アシッド――化学を通じたより良い生活。,20171129
74696,9559,我々のお気に入りの独占企業によって作られた！,20170511
74696,3589,運勢：セグメンテーション違反――コアダンプ,20171019
79381,5269,自然な傾向に屈せよ。憎らしく、退屈であれ。,20170429
79381,8666,すべての兆候には7つの症状があった。,20170514
12941,6503,真実は今朝明らかになるだろう。（それが事態を本当に混乱させるかもしれない。）,20170102
38780,4659,老兵は死なず。若者は死ぬ。,20170403
38780,8361,講師はプラナリアについて200ページを課すだろう。,20180125
53694,6964,外交官とは、妻に,20180129
53694,9712,西洋文明？,20170202
53694,5606,軽く油を塗った。」,20180331
39076,9583,法は、その荘厳な平等において、富める者にも,20170422
29742,6101,多数派：犯罪と法律を区別する性質。,20170513
29742,402,"Death is nature's way of telling you to slow down
",20180213
29742,8864,彼らは私を偏執病に見せようとしているだけだ！,20170120
85982,6884,ウェイター：「紅茶かコーヒー、どちらになさいますか？」,20180319
36490,2403,"We wish you a Hare Krishna
",20170725
62510,8759,これを自分で証明するには、,20170428
26481,7927,確実である。そして、それらが確実である限り、それらは現実には言及しない。,20170912
26481,6254,人を馬鹿と呼ぶな。彼から借りろ。,20170927
85131,8925,しばらくハリケーンに近づかないように。,20170504
85131,7498,蒸気配管工のピクニックで。,20180203
85131,4581,-- ハーバート・フーバー,20170210
99115,3470,責任は常に権限を上回る。,20170412
99115,3209,確固たる決断の日だ！！！！！それとも違うか？,20180202
99115,8964,紙に当たる。,20170528
62020,658,光の速さより速いものはない…,20171121
62020,5468,心配するために。,20170811
71145,5101,リストまたはオブジェクトデッキ。,20171124
47603,6084,悪意に帰するな、,20170228
47603,5124,-- アラン・パーリス,20170222
20185,9214,速報！人類の知能が低下中。詳細は…ええと、いつだったか,20170708
20063,4915,ディスク上の100ブロックのゴミ,20170512
20063,1360,そしてきれいなものは、めったに滑稽ではない。,20170524
87364,9612,ユーカリの木の中で。,20180103
75524,8964,本物のプログラマーはアプリケーションプログラムを書かない。彼らは,20170805
75524,3885,我々のお気に入りの独占企業によって作られた！,20180430
92033,7830,あなたは大きな音に驚くだろう。,20180323
92033,4239,「結婚（Matrimony）は言葉じゃない、宣告（sentence）だ。」,20170103
92033,5971,銃は合法ではない。,20170719
20423,2075,-- アラン・パーリス,20180417
20423,3745,不幸は仲間を好むが、仲間はそれに応えない。,20170919
63755,7242,人々。,20180412
63755,2595,-ディープ・ソート,20171201
63755,658,-ディープ・ソート,20180410
13630,7424,しばらくハリケーンに近づかないように。,20180416
14827,2033,本物のプログラマーはBASICでは書かない。実際、BASICで書くプログラマーはいない。,20170602
14827,6136,もう一方。,20170227
64520,8576,老いたプログラマーは死なず。ただ新しいアドレスに分岐するのみ。,20170830
89248,5157,あなたは犬のような生活を送ってきた。家具から離れていなさい。,20171012
89248,8040,定言命法を打倒せよ！,20170207
97535,3204,知る価値がない。,20180421
97535,4387,終わる。,20170913
27834,5922,短い針が…にある。,20180109
27834,126,今夜は半月。（少なくとも、月がないよりはましだ。）,20180209
16473,6105,左にシフト！右にシフト！,20170615
16473,6072,時空間スキップの中で。,20170221
90971,5519,神は死んでいない、ただ駐車スペースを見つけられなかっただけだ。,20170218
90971,3640,もし神が完全なら、なぜ不連続関数を創造されたのか？,20171025
90971,871,プログラマーが英語で書けるようにすれば、,20170901
82251,3940,さもなければ、より難しい思考を必要とする。,20180310
54562,7272,"We wish you a Hare Krishna
",20170731
29137,4448,-- マクスウェル・スマート,20170802
56857,3251,波は滑らかで輝いている――,20170619
56857,6463,あなたが偏執病だからといって、彼らがあなたを狙っていないとは限らない。,20171006
56857,8034,2. 直線あてはめが必要な場合、データは2点のみ取得すること。,20170609
91154,7946,やる価値のあることは、誰かにやってもらう手間をかける価値がある。,20170628
91154,8909,豚は、もし私が間違っていなければ,20170910
18461,2338,猫に頑固さで勝とうとするな。,20180419
18461,8367,平均的な女性は、頭脳よりも美貌を望む。なぜなら、,20180325
18461,703,勇気を奮い起こせ！他のものは全部台無しにしたんだから。,20170317
80693,8403,シャボン玉？,20170315
58454,9130,価格が大幅に上がったことを意味する。,20170223
58454,1604,私にできること。」,20170105
73377,3915,明かりがつく。,20170519
91464,1623,-- D・J・ヒックス,20180306
77751,7271,"A city is a large community where people are lonesome together
",20180330
77751,4554,神は死んでいない、ただ駐車スペースを見つけられなかっただけだ。,20170822
77751,388,川は湿っている。,20171025
71718,3251,それが、点で対になって,20170425
71718,1743,言った、「人生はサワークリームのボウルのようなものだ。」,20170416
95371,7773,COBOLで書くかFORTRANで書くか。,20180122
95371,7227,彼らは私を偏執病に見せようとしているだけだ！,20180409
95371,8925,ゼロックスは決して独創的なものを生み出さない。,20171102
21732,8455,-- リリー・トムリン,20171016
21732,126,神のみが無作為な選択をすることができる。,20171121
39290,66,コンピュータにゴミを入れれば、ゴミしか出てこない。しかし,20180408
39290,388,-- 『ドクター・フー』より、准将,20170814
39290,4273,クリンクラーの第二法則：,20170906
58603,85,探すのをやめなさい。幸福はあなたのすぐ隣にある。,20180419
58603,9624,生きる。,20180115
64802,5560,メビウスの輪の上のネズミ,20170515
81563,1623,死ぬことは非常に退屈で陰気なことだ。そして、君への私のアドバイスは,20170114
81563,9192,Q: 電球を交換するのに、オレゴン州民は何人必要か？,20170613
81563,3770,とは全く関係がない。,20170723
48892,3376,-- ケーログ・アルブラン,20170413
48892,3072,多数派の側にいることに気づいたときはいつでも、,20180322
48892,9162,ツバメがカピストラーノに着陸するのを手伝おう。,20170127
50639,9267,パーティーを開くには良い日だ。彼をできるだけ遠くに投げ飛ばせ。,20170207
50639,658,デュシャームの教訓：,20170109
50639,3521,誰でも扱えるように作ることはできるが、,20170327
83459,1978,暴力は無能な者の最後の砦である。,20170830
33711,9974,すべてのプログラムには（少なくとも）二つの目的がある。一つは,20170312
98831,7927,めったにきれいではなく,20171014
98831,9669,コンピュータ科学の言語。強い型付けは記憶力の弱い人々のためのものだ。,20171222
98831,4287,種が動くかどうかを見ずに。,20170619
18689,5914,-- ウィンストン・チャーチル,20170509
18639,6136,-- マーク・トウェイン,20170725
18639,363,ガンジー：それは良い考えだと思う。,20171109
18639,9673,「それは素晴らしいに違いない！私には全く理解できない。」,20171226
37870,70,その間にタバコ。,20171213
37870,6463,明日は興味が持たれないため中止となります。,20170605
37870,2863,「一度でいいから、,20170904
18649,2933,教授とは、誰かの睡眠中に話す人のことである。,20170830
18649,8172,恩知らず：餌を与えてくれた手を噛み、そして文句を言う男。,20170120
36125,1675,興味深いものは何も簡単ではない。,20170614
36125,4702,"enough cheese
",20180209
36125,1625,ウィル・ロジャースが言ったように、「無料の,20180327
64219,7841,未来の仕事は危険であることだ。,20170827
64219,1960,英語では、すべての単語を動詞化できる。我々の,20170823
64219,1785,「可能性は三つある。パイオニアの太陽電池パネルが,20170328
24334,9177,少なくとも二つの人為的ミスを見つけるだろう、それを,20170110
24334,7331,ストリップは回転した。,20180410
24334,3865,登山靴を職場に。万一、,20170721
68774,8417,何もない。,20170419
83186,8939,今夜はコウモリに餌をやらないで。,20180306
25888,7466,今、自然に振る舞いなさい。煮えくり返り、怒り狂い、かんしゃくを起こしなさい。,20170814
25888,136,明日は興味が持たれないため中止となります。,20180322
25888,1390,精神病院：楽観主義が最も栄える場所。,20170918
31960,1794,ハンディキャップのある。,20170805
61285,4235,そして先月分を前払いで。,20170227
61285,1056,父親は幼い息子に尋ねた。,20180430
61285,5282,縄は緩む。,20170428
14266,2338,"Kin: An affliction of the blood
",20170126
86492,5282,人生はヨーヨーで、人類はその糸に結び目を作る。,20171214
44675,9738,で責任を回避するか？,20171129
90318,1290,人を馬鹿と呼ぶな。彼から借りろ。,20180306
35958,4675,"THE GOLDEN RULE OF ARTS AND SCIENCES
",20180102
42520,6142,応用テロの第四法則：,20170928
42520,4583,サンフランシスコ？,20180413
42520,3745,2. 直線あてはめが必要な場合、データは2点のみ取得すること。,20170909
51307,5383,さえ。,20171008
55873,7257,脳（動詞）：[「脳する」のように]  bluntly に、しかし pointedly ではなく叱責すること。,20180305
55873,5714,離婚から抜け出す。,20171122
55873,3351,床を磨いたり、その他のエキサイティングなことをするのに最適な日。,20170823
52429,4930,子供は、,20170929
64251,3077,-- ピーター・S・ビーグル,20180207
64251,7946,質問：,20171008
64251,816,未来の仕事は危険であることだ。,20170106
11849,3362,酵素とは、生物学者が発明したものであり、,20170521
29860,2153,政府機関の解決策があなたの問題に合わないとき、あなたは,20170212
51320,765,このゴミは、非常に高価な機械を通過した後,20170205
51320,4520,ダイナマイトで空高く吹き飛ばされる神聖な権利の目に見える兆候。,20171006
78354,7130,英語では、すべての単語を動詞化できる。我々の,20170519
44472,5149,非常に経済的な宇宙へ。,20180319
44472,1529,もし我々が進む方向を変えなければ、我々は,20170727
25994,5043,私にできること。」,20171215
13550,2365,"Paul Revere was a tattle-tale
",20170918
95517,718,少年：泥のついた騒音。,20170303
95517,3357,全国半袖シャツ協会は言う：,20170924
95517,2075,-- ピーター・S・ビーグル,20170412
29070,339,ガスはひどい匂いがする。,20180301
22528,8380,「どうして知るものか？私は何だ、哲学者か？」,20180201
93320,6656,-- ジョン・チアルディ,20170423
93320,5880,-- バート・ウィットニー,20170508
93320,364,「率直に申し上げましょう、ムッシュ。あなたを,20180205
19175,7946,もし神があなたに裸で歩き回ってほしかったなら、もっと大きな,20170128
19175,7351,自分がどこにいるか気にしないなら、迷子ではない。,20170908
40495,2035,野心とは、怠けるほどの分別がないことの粗末な言い訳である。,20171223
40495,2888,フィナグルの信条：,20170602
93094,4252,-- マーク・トウェイン,20170316
31799,5004,-- W・C・フィールズ,20170731
31799,9133,警句があるなら、メタ警句もなければならない。,20171104
54165,8335,絵で説明される。,20170718
61546,4240,アシッド――化学を通じたより良い生活。,20170716
60208,1438,-- マーク・トウェイン,20170510
92485,4723,反意語：あなたが考えようとしている言葉の反対。,20171027
92485,8522,「もし神が地上に住んでいたら、人々は彼の窓をすべて叩き割るだろう。」,20170714
32926,9314,感嘆：他人が,20170611
49244,1001,そして他のエロティックな効果。,20180110
49244,5240,人生をやり直せるかもしれない――もし最初の,20171211
71342,1599,"不在者：収入があり、""",20170712
71342,9372,エラーのない重要な手紙は、,20170910
71342,674,"God is a polythiest
",20171220
24218,3953,先週の火曜日がつまらなかったと思うなら、何が起こるか待ってみなさい。,20171112
24218,4448,質問：,20170718
24218,1978,ジョニーは祭りからなかなか帰らない。,20171119
56105,1390,幸せな結婚をする方法は一つしかない。そして私が,20170621
20843,8559,ジョージ・オーウェルは楽観主義者だった。,20180310
20843,541,つまり、もしアパートを借りるなら、あなたは3つの,20170408
29830,9353,"Conscience is the inner voice that warns us somebody is looking
",20170825
29830,8132,その5年間がいつ始まるかを我々は制御できない。,20170424
29830,6085,講師はプラナリアについて200ページを課すだろう。,20170111
78611,2986,現実は幻覚の障害である。,20180127
78611,6022,何かが起こる確率が百万分の一なら、,20180221
15274,6521,もし入力が正確でなかったら。,20170823
40750,363,は一時的に中止されます。,20170620
40750,8476,"Murphy would be there to tell me
",20170705
40750,7535,逆もまた然り。,20180324
29643,1978,ガスはひどい匂いがする。,20180414
16656,5415,柔和な者は地を受け継ぐだろう――彼らは弱すぎて断れないのだ。,20170821
24618,1925,別のものの。,20170221
24618,176,ゴイムを創造したのか？」一般的に受け入れられている答えは、「誰かが,20170918
24618,3973,は一時的に中止されます。,20180408
32819,2499,大統領や王から地の果てのクズまで…,20171029
32819,1670,政府機関の解決策があなたの問題に合わないとき、あなたは,20171210
41738,6938,責任は常に権限を上回る。,20170819
41738,6658,姉妹や近親者が弾くピアノよりも迷惑だ。,20180205
41738,6517,"
",20170117
45887,1701,さようなら。私は退屈だから去る。,20180316
45887,2714,トゥルナウカの法則：,20171218
45887,7386,"Laetrile is the pits
",20170906
18275,5606,神は練習のために愚か者を作り、そして教育委員会を作った。,20170729
18275,4867,瓦礫にすぎない,20180104
99462,2189,知る価値がない。,20170911
99462,9472,キッシュと綴る。彼らはトゥインキーや四川料理を食べる。,20171217
85317,7351,"Accuracy: The vice of being right
",20170223
85317,9615,"Computer programmers do it byte by byte
",20170316
27962,9346,もし我々が進む方向を変えなければ、我々は,20180227
27962,1104,有名な最期の言葉：,20170109
27962,3072,皮肉屋：色眼鏡を通して物事を偏見の目で見る者。,20171215
31128,9877,低空飛行する蝶に注意。,20171030
58246,6515,書かれたものと、そうでないもののために。,20170630
58246,1066,今年は幸運な日を過ごす。,20180317
58246,8538,強い酒には気をつけろ。それは税務署員を撃ちたくさせ、そして,20180423
47903,3244,もし時がすべての傷を癒すなら、なぜへそは変わらないのか？,20170709
47903,6439,今回のログインセッション：$13.99、しかしあなたには$11.88,20180330
23814,3123,「どうして知るものか？私は何だ、哲学者か？」,20170817
76484,517,より懸命に。,20171211
76484,3901,すべてのプログラムをRPGで実行する！,20170427
82134,5963,-ディープ・ソート,20171012
82134,8642,別のものの。,20171217
79821,7946,ディスク上の100ブロックのゴミ！,20170713
11523,8605,中傷された。,20170415
11523,4283,我々のお気に入りの独占企業によって作られた！,20170422
86521,9346,ファッションとは、あまりに耐え難い醜さの一形態であり、我々はそれを,20171203
86521,7780,運勢：セグメンテーション違反――コアダンプ,20170920
65058,8468,-- ケーログ・アルブラン,20170729
54542,106,決して美徳の道に迷い込むな。,20170511
54542,8193,もし良い写真が撮れたとしても、それらは台無しになるだろう,20171216
11302,5970,中には何もない。,20171015
11302,2295,とんでもない馬鹿であることの。,20180227
19179,1393,ニヒリズムは自己から始めるべきだ。,20171214
63605,3,独身者とは、ある女性を,20170809
63605,3491,扱いやすい：あなたは間違った問題を解決した。,20180323
63605,5425,息をしている方がリスナーと呼ばれる。,20170516
79345,537,"Ass（尻/ロバ）：""lass""（娘）の男性形。",20171020
79345,7272,プログラミング言語。,20180419
79345,2420,いかにしてそうしないかを教えられなければならなかっただろう。偉大なプログラマーも同様である。,20170805
19261,6894,今年の最悪野菜：芽キャベツ。これはまた、,20170614
92087,7333,本物のプログラマーはテニスや、,20170419
58217,8883,系論：,20171219
61007,649,メッセージが郵便で届く。FBIに見られる前に破壊せよ。,20170227
61007,8785,-- フィンリー・ピーター・ダン（ミスター・ドゥーリー）,20170926
81344,3357,人生。,20170719
81344,6982,白いひげを生やし、赤いスーツを着たぽっちゃりした男が間もなくあなたに近づくだろう。,20170331
81344,2918,その5年間がいつ始まるかを我々は制御できない。,20170521
69808,6059,2. 直線あてはめが必要な場合、データは2点のみ取得すること。,20170412
69808,1483,そのモニターは完全に負ける！,20170802
69808,6142,（ウェイター退場、そして再登場）,20170815
72215,3992,マーフィーの法則が間違っている可能性があるなら、それは間違っているだろう。,20170310
92644,9319,神は7日で世界を創造したのではない。6日間遊び呆けて,20170314
92644,6154,リストまたはオブジェクトデッキ。,20180408
92644,4683,独身者とは、ある女性を,20170608
83923,5748,中には何もない。,20170227
83923,9590,なし。「マニュアルに文書化しておく。」,20170613
92675,6136,丸一日得られない。可能な限り2月は避けよう。,20180430
92675,315,"There was a young lady from Hyde
",20170405
64562,7333,プログラムに合わせて仕様を変更する方が、その逆よりも簡単だ。,20170612
64562,9177,リメリックは複雑な芸術形式,20170815
64562,8631,「何もしなくても誰が気にする？これは我々の新しい,20170920
92282,865,来週危機が起こるはずがない。私のスケジュールはすでにいっぱいだ。,20170916
92282,85,来年の最悪野菜。,20170317
47783,4195,第四次世界大戦は棒と石で戦われるだろう。」,20170810
47783,6156,未来はまだら模様。夕方遅くにスープをこぼすだろう。,20170312
75421,4193,-- エレノア・ルーズベルト,20180409
75421,777,クリスマスに子供にメンタルブロックを与えなさい。,20170716
42831,8433,人を馬鹿と呼ぶな。彼から借りろ。,20180209
16162,11,デバッグセッション。,20170822
16162,8193,午後は明るくなるだろう。警官があなたの顔にライトを当てるから。,20171101
16162,2558,完全に避けられることを、明日に延ばすな。,20170701
12724,2910,IBMにはPL/Iがあった,20170523
50353,4381,科学は真実である。事実に惑わされるな。,20170802
83759,7113,また轢かれないことを願う。,20170706
83759,9832,メッセージが郵便で届く。FBIに見られる前に破壊せよ。,20170511
40275,1998,電気処刑：すべての現代的な改良が施された火あぶり。,20180119
15985,5925,-- ラザルス・ロング,20170202
15985,2958,CPUにいます我らのOSよ、御名をUNIXと称えさせたまえ。,20170607
55946,4520,ローマ帝国はなぜ崩壊したのか？事務所のラテン語は何？,20170708
55946,8716,-- サルヴァー・ハーディン,20171004
55946,5628,プログラミング。,20170117
22780,1374,腐敗した：政治において、信任または利益のある職に就くこと。,20170326
69013,6740,トゥルナウカの法則：,20170423
69013,6004,第三法則：絶対零度でしか収支はとんとんにならない。,20171111
69013,4063,"to justify God's ways to man
",20170607
11971,737,-- ジョン・バリモアの最期の言葉,20180115
11971,2443,-- ギゴ,20170513
11971,3115,息をしている方がリスナーと呼ばれる。,20180211
37436,8403,"Kin: An affliction of the blood
",20170525
63907,9924,豚の愚かさだと思う。,20171012
35770,6656,今夜は家族のことを考えなさい。,20180412
35770,6964,-- メイシーズ,20180122
35770,8068,対処法を知らないエラー条件をテストするな。,20170215
32960,712,地球は小さな砂粒のようなものだ、ただずっとずっと重いだけ。,20170525
68389,842,人間は、,20171229
68389,8057,-- ミッキーマウス,20170801
28588,6658,講師はプラナリアについて200ページを課すだろう。,20171228
28588,7820,そして先月分を前払いで。,20170510
16260,2984,今月は忘れられない月になるだろう――どんなに忘れようとしても。,20171016
16260,6701,彼を。,20180318
78313,9414,インテリよ、団結せよ！失うものは君たちの黄身（yolks=yokes=束縛）だけだ。,20180308
86777,9159,あなたは尾行されている。数日間はいかがわしい行為をやめなさい。,20171115
86777,7271,広い心：高邁な精神を平らにした結果。,20170622
40992,6702,-- オスカー・ワイルド,20180408
40992,8522,そしてサン・ミョン・ムーン（文鮮明）！,20170925
40992,3483,アレクサンダー・グラハム・ベルはニューヨークで健在で、まだ,20180324
61847,4240,本物のプログラマーはPASCAL、BLISS、ADA、その他赤みがかった,20170813
61847,2002,-- ビル・ホースト,20170617
41922,1673,政府などない方がましだ。,20171113
41922,7711,プロジェクトMACでの損失はどれくらいか？,20170605
41922,2111,分析され、新たな弱点に置き換えられる。,20180315
78763,7272,国が一流の経営の下で何ができるかを声高に。,20170905
93528,7837,皮肉屋：物事をありのままに、あるべき姿ではなく見る、欠陥のある視力を持つ悪党。,20170516
93528,3581,来年の最悪野菜。,20170602
93528,7609,マーフィーの法則が間違っている可能性があるなら、それは間違っているだろう。,20170813
97913,9599,それは、死んだ方がましだと思う人々のための時間つぶしの本だった。,20170107
97913,8605,時々、無実の人が議会に送られる。,20170811
97913,363,「お前は母親のような男には決してなれない！」,20170929
39547,7093,A: 両方だ。,20170111
96852,2433,短い針が…にある。,20170525
96852,9923,馬鹿：人間社会において影響力を持つ、大きくて強力な部族のメンバー。,20170203
96852,7478,「成功できるのに、なぜ男でいる必要がある？」,20180123
93975,764,真夜中。,20170605
28877,3629,波の上に立つ者もまた、サーフィンをする。,20180421
26761,5091,失敗への対処は簡単だ。改善するために努力する。成功もまた,20170603
26761,5313,消化不良。,20180427
26761,9325,"        The mouse dissolved
",20180215
41255,6602,両利きになるためなら右腕を差し出してもいい。,20170711
41255,1468,大きな財産を持って。」,20180213
82155,5201,捨てられる運命にある：重要なのは、常にそれを,20170608
82155,8176,本物のプログラマーは仕様書を書かない――ユーザーは,20180402
82155,2749,偏執病の人も人間だ。彼らにも彼ら自身の問題がある。簡単に,20170620
78942,5606,-- サルヴァー・ハーディン,20170131
78942,3444,A: 33人。1人がビットを持ち、32人がレジスタを押す。,20170424
78942,7504,-- ジュール・ド・ゴルティエ,20180221
63635,3570,クリンクラーの第一法則：,20170115
63635,6439,そして徹夜した。,20180402
63635,7035,すべてのプログラムをRPGで実行する！,20171028
80146,9432,"WHERE CAN THE MATTER BE
",20170322
68014,5512,しかし、私が命じたことだけだ。,20171201
68014,8383,腐敗した少数による、無能な多数の任命。,20170821
37008,9876,-- ベラミー・ブルックス,20170603
37008,5323,何が起こっているか。,20180310
37008,8667,理解するのが難しいだろう。,20180108
95610,7466,"Who lived on distilled kerosene
",20170216
87752,2152,"        when someone inadvertently opens the darkroom door and all of
",20170204
87752,1066,"算数とは、""",20180228
87752,8418,この種のゴミ。,20170305
43246,9923,クリンクラーの第一法則：,20170805
43246,9924,金を持つ者がルールを作る。,20171017
49364,6085,-- ビル・ホースト,20180209
88363,3595,あなたのプログラムを説明しているときに聞き手がうなずいたら、,20170327
88363,1393,「新発売」および／または「改良」と表示されたものは、そうではない。その表示は,20171003
88363,842,最悪な一日を過ごすには最高の日だ。,20171001
89495,18,午後はロマンスに非常に好都合。一人の人を,20170127
89495,7271,興味深いものは何も簡単ではない。,20180214
13530,2110,完全に避けられることを、明日に延ばすな。,20170528
13530,1973,科学は真実である。事実に惑わされるな。,20170615
57958,2033,道徳的にハンディキャップのある人を雇いなさい。,20171122
57958,4729,客1：「紅茶をください」,20171023
57958,3318,電球を交換するのに、ソフトウェアエンジニアは何人必要か？,20171107
36432,4754,-- バート・ウィットニー,20180322
84522,2092,"Ass（尻/ロバ）：""lass""（娘）の男性形。",20170409
84522,2206,神のみが無作為な選択をすることができる。,20170109
88023,3915,文学的なドイツ人が文章に飛び込むときはいつでも、それが最後だ。,20180310
88023,8233,1) 「心配するな、俺が何とかする」,20180310
88023,2099,A: 3人。1人が電球をねじ込み、2人がそれを邪魔する者たちを追い払う。,20180316
36123,4951,献身的な追随者の不足により、偉大な指導者の生産は,20170615
99843,5972,機能する。,20170408
46731,5715,咳き込んでいる。」,20171224
44080,8010,-- ハーバート・フーバー,20170617
44080,7946,"Death is nature's way of telling you to slow down
",20170812
77446,4235,ソフトウェアが他の何物とも似ておらず、それが,20170922
77446,7684,コンピュータプログラミングの法則：,20170506
33338,6625,汝のプログラムは走り、汝のシステムコールは成されたり。,20170625
33338,1104,国が一流の経営の下で何ができるかを声高に。,20170114
58538,6072,している。,20170919
58538,9876,再び同じ間違いを犯したときに。,20180129
58538,988,花嫁：幸せな未来を背後に持つ女性。,20170716
38219,5922,「それどころか」とトゥイードルディーは続けた。「もしそうだったら、そうだったかもしれないし、,20171018
93675,3755,クリスマスに子供にメンタルブロックを与えなさい。,20170125
49940,3157,この国に必要なのは、良質な5セントのニッケル硬貨だ。,20170926
25475,9185,他人はあなたに安定を求めるだろう。だから、,20170416
99990,2499,いかにしてそうしないかを教えられなければならなかっただろう。偉大なプログラマーも同様である。,20170506
43038,8187,"Rocky's Lemma of Innovation Prevention
",20171015
83358,9434,「ここ電話会社では、あらゆる種類の人々にサービスを提供しています。,20170923
83358,6156,さて、GCよ、当面は,20170606
86434,9414,-- バート・ウィットニー,20170824
61733,9133,-- ドロシー・パーカー,20180123
61733,3218,とんでもない馬鹿であることの。,20171116
61733,6938,人々はお一人様一点限りのものなら何でも買う。,20180204
25364,4576,フィルモア大統領を悪く言うな。彼は我々をベトナム戦争から遠ざけてくれた。,20180316
66160,706,早朝にコーヒーを飲むな。昼まで目が覚めてしまうぞ。,20170715
40571,769,覚えておけ、たとえ出世競争に勝ったとしても――お前はまだネズミだ。,20180116
40571,4063,デュシャームの教訓：,20170305
40571,6658,爆弾。,20170507
68097,3378,時間とは、すべてが同時に起こらないようにするための自然の方法である。,20170706
68097,5843,きわどいアリアを専門とする歌姫は、オフコロラトゥーラソプラノだ…,20171110
68097,8898,言った、「人生はサワークリームのボウルのようなものだ。」,20171128
17197,8059,"We wish you a Hare Krishna
",20170418
17197,3244,人生はヨーヨーで、人類はその糸に結び目を作る。,20180422
43768,4884,-- アドレー・スティーブンソン,20170525
43768,842,あなたは大きな音に驚くだろう。,20170929
43768,1087,-- オスカー・ワイルド,20170108
53753,7219,-- H・L・メンケン,20180421
53753,2953,理性の命令に従って行動するように。,20180218
53753,792,ユーカリの木で眠らない方がよい、もう一晩。,20170330
21994,8716,本物のプログラマーはCOBOLでは書かない。COBOLは弱々しいアプリケーションのためのものだ。,20170804
81889,6114,太陽は海の上で輝いていた。,20180110
81889,8082,もし商品が「50ドル未満」と宣伝されているなら、それが19.95ドルでないことは確かだ。,20171203
81889,2311,死とは、人生があなたに「お前はクビだ」と告げる方法である。,20180320
34880,3901,それに慣れろ。,20171212
34880,2659,午後はロマンスに非常に好都合。一人の人を,20170211
34880,3851,私は木を全く見ることがないだろう。,20170501
98931,6022,-- サルヴァー・ハーディン,20171106
39472,8949,言った、「人生はサワークリームのボウルのようなものだ。」,20171225
39472,7219,大人：もっと分別があってもよい年齢の者。,20171114
21236,996,ヴァン・ロイの法則：,20170404
21236,5043,-- チャーリー・マッカーシー,20170306
21236,2875,大酒を飲むには最高の日。オフィスのウォータークーラーに酒を入れろ。,20170909
31083,3629,-- W・サマセット・モーム,20171002
31083,9122,有名な最期の言葉：,20170918
31083,9924,皮肉屋の目を、彼の視力を改善するために。,20170911
29943,9335,3) 「もしお前が自分で思うほど賢いなら、,20170725
29943,9190,ジョニーは祭りからなかなか帰らない。,20180220
29943,7504,-- バート・ウィットニー,20180417
11362,9046,-- ジョン・バリモアの最期の言葉,20170724
11362,3640,「なぜ私は不安なのか？」（ラテン語）,20180316
11362,1763,嘘：真実の非常に粗末な代用品だが、発見された唯一のもの。,20170310
44661,3209,搾取の範囲から自分自身を。,20180122
48572,793,鍋は向こうの端にある。,20170830
48572,3444,"We wish you a Hare Krishna
",20170818
48572,174,電球を交換するのに、ソフトウェアエンジニアは何人必要か？,20171113
55355,6131,白いひげを生やし、赤いスーツを着たぽっちゃりした男が間もなくあなたに近づくだろう。,20180309
55355,9250,朝に自己嫌悪するな――昼まで寝ろ。,20170428
46995,4235,扱いやすい：あなたは間違った問題を解決した。,20170329
46995,7758,チケット。,20171204
98101,7478,コンピュータ科学の言語。強い型付けは記憶力の弱い人々のためのものだ。,20170929
98101,3992,生きている方がましだ。,20171030
98101,8380,クリスマスに子供にメンタルブロックを与えなさい。,20170520
10909,1581,タイプライターで2つのキーを打つと、望まない方が,20170729
11899,6986,しばらくハリケーンに近づかないように。,20170821
11899,8566,軽く油を塗った。」,20171111
11899,7424,新しい議員たちは政府を立て直すと言っている。私は,20171111
64661,2152,"
",20180126
93215,5255,-- ラザルス・ロング,20170529
93215,4017,街角の酒場を活性化させる。,20170317
69498,9880,もし時がすべての傷を癒すなら、なぜへそは変わらないのか？,20170712
65575,6131,彼がその向こう側から現れるまで、あなたは彼を見ることはないだろう。,20170326
65575,1925,「なぜ私は不安なのか？」（ラテン語）,20170103
59319,5865,多数派：犯罪と法律を区別する性質。,20180413
59319,9222,街角の酒場を活性化させる。,20171211
59319,7113,終わる。,20171207
58484,7460,レーガン大統領は、経済評論家が多すぎると指摘し,20171111
58484,3053,オーレオマイシン、コカイン、インターフェロン、そしてTLC。チキン,20180112
58484,7535,-- ジョン・バリモアの最期の言葉,20180428
54175,2573,-- アラン・パーリス,20171119
54175,4240,-- アーサー・ナイマン,20170415
94675,1202,「今こそすべての善良な人々が立ち上がる時だ。」,20171209
94675,9432,-- オスカー・ワイルド,20180402
54467,3323,あなたが偏執病だからといって、彼らがあなたを狙っていないとは限らない。,20171004
54467,4194,とんでもない馬鹿であることの。,20170612
94189,7587,確固たる決断の日だ！！！！！それとも違うか？,20180122
94189,719,機能する。,20180328
66841,4876,正気だ。」,20170227
66841,7737,川は湿っている。,20170828
36201,3,神は死んでいない、ただ駐車スペースを見つけられなかっただけだ。,20170824
63210,8431,そして彼女の内部でリンゴ酒を作った。,20170227
63210,2362,旗。,20170526
63210,2731,-- エルバート・ハバード,20171208
45295,4062,"You have the capacity to learn from mistakes.  You'll learn a lot
",20170311
66421,2075,サンフランシスコ？,20171005
66421,5043,扱う。,20180501
66421,7459,非戦闘員：死んだクエーカー教徒。,20171019
10447,649,誘惑を取り除く唯一の方法は、それに屈することだ。,20170604
10447,765,軽く油を塗った。」,20180320
10447,3204,12歳以降に。,20170819
76791,4818,変数。」,20170409
74559,1625,講師はプラナリアについて200ページを課すだろう。,20170303
74559,146,電球を交換するのに、禅師は何人必要か？,20170111
53462,7262,誘惑以外なら何にでも抵抗できる。,20170627
90921,6178,改革するために。,20180415
90921,5030,俗語とは、コートを脱ぎ、手に唾を吐きかけ、,20180301
90921,7937,来年の最悪野菜。,20180128
13362,493,あっちへ行け！邪魔だ！,20170408
13362,7711,-- ジョン・マクナルティ,20170324
13362,9559,-- オスカー・ワイルド,20180131
71045,4719,何かが起こる確率が百万分の一なら、,20180419
13661,8057,チケット。,20170726
13661,9185,本物のプログラマーはBASICでは書かない。実際、BASICで書くプログラマーはいない。,20170312
29442,3589,誰でも扱えるように作ることはできるが、,20170524
29442,2210,光の速さより速いものはない…,20170712
43085,3797,成功の秘訣は誠実さだ。それを偽ることを学べば、,20170406
33095,6962,何としても現実を避けよ。,20180211
33095,4682,ユーカリの木の中で。,20171121
33095,2581,"...And malt does more than Milton can
",20180116
23527,737,-- マーク・トウェイン,20171223
86723,3915,咳き込んでいる。」,20170228
86723,3484,光の速さより速いものはない…,20170515
86723,1194,人間はアルコールを発明した。,20170202
26268,3123,あなたのプログラムを説明しているときに聞き手がうなずいたら、,20170521
26268,8576,来週の金曜日はあなたの幸運な日ではない。実を言うと、あなたは,20171228
17704,1529,"It's because I try to put every possible syllable into that last line
",20171221
17704,4195,-- マーク・トウェイン,20170402
17704,2033,コンウェイの法則：,20170717
92681,3940,は一時的に中止されます。,20170326
22411,9035,再び同じ間違いを犯したときに。,20171008
22411,6129,-- ハーバート・プロクナウ,20171113
67452,9162,第四次世界大戦は棒と石で戦われるだろう。」,20171027
51633,1104,今年はハンニバル・デーを祝おう。象を昼食に連れて行け。,20170628
94338,9673,もし神があなたに裸で歩き回ってほしかったなら、もっと大きな,20170408
79592,7841,ウィル・ロジャースが言ったように、「無料の,20180326
69657,8724,-- グルーチョ・マルクス,20180105
48908,2362,ああ、決して、決して疑うまい,20170912
48908,3323,まあいい、全部の卵を一つのカゴに入れちまえ。,20170219
48908,6239,非戦闘員：死んだクエーカー教徒。,20170830
55168,9122,そして先月分を前払いで。,20170719
55168,1673,少なくとも二つの人為的ミスを見つけるだろう、それを,20170405
55168,8869,ネーザーの法則：,20170202
20603,7107,私は7つのハックを持つQuuxに出会った。,20171009
16047,2227,弾丸に免疫がある」,20170919
16047,7420,ウェイター：「紅茶かコーヒー、どちらになさいますか？」,20180405
16047,5880,誰を信じる？,20170608
24030,2910,今日は空飛ぶ円盤に近づかないように。,20170128
24030,7994,私は酒はやらない。,20171124
24030,7946,男たちは黙ってお茶をすすっていた。しばらくして、不器用な男が,20170118
12179,2513,もし誰かが、私がいつか教皇になると言っていたら、私は,20170413
12179,2059,多数派の側にいることに気づいたときはいつでも、,20171220
12179,792,-- カール・ツヴァンツィヒ,20180305
60426,1542,貧しい人々をお互いから守るために。,20170305
89804,8004,ソフトウェアが他の何物とも似ておらず、それが,20170911
98812,1604,障害を克服するには良い日。障害物競走を試してみよう。,20171008
98812,4464,「成功できるのに、なぜ男でいる必要がある？」,20170717
98812,5270,"I must have slipped a disk -- my pack hurts
",20170605
48473,4044,"Familiarity breeds attempt
",20170730
78652,2049,酸はあなたを汚す。,20170318
78652,1093,Q: 電球を交換するのに、オレゴン州民は何人必要か？,20170606
78652,8790,1) 「心配するな、俺が何とかする」,20170501
77197,2230,警句があるなら、メタ警句もなければならない。,20171030
77197,5287,どんな組織にも、常に一人は知っている人がいる。,20180401
37007,8650,「可能性は三つある。パイオニアの太陽電池パネルが,20171205
37007,1468,共同制作：,20180210
38927,2834,「三重アイソ分岐クリプトンゲートMOSプロセス…」,20170120
43455,4520,クリスマスに子供にメンタルブロックを与えなさい。,20171110
40216,3869,私はあなたが思うほど酔っていない。（I'm not as think as you drunk I am. の言葉遊び）,20170709
40216,7929,朝に自己嫌悪するな――昼まで寝ろ。,20170523
40216,6142,チャイルドプルーフキャップに苦労するのは大人だけだ。,20170627
23960,8193,アメリカは、野蛮から飛躍した国としてユニークかもしれない。,20170526
23960,6105,は去ることだった。,20170919
23960,5648,簡単な問題はすべて解決済みだ。,20171231
64416,769,ニヒリズムは自己から始めるべきだ。,20180131
64416,9472,深まる憂鬱の中で、あなたの犬がようやく,20170121
64416,2059,こんにちは、ファルケン博士。,20171029
16130,9319,白いひげを生やし、赤いスーツを着たぽっちゃりした男が間もなくあなたに近づくだろう。,20180213
16130,9222,そして先月分を前払いで。,20170612
16130,6993,"
",20170823
13322,6789,趣味に余分な時間を費やせ。巻紙をたくさん手に入れろ。,20170719
98967,6767,犯罪の兆候：絶叫または助けを求める叫び声。,20180111
98967,5135,裸の腕を持つ権利を支持せよ！（武器を持つ権利(bear arms)との掛詞）,20171031
54624,7854,今日は驚きが待っている。家賃もだ。,20171113
54624,1998,それがいかに走るか見よ！それがいかに走るか見よ！,20171212
77358,8082,LISPプログラマーはすべての価値を知っているが、そのコストは,20170923
40419,1001,ローマ帝国はなぜ崩壊したのか？事務所のラテン語は何？,20170726
40419,3595,書かれたものと、そうでないもののために。,20170730
40419,1728,-- ジョン・バリモアの最期の言葉,20170624
38009,1393,チキン・リトルは正しかった。,20170501
38009,7242,川は湿っている。,20170802
38009,9590,コーナー、バーモント州」,20170831
48311,7181,多数派の側にいることに気づいたときはいつでも、,20170303
48311,5468,COBOLで書くかFORTRANで書くか。,20171006
60003,346,-- リリー・トムリン,20170804
60003,7272,今、自然に振る舞いなさい。煮えくり返り、怒り狂い、かんしゃくを起こしなさい。,20170917
45329,3652,もし誰かが、私がいつか教皇になると言っていたら、私は,20170929
78878,8071,（ウェイター退場、そして再登場）,20170208
78878,706,馬鹿：人間社会において影響力を持つ、大きくて強力な部族のメンバー。,20171010
78878,1921,狂気は遺伝する。子供から受け継ぐのだ。,20180219
79751,4681,-- ウィンストン・チャーチル,20171205
79751,2502,-- ソーパー上院議員,20180408
58912,7637,波の上に立つ者もまた、サーフィンをする。,20180325
92925,7043,文学的なドイツ人が文章に飛び込むときはいつでも、それが最後だ。,20171113
92925,9784,-- ホークウインド,20170815
42369,5927,今回のログインセッション：$13.99、しかしあなたには$11.88,20170621
42369,9615,エラーのないプログラムを書く方法は二つある。三番目の方法だけが,20180120
42369,2002,上司を驚かせろ。時間通りに出勤しろ。,20170414
97962,1143,SQL交響楽団コンサート,20180316
53081,1163,彼らがその代金を払い続ける。,20170512
53081,126,低空飛行する蝶に注意。,20170602
53081,7498,覚えておけ、UNIXを逆から綴るとXINUになる。,20170718
88029,8491,名誉ある：手の届く範囲に障害があること。立法府では,20170623
88029,126,今年は幸運な日を過ごす。,20170311
88029,9150,すべてが可能だが、,20180128
83363,3225,神は言われた。「ニュートンあれ」と。するとすべてが光であった。,20170428
83363,388,軍事諜報は矛盾した言葉である。,20180222
83363,5388,気分転換には良い日。寝室の壁紙を張り替えよう。,20180412
92559,6480,ヌーディストとは、一つボタンのスーツを着る人々のことである。,20170903
92559,1923,誰かが「私がただ,20170523
98749,1649,「ボンベイの気候は、その住民が生活しなければならないほどのものである」,20170704
98749,9974,偏執病の人も人間だ。彼らにも彼ら自身の問題がある。簡単に,20171107
10325,6999,法は、その荘厳な平等において、富める者にも,20170408
12488,1978,中傷された。,20171231
12488,8176,本物のプログラマーは9時から5時まで働かない。もし本物のプログラマーが午前9時頃にいるなら,20180301
12488,1794,あなたが偏執病だからといって、彼らがあなたを狙っていないとは限らない。,20171220
56407,2677,-- ジョー・ウォルシュ,20171022
56407,3984,猫に頑固さで勝とうとするな。,20170328
56407,8559,ノスタルジアは、もはや昔のものではない。,20171117
74795,1878,あなたは仕事のことで心配しすぎだ。やめなさい。あなたは十分に給料をもらっていない。,20180115
40546,8342,あなたのアナリストはあなたを別の患者と混同している。信じてはいけない。,20170716
40546,4195,"        A new hydrocarbon
",20170815
40546,8925,ゼロックスはそれを何度も何度も何度も…,20170824
11516,7227,愚かさ。,20180312
97233,3517,1) 「心配するな、俺が何とかする」,20180426
97233,9214,コンピュータプログラミングの法則：,20171229
97233,9192,驚くほど大きいかということだ。つまり、あなたは,20170620
40360,4143,ユーカリの木で眠らない方がよい、もう一晩。,20170222
40360,2559,もし良い写真が撮れたとしても、それらは台無しになるだろう,20171128
40360,1046,確率は50対50だ。,20171014
98740,4219,"A.A.A.A.A.: An organization for drunks who drive
",20171005
98740,916,覚えておけ、UNIXを逆から綴るとXINUになる。,20180310
98740,5867,ハンロンの剃刀：,20170820
67129,1750,"Fruit flies like a banana
",20180302
17062,1542,誰を信じる？,20170702
54769,3007,10年間の不採用通知は、自然があなたにやめるよう告げる方法である。,20180425
54769,8315,この国に必要なのは、良質な5セントの「何か」だ！,20180131
59741,9167,プロジェクトMACでの損失はどれくらいか？,20170504
59741,5030,汝のプログラムは走り、汝のシステムコールは成されたり。,20171119
59741,4804,現実は幻覚の障害である。,20170114
51814,9064,もし我々が進む方向を変えなければ、我々は,20170624
51814,1066,それはここにない。,20170529
79312,1143,SQL交響楽団コンサート,20180105
79312,1143,SQL交響楽団コンサート,20171203
79312,1143,SQL交響楽団コンサート,20170729
79312,1143,SQL交響楽団コンサート,20170825
14482,3517,メビウスの輪の上のネズミ,20180427
60551,5104,とは全く関係がない。,20170118
79152,2858,やる価値のあることは、誰かにやってもらう手間をかける価値がある。,20170807
45999,2558,"It's because I try to put every possible syllable into that last line
",20180313
45999,129,"Steinbach's Guideline for Systems Programming
",20170421
64749,2206,「どんなに親しい友人でも、互いの葬式には参列できない。」,20170523
64749,8612,COBOLで書くかFORTRANで書くか。,20171010
64749,1381,私は未来を見たが、それは現在と全く同じで、ただ長いだけだった。,20170114
72585,9190,自動車：丘を駆け上がり、人々を駆け下りる四輪車。,20170729
72585,6131,本ではなく、スープを濃縮せよ！,20171205
24249,284,"一目惚れは、""",20170326
24249,2875,再び同じ間違いを犯したときに。,20170218
24249,1520,「結婚（Matrimony）は言葉じゃない、宣告（sentence）だ。」,20170323
95577,7271,我々のビデオプロセッサに『スタートレック3.2』をロードした。」,20180304
95577,9669,「彼はとても心が狭く、鍵穴から両目で,20170621
95577,5061,未来はまだら模様。夕方遅くにスープをこぼすだろう。,20180306
69232,5714,ジョニーは祭りからなかなか帰らない。,20170621
75437,3915,それ。,20170416
75437,8759,さえ。,20171005
75437,2253,批判するが、もし皆に嫌われたら、あなたも偏執病になるだろう。,20170508
61054,1202,共同制作：,20170412
61054,1659,搾取の範囲から自分自身を。,20170213
61054,4837,改革するために。,20170312
87885,5536,"一目惚れは、""",20170306
87885,9520,障害を克服するには良い日。障害物競走を試してみよう。,20171114
87885,8898,-- 愚者の辞書,20180327
52335,1137,"Hail to the sun god
",20180119
52335,9669,"
",20171201
52335,8925,タバコ：一端に火、もう一端に愚か者、そして,20180124
94330,1753,-- フィンリー・ピーター・ダン（ミスター・ドゥーリー）,20180421
39626,8025,私はあらゆる緊急事態には備えているが、日常には全く備えていない。,20180315
39626,8798,コンピュータの集中力は、その,20180123
45620,7242,それはやる価値がなかった。,20170502
45620,3901,そしてこの言語が行くところどこでも,20170105
36182,3218,インテリよ、団結せよ！失うものは君たちの黄身（yolks=yokes=束縛）だけだ。,20170716
36624,8559,記者（マハトマ・ガンジーへ）：ガンジーさん、,20180405
36624,5091,青リンゴを食べて死んだ。,20170310
36624,9902,大西洋を、口に動詞をくわえて。,20170617
85748,8417,幸福：他人の不幸を熟考することから生じる心地よい感覚。,20170824
85748,6612,我々のビデオプロセッサに『スタートレック3.2』をロードした。」,20170722
85748,6878,しばらくハリケーンに近づかないように。,20170207
38315,6999,「最適化コンパイラにおけるレジスタ割り付け」,20180222
38315,2755,アコーディオン：プリーツ付きのバグパイプ。,20170402
63603,6142,平均的な男性は考えるよりも見ることの方が得意である。,20170329
31366,5269,彼らがその代金を払い続ける。,20180428
31366,8663,終わる。,20170422
31366,6148,中には何もない。,20170815
46624,5294,-- ルイス・キャロル,20170908
40395,488,レーガン大統領は、経済評論家が多すぎると指摘し,20170212
40395,7351,ワッフルにかけたことがある。,20170228
40395,4719,今年はハンニバル・デーを祝おう。象を昼食に連れて行け。,20171224
62595,6612,時空間スキップの中で。,20170327
62595,8569,そしてこれはとても奇妙だった、なぜならそれは,20180104
33423,1811,瓦礫を跳ねさせる,20170521
33423,9314,"We wish you a Hare Krishna
",20170701
33423,4387,ガスはひどい匂いがする。,20170606
67969,9974,「私の友人たちと私は皆、狂っている。それが我々を,20170708
67969,746,-- ヘンリー・キッシンジャー,20170416
59969,5396,メッセージが郵便で届く。FBIに見られる前に破壊せよ。,20170910
59969,43,本物のプログラマーはPASCAL、BLISS、ADA、その他赤みがかった,20170330
59969,5282,「一度でいいから、,20180322
14888,6236,-- マーク・トウェイン,20171123
39450,9110,勇気を奮い起こせ！他のものは全部台無しにしたんだから。,20170928
27727,341,めったにきれいではなく,20170105
27727,7275,歩行者。,20180123
80657,988,定言命法を打倒せよ！,20180323
71685,2350,"WHERE CAN THE MATTER BE
",20170928
71685,1852,大きな財産を持って。」,20171022
71685,4193,あなたが置いた場所から、見つけられない場所へ。,20180326
48047,7113,左にシフト！右にシフト！,20180314
48047,816,汝のプログラムは走り、汝のシステムコールは成されたり。,20180212
99875,7401,人を馬鹿と呼ぶな。彼から借りろ。,20171129
99875,9669,"Time flies like an arrow
",20171017
99875,6085,タイプライターは、感情を込めて演奏されると、,20170610
62937,6579,また轢かれないことを願う。,20170406
19138,1799,今夜はユーカリの木で眠るな。,20170106
42998,70,シャボン玉？,20170626
42998,1033,"
",20170105
42998,1574,もし誰かが、私がいつか教皇になると言っていたら、私は,20180316
36126,2210,自動車：丘を駆け上がり、人々を駆け下りる四輪車。,20170225
36126,363,誰かが「私がただ,20171110
36126,488,候補者とは、金持ちから金をもらい、,20171020
40594,6377,ディスク上の100ブロックのゴミ！,20171213
92178,5157,独身者とは、ある女性を,20170811
92178,3652,宇宙は大きい。あなたはそれがどれほど広大で、巨大で、心を,20170118
71111,9906,私は木を全く見ることがないだろう。,20180223
71111,3737,ミッキーマウスはスピロ・アグニューの腕時計をしている。,20180314
44223,9902,覚えておけ、UNIXを逆から綴るとXINUになる。,20171204
46057,5011,さえ。,20170507
85224,2049,-- アナトール・フランス,20170516
85224,6004,-- オスカー・ワイルド,20180406
19905,1295,割り、掛け、そして引くだろう。,20171105
19905,3490,民主主義とは、国が一流の経営の下で何ができるか疑問に思うことが許される統治形態である。,20180310
46942,6884,左にシフト！右にシフト！,20170102
46942,7035,再び同じ間違いを犯したときに。,20170902
46942,4723,"        Every instructor assumes that you have nothing else to do
",20180320
98100,4470,どんな組織にも、常に一人は知っている人がいる。,20170627
71075,5351,シャボン玉？,20170919
71075,777,-- 『銀河ヒッチハイク・ガイド』,20171217
71075,8569,私にできること。」,20170812
41677,8059,「そして、私と同じくらい大きくなったら何をするの？」,20170908
41677,7315,すべてのハックには7つのバグがあった。,20170529
41677,6515,クリーブランドはまだ生きている。神は死んだに違いない。,20171220
87629,5561,「この核軍拡競争を続けるなら、君たちがやることは,20170526
56087,7401,"
",20170224
56087,1851,「商品市場で小金を稼ぐ方法は、始めることだ」,20180402
33616,8548,息をしている方がリスナーと呼ばれる。,20180128
33616,8898,確固たる決断の日だ！！！！！それとも違うか？,20170330
33616,2633,"...And malt does more than Milton can
",20180226
55857,5003,そのモニターは完全に負ける！,20170513
56831,5155,"There's no future in time travel
",20170508
56831,8010,神を。,20180311
88828,5715,フィラデルフィアは退屈ではない――ただ、隣にあるからそう見えるだけだ。,20170328
88828,6658,少なくとも二つの人為的ミスを見つけるだろう、それを,20170211
82932,8633,そして薬はけいれんを引き起こす。,20171226
82932,4044,"
",20171222
29058,8029,重力は神話だ、地球は吸い込む。,20170210
29058,1468,男たちは黙ってお茶をすすっていた。しばらくして、不器用な男が,20170415
29058,8063,モグラの問題かい？,20171201
27464,3362,「ここ電話会社では、あらゆる種類の人々にサービスを提供しています。,20171014
27464,8753,バグを修正し、再びダンプする：,20171023
27464,5323,法は、その荘厳な平等において、富める者にも,20171008
94211,8029,ユーカリの木で眠らない方がよい、もう一晩。,20170318
94211,2834,トゥルナウカの法則：,20170314
94211,8622,どんな組織にも、常に一人は知っている人がいる。,20170902
97171,6239,している。,20170218
56041,8548,「なぜ私は不安なのか？」（ラテン語）,20170102
56041,6077,神は7日で世界を創造したのではない。6日間遊び呆けて,20180225
56041,9353,時間とは、すべてが同時に起こらないようにするための自然の方法である。,20171114
84412,5616,豚は、もし私が間違っていなければ,20180328
84412,61,彼らは私を偏執病に見せようとしているだけだ！,20170622
33577,2888,強い酒には気をつけろ。それは税務署員を撃ちたくさせ、そして,20170711
33577,6114,ゼロックスは決して独創的なものを生み出さない。,20170607
94671,1374,"
",20170420
94671,9673,瓦礫にすぎない,20170626
10816,8306,インテリよ、団結せよ！失うものは君たちの黄身（yolks=yokes=束縛）だけだ。,20171231
25826,446,助けを必要としている旧友をがっかりさせるには良い日だ。,20170827
77722,7386,今日は何か変わったことをしなさい。請求書を払いなさい。,20171121
77722,2668,-- グルーチョ・マルクス,20170519
77722,5593,-- ピーター・S・ビーグル,20170414
68063,7242,一度。,20170828
68063,1410,犯罪の兆候：絶叫または助けを求める叫び声。,20170627
35895,3225,-- バート・ウィットニー,20170616
35895,4193,LISPプログラマーはすべての価値を知っているが、そのコストは,20180314
45159,7262,別のものの。,20170906
70364,6142,捨てられる運命にある：重要なのは、常にそれを,20170119
26907,4193,「商品市場で小金を稼ぐ方法は、始めることだ」,20180313
26907,9053,コンピュータの集中力は、その,20170722
26907,7305,噂されていないことだ。,20170113
56218,5396,低空飛行する蝶に注意。,20171016
98448,8559,午後はロマンスに非常に好都合。一人の人を,20170614
98448,8773,そしてサン・ミョン・ムーン（文鮮明）！,20180215
78378,9775,それがエネルギーに変換されるとき？,20170529
58726,9222,している。,20170703
58726,1046,99ブロックのゴミ！,20170818
52159,6341,もし入力が正確でなかったら。,20171129
52159,3490,"Paul Revere was a tattle-tale
",20170909
52159,3595,バグを修正し、再びダンプする：,20180223
25285,8859,事柄は常に支配的で制御的であった。,20171101
25285,8233,全国半袖シャツ協会は言う：,20170905
42174,4993,あなたは尾行されている。数日間はいかがわしい行為をやめなさい。,20180311
42174,388,サンフランシスコ？,20180410
42174,674,ゼロックスはそれを何度も何度も何度も…,20170125
38847,6447,大統領や王から地の果てのクズまで…,20170107
38847,5753,LSDは、その重さの47倍の過剰な現実を消費する。,20170514
38847,8363,すべてはトップダウンで構築されるべきだ、最初の時を除いては。,20180418
25469,1087,"
",20171112
25469,1567,また轢かれないことを願う。,20171113
72586,797,"        when someone inadvertently opens the darkroom door and all of
",20170504
48027,4941,提案を拒否する。,20170820
48027,777,逆もまた然り。,20180130
48027,737,来週危機が起こるはずがない。私のスケジュールはすでにいっぱいだ。,20180424
27318,9630,ガンジー：それは良い考えだと思う。,20170401
27318,6004,来週から、パスワードはモールス信号で入力されることになります。,20180319
78422,8418,IBMにはPL/Iがあった,20171231
53563,4915,反意語：あなたが考えようとしている言葉の反対。,20170908
53563,4429,今日は驚きが待っている。家賃もだ。,20170408
53563,6505,-- マーク・トウェイン,20180209
18247,2502,薬局への道は遠いかもしれないが、宇宙に比べればピーナッツみたいなものだ。,20171101
18247,9612,全くプログラムを手に入れられず、手に入れたものを受け入れる。,20180114
18247,3623,噂されていないことだ。,20170509
90696,1973,「一度でいいから、,20180214
90696,7338,-- ブラウン・セキュリティ犯罪防止パンフレットより,20180202
84161,4137,批判するが、もし皆に嫌われたら、あなたも偏執病になるだろう。,20180323
84161,9353,馬の分別とは、馬が,20170417
84161,8559,木のように美しい広告看板。,20171213
11468,9780,大きな財産を持って。」,20170513
72869,7259,-- ドン・クイン,20170310
72869,7535,この国に必要なのは、良質な5セントの「何か」だ！,20170819
43405,2241,1分がどれだけ長いかは、トイレのドアのどちら側にいるかによる。,20171028
43405,2151,汝のプログラムは走り、汝のシステムコールは成されたり。,20170313
43405,9372,本物のプログラマーは文書化しない。ドキュメントは、,20170830
20141,5616,-- ケーログ・アルブラン,20170705
60114,8798,講師はプラナリアについて200ページを課すだろう。,20180304
42891,6505,他人があなたのことをどう思っているか心配するな。彼らは,20170218
42891,4581,ヴェリリンドの実験の法則：,20180209
42891,9673,爆弾。,20170223
83900,5590,医者があなたの症状に名前を付けたからといって、彼が,20170509
92540,4659,問題を十分注意深く見れば、,20180306
73998,842,「一度でいいから、,20170406
73998,9171,「ここ電話会社では、あらゆる種類の人々にサービスを提供しています。,20180216
73998,8172,偏執病の人も人間だ。彼らにも彼ら自身の問題がある。簡単に,20170509
47877,5201,Q: 電球を交換するのに、オレゴン州民は何人必要か？,20180414
47877,2679,シルバーマンの法則：,20170218
47877,7498,自動車：丘を駆け上がり、人々を駆け下りる四輪車。,20170916
24217,2886,アメリカは、野蛮から飛躍した国としてユニークかもしれない。,20171119
24217,3037,-- グルーチョ・マルクス,20170513
23242,8360,太陽から。大きな隕石が通信を妨げているか、あるいは誰かが,20170409
76339,2984,本物のプログラマーはPL/Iでは書かない。PL/Iは,20170402
76339,1659,第三法則：絶対零度でしか収支はとんとんにならない。,20171116
86699,4381,神は死んでいない、ただ駐車スペースを見つけられなかっただけだ。,20170225
86699,8131,質問：,20170912
40646,9064,本当に考えさせると、彼らはあなたを嫌うだろう。,20180122
40646,706,ディスク上の100ブロックのゴミ！,20180313
20578,2789,"We wish you a Hare Krishna
",20170903
20578,4982,全く価値がない。,20170807
20578,6964,タイプライターは、感情を込めて演奏されると、,20170423
12736,8600,-- ハーバート・プロクナウ,20170411
12736,5914,障害を克服するには良い日。障害物競走を試してみよう。,20171217
12736,6077,彼は、注文していない付け合わせでも見るかのように私を見た。,20170709
70911,4965,人々が私に同意するときはいつも、私は自分が間違っているに違いないと感じる。,20170805
38995,315,腐敗した：政治において、信任または利益のある職に就くこと。,20170105
38995,8997,"BLISS is ignorance
",20170818
38995,8949,人生。,20180404
91489,3635,しかし、私が命じたことだけだ。,20170815
91489,4287,何もない。,20180301
88794,2499,-- アーサー・ナイマン,20171201
69177,3900,"Murphy would be there to tell me
",20170225
51180,8548,咳き込んでいる。」,20180106
64391,488,覚えておけ、UNIXを逆から綴るとXINUになる。,20171218
64391,6077,それは、死んだ方がましだと思う人々のための時間つぶしの本だった。,20180305
99433,7937,団体では、すべてのメンバーを名誉あるものとして言及するのが通例である。例えば、「,20171029
99433,8620,今夜は料理するな――今日ネズミを餓死させろ！,20171207
54731,5412,それがいかに走るか見よ！それがいかに走るか見よ！,20171115
54731,8569,死ぬ：突然罪を犯すのをやめること。,20170529
57143,7937,-- オスカー・ワイルド,20170414
17369,3123,起こる。,20170214
46689,1782,"
",20171120
46689,5104,16歳以上で、美しく裕福で、,20170520
46689,2253,-- F・P・ジョーンズ,20170426
28439,129,"Ass（尻/ロバ）：""lass""（娘）の男性形。",20170916
14307,7460,豚の愚かさだと思う。,20170703
23098,4273,-- アドレー・スティーブンソン,20180118
23098,517,ダンという名の若い詩人がいた,20170416
23098,2716,何かが起こる確率が百万分の一なら、,20170419
47625,5628,分析され、新たな弱点に置き換えられる。,20171112
20593,1143,SQL交響楽団コンサート,20170722
20593,1143,SQL交響楽団コンサート,20170918
71522,7424,-- ジェローム・レトヴィン,20170618
71522,5195,最新の公式数値によると、全統計の43%は,20170318
85251,4938,バグを修正し、再びダンプする：,20170623
85251,1365,"He did his very best to make
",20180406
86450,3072,今年の最悪野菜：芽キャベツ。これはまた、,20180309
86450,5593,酸はあなたを汚す。,20170310
22406,515,パリティがわずかに失われている。,20180413
22406,9768,現実は幻覚の障害である。,20170110
66408,8869,赤ん坊とは、一端に大きな声、もう一端に,20170829
66408,4781,"Time flies like an arrow
",20170523
13721,61,"        Every instructor assumes that you have nothing else to do
",20171122
13721,4576,本当に考えさせると、彼らはあなたを嫌うだろう。,20170620
73187,6659,歴史の第一法則：,20170521
73187,2858,食べる。,20170706
62130,2350,"He did his very best to make
",20170121
62130,8666,私はあなたが思うほど酔っていない。（I'm not as think as you drunk I am. の言葉遊び）,20170520
62130,3878,警官を避けるには良い日。学校まで這って行こう。,20171203
45071,5628,-- グルーチョ・マルクス,20180117
45071,5972,"Paul Revere was a tattle-tale
",20170922
45071,8342,経験とは、あなたが認識することを可能にする素晴らしいものである。,20170712
68366,4867,今夜は料理するな――今日ネズミを餓死させろ！,20170128
68366,4818,それは彼らが徹夜していたからだ。,20171229
68366,1001,「何もしなくても誰が気にする？これは我々の新しい,20170606
95546,2152,噂されていないことだ。,20170605
95546,4591,-- ジェローム・レトヴィン,20170519
95546,610,貧しい人々をお互いから守るために。,20180314
44440,7705,朝。,20180124
44440,5772,タバコ：一端に火、もう一端に愚か者、そして,20180321
36545,7271,"
",20170405
36545,4675,"
",20170128
90906,3940,"It's not that I'm afraid to die.  I just don't want to be there when it
",20170718
84188,8566,"        Every instructor assumes that you have nothing else to do
",20170524
18812,1926,「なぜ足の甲に特別な名前がないんだろう？」,20170208
18812,11,重要な書類は、自発的に移動することでその重要性を示すだろう。,20170224
18812,5089,「ここ電話会社では、あらゆる種類の人々にサービスを提供しています。,20170115
37232,3900,明日！,20180106
21620,2230,身を粉にして働け！,20170921
21620,9906,あなたの同意なしに、誰もあなたを劣っていると感じさせることはできない。,20170214
91701,4381,プログラミング言語。,20171205
91701,4723,服を着替える。登山はOKで、本物のプログラマーは,20171203
54344,3885,-- W・サマセット・モーム,20170803
50347,5383,"Time flies like an arrow
",20180120
50347,8600,ユーザー空間と同じようにカーネル空間でも！,20180221
44690,1542,"It was the reader's CONS
",20170924
44690,6436,とんでもない馬鹿であることの。,20170312
67056,6753,"Vote anarchist
",20170720
67056,777,文学的なドイツ人が文章に飛び込むときはいつでも、それが最後だ。,20180104
67056,6625,すべてのプログラムをRPGで実行する！,20170108
52972,8559,-- ラザルス・ロング,20170909
52972,232,コンピュータプログラミングの法則：,20180408
52972,2433,なし。「ソフトウェアで修正する。」,20170801
23495,6701,キリスト：少なくとも5000年早く生まれすぎた男。,20171116
23495,6869,"算数とは、""",20180213
23495,70,コンピュータ科学の言語。強い型付けは記憶力の弱い人々のためのものだ。,20180130
68661,551,そして雨が降り出した途端にそれを返して欲しがる。,20170710
69894,5784,A: 3人。1人が電球をねじ込み、2人がそれを邪魔する者たちを追い払う。,20180119
27215,2311,その絵を説明する。1万語のセットで適切に,20170127
27215,7315,聞くことすべて、あるいは言うことすべてを信じるな。,20180410
86563,9273,「どんなに親しい友人でも、互いの葬式には参列できない。」,20170425
86563,4961,「サワークリームのボウルのように？」と他方が尋ねた。「なぜ？」,20171106
90413,2809,全面核戦争ゲームをプレイしますか？,20170209
90413,7758,馬の分別とは、馬が,20171026
90413,7390,価格が大幅に上がったことを意味する。,20171103
13873,7454,-- カール・ツヴァンツィヒ,20170923
13873,1229,助けを必要としている旧友をがっかりさせるには良い日だ。,20170331
13873,8631,脳は素晴らしい器官だ。あなたが起きた瞬間に働き始め,20171005
90022,6845,-- ジョン・チアルディ,20180225
90022,1266,今日は驚きが待っている。家賃もだ。,20170202
68711,8403,"
",20170714
48216,3581,エネルギーを節約せよ：無関心であれ。,20171123
37220,9245,後からよりも。,20171203
27402,8342,平均的な男性は考えるよりも見ることの方が得意である。,20180411
27402,1360,すべてのバグには7つの兆候があった。,20170928
27402,793,さて、GCよ、当面は,20180218
60388,1728,"        Every instructor assumes that you have nothing else to do
",20170526
79584,1200,ユーカリの木で眠らない方がよい、もう一晩。,20180226
79584,8504,リストまたはオブジェクトデッキ。,20170822
14120,4291,「何もしなくても誰が気にする？これは我々の新しい,20170901
14120,6653,「どうして知るものか？私は何だ、哲学者か？」,20170522
14120,1625,チケット。,20180116
89524,845,-- ケーログ・アルブラン,20180412
89524,8491,靴。,20180429
43570,9335,探すのをやめなさい。幸福はあなたのすぐ隣にある。さて、もし彼らがただ,20180414
42136,1994,"
",20170721
42136,7459,平均的な女性は、頭脳よりも美貌を望む。なぜなら、,20170113
62645,7315,私は未来を見たが、それは現在と全く同じで、ただ長いだけだった。,20170609
62645,8622,神は言われた。「ニュートンあれ」と。するとすべてが光であった。,20180224
62645,769,エラーのない重要な手紙は、,20171024
99366,126,IBMにはPL/Iがあった,20180412
99366,7275,CPUにいます我らのOSよ、御名をUNIXと称えさせたまえ。,20170625
50202,7466,何が起こっているか。,20171112
50202,7773,重力は神話だ、地球は吸い込む。,20170405
39375,6379,コンピューティングの第43法則：,20170228
39375,1054,このゴミは、非常に高価な機械を通過した後,20170623
39375,3251,"        Anything that can go wr
",20171125
47642,5201,タイプライターは、感情を込めて演奏されると、,20170528
13928,4029,本物のプログラマーは文書化しない。ドキュメントは、,20171101
13928,3345,UFOは実在する。空軍は存在しない。,20180213
13928,1574,もし神が我々に裸でいてほしかったなら、我々はそのように生まれていただろう。,20180427
43139,3823,-- マーク・トウェイン,20170114
43139,9621,ユーカリの木で眠らない方がよい、もう一晩。,20170820
43139,9046,「アインシュタインをそっとしておけ！」は現状を回復した。,20170609
45366,9472,は一時的に中止されます。,20170824
45366,5590,コンピュータを家庭に持ち込んでも、どちらも変わらないだろうが、,20170203
70591,4804,「それは素晴らしいに違いない！私には全く理解できない。」,20171203
70591,3151,-- クラレンス・ダロウ,20180204
70591,7107,生きる。,20170408
41320,8631,-- ケーログ・アルブラン,20170218
41320,8790,ソフトウェアが他の何物とも似ておらず、それが,20170312
41320,3581,価格が大幅に上がったことを意味する。,20170529
17740,737,力の限り輝いて：,20170709
17740,7245,我が国には良い5セント葉巻がたくさんあるが、問題は,20180328
46136,5970,午後：我々がどうやって,20170517
64489,7474,神のみが無作為な選択をすることができる。,20170210
64489,9190,「カルビン・クーリッジはプリマスから出た最も偉大な人物だった,20170602
43413,9016,-- オスカー・ワイルド,20171127
43413,4987,-- ドロシー・パーカー,20170311
43413,3037,は中止された。,20180414
86879,295,もし神が完全なら、なぜ不連続関数を創造されたのか？,20180308
86879,8279,もし10個のパラメータを持つプロシージャがあるなら、おそらくいくつか見逃している。,20170423
86879,1193,大酒を飲むには最高の日。オフィスのウォータークーラーに酒を入れろ。,20170731
30480,4520,今夜はユーカリの木で眠るな。,20180317
30480,8132,良い忠告とは、悪い手本を示すには年を取りすぎた男が与えるものである。,20170603
30480,1106,多数派の側にいることに気づいたときはいつでも、,20170717
27469,9673,私は酒はやらない。,20180121
27469,6845,彼を避けろ。彼は共産主義者だ。,20171202
12495,3999,平均的な女性は、頭脳よりも美貌を望む。なぜなら、,20170213
21375,6254,新しい議員たちは政府を立て直すと言っている。私は,20170217
32686,2513,"
",20170922
32686,1830,「今こそすべての善良な人々が立ち上がる時だ。」,20170124
11177,9016,脳は素晴らしい器官だ。あなたが起きた瞬間に働き始め,20180401
11177,1973,旗。,20180102
11177,1344,A: 33人。1人がビットを持ち、32人がレジスタを押す。,20170916
32520,4273,死ぬ：突然罪を犯すのをやめること。,20170720
69974,3570,ノスタルジアは、もはや昔のものではない。,20170419
39776,2420,今夜は半月。（少なくとも、月がないよりはましだ。）,20170121
39776,1393,来週の金曜日はあなたの幸運な日ではない。実を言うと、あなたは,20171223
39776,4930,明日！,20171116
85125,6136,三人の友人。もし彼らが大丈夫なら、あなたがそうだ。,20170203
85125,7888,-- クラレンス・ダロウ,20171215
95064,8633,神は7日で世界を創造したのではない。6日間遊び呆けて,20170204
37802,1087,"We wish you a Hare Krishna
",20170330
37802,4818,-- エルバート・ハバード,20180329
18806,3587,確率は50対50だ。,20180112
18806,2789,"Time flies like an arrow
",20170730
21510,6292,UFOは実在する。空軍は存在しない。,20170627
21510,8753,パン。,20170712
35809,43,コンピュータプログラミングの法則：,20171005
35809,4993,趣味に余分な時間を費やせ。巻紙をたくさん手に入れろ。,20170213
38212,3016,人生はヨーヨーで、人類はその糸に結び目を作る。,20180204
38212,7946,波は滑らかで輝いている――,20180421
89231,6702,自己中心主義とは、親切な自然が痛みを和らげるために与える麻酔である。,20170516
73130,3823,釘。,20170112
53254,9016,"        Every instructor assumes that you have nothing else to do
",20170731
53254,9177,サラダにとってのニンニクが、芸術にとっての狂気である。,20180427
50802,5011,-- 『銀河ヒッチハイク・ガイド』,20170601
50802,7698,-- ジュール・ド・ゴルティエ,20171203
23026,6884,しかし、私が命じたことだけだ。,20171121
23026,1344,もし神が完全なら、なぜ不連続関数を創造されたのか？,20171225
83615,1654,そして他のエロティックな効果。,20170212
57237,8650,使いやすく、動作し、もし壊れたら、彼らはすぐに,20180115
89092,9362,短い針が…にある。,20180426
89092,9171,我々にハムと豚肉とベーコンを与えてくれる。,20171113
89092,4239,「成功できるのに、なぜ男でいる必要がある？」,20180208
25752,9325,エネルギーを節約せよ：無関心であれ。,20170526
50882,718,「カルビン・クーリッジはプリマスから出た最も偉大な人物だった,20180428
50882,3201,-- バート・ウィットニー,20170102
50882,8859,「今こそすべての善良な人々が立ち上がる時だ。」,20170709
97335,924,-- ギゴ,20170623
97335,7862,そして薬はけいれんを引き起こす。,20180315
30829,7259,それは薬の効果を鈍らせる。,20171202
30829,9775,-- マーク・トウェイン,20180108
30829,9222,男たちは黙ってお茶をすすっていた。しばらくして、不器用な男が,20170826
64553,9105,"
",20170723
64553,718,-- オスカー・ワイルド,20180214
10145,8777,絵で説明される。,20180120
10145,18,後知恵は精密科学である。,20170511
10145,9771,-- ウディ・アレン,20171111
72861,3362,-- ジョン・チアルディ,20170714
72861,6275,力の限り輝いて：,20170525
73705,2953,それは、死んだ方がましだと思う人々のための時間つぶしの本だった。,20170712
73705,8063,脳は素晴らしい器官だ。あなたが起きた瞬間に働き始め,20170124
29873,1673,考えてみろ！VLSIがあれば、1平方センチメートルに100台のENIACを詰め込める！,20170222
29873,7990,もし神があなたに裸で歩き回ってほしかったなら、もっと大きな,20170926
93634,3999,主は、もしそうでなければ、なぜ我々にこれほどの素早い動きを与えられたのか。,20171209
93634,4381,嘘：真実の非常に粗末な代用品だが、発見された唯一のもの。,20180422
93634,2668,そしてこの言語が行くところどこでも,20170107
90608,3157,今夜は家族のことを考えなさい。,20170221
90608,2513,フィラデルフィアは退屈ではない――ただ、隣にあるからそう見えるだけだ。,20171117
90608,4246,-- 『ドクター・フー』より、准将,20171004
68132,3896,老いたプログラマーは死なず。ただ新しいアドレスに分岐するのみ。,20170128
68132,2595,野心とは、怠けるほどの分別がないことの粗末な言い訳である。,20180323
68132,364,プロジェクトMACを通り過ぎたとき,20180302
61081,3007,非常に経済的な宇宙へ。,20170219
22161,3190,-- マーク・トウェイン,20170226
22161,1290,もし10個のパラメータを持つプロシージャがあるなら、おそらくいくつか見逃している。,20170128
40128,4448,それはやる価値がなかった。,20170705
40128,8727,ラー！ラー！ラー！,20170622
40128,9372,誘惑を取り除く唯一の方法は、それに屈することだ。,20171018
48162,8932,時間だ！」,20180103
48162,8442,自然な傾向に屈せよ。憎らしく、退屈であれ。,20171227
50775,6142,第一法則：働かずに何も得ることはできない。,20170320
50775,2573,馬鹿：人間社会において影響力を持つ、大きくて強力な部族のメンバー。,20171226
54459,8491,文句は言えない、でも時々言ってしまう。,20171110
54459,9923,点。,20170708
54459,7841,狂気は遺伝する。子供から受け継ぐのだ。,20170119
40890,5659,姉妹や近親者が弾くピアノよりも迷惑だ。,20170306
40890,6595,それ。,20170206
40890,9880,警句があるなら、メタ警句もなければならない。,20170723
22239,2183,そして徹夜した。,20170823
22239,777,大学：ソフトウェアハウスのようなもの。ただし、ソフトウェアは無料で、,20180415
68927,2207,軍法は正義にとって、軍楽が音楽にとってそうであるようなものだ。,20170801
44874,9335,第三法則：絶対零度でしか収支はとんとんにならない。,20170130
44874,7854,すべてのハックには7つのバグがあった。,20170826
90029,1728,人々。,20170501
90029,5843,咳き込んでいる。」,20170810
63676,5517,あなたが偏執病だからといって、彼らがあなたを狙っていないとは限らない。,20170825
24750,5135,起こる。,20170307
53442,4674,ストリップは回転した。,20170730
94912,2147,よそで。」,20170418
94912,388,彼らがその代金を払い続ける。,20180426
23413,1087,現実は幻覚の障害である。,20171005
23413,66,改革するために。,20171016
23413,2924,壊れないおもちゃは、他のおもちゃを壊すのに役立つ。,20170301
83737,374,「アインシュタインをそっとしておけ！」は現状を回復した。,20170925
83737,9612,裸の腕を持つ権利を支持せよ！（武器を持つ権利(bear arms)との掛詞）,20170923
83737,5201,共同制作：,20170311
21509,7466,機械上で、彼らは「ほんの数回」の30時間で動作するようにパッチを当てることができる。,20180131
97749,746,サンフランシスコ？,20170401
97749,1675,汝、それを再生するなかれ。,20170420
60968,9738,持ち帰り試験を与えられると、どこに,20170302
60968,8468,"Fruit flies like a banana
",20170212
63113,718,平均的な女性は、頭脳よりも美貌を望む。なぜなら、,20180311
66936,1878,「この核軍拡競争を続けるなら、君たちがやることは,20170816
15678,7888,太陽は海の上で輝いていた。,20171230
15678,6148,ポップアップ、プッシュダウン、バイト、バイト、バイト！,20170724
11813,9373,「それは素晴らしいに違いない！私には全く理解できない。」,20180414
33360,2147,正しいプログラムを理解するより、間違ったプログラムを書く方が簡単だ。,20170330
99174,5536,-- アーサー・ナイマン,20170221
99174,5162,その講師のコースのために勉強することを除いて。,20170830
69567,6505,-- ジョージ・サンダースの最期の言葉,20170426
69567,690,-- エルバート・ハバード,20170221
13541,1171,それは、死んだ方がましだと思う人々のための時間つぶしの本だった。,20171128
13541,5385,-- サルヴァー・ハーディン,20170330
13541,1675,それはかつて私を指していた。,20180423
45565,2917,-- マクスウェル・スマート,20170120
45565,1104,-- クリント・イーストウッド,20170723
45565,1600,私は7つのハックを持つQuuxに出会った。,20171105
43936,1104,LISPプログラマーはすべての価値を知っているが、そのコストは,20170417
43936,9880,Q: 電球を交換するのに、異性愛者の男性は何人必要か？,20171027
79256,1143,SQL交響楽団コンサート,20170325
79256,1143,SQL交響楽団コンサート,20170224
46133,3647,"Accuracy: The vice of being right
",20170301
46133,6178,"
",20170502
95771,5925,99ブロックのゴミ！,20180131
95771,1193,そうだと告げられたとき,20170326
95771,1137,もし神があなたに裸で歩き回ってほしかったなら、もっと大きな,20180224
52427,4291,"Who lived on distilled kerosene
",20171121
57886,4687,それは続かなかった。悪魔が「ホー！」と叫び,20170103
14644,7990,歌手がいなければ、オペラはどれほど素晴らしいだろう。,20180308
14644,6101,-- ハーバート・フーバー,20170905
14644,4381,ゴイムを創造したのか？」一般的に受け入れられている答えは、「誰かが,20170204
90362,7927,ハチドリは歌の歌詞を決して覚えない。,20171203
90362,3952,脳（動詞）：[「脳する」のように]  bluntly に、しかし pointedly ではなく叱責すること。,20180421
90362,4682,システム/3！システム/3！,20170927
71126,4149,私は聴衆に、彼らがなしうる最善のことは,20170101
71126,5539,電気技術者はより少ない抵抗でやる。,20180422
71126,4930,グラフィックスについて：一枚の絵は1万語の価値がある――しかし、,20180201
63250,968,今夜はコウモリに餌をやらないで。,20170910
63250,9310,-- トーマス・ジェファーソン,20170313
63250,9660,幸運の女神が意図したように,20170519
76983,158,-- ハーバート・フーバー,20170111
37943,9427,その講師のコースのために勉強することを除いて。,20180331
37943,515,本物のプログラマーは仕様書を書かない――ユーザーは,20180119
98563,2831,分析され、新たな弱点に置き換えられる。,20170702
98563,55,貧しい人々をお互いから守るために。,20180220
98563,2731,-- ウディ・アレン,20170121
86804,3570,言った、「人生はサワークリームのボウルのようなものだ。」,20170627
33665,1077,-- ラ・ロシュフコー,20170622
33665,4300,ニヒリズムは自己から始めるべきだ。,20170810
33665,1104,深まる憂鬱の中で、あなたの犬がようやく,20170326
98952,8995,「率直に申し上げましょう、ムッシュ。あなたを,20170328
98952,1581,しばらくハリケーンに近づかないように。,20170415
39751,1600,独身者とは、ある女性を,20170325
44936,5858,"Death is nature's way of telling you to slow down
",20180417
44936,649,今年の最悪野菜：芽キャベツ。これはまた、,20170316
44936,5659,時々、無実の人が議会に送られる。,20170601
98046,6178,-- アラン・パーリス,20170505
98046,1097,死：突然罪を犯すのをやめること。,20180204
72961,1623,歩行者。,20170501
72961,2918,アメリカを美しく保とう。ビール缶を飲み込め。,20180115
72961,7822,それ。,20180115
45811,5415,答えは42だ。,20170225
35745,6480,-- ドン・クイン,20180221
35745,4137,今、自然に振る舞いなさい。煮えくり返り、怒り狂い、かんしゃくを起こしなさい。,20170217
35745,3521,平均的な男性は考えるよりも見ることの方が得意である。,20180203
60220,5727,"        The mouse dissolved
",20180206
60220,6669,対処法を知らないエラー条件をテストするな。,20170306
60220,6702,-- ジョー・ウォルシュ,20170223
29328,4859,今日は象の唇にキスをするな。,20170927
51011,5867,大統領や王から地の果てのクズまで…,20170228
51011,2671,行方不明者になる絶好の機会。,20170527
33870,1909,午後はロマンスに非常に好都合。一人の人を,20170604
33870,3190,問題を十分注意深く見れば、,20170411
67673,5151,"You have the capacity to learn from mistakes.  You'll learn a lot
",20170304
67673,4387,問題を十分注意深く見れば、,20170922
88505,8010,"Ass（尻/ロバ）：""lass""（娘）の男性形。",20170911
88505,764,「家具との議論は、めったに生産的ではない。」,20180321
88505,3776,私は酒はやらない。,20170427
20094,9570,-- オスカー・ワイルド,20170330
20094,1866,低空飛行する蝶に注意。,20170308
20094,2151,マーフィーの法則が間違っている可能性があるなら、それは間違っているだろう。,20180108
90177,9053,チャイルドプルーフキャップに苦労するのは大人だけだ。,20171123
90177,4240,永遠を傷つけずに時間を潰すことはできない。,20170816
94613,7711,政府機関の解決策があなたの問題に合わないとき、あなたは,20171229
94613,5493,おばあちゃんを路上から遠ざけろ――ビンゴを合法化せよ。,20180204
44014,8859,「最適化コンパイラにおけるレジスタ割り付け」,20170321
12136,3581,団体では、すべてのメンバーを名誉あるものとして言及するのが通例である。例えば、「,20170814
12136,85,「素晴らしい！この半,20180425
35379,3046,行方不明者になる絶好の機会。,20170817
35379,2910,彼があなたに言うこと。,20180105
88955,3896,腐敗した：政治において、信任または利益のある職に就くこと。,20180108
25228,5593,幸せな結婚をする方法は一つしかない。そして私が,20170922
25228,5851,イギリス史の中間試験の前夜、あなたの生物学の,20171001
81463,7390,-- アナトール・フランス,20170920
81463,9288,自動車：丘を駆け上がり、人々を駆け下りる四輪車。,20170816
81463,5536,そして雨が降り出した途端にそれを返して欲しがる。,20170226
44655,3322,-- チャーリー・マッカーシー,20180407
44655,1404,皮肉屋：色眼鏡を通して物事を偏見の目で見る者。,20170418
44655,4044,ツバメがカピストラーノに着陸するのを手伝おう。,20171004
95101,276,本物のプログラマーはPASCAL、BLISS、ADA、その他赤みがかった,20170901
95101,7637,-- 合併形成外科医・工具製造社,20171106
30044,2559,誘惑を取り除く唯一の方法は、それに屈することだ。,20170531
30044,8522,システム、その主要な弱点がすべて露呈した,20170820
30044,3484,メッセージが郵便で届く。FBIに見られる前に破壊せよ。,20170304
35897,8418,偏執病の人も人間だ。彼らにも彼ら自身の問題がある。簡単に,20170106
35897,1763,Q: 電球を交換するのに、オレゴン州民は何人必要か？,20180212
21727,7364,チキン・リトルは正しかった。,20170514
21727,1389,-- ベラミー・ブルックス,20170817
21727,1667,-- オスカー・ワイルド,20180126
69325,1143,SQL交響楽団コンサート,20171206
40667,9110,重力は神話だ、地球は吸い込む。,20170321
40667,3284,"If I traveled to the end of the rainbow
",20171221
40667,9669,"Today is the tomorrow you worried about yesterday
",20170726
69444,6801,主は、もしそうでなければ、なぜ我々にこれほどの素早い動きを与えられたのか。,20170715
69444,4581,民主主義とは、国が一流の経営の下で何ができるか疑問に思うことが許される統治形態である。,20180111
69444,4352,「もし知っていたら、私は錠前屋になっていただろう。」,20171225
50650,4754,興味深いものは何も簡単ではない。,20170618
50650,1667,そして雨が降り出した途端にそれを返して欲しがる。,20171208
50650,1988,"It's not that I'm afraid to die.  I just don't want to be there when it
",20170305
70438,3483,-- ヒレア・ベロック,20170712
70438,3384,今日。,20170430
69719,1171,「アインシュタインをそっとしておけ！」は現状を回復した。,20171101
92500,1728,搾取の範囲から自分自身を。,20170724
92500,1960,来週から、パスワードはモールス信号で入力されることになります。,20180302
41643,5753,本物のプログラマーはPASCAL、BLISS、ADA、その他赤みがかった,20170623
41643,2917,-- ジョン・チアルディ,20170202
41643,2183,そしてこの言語が行くところどこでも,20170505
25145,345,姉妹や近親者が弾くピアノよりも迷惑だ。,20171128
25145,3384,自分自身を問題の一部として。,20170410
80068,1743,再生業者よ、その木を助けてやれ！,20171124
33686,737,ヌーディストとは、一つボタンのスーツを着る人々のことである。,20170625
33686,6063,私は7つのハックを持つQuuxに出会った。,20170920
97888,5561,「アインシュタインをそっとしておけ！」は現状を回復した。,20180123
97888,7990,そして他のエロティックな効果。,20170311
82989,6517,柔和な者は地を受け継ぐだろう――彼らは弱すぎて断れないのだ。,20180305
82989,7466,教授とは、誰かの睡眠中に話す人のことである。,20171028
82989,3471,予算とは、金を使う前に心配するための方法に過ぎない。,20170228
42062,6801,人を馬鹿と呼ぶな。彼から借りろ。,20170105
42062,8631,独身者とは、ある女性を,20180224
42062,5282,ダイヤルトーンを求めて。,20180207
44061,4290,全くプログラムを手に入れられず、手に入れたものを受け入れる。,20180223
46693,3484,「率直に申し上げましょう、ムッシュ。あなたを,20171012
46693,5702,それがエネルギーに変換されるとき？,20180316
46693,4884,ワッフルにかけたことがある。,20180328
78357,8504,「すべての肉は草である」,20180411
35674,4915,-- グルーチョ・マルクス,20170109
39778,9626,姉妹や近親者が弾くピアノよりも迷惑だ。,20180302
39778,8979,"You have the capacity to learn from mistakes.  You'll learn a lot
",20180123
30744,2888,-- ジョン・マクナルティ,20170823
26828,1143,SQL交響楽団コンサート,20171010
26828,1143,SQL交響楽団コンサート,20180428
25730,769,それが何か知っている。,20170914
16030,5282,-- D・J・ヒックス,20171017
16030,8778,非戦闘員：死んだクエーカー教徒。,20170325
84622,2021,さて、GCよ、当面は,20170315
84622,5702,-- ミッキーマウス,20171118
84622,9559,それは薬の効果を鈍らせる。,20170805
57658,2933,それがエネルギーに変換されるとき？,20170701
57658,6236,ディスク上に101ブロックのゴミ！…,20180208
57658,3755,彼らにそれを返す。,20180207
55414,777,-- A・E・ハウスマン,20170208
81325,315,責任は常に権限を上回る。,20180309
81325,9122,ニヒリズムは自己から始めるべきだ。,20170228
43313,149,「家具との議論は、めったに生産的ではない。」,20171124
43313,8666,「結婚（Matrimony）は言葉じゃない、宣告（sentence）だ。」,20171205
43313,5922,パリティがわずかに失われている。,20180417
29297,8515,人を馬鹿と呼ぶな。彼から借りろ。,20171116
79957,5313,今月は忘れられない月になるだろう――どんなに忘れようとしても。,20171205
79957,6656,"God is not dead!  He's alive and autographing bibles at Cody's
",20170602
69987,6393,それ。,20180306
91259,3952,午後は明るくなるだろう。警官があなたの顔にライトを当てるから。,20180312
91259,8777,ハンディキャップのある。,20170827
62080,6015,ミニーマウスは迷路を覚えるのが遅い。,20171110
62080,5867,腐敗した少数による、無能な多数の任命。,20171122
23208,6958,軍法は正義にとって、軍楽が音楽にとってそうであるようなものだ。,20170620
23208,3629,それはここにない。,20170527
23208,6393,我々のビデオプロセッサに『スタートレック3.2』をロードした。」,20180324
91476,9673,人生を深刻に受け止めすぎるな。生きては出られないのだから。,20171209
45572,18,彼らは通常、処女を,20170707
45572,8456,間違いはしばしば、完全な失敗への踏み石となる。,20170528
45572,6914,ゴイムを創造したのか？」一般的に受け入れられている答えは、「誰かが,20170529
21253,6869,重力は神話だ、地球は吸い込む。,20171018
21253,2967,人々に考えさせていると思わせれば、彼らはあなたを愛するだろう。しかし、もしあなたが,20170726
81461,2886,電球を交換するのに、ハードウェアエンジニアは何人必要か？,20170226
81461,1056,第二法則：働くことで達成できる最大のことは、,20170410
70896,9902,コンサルタントとは、会社に数字を尋ね、そして,20180316
26473,9162,なし。「ユーザーが解決できるだろう。」,20170719
26473,3885,6ヶ月ごとに。,20180114
26473,1306,私は木を全く見ることがないだろう。,20170803
71515,7130,-- エルバート・ハバード,20171226
76288,6142,午後はロマンスに非常に好都合。一人の人を,20170331
76288,797,気分転換には良い日。寝室の壁紙を張り替えよう。,20170311
76288,7219,波は滑らかで輝いている――,20171001
60966,706,犯罪の兆候：絶叫または助けを求める叫び声。,20180313
60966,4072,時々、無実の人が議会に送られる。,20171218
22227,2831,"一目惚れは、""",20170629
22227,4951,ミニーマウスは迷路を覚えるのが遅い。,20180319
82953,6962,ハンロンの剃刀：,20170423
82953,3670,今日は空飛ぶ円盤に近づかないように。,20171227
82953,8068,人生。,20180223
12261,8949,"...And malt does more than Milton can
",20170923
12261,8657,-- ハーバート・プロクナウ,20180318
12261,6571,丸一日得られない。可能な限り2月は避けよう。,20170116
26763,3,私にできること。」,20170404
26763,9246,人を馬鹿と呼ぶな。彼から借りろ。,20171203
65256,5269,オーレオマイシン、コカイン、インターフェロン、そしてTLC。チキン,20170801
49373,9776,「それどころか」とトゥイードルディーは続けた。「もしそうだったら、そうだったかもしれないし、,20170310
49373,315,素人のためのプログラミングに関する最高の本は『不思議の国のアリス』だ。,20171231
49373,2110,1. 再現性が問題になる可能性がある場合、テストは,20170712
99613,4951,この国に必要なのは、良質な5セントの「何か」だ！,20171017
99613,8724,系論：,20180121
99613,7773,ディスク上の100ブロックのゴミ！,20170909
85755,871,それ。,20180212
85755,4867,死ぬ？とんでもない、友よ。バリモア家はそんな,20170827
85755,8559,深まる憂鬱の中で、あなたの犬がようやく,20180318
33792,1921,ウェイター：「紅茶かコーヒー、どちらになさいますか？」,20170316
33792,988,最初で成功しないなら、諦めろ。とんでもない馬鹿になる必要はない。,20171014
33792,7257,すべての兆候には7つの症状があった。,20171212
75497,9520,コーナー、バーモント州」,20170705
75497,1563,今年の最悪野菜：芽キャベツ。これはまた、,20180114
50392,8361,-- オスカー・ワイルド,20170812
50392,3072,-- ケーログ・アルブラン,20171117
50392,7245,"Murphy would be there to tell me
",20180320
48342,9306,-- アルベルト・アインシュタイン,20180120
21150,1728,"        If an idea can survive a bureaucratic review and be implemented
",20170108
21150,7028,教授とは、誰かの睡眠中に話す人のことである。,20171020
21150,2594,それらに15セントを請求する。,20170413
62994,1852,応用テロの第四法則：,20170508
62994,345,"
",20170602
43718,5753,LISPプログラマーはすべての価値を知っているが、そのコストは,20180121
43718,517,-- マーク・トウェイン,20170103
43718,341,酵素とは、生物学者が発明したものであり、,20170413
77492,149,とんでもない馬鹿であることの。,20170822
77492,8650,「成功できるのに、なぜ男でいる必要がある？」,20171201
99245,624,消化不良。,20180210
99245,9784,点。,20171103
99245,9626,平均的な女性は、頭脳よりも美貌を望む。なぜなら、,20180413
38370,2559,しばらくサウスダコタでサーフィンをするな。,20170209
38370,5963,来週危機が起こるはずがない。私のスケジュールはすでにいっぱいだ。,20180126
38370,7792,彼らがそうあるべきであると。ゆえに、スキタイ人の間では、,20170326
28781,9260,アコーディオン：プリーツ付きのバグパイプ。,20180214
28781,5628,-- グルーチョ・マルクス,20171226
78020,5468,警官を避けるには良い日。学校まで這って行こう。,20170816
78020,2888,バグを修正し、再びダンプする：,20170321
78020,9776,「お前は母親のような男には決してなれない！」,20180105
79266,6127,すべてはトップダウンで構築されるべきだ、最初の時を除いては。,20170607
77624,129,は中止された。,20171021
77624,6127,ネーザーの法則：,20180501
25996,7820,ユーザー（名詞）：あなたが言ったことを何でも信じるプログラマー。,20170127
25996,8542,文学的なドイツ人が文章に飛び込むときはいつでも、それが最後だ。,20170127
25996,1701,種が動くかどうかを見ずに。,20170206
21432,9615,「ダイエット」,20170807
21432,8513,改善する。,20170123
21432,2311,「私の友人たちと私は皆、狂っている。それが我々を,20170802
53451,7386,あなたは犬のような生活を送ってきた。家具から離れていなさい。,20170828
53451,4674,自己中心主義とは、親切な自然が痛みを和らげるために与える麻酔である。,20171022
53451,3841,大西洋を、口に動詞をくわえて。,20171214
89794,816,6ヶ月ごとに。,20171103
89794,1811,銀行家とは、太陽が輝いているときに傘を貸してくれ,20170925
89794,4461,"Whether you can hear it or not
",20171225
77090,3037,「もっと必要になるまで、乗り切るのに十分なだけ必要だ。」,20170810
77090,1393,それはかつて私を指していた。,20170913
77090,2075,彼らがそれを売ってくれればいいのに。,20170330
10615,2933,メッセージが郵便で届く。FBIに見られる前に破壊せよ。,20170212
10615,1670,今年は幸運な日を過ごす。,20170113
10615,1763,この国に必要なのは、良質な5セントの「何か」だ！,20171028
99280,2089,しばらくサウスダコタでサーフィンをするな。,20180401
46939,1751,"
",20171025
46939,7509,名誉ある：手の届く範囲に障害があること。立法府では,20180220
46939,3362,-- グルーチョ・マルクス,20171220
35120,1866,グラフィックスについて：一枚の絵は1万語の価値がある――しかし、,20170419
49155,8932,持ち帰り試験を与えられると、どこに,20170217
60768,9630,時間だ！」,20170313
60768,5517,チキンスープ：,20170905
60768,1978,人々に考えさせていると思わせれば、彼らはあなたを愛するだろう。しかし、もしあなたが,20170121
13403,4476,太陽は海の上で輝いていた。,20170502
13403,7587,私はあなたが思うほど酔っていない。（I'm not as think as you drunk I am. の言葉遊び）,20180214
92383,7351,-- ラザルス・ロング,20170112
55552,2937,愚かさ。,20171023
55552,9427,-- トーマス・ジェファーソン,20180105
55552,5388,歩行者。,20170630
31195,6084,予算とは、金を使う前に心配するための方法に過ぎない。,20170918
60329,8063,長い目で見れば、すべてのプログラムはロココ調になり、そして瓦礫となる。,20170925
42074,8426,独身者とは、ある女性を,20170316
42074,6154,我々のお気に入りの独占企業によって作られた！,20170730
19338,5042,第一法則：働かずに何も得ることはできない。,20170714
96637,2809,街角の酒場を活性化させる。,20170113
12361,9470,信仰とは、ピクニックでブラックベリージャムを食べることを可能にする資質である。,20170612
32412,3046,種が動くかどうかを見ずに。,20170903
60217,8657,フィナグルの信条：,20171023
60217,9347,コンピュータを家庭に持ち込んでも、どちらも変わらないだろうが、,20180310
73157,7259,暇な時間に現金を稼ごう――友達を脅迫せよ。,20180225
45525,2433,"        The mouse dissolved
",20170531
26490,9470,シャボン玉？,20170418
26490,7227,-- クラレンス・ダロウ,20180214
26490,5195,天才には限界があるかもしれないが、愚かさにはそのような,20171227
14324,1093,牛は、我々人間が,20180204
14324,4223,"Call Avogardo 6.02 x 10^23
",20170917
14324,4112,「それどころか」とトゥイードルディーは続けた。「もしそうだったら、そうだったかもしれないし、,20170831
55459,3209,-- カール・ツヴァンツィヒ,20170519
55459,2809,-- A・E・ハウスマン,20170619
55459,7349,そしてこの言語が行くところどこでも,20170429
61622,1143,SQL交響楽団コンサート,20171029
61622,1143,SQL交響楽団コンサート,20180111
94168,3209,-- ケーログ・アルブラン,20171204
94168,1743,一度。,20170321
28981,3114,これを自分で証明するには、,20170702
33586,6386,-- ホークウインド,20171209
45084,8034,まあいい、全部の卵を一つのカゴに入れちまえ。,20170812
60757,2021,「すべての肉は草である」,20171002
60757,5659,「成功できるのに、なぜ男でいる必要がある？」,20170215
60757,7416,講師はプラナリアについて200ページを課すだろう。,20171208
71322,3351,誰も確信していないこと。,20170620
49842,7333,-- ソーパー上院議員,20170504
69136,4239,今、自然に振る舞いなさい。煮えくり返り、怒り狂い、かんしゃくを起こしなさい。,20170306
69136,5851,価格が上がった。「すべて新品」「完全新品」あるいは「素晴らしい新品」というラベルは,20170528
24161,7498,理解するのが難しいだろう。,20180319
24161,2311,"We wish you a Hare Krishna
",20170818
37474,3901,他人に彼の心が大きいと思わせておけ,20170304
75498,7257,そして先月分を前払いで。,20180216
75498,690,-- ブラウン・セキュリティ犯罪防止パンフレットより,20170415
88295,4804,"Computer programmers do it byte by byte
",20170622
80614,2054,国が一流の経営の下で何ができるかを声高に。,20170411
10952,3521,牛は、我々人間が,20180211
74358,6505,絵で説明される。,20170516
74358,8548,短い針が…にある。,20180427
73105,8417,1981年、滑降スキーに最悪の月：1月。行列は,20171014
73105,5772,講師はプラナリアについて200ページを課すだろう。,20170903
73105,6186,それは続かなかった。悪魔が「ホー！」と叫び,20180410
18396,1155,コンピュータ。,20171103
18396,5468,ユーザー（名詞）：あなたが言ったことを何でも信じるプログラマー。,20170824
95036,5344,改善する。,20171106
95036,7792,"        A new hydrocarbon
",20170323
19922,9681,あなたは仕事のことで心配しすぎだ。やめなさい。あなたは十分に給料をもらっていない。,20180217
19922,4485,天才には限界があるかもしれないが、愚かさにはそのような,20170505
19922,5493,真実は今朝明らかになるだろう。（それが事態を本当に混乱させるかもしれない。）,20170208
38923,4859,そしてこれはとても奇妙だった、なぜならそれは,20170425
66592,6503,ああ、決して、決して疑うまい,20170112
66592,2089,運転免許を失うのは、神が「ブーガ、ブーガ！」と言うための一つの方法に過ぎない。,20170719
66592,4448,大きな財産を持って。」,20180321
70511,1143,SQL交響楽団コンサート,20180109
70511,1143,SQL交響楽団コンサート,20170827
71810,7466,彼らがそれを売ってくれればいいのに。,20170922
71810,968,銀行家とは、太陽が輝いているときに傘を貸してくれ,20170118
71810,9902,誰もが彫刻を教わることができる。ミケランジェロは,20170305
48475,811,デバッグセッション。,20170204
67330,5966,扱いやすい：あなたは間違った問題を解決した。,20170129
67330,2152,自分の評判を考えなさい。名前を変えて、,20170305
67330,4507,そして雨が降り出した途端にそれを返して欲しがる。,20171209
83501,2153,-- H・L・メンケン,20180304
83501,3885,"一目惚れは、""",20170710
83501,3201,コンサルタントとは、会社に数字を尋ね、そして,20170705
15676,4429,今月は忘れられない月になるだろう――どんなに忘れようとしても。,20180322
15676,5104,"
",20170626
15676,5982,-- ハーバート・プロクナウ,20171023
22619,1046,今年は幸運な日を過ごす。,20170213
80774,764,非戦闘員：死んだクエーカー教徒。,20180103
80774,996,オーレオマイシン、コカイン、インターフェロン、そしてTLC。チキン,20171207
80774,6517,-- W・C・フィールズ,20180317
58856,5269,ツバメがカピストラーノに着陸するのを手伝おう。,20170131
58856,4915,大西洋を、口に動詞をくわえて。,20170720
90290,1390,失敗への対処は簡単だ。改善するために努力する。成功もまた,20170314
61223,8513,会話：息を切らしている方が,20170716
29998,4938,-- イザヤ,20170128
95244,746,最新の公式数値によると、全統計の43%は,20170613
95244,9626,赤ん坊とは、一端に大きな声、もう一端に,20170928
14817,8403,自由で、オープンで、陽気であれ！楽しめ！事態はこれ以上良くならないから,20180318
14817,9877,-- ウディ・アレン,20180107
14817,3415,もし良い写真が撮れたとしても、それらは台無しになるだろう,20170427
35002,7466,自然と自然の法則は夜に隠されていた,20180407
35002,1782,全面核戦争ゲームをプレイしますか？,20171116
47378,8417,働くために。,20171008
47378,124,上司がそれを読んでいる。,20170824
47378,6894,"He did his very best to make
",20180308
73472,70,-- フレッド・アレン,20170414
11279,8869,フィナグルの信条：,20170705
11279,7523,私はあらゆる緊急事態には備えているが、日常には全く備えていない。,20180119
11279,5015,クリーブランドはまだ生きている。神は死んだに違いない。,20170423
45088,5865,バグを修正し、再びダンプする：,20180403
98213,5383,"He did his very best to make
",20170226
98213,9624,起こる。,20170420
80957,3851,-- フレッド・アレン,20180404
80957,1782,人生をやり直せるかもしれない――もし最初の,20170118
80957,712,狂気は遺伝する。子供から受け継ぐのだ。,20170927
49063,8152,「それどころか」とトゥイードルディーは続けた。「もしそうだったら、そうだったかもしれないし、,20180411
95863,1701,今日は何か変わったことをしなさい。請求書を払いなさい。,20170204
95863,3770,非公式なものから公式なものへ、公式な手段で進むことはできない。,20171117
95863,9677,ガンジー：それは良い考えだと思う。,20170421
98070,7780,第二法則：働くことで達成できる最大のことは、,20180421
98070,1542,さようなら。私は退屈だから去る。,20170502
98070,9956,ベアメタルで。アプリケーションプログラミングは、システム,20171105
19697,2420,-- ペギー・ジョイス,20180427
19697,515,-- マーク・トウェイン,20170629
74040,2420,離婚から抜け出す。,20180118
74040,2099,三人の友人。もし彼らが大丈夫なら、あなたがそうだ。,20171123
74040,1288,蒸気配管工のピクニックで。,20180114
46815,3378,コンピュータ科学の言語。強い型付けは記憶力の弱い人々のためのものだ。,20180115
46815,5966,「もし知っていたら、私は錠前屋になっていただろう。」,20180215
99131,1066,一つ。,20170925
67987,3521,失敗への対処は簡単だ。改善するために努力する。成功もまた,20180225
67987,5003,-- ジョン・オハラ,20180404
86216,2075,"Accuracy: The vice of being right
",20170308
86216,932,感情的に活発であれ。お気に入りの神経症に迎合せよ。,20171217
86216,6869,ガスはひどい匂いがする。,20180408
65742,4659,本物のプログラマーは9時から5時まで働かない。もし本物のプログラマーが午前9時頃にいるなら,20170219
65742,8759,彼らにそれを返す。,20170203
65742,7737,俗語とは、コートを脱ぎ、手に唾を吐きかけ、,20170402
99173,9185,講師はプラナリアについて200ページを課すだろう。,20170207
31454,5971,質問：,20171016
31454,1623,今週は自分で機会を作り出せる。上級,20170828
31454,9564,プログラマーが英語で書けるようにすれば、,20170805
51766,6105,老いたプログラマーは死なず。ただ新しいアドレスに分岐するのみ。,20171029
37055,9167,それはやる価値がなかった。,20171108
37055,5023,デュシャームの公理：,20170303
37739,5971,探すのをやめなさい。幸福はあなたのすぐ隣にある。,20170218
14451,8403,あなたが置いた場所から、見つけられない場所へ。,20180302
24914,8316,もし我々が進む方向を変えなければ、我々は,20170604
24914,9016,しかし、私が命じたことだけだ。,20170822
24914,7333,手。,20170326
25788,5867,我が国には良い5セント葉巻がたくさんあるが、問題は,20170426
80070,8949,明日は興味が持たれないため中止となります。,20171025
62674,2924,IBMにはPL/Iがあった,20170219
44565,9974,今日は象の唇にキスをするな。,20170317
83410,9590,来週の金曜日はあなたの幸運な日ではない。実を言うと、あなたは,20170903
17253,3770,決して立ち止まって電話に出る必要がない。,20170114
25021,2595,あっちへ行け！邪魔だ！,20180303
68713,4017,プログラマーが英語で書けるようにすれば、,20170223
68713,9681,"算数とは、""",20170714
91646,5970,瓦礫を跳ねさせる,20170721
91646,8773,-- D・J・ヒックス,20180106
47930,4017,「私の友人たちと私は皆、狂っている。それが我々を,20170206
47930,8724,-- ポール・マクラッケン,20180405
64704,3345,軽く油を塗った。」,20170418
64704,8548,誰も確信していないこと。,20170824
64704,1600,運転免許を失うのは、神が「ブーガ、ブーガ！」と言うための一つの方法に過ぎない。,20171014
80514,1998,-- チャーリー・マッカーシー,20180126
80514,55,タルムードで最も古くから puzzling されてきた問題の一つは、「なぜ神は,20180117
80514,4583,暇な時間に現金を稼ごう――友達を脅迫せよ。,20170509
83431,4715,その詩は決して韻律に合わなかった。,20170306
89440,9559,メッセージが郵便で届く。FBIに見られる前に破壊せよ。,20170921
30158,4329,猫に頑固さで勝とうとするな。,20180224
30158,8306,あなたのプログラムを説明しているときに聞き手がうなずいたら、,20170831
30158,7305,彼らの良心の欠如。,20171121
85563,363,人間は赤面する唯一の動物である――あるいは、そうする必要がある唯一の動物である。,20180107
34310,2475,先週の火曜日がつまらなかったと思うなら、何が起こるか待ってみなさい。,20171107
34310,7929,すべてが可能だが、,20180107
34310,3865,-- マーク・トウェイン,20170304
68751,1654,-- メイシーズ,20170430
68751,2475,-- トーマス・ジェファーソン,20170415
68751,3284,"        The apple fermented
",20170715
30848,2033,電球を交換するのに、テックライターは何人必要か？,20180320
10219,4682,正義：あなたに有利な決定。,20170705
10219,9828,グループのIQは、グループのメンバーの最低IQを,20170502
10219,4491,-- トーマス・ジェファーソン,20171016
54640,6753,インテリよ、団結せよ！失うものは君たちの黄身（yolks=yokes=束縛）だけだ。,20171121
54640,7310,あなたは大きな音に驚くだろう。,20171006
37073,4194,トゥルナウカの法則：,20180225
76903,3232,もし時がすべての傷を癒すなら、なぜへそは変わらないのか？,20170918
74092,8657,-- ウディ・アレン,20170608
74092,1266,偏執病とは、単に人生に対する楽観的な見方である。,20180113
74092,341,「すべての肉は草である」,20170724
48668,4195,"Accuracy: The vice of being right
",20171003
48668,4554,あっちへ行け！邪魔だ！,20180221
28035,1600,学生たちの中に。,20170905
28035,5865,好機は常に、最も不都合な瞬間に訪れる。,20170527
28035,5927,インテリよ、団結せよ！失うものは君たちの黄身（yolks=yokes=束縛）だけだ。,20170212
88065,2581,ノスタルジアは、もはや昔のものではない。,20170701
17040,1389,もし商品が「50ドル未満」と宣伝されているなら、それが19.95ドルでないことは確かだ。,20170707
17040,8995,-- ドン・クイン,20170529
17040,4717,それが、点で対になって,20180414
17474,746,ブラッドリーの陳腐な言葉：,20170401
17474,4719,すべてのハックには7つのバグがあった。,20171024
69777,6801,本物のプログラマーはキッシュを食べない。実際、本物のプログラマーは,20170912
94528,2195,ユーザー（名詞）：あなたが言ったことを何でも信じるプログラマー。,20170531
94528,5778,客2：「私も――そしてグラスがきれいであることを確認してくれ！」,20180228
18239,8380,クリーブランドはまだ生きている。神は死んだに違いない。,20170619
18239,1016,つまり、もしアパートを借りるなら、あなたは3つの,20170518
18239,5772,"He sure is a fun god
",20180206
45602,1998,文句は言えない、でも時々言ってしまう。,20180428
45602,4273,"
",20170521
45602,9133,「一度でいいから、,20180430
66974,6129,ユーザー空間と同じようにカーネル空間でも！,20170224
66974,2559,それがエネルギーに変換されるとき？,20170722
66974,7994,短い針が…にある。,20180220
65420,9388,探すのをやめなさい。幸福はあなたのすぐ隣にある。,20170613
65420,1093,体の方が良い。,20170117
65420,2274,デフリース家のジレンマ：,20170209
52076,2958,釘。,20170403
52076,8279,誰も確信していないこと。,20170521
52076,9347,その詩は決して韻律に合わなかった。,20170213
18640,9087,科学は真実である。事実に惑わされるな。,20170928
33081,7182,ハチドリは歌の歌詞を決して覚えない。,20171126
33081,8383,-- ヒレア・ベロック,20171217
45328,7830,しかし、科学者たちは、知っているはずなのに,20171219
97649,9167,正気だ。」,20180407
97649,4387,大統領や王から地の果てのクズまで…,20170417
97649,9306,全国半袖シャツ協会は言う：,20171008
40418,3799,ダイヤルトーンを求めて。,20180308
40418,3953,"A limerick packs laughs anatomical
",20170224
30923,3998,しかし、それは素人にとってあらゆる物事に関する最高の本だからだ。,20180413
30923,4287,そしてそれ以来、ベンゼン（been seen=見られたとの掛詞）になったことはない。,20170708
19830,8109,"Kin: An affliction of the blood
",20180309
19830,3589,午後はロマンスに非常に好都合。一人の人を,20180424
51119,9681,警句があるなら、メタ警句もなければならない。,20171102
51119,7498,この国に必要なのは、良質な5セントの「何か」だ！,20170101
85689,2749,不在：友人や知人の攻撃にさらされること。中傷されること。,20171011
85689,2506,「今こそすべての善良な人々が立ち上がる時だ。」,20170406
95680,6131,今日は何か変わったことをしなさい。請求書を払いなさい。,20171203
62784,703,左にシフト！右にシフト！,20180112
80962,3483,-- リリー・トムリン,20180312
80962,4354,チケット。,20171205
80962,8380,脳は素晴らしい器官だ。あなたが起きた瞬間に働き始め,20180306
86339,5323,-- 『銀河ヒッチハイク・ガイド』,20170629
60334,6084,ウェイター：「紅茶二つ。きれいなグラスを頼んだのはどちら様ですか？」,20170204
60334,8949,「すべての肉は草である」,20180131
60334,9621,姉妹や近親者が弾くピアノよりも迷惑だ。,20180322
98310,8306,薬局への道は遠いかもしれないが、宇宙に比べればピーナッツみたいなものだ。,20170706
98310,7107,それが何であれ、私は再び結婚するだろう。,20170107
98310,9771,"        Anything that can go wr
",20180123
75681,2581,低空飛行する蝶に注意。,20171112
25750,9923,"
",20170318
25750,4938,そして他のエロティックな効果。,20171007
25750,4252,例。,20170125
37788,4448,"We wish you a Hare Krishna
",20170731
62238,2075,しかし、それは素人にとってあらゆる物事に関する最高の本だからだ。,20170817
45533,8698,科学とは、先入観が検証に出会ったときに起こることである。,20171101
75943,8939,紙に当たる。,20170924
75943,6292,なし。「ユーザーが解決できるだろう。」,20170320
85423,5344,さようなら。私は退屈だから去る。,20170323
85423,1670,めったにきれいではなく,20170303
64777,1193,グループのIQは、グループのメンバーの最低IQを,20180106
64777,129,1. 再現性が問題になる可能性がある場合、テストは,20180214
64777,9246,"Ass（尻/ロバ）：""lass""（娘）の男性形。",20170505
74457,4194,深まる憂鬱の中で、あなたの犬がようやく,20171201
82770,9880,予定説は最初から運命づけられていた。,20170420
82770,9306,シルバーマンの法則：,20171112
82770,6938,答えは42だ。,20170429
10797,8059,本物のプログラマーはPASCAL、BLISS、ADA、その他赤みがかった,20170812
56871,5033,-- A・E・ハウスマン,20170825
57899,4576,"
",20170728
57899,6275,全面核戦争ゲームをプレイしますか？,20170126
57899,482,自分がどこにいるか気にしないなら、迷子ではない。,20170901
84481,9570,紙に当たる。,20170101
84481,3376,第三法則：絶対零度でしか収支はとんとんにならない。,20180110
84481,7660,文句は言えない、でも時々言ってしまう。,20171123
67830,2834,-- 『ドクター・フー』より、准将,20170125
67830,346,系論：,20170812
67830,6186,最新の公式数値によると、全統計の43%は,20170511
82378,3734,"不在者：収入があり、""",20180323
82378,9126,"...And malt does more than Milton can
",20170730
82378,6602,-- アナトール・フランス,20170710
73381,1785,それが、点で対になって,20180206
74057,797,「この核軍拡競争を続けるなら、君たちがやることは,20170614
74057,7820,我々のお気に入りの独占企業によって作られた！,20170923
74057,4461,もし神が我々に裸でいてほしかったなら、我々はそのように生まれていただろう。,20180108
74608,932,-- 『ドクター・フー』より、准将,20170829
74608,1649,登山靴を職場に。万一、,20171126
74608,4310,-- 『ドクター・フー』より、准将,20170707
78553,2443,この人物は解雇されなければならない。,20170323
45735,4059,人を馬鹿と呼ぶな。彼から借りろ。,20171227
45735,4987,今日は空飛ぶ円盤に近づかないように。,20170803
99381,3581,あなたは間もなく認識されるかもしれない。隠れなさい。,20171121
10761,9791,経験とは、あなたが認識することを可能にする素晴らしいものである。,20171222
10761,7698,彼らの良心の欠如。,20170611
10761,6386,-- アーサー・ナイマン,20180127
75953,746,「サワークリームのボウルのように？」と他方が尋ねた。「なぜ？」,20170123
50672,3266,この国に必要なのは、良質な5セントの「何か」だ！,20180320
21318,3213,文句は言えない、でも時々言ってしまう。,20170802
21318,9273,彼らがあなたのことをどう思っているか心配することで忙しい。,20180125
21318,8515,デフリース家のジレンマ：,20171019
17950,388,「私がしてほしいことを言いなさい」と言ったら、彼にロリポップをあげなさい。,20170722
17950,4286,我々にハムと豚肉とベーコンを与えてくれる。,20171121
17950,881,異なれ：順応せよ。,20170704
90374,1649,もし持ち込み可の試験を与えられたら、本を忘れるだろう。,20170521
90374,402,今日はあなたが勝者になるだろう。4歳児に喧嘩を売れ。,20171225
46500,7637,ハチドリは歌の歌詞を決して覚えない。,20170623
12207,7587,その詩は決して韻律に合わなかった。,20180429
72030,1404,-- マクスウェル・スマート,20171014
40195,6148,第三法則：絶対零度でしか収支はとんとんにならない。,20170606
40195,8995,ダンという名の若い詩人がいた,20170317
40195,1106,-- カール・ツヴァンツィヒ,20170305
44081,3463,"        Anything that can go wr
",20171207
98460,2230,闇が漏れ出す。,20171005
98460,9273,電球を交換するのに、禅師は何人必要か？,20170703
98460,6131,-- ポール・マクラッケン,20180216
90704,1599,コンピュータを家庭に持ち込んでも、どちらも変わらないだろうが、,20170619
90704,4429,"...And malt does more than Milton can
",20171120
41065,6254,嘘：真実の非常に粗末な代用品だが、発見された唯一のもの。,20171119
41065,2210,メッセージが郵便で届く。FBIに見られる前に破壊せよ。,20180215
41065,4682,-- 『銀河ヒッチハイク・ガイド』,20171019
32045,8084,"        While her lover lamented
",20180214
32045,6521,グループのIQは、グループのメンバーの最低IQを,20171222
71231,5493,決して美徳の道に迷い込むな。,20170323
71231,6063,理解するのが難しいだろう。,20171108
71231,1171,理性の命令に従って行動するように。,20171005
33888,7946,物事は今よりも昔のようになっている。,20180410
95223,9137,-- ベラミー・ブルックス,20170222
95223,4612,それは彼らが徹夜していたからだ。,20180225
95223,9427,それはかつて私を指していた。,20170304
53857,5468,価格が大幅に上がったことを意味する。,20170625
53857,5157,不在：友人や知人の攻撃にさらされること。中傷されること。,20170603
44819,1667,大学とは、教員が,20180225
44819,651,「率直に申し上げましょう、ムッシュ。あなたを,20170615
44819,3415,午後はロマンスに非常に好都合。一人の人を,20170404
70466,9529,今回のログインセッション：$13.99、しかしあなたには$11.88,20180328
70466,7698,不幸は仲間を好むが、仲間はそれに応えない。,20180203
70466,6463,反意語：あなたが考えようとしている言葉の反対。,20170226
21034,4859,エラーのないプログラムを書く方法は二つある。三番目の方法だけが,20170428
79338,8666,文句は言えない、でも時々言ってしまう。,20180423
79338,9470,彼らは私を偏執病に見せようとしているだけだ！,20170218
79338,9325,改革するために。,20170301
97140,3869,"It was the reader's CONS
",20171220
97140,4283,科学には何か魅力的なものがある。人はそのような卸売りの,20170228
95227,7315,平均的な男性は考えるよりも見ることの方が得意である。,20170131
95227,8040,左にシフト！右にシフト！,20180303
95227,1552,-- ルイス・キャロル,20180107
71687,7758,-- ウォルト・ケリー,20170308
71687,4004,未来はまだら模様。夕方遅くにスープをこぼすだろう。,20180326
71687,7333,花嫁：幸せな未来を背後に持つ女性。,20170714
90668,7466,ジョニーは祭りからなかなか帰らない。,20180411
90668,43,キッシュと綴る。彼らはトゥインキーや四川料理を食べる。,20170218
90668,2863,会話：息を切らしている方が,20170223
11273,9145,2) 「お前と、どの軍隊だ？」,20171126
11273,7609,科学とは、先入観が検証に出会ったときに起こることである。,20170809
11273,7333,ゴイムを創造したのか？」一般的に受け入れられている答えは、「誰かが,20180109
34889,2595,チキン・リトルは正しかった。,20170907
34889,4072,他人があなたのことをどう思っているか心配するな。彼らは,20170618
80701,9712,-- アーサー・ナイマン,20171013
28648,1563,現代人とは、類人猿と人間との間の失われた環（ミッシング・リンク）である。,20180422
28648,3470,-- マーク・トウェイン,20170929
28648,7737,-- オスカー・ワイルド,20170101
14317,402,軽く油を塗った。」,20180129
73337,4246,バグを修正し、再びダンプする：,20171220
73337,9122,客1：「紅茶をください」,20170709
73337,4219,モリソンの官僚主義仮説：,20170707
10473,3755,"He sure is a fun god
",20170221
10473,4987,"Ass（尻/ロバ）：""lass""（娘）の男性形。",20171212
11238,8172,気分転換には良い日。寝室の壁紙を張り替えよう。,20171212
11238,5313,彼がその向こう側から現れるまで、あなたは彼を見ることはないだろう。,20180420
88531,8724,記者（マハトマ・ガンジーへ）：ガンジーさん、,20170608
44563,9260,もう一方。,20170416
23716,3225,何をしているかわからないときは、きれいにやれ。,20170221
66595,7258,ストリップは回転した。,20170924
66595,6878,老兵は死なず。若者は死ぬ。,20170325
66595,7929,自然と自然の法則は夜に隠されていた,20170210
85290,7297,6ヶ月ごとに。,20171008
85290,5922,しばらくサウスダコタでサーフィンをするな。,20170107
85290,1001,聞くことすべて、あるいは言うことすべてを信じるな。,20170920
30772,7466,電球を交換するのに、ソフトウェアエンジニアは何人必要か？,20180204
19638,7227,そうだと告げられたとき,20170719
19638,6085,恩知らず：餌を与えてくれた手を噛み、そして文句を言う男。,20180119
19638,9712,"Brain fried -- Core dumped
",20170131
33431,6575,-- メイシーズ,20170419
69411,8566,ディスク上の100ブロックのゴミ！,20170814
68558,4702,"to justify God's ways to man
",20180101
52557,4659,正気だ。」,20170317
52557,2633,"
",20170226
99272,5149,"
",20170829
99272,2594,時間だ！」,20170625
49272,7093,年：365回の失望の期間。,20180305
49272,4310,それが、点で対になって,20171130
78825,3046,ホーングレンの観察：,20170119
90551,2207,本ではなく、スープを濃縮せよ！,20170804
90551,493,クリスマスに子供にメンタルブロックを与えなさい。,20170104
82818,1046,文明に触れることなく退廃へ。,20180501
82818,4044,"BLISS is ignorance
",20170122
82818,2295,運転免許を失うのは、神が「ブーガ、ブーガ！」と言うための一つの方法に過ぎない。,20170629
44643,4612,死とは、人生があなたに「お前はクビだ」と告げる方法である。,20170314
29489,6085,チケット。,20170310
29489,9768,この種のゴミ。,20180307
55512,6589,彼らがあなたのことをどう思っているか心配することで忙しい。,20170205
55512,506,で責任を回避するか？,20170129
55512,346,こんにちは、ファルケン博士。,20170518
91086,9260,別のものの。,20170714
91086,3484,世界は終わる！悔い改め、図書館の本を返しなさい！,20171207
32670,345,そして男性的な衝動,20170810
23587,6572,-- A・E・ハウスマン,20180117
69753,4915,"Vitamin C deficiency is apauling
",20170310
69753,1811,大きな財産を持って。」,20170205
87306,5469,"
",20180207
87306,1782,「なぜ足の甲に特別な名前がないんだろう？」,20171012
71221,1137,すべてのプログラムをRPGで実行する！,20170401
71221,5385,ウィル・ロジャースが言ったように、「無料の,20170215
34442,3851,許可を得るより許しを得る方が簡単だ。,20170430
34442,1783,人間はアルコールを発明した。,20180329
34442,2206,そうに違いないと我々を安心させてくれる。,20180104
49388,3072,とんでもない馬鹿であることの。,20171214
49388,5829,"        If an idea can survive a bureaucratic review and be implemented
",20180224
49388,1093,-- ポール・マクラッケン,20180114
38731,1670,-- マーク・トウェイン,20170531
38731,9273,人生。,20170315
51013,5011,"Advertisement: The most truthful part of a newspaper
",20170716
51013,5972,あっちへ行け！邪魔だ！,20170806
61336,143,-- マーク・トウェイン,20170415
61336,3776,軍法は正義にとって、軍楽が音楽にとってそうであるようなものだ。,20170625
81812,5294,異なれ：順応せよ。,20171023
81812,6965,-- グルーチョ・マルクス,20170625
27279,257,他人はあなたに安定を求めるだろう。だから、,20171227
27279,6022,問題を十分注意深く見れば、,20180123
43327,9105,"        The apple fermented
",20180329
43327,968,幸せな結婚をする方法は一つしかない。そして私が,20170515
43327,8798,主は、もしそうでなければ、なぜ我々にこれほどの素早い動きを与えられたのか。,20171112
47424,1894,自然と自然の法則は夜に隠されていた,20170513
47424,6239,99ブロックのゴミ！,20180208
47424,1830,ベアメタルで。アプリケーションプログラミングは、システム,20170818
52546,4112,モリソンの官僚主義仮説：,20180420
52546,1988,プロジェクトMACを通り過ぎたとき,20180328
71069,8902,探すのをやめなさい。幸福はあなたのすぐ隣にある。,20180412
71069,1393,未来はまだら模様。夕方遅くにスープをこぼすだろう。,20171125
16391,1288,今日。,20170820
16391,9267,"
",20171122
16391,5351,12歳以降に。,20170201
33523,8059,死：突然罪を犯すのをやめること。,20170916
33523,4781,それ。,20170605
33523,2338,"THE GOLDEN RULE OF ARTS AND SCIENCES
",20180414
80193,5351,-- 『銀河ヒッチハイク・ガイド』,20170119
80193,2404,私はあらゆる緊急事態には備えているが、日常には全く備えていない。,20180224
80193,106,「彼はとても心が狭く、鍵穴から両目で,20180428
38405,66,現代人とは、類人猿と人間との間の失われた環（ミッシング・リンク）である。,20171015
38405,9906,我々自身。,20170130
54641,2731,多数派：犯罪と法律を区別する性質。,20180121
54641,2350,死：突然罪を犯すのをやめること。,20170115
54641,690,皮肉屋：物事をありのままに、あるべき姿ではなく見る、欠陥のある視力を持つ悪党。,20170701
45761,7386,銀行家とは、太陽が輝いているときに傘を貸してくれ,20171006
45761,7523,人々はお一人様一点限りのものなら何でも買う。,20171220
56023,1581,「カルビン・クーリッジはプリマスから出た最も偉大な人物だった,20171119
56023,9828,体の方が良い。,20170925
56023,6463,年齢に敬意を払え。たまには良いスコッチを飲め。,20170727
73482,1306,-- クリント・イーストウッド,20180220
73482,1670,政治家がつまらない人物であればあるほど、彼は,20171014
73482,9520,ダイヤルトーンを求めて。,20170408
35326,3123,ネーザーの法則：,20171226
35326,9214,神は7日で世界を創造したのではない。6日間遊び呆けて,20171028
35326,7504,タバコ：一端に火、もう一端に愚か者、そして,20180101
87456,6969,自分自身を問題の一部として。,20171205
87456,4982,この国に必要なのは、良質な5セントのニッケル硬貨だ。,20170108
87456,1859,カミソリは痛い。,20170802
18071,5415,聞くことすべて、あるいは言うことすべてを信じるな。,20170405
18071,8650,そして先月分を前払いで。,20170222
37677,9306,あなたは尾行されている。数日間はいかがわしい行為をやめなさい。,20170516
37677,1410,-- ホークウインド,20170209
65354,7028,症状、兆候、バグ、そしてハック。,20180407
65354,9520,自分がどこにいるか気にしないなら、迷子ではない。,20170319
65354,4884,幸福：他人の不幸を熟考することから生じる心地よい感覚。,20170519
36235,4448,完全に避けられることを、明日に延ばすな。,20171217
36235,1837,すべてのプログラムには（少なくとも）二つの目的がある。一つは,20170314
32944,1852,そうに違いないと我々を安心させてくれる。,20180402
39548,3490,ディスク上の100ブロックのゴミ,20180220
14920,5269,一番大声で鳴く鶏が、最も,20180227
14920,7110,人生。,20170223
35608,4193,彼らにそれを返す。,20170208
91063,4287,今日は友達を吸おう。,20171216
78255,9087,それ。,20170911
47363,7705,キリスト：少なくとも5000年早く生まれすぎた男。,20170630
47363,2152,もし神が我々に裸でいてほしかったなら、我々はそのように生まれていただろう。,20170212
47363,8605,"Familiarity breeds attempt
",20170816
93587,7509,それは続かなかった。悪魔が「ホー！」と叫び,20170206
93587,9362,幸せな結婚をする方法は一つしかない。そして私が,20170805
73471,9150,「新発売」および／または「改良」と表示されたものは、そうではない。その表示は,20170105
73471,315,-- マーク・トウェイン,20171024
73471,6517,銀行家とは、太陽が輝いているときに傘を貸してくれ,20170707
65248,6142,牛は、我々人間が,20171008
65248,7364,彼らは私を偏執病に見せようとしているだけだ！,20180406
65248,6962,好機は常に、最も不都合な瞬間に訪れる。,20170714
68506,1404,「家具との議論は、めったに生産的ではない。」,20180210
68506,6480,"Fruit flies like a banana
",20170705
33929,9427,写真の第三法則：,20170520
33929,811,-- D・J・ヒックス,20170913
33929,845,正義：あなたに有利な決定。,20170408
57905,4681,障害を克服するには良い日。障害物競走を試してみよう。,20180218
57905,4252,-- ピーター・S・ビーグル,20171119
57905,2918,ストリップは回転した。,20180412
21313,2875,「サイを盗むことは軽々しく試みるべきではない。」,20170803
50320,4476,体の方が良い。,20180308
50320,3670,間違いはしばしば、完全な失敗への踏み石となる。,20170831
42786,5468,太陽は海の上で輝いていた。,20180426
42786,7684,ユーカリの木で眠らない方がよい、もう一晩。,20170810
42786,2153,我々のビデオプロセッサに『スタートレック3.2』をロードした。」,20170104
65088,6292,それが、点で対になって,20180111
40474,5922,"Vote anarchist
",20170907
68740,1973,時々、無実の人が議会に送られる。,20170705
29743,3776,「本当？なんて偶然、私も浅はかよ！」,20170420
29743,5004,神は草を発明した。,20180119
45367,55,それらに15セントを請求する。,20170716
45367,8383,本物のプログラマーはPL/Iでは書かない。PL/Iは,20170906
45367,8778,瓦礫を跳ねさせる,20180329
46972,1743,人々はお一人様一点限りのものなら何でも買う。,20171209
42267,1643,闇が漏れ出す。,20180114
64303,7236,"God is a comic playing to an audience that's afraid to laugh
",20180307
64303,8727,誰も確信していないこと。,20170709
64303,9880,この国に必要なのは、良質な5セントのニッケル硬貨だ。,20170228
59406,8559,コーナー、バーモント州」,20180131
58797,9677,-- アーサー・ナイマン,20180126
58797,3851,-- G・B・ショー,20170507
58797,2933,そして先月分を前払いで。,20170502
40236,7305,障害を克服するには良い日。障害物競走を試してみよう。,20170513
40236,8995,広い心：高邁な精神を平らにした結果。,20170426
67954,1625,責任は常に権限を上回る。,20170109
67954,7257,知る価値がない。,20170731
26425,7236,もし10個のパラメータを持つプロシージャがあるなら、おそらくいくつか見逃している。,20170426
46467,6852,"不在者：収入があり、""",20180311
52087,5033,警官だ。」,20180129
52087,6236,「率直に申し上げましょう、ムッシュ。あなたを,20171018
24922,5396,短い針が…にある。,20180222
92801,3114,午前中は新しいプロジェクトに青信号。午後は交通に赤信号。,20170713
98445,7822,第二法則：働くことで達成できる最大のことは、,20170219
98445,89,99ブロックのゴミ！,20170118
16082,5867,本物のプログラマーはテニスや、,20170319
16082,7349,向かっている。,20170307
16082,924,光の速さより速いものはない…,20170624
22183,9289,非公式なものから公式なものへ、公式な手段で進むことはできない。,20170615
22183,4913,物忘れ：神が債務者に、,20170123
55237,3517,"
",20170824
14761,1194,人を馬鹿と呼ぶな。彼から借りろ。,20170428
14761,8158,悪意に帰するな、,20170612
14761,2274,電球を交換するのに、禅師は何人必要か？,20170215
81302,1390,"        The apple fermented
",20180102
81302,1329,"Steinbach's Guideline for Systems Programming
",20170330
68543,7504,チケット。,20180326
61512,2886,献身的な追随者の不足により、偉大な指導者の生産は,20171231
61512,1374,"It never does quite what I want
",20180214
48260,9773,そしてこれはとても奇妙だった、なぜならそれは,20170822
48260,9395,我が国には良い5セント葉巻がたくさんあるが、問題は,20180309
48260,871,Fortranが存続し続ける可能性。,20171012
72886,515,時々、無実の人が議会に送られる。,20180220
72886,3318,「私がしてほしいことを言いなさい」と言ったら、彼にロリポップをあげなさい。,20170218
77571,6142,今夜はコウモリに餌をやらないで。,20180330
77571,8109,歴史は繰り返さない――歴史家が互いに繰り返すだけだ。,20171113
82635,1266,-- 『銀河ヒッチハイク・ガイド』,20170826
44792,3953,今夜がその夜だ：ユーカリの木で眠れ。,20180227
70580,737,汝、それを再生するなかれ。,20171226
70580,1106,-- ビル・ホースト,20171019
70580,418,新しい議員たちは政府を立て直すと言っている。私は,20170313
36004,8121,左にシフト！右にシフト！,20170425
36004,55,人々が私に同意するときはいつも、私は自分が間違っているに違いないと感じる。,20171007
60641,4702,後知恵は精密科学である。,20170503
60641,9245,大学：ソフトウェアハウスのようなもの。ただし、ソフトウェアは無料で、,20171210
60641,5605,生きる。,20170913
88204,746,人々はお一人様一点限りのものなら何でも買う。,20171206
88204,8316,しばらくハリケーンに近づかないように。,20180427
88204,1396,プログラマーの視点は、彼の,20180109
51860,7297,犯罪の兆候：絶叫または助けを求める叫び声。,20180427
39156,1193,書かれたものと、そうでないもののために。,20171227
39156,7113,フィナグルの信条：,20171005
50808,587,"If I traveled to the end of the rainbow
",20171113
50808,8727,今、私はそれを守っている。,20180312
59737,1127,ダンという名の若い詩人がいた,20170529
59737,719,本物のプログラマーはPASCAL、BLISS、ADA、その他赤みがかった,20170104
80393,9222,Q: 電球を交換するのに、オレゴン州民は何人必要か？,20170607
18873,106,老兵は死なず。若者は死ぬ。,20171019
18873,8979,「どんなに親しい友人でも、互いの葬式には参列できない。」,20170409
76390,9906,「ラクダが針の穴を通るのは、それが,20180401
51609,6914,縄は緩む。,20170803
51609,8172,-- ドクター・フー,20171207
51609,3016,彼らは通常、処女を,20171022
64072,9470,ミニーマウスは迷路を覚えるのが遅い。,20170825
99304,4286,チケット。,20180224
99304,1194,明日は興味が持たれないため中止となります。,20180107
57671,4239,銃は合法ではない。,20170226
73097,7535,"一目惚れは、""",20180207
12423,1046,経験を共有しようとするカリフォルニア人。,20171112
12423,3998,そしてこれはとても奇妙だった、なぜならそれは,20170610
12423,9427,「この核軍拡競争を続けるなら、君たちがやることは,20170625
31523,968,とんでもない馬鹿であることの。,20170619
52890,5011,そして徹夜した。,20170427
52890,881,-- アルベルト・アインシュタイン,20170828
52890,9877,99ブロックのゴミ！,20170307
68614,4674,死とは、人生があなたに「お前はクビだ」と告げる方法である。,20170406
68614,1837,その講師のコースのために勉強することを除いて。,20170810
96235,7994,野心とは、怠けるほどの分別がないことの粗末な言い訳である。,20171114
96235,2499,コンウェイの法則：,20170413
96235,1654,私は未来を見たが、それは現在と全く同じで、ただ長いだけだった。,20170823
85728,9362,"        when someone inadvertently opens the darkroom door and all of
",20170515
85728,6262,汝、それを再生するなかれ。,20171121
78168,5294,デュシャームの教訓：,20171030
23810,6275,Q: 電球を交換するのに、異性愛者の男性は何人必要か？,20170710
50174,6517,街角の酒場を活性化させる。,20180115
50174,8650,左にシフト！右にシフト！,20171110
50174,134,イギリス史の中間試験の前夜、あなたの生物学の,20170913
25820,5493,無政府状態は最良の統治形態ではないかもしれないが、,20170625
63731,7459,-- ルイス・キャロル,20170730
63731,658,口を閉ざしていれば、足は集まらない。（口は災いの元）,20180118
83790,2264,確率は50対50だ。,20180326
83790,4965,6ヶ月ごとに。,20170428
28830,2499,"He sure is a fun god
",20170519
28830,3444,本物のプログラマーは仕様書を書かない――ユーザーは,20170818
28830,3471,ユーザー空間と同じようにカーネル空間でも！,20170507
43293,4961,調査の日。あなたは召喚されるだろう。,20170419
43293,1016,-- ヒレア・ベロック,20180129
43293,9599,今年はハンニバル・デーを祝おう。象を昼食に連れて行け。,20170319
80674,4223,"We wish you a Hare Krishna
",20170407
80674,649,その絵を説明する。1万語のセットで適切に,20170408
80674,2151,"Steinbach's Guideline for Systems Programming
",20180309
20470,5157,地球は小さな砂粒のようなものだ、ただずっとずっと重いだけ。,20170603
25277,5839,そうに違いないと我々を安心させてくれる。,20170624
25277,3851,ウィル・ロジャースが言ったように、「無料の,20171225
25277,792,なし。宇宙が電球を回し、禅師は,20180224
35144,4876,解決策ではなく、問題を修正する。,20170810
35144,6852,今年は幸運な日を過ごす。,20180124
35144,3378,明日は興味が持たれないため中止となります。,20171111
99639,2044,"Vitamin C deficiency is apauling
",20170825
99639,212,それらに15セントを請求する。,20170503
22393,7609,言った、「人生はサワークリームのボウルのようなものだ。」,20170622
22393,515,コーナー、バーモント州」,20180428
22393,8976,-- ジェローム・レトヴィン,20170124
22539,7454,リュシストラタは良いアイデアを持っていた。,20170814
16167,7927,マーフィーの法則が間違っている可能性があるなら、それは間違っているだろう。,20170618
63982,6993,名誉ある紳士は卑劣な犬である。」,20171120
60079,7272,99ブロックのゴミ！,20170308
19877,4291,蒸気配管工のピクニックで。,20170405
19877,1851,"        But this output can be
",20170316
19877,2420,"        But she started absorbin'
",20180424
73011,8548,イギリス史の中間試験の前夜、あなたの生物学の,20170727
77836,7386,ウェイター：「紅茶かコーヒー、どちらになさいますか？」,20171013
77836,6015,今日は空飛ぶ円盤に近づかないように。,20170120
77836,7929,生きている方がましだ。,20170422
79805,3037,警句があるなら、メタ警句もなければならない。,20180326
79805,9353,国が一流の経営の下で何ができるかを声高に。,20170930
79805,1728,薬局への道は遠いかもしれないが、宇宙に比べればピーナッツみたいなものだ。,20180216
38465,1600,弾丸に免疫がある」,20171031
38465,5124,"算数とは、""",20170729
38465,706,成功の秘訣は誠実さだ。それを偽ることを学べば、,20170419
59868,4652,「どんなに親しい友人でも、互いの葬式には参列できない。」,20170124
19309,712,あなたは賢く、機知に富み、素晴らしいが、あまりに多くの時間を,20180308
60894,9902,-- アルベルト・アインシュタイン,20170207
26467,1166,-- ビル・ホースト,20170627
37247,5104,体の方が良い。,20170629
37247,8068,中には何もない。,20180418
11132,9314,明かりがつく。,20170121
11132,8515,-- クリント・イーストウッド,20171214
11132,7773,それは宇宙を一つにまとめている…,20170524
22839,9917,確実である。そして、それらが確実である限り、それらは現実には言及しない。,20170412
22839,1763,-- マーク・トウェイン,20170321
22839,6015,もし神が完全なら、なぜ不連続関数を創造されたのか？,20180120
18874,5313,搾取の範囲から自分自身を。,20180107
18874,5195,講師はプラナリアについて200ページを課すだろう。,20170815
18874,9472,離婚から抜け出す。,20171226
31616,446,-- F・P・ジョーンズ,20170530
10904,703,そうだと告げられたとき,20170214
10904,4329,-- エルバート・ハバード,20171114
48100,7705,-- R・ガイス,20170215
48100,7684,すべてのプログラムをRPGで実行する！,20171219
48100,9570,コーナー、バーモント州」,20180125
23948,7773,自分がどこにいるか気にしないなら、迷子ではない。,20170129
23948,4987,「本当？なんて偶然、私も浅はかよ！」,20170323
23948,212,彼らに良いマナーを教える努力。,20171016
76085,1033,他人があなたのことをどう思っているか心配するな。彼らは,20180217
76085,6156,プログラミング。,20170515
52039,1552,時間とは、すべてが同時に起こらないようにするための自然の方法である。,20180412
52039,7093,電球を交換するのに、テックライターは何人必要か？,20180315
70472,2640,応用テロの第五法則：,20170122
70472,6085,クリスマスに子供にメンタルブロックを与えなさい。,20170708
80383,1994,多数派の側にいることに気づいたときはいつでも、,20170822
61231,1054,臆病者：危険な緊急事態に足で考える者。,20170608
61231,5778,彼は言った、「ああ、知っているよ」,20170529
12160,7523,「最適化コンパイラにおけるレジスタ割り付け」,20171020
12160,5593,-- ビル・ホースト,20170418
12160,4520,システム/3！,20170510
26832,1393,「三重アイソ分岐クリプトンゲートMOSプロセス…」,20170726
14417,3244,咳き込んでいる。」,20170520
14417,1290,どんな組織にも、常に一人は知っている人がいる。,20170804
14417,3139,一つ。,20180312
60685,8121,警官を避けるには良い日。学校まで這って行こう。,20180321
74323,7331,-- アラン・パーリス,20170910
74323,1654,CPUにいます我らのOSよ、御名をUNIXと称えさせたまえ。,20180323
74323,4017,プログラマー。,20180421
17817,4239,軍事諜報は矛盾した言葉である。,20170505
17817,7219,それが何か知っている。,20171018
17817,3952,波の上に立つ者もまた、サーフィンをする。,20170925
56476,1604,「なぜ私は不安なのか？」（ラテン語）,20170404
56476,8790,スープが治せないのは、母親への神経症的な依存である。,20171004
17652,1701,彼女は彼に、,20171015
17652,1410,"算数とは、""",20170105
17652,8873,"
",20180420
88099,8698,午前中は新しいプロジェクトに青信号。午後は交通に赤信号。,20180212
57189,4731,彼は、注文していない付け合わせでも見るかのように私を見た。,20171116
11794,18,-- 『ドクター・フー』より、准将,20171017
11794,8034,闇が漏れ出す。,20180416
11794,4291,自然な傾向に屈せよ。憎らしく、退屈であれ。,20170222
31075,3992,それは続かなかった。悪魔が「ホー！」と叫び,20170606
31075,3589,金を持つ者がルールを作る。,20170715
25297,66,今日は旅行が重要。明日、国税庁の役人が来る。,20180411
25297,9624,独身者とは、ある女性を,20170805
42538,7705,年齢に敬意を払え。たまには良いスコッチを飲め。,20170611
19282,7305,何が起こっているか。,20180220
19282,8417,プログラマー。,20170910
74537,1542,-- エルバート・ハバード,20180331
74537,2362,-- ヨハネ・パウロ1世,20180308
67147,8650,-- ヨハネ・パウロ1世,20180402
67147,5519,人を馬鹿と呼ぶな。彼から借りろ。,20170510
71916,4818,-- マクスウェル・スマート,20170115
71916,4464,彼を避けろ。彼は共産主義者だ。,20170112
71916,9130,客1：「紅茶をください」,20171123
54770,8455,あなたが偏執病だからといって、彼らがあなたを狙っていないとは限らない。,20170417
54770,4591,郵便。対応するエラーは、,20170114
54770,1999,「第三次世界大戦がどのような兵器で戦われるかはわからないが,20170411
62521,3201,ゼロックスは決して独創的なものを生み出さない。,20170512
62521,5162,しばらくサウスダコタでサーフィンをするな。,20180209
89912,5383,幸せな結婚をする方法は一つしかない。そして私が,20170802
89912,5922,今夜は半月。（少なくとも、月がないよりはましだ。）,20171202
89912,9319,主は、もしそうでなければ、なぜ我々にこれほどの素早い動きを与えられたのか。,20180312
69589,1625,一度。,20171108
69589,158,モリソンの官僚主義仮説：,20170111
69589,8542,-- F・P・ジョーンズ,20170524
44512,8249,グラフィックスについて：一枚の絵は1万語の価値がある――しかし、,20170930
44512,3322,"Today is the first day of the rest of the mess
",20171004
29518,5585,歌手がいなければ、オペラはどれほど素晴らしいだろう。,20180429
29518,3896,裸の腕を持つ権利を支持せよ！（武器を持つ権利(bear arms)との掛詞）,20170315
29518,5162,自己中心主義とは、親切な自然が痛みを和らげるために与える麻酔である。,20171030
30906,9673,もし誰かが、私がいつか教皇になると言っていたら、私は,20170419
30906,1851,-- マーク・トウェイン,20171122
30906,4351,自分の評判を考えなさい。名前を変えて、,20170414
40155,8025,事柄は常に支配的で制御的であった。,20170307
40155,8187,聞くことすべて、あるいは言うことすべてを信じるな。,20170405
40155,4219,本物のプログラマーはキッシュを食べない。実際、本物のプログラマーは,20180403
73017,6386,あなたのプログラムを説明しているときに聞き手がうなずいたら、,20170401
43269,2792,そして先月分を前払いで。,20171113
43269,6210,その間にタバコ。,20170507
50243,4072,私はあらゆる緊急事態には備えているが、日常には全く備えていない。,20170924
50243,9880,-- ジュール・ド・ゴルティエ,20170822
50243,1483,誰でも扱えるように作ることはできるが、,20171023
67847,9669,その道を。,20170102
67847,8979,もう一方。,20171215
44805,5966,-- R・ガイス,20180310
47198,6059,第一法則：働かずに何も得ることはできない。,20170130
47198,158,許可を得るより許しを得る方が簡単だ。,20170417
85724,70,あなたは間もなく認識されるかもしれない。隠れなさい。,20171217
98806,5778,ベアメタルで。アプリケーションプログラミングは、システム,20170415
99465,2640,西洋文明？,20171109
99465,916,良い忠告とは、悪い手本を示すには年を取りすぎた男が与えるものである。,20170314
99465,2253,-- D・J・ヒックス,20171003
87489,2501,爆弾。,20170812
87489,541,このゴミは、非常に高価な機械を通過した後,20170102
87489,9222,この人物は解雇されなければならない。,20170502
66673,2110,「そして、私と同じくらい大きくなったら何をするの？」,20170111
66673,9624,-- ハーバート・プロクナウ,20171202
66673,6636,-- ラ・ロシュフコー,20180104
22177,5628,警官だ。」,20180114
22177,6669,神は7日で世界を創造したのではない。6日間遊び呆けて,20171009
29309,1643,豚の愚かさだと思う。,20171004
29309,7466,我々のビデオプロセッサに『スタートレック3.2』をロードした。」,20170419
99594,9105,私は7つのハックを持つQuuxに出会った。,20170217
23808,1988,-- アンブローズ・ビアス,20170814
23808,2153,その構文はJOSSより悪い。,20170427
17868,3904,扱う。,20180203
77061,2526,エネルギーを節約せよ：無関心であれ。,20170126
77061,5493,-- ウィンストン・チャーチル,20170421
80616,4781,"I must have slipped a disk -- my pack hurts
",20180221
80616,8864,"
",20170327
80616,339,今週は自分で機会を作り出せる。上級,20171130
15608,1016,脳（動詞）：[「脳する」のように]  bluntly に、しかし pointedly ではなく叱責すること。,20170429
15608,4702,タイプライターで2つのキーを打つと、望まない方が,20171221
15608,241,予報官たち、そして超過預言者税を決定した。,20170926
70339,5011,有り余るエネルギーを発散させるには良い日だ。何か重いものを盗め。,20171227
70339,3841,今日はあなたが勝者になるだろう。4歳児に喧嘩を売れ。,20170604
70339,8315,客1：「紅茶をください」,20170812
35184,8773,死：突然罪を犯すのをやめること。,20180116
94448,43,ユーザー（名詞）：あなたが言ったことを何でも信じるプログラマー。,20170312
94448,5810,その間にタバコ。,20180213
94448,6589,-- G・B・ショー,20171028
82049,8902,-- エルバート・ハバード,20170828
82049,1001,サンフランシスコ？,20180418
63874,2253,今年の最悪野菜：芽キャベツ。これはまた、,20180207
63874,8826,街角の酒場を活性化させる。,20180110
63874,2306,新しい議員たちは政府を立て直すと言っている。私は,20170120
54837,1909,コンピュータの集中力は、その,20170304
54837,6004,彼らがその代金を払い続ける。,20170507
62981,3940,"Hail to the sun god
",20170913
62981,8997,-- ウォルト・ケリー,20171206
90689,5512,ワッフルにかけたことがある。,20171231
90689,5011,-- オスカー・ワイルド,20170219
90689,3209,外交とは、石を見つけるまで「いい子だね、ワンちゃん」と言い続ける技術である。,20171220
28747,126,プログラミング言語。,20180310
14348,1925,エラーのない重要な手紙は、,20171108
14348,9564,世界は終わる！悔い改め、図書館の本を返しなさい！,20170323
14348,5201,コンピュータ。,20170127
94392,2110,「もっと必要になるまで、乗り切るのに十分なだけ必要だ。」,20170627
94392,2183,彼らに良いマナーを教える努力。,20180415
94392,6136,木のように美しい広告看板。,20180117
10269,7364,-- マーク・トウェイン,20170919
68170,2167,彼らは私を偏執病に見せようとしているだけだ！,20170415
68170,8193,-- イディッシュ語のことわざ,20171227
68170,5162,理解するのが難しいだろう。,20170720
73402,8114,軍事諜報は矛盾した言葉である。,20180425
66930,7758,彼がその向こう側から現れるまで、あなたは彼を見ることはないだろう。,20170406
66930,4675,私はあなたが思うほど酔っていない。（I'm not as think as you drunk I am. の言葉遊び）,20170218
66930,5971,カリフォルニアは住むには良い場所だ――もしあなたがオレンジなら。,20170518
10250,9828,カリフォルニアは住むには良い場所だ――もしあなたがオレンジなら。,20171218
71697,7737,あなたが偏執病だからといって、彼らがあなたを狙っていないとは限らない。,20171015
35771,2831,調査の日。あなたは召喚されるだろう。,20180419
18743,4804,"Accuracy: The vice of being right
",20170727
75728,8777,時間を無駄にすることは、生きることの重要な一部である。,20170217
75728,8158,皮肉屋の目を、彼の視力を改善するために。,20180223
60999,7587,もしコンピュータが強力になりすぎたら、我々はそれらを,20170320
60999,2958,パン。,20170918
14787,5388,偏執病とは、単に人生に対する楽観的な見方である。,20180126
14787,2984,その絵を説明する。1万語のセットで適切に,20171010
14787,1054,低空飛行する蝶に注意。,20170206
12781,1751,永遠を傷つけずに時間を潰すことはできない。,20180331
55407,3640,"一目惚れは、""",20170821
55407,2404,持ち帰り試験を与えられると、どこに,20170506
55407,9319,タバコ：一端に火、もう一端に愚か者、そして,20170719
42423,5772,"WHERE CAN THE MATTER BE
",20171016
54388,7637,しばらくサウスダコタでサーフィンをするな。,20171020
63762,2526,コンピュータは絶対に間違わない。,20170713
63762,3841,-- マーク・トウェイン,20171005
63762,3323,結晶学のオタクたち。,20170428
26753,4029,エキサイティングなデラウェア、ニュージャージー。（バリー・フレッチャーの故郷！）,20170321
26753,4414,法は、その荘厳な平等において、富める者にも,20180409
81439,8898,99ブロックのゴミ！,20170621
81439,8071,「そして、私と同じくらい大きくなったら何をするの？」,20171009
36385,3629,コンピュータがクラッシュする。,20170330
36385,9558,結果が事前に分かっていない限り、資金提供機関は,20170915
73156,2152,チャイルドプルーフキャップに苦労するのは大人だけだ。,20170128
73156,364,-- ケーログ・アルブラン,20170604
50914,1093,起こる。,20170712
50914,3997,最適化は進化を妨げる。,20180408
50914,2193,より懸命に。,20170205
92241,61,酵素とは、生物学者が発明したものであり、,20171009
92241,4354,"He did his very best to make
",20180313
43658,3351,"        The apple fermented
",20180306
43658,4354,三人の友人。もし彼らが大丈夫なら、あなたがそうだ。,20170412
43658,2151,もし商品が「50ドル未満」と宣伝されているなら、それが19.95ドルでないことは確かだ。,20170417
97989,55,LSDは、その重さの47倍の過剰な現実を消費する。,20180413
97989,1001,"Advertisement: The most truthful part of a newspaper
",20170730
44997,9564,歴史の第一法則：,20170430
44997,7310,"It's not that I'm afraid to die.  I just don't want to be there when it
",20180421
44997,2640,フィルモア大統領を悪く言うな。彼は我々をベトナム戦争から遠ざけてくれた。,20180102
95206,2652,今日はあなたが勝者になるだろう。4歳児に喧嘩を売れ。,20170407
95206,7609,毛皮のコート。,20170118
54292,4612,ウィル・ロジャースが言ったように、「無料の,20180211
74902,1925,私はあらゆる緊急事態には備えているが、日常には全く備えていない。,20170203
18753,2365,平均的な男性は考えるよりも見ることの方が得意である。,20180413
77535,2886,プログラマーが英語で書けないことを見つけるだろう。,20180110
77535,6964,よそで。」,20170210
77535,1202,エネルギーを節約せよ：無関心であれ。,20170319
84303,388,馬鹿：人間社会において影響力を持つ、大きくて強力な部族のメンバー。,20170606
84303,7236,本物のプログラマーはFORTRANでは書かない。FORTRANは配管応力マニアや,20170311
42431,8997,本物のプログラマーはキッシュを食べない。実際、本物のプログラマーは,20171205
42431,1306,向かっている。,20180213
42431,7820,"        If an idea can survive a bureaucratic review and be implemented
",20180215
70138,2502,"Laetrile is the pits
",20170813
89753,7113,数学の法則が現実に関わる限り、それらは,20170613
89753,3115,"It's not that I'm afraid to die.  I just don't want to be there when it
",20180128
48664,777,文句は言えない、でも時々言ってしまう。,20171020
48664,5702,マーフィーの法則が間違っている可能性があるなら、それは間違っているだろう。,20170805
27282,6127,すべてのハックには7つのバグがあった。,20180331
27282,7257,あっちへ行け！邪魔だ！,20180206
27282,1202,"Vote anarchist
",20180411
45055,4507,想像力は、現実との戦いにおける唯一の武器である。,20171025
66386,1344,ジョージ・オーウェルは楽観主義者だった。,20171107
66386,4235,100ブロックのゴミ！,20170509
66386,6127,ダンという名の若い詩人がいた,20171117
24012,6571,もし商品が「50ドル未満」と宣伝されているなら、それが19.95ドルでないことは確かだ。,20170825
24012,5033,「新発売」および／または「改良」と表示されたものは、そうではない。その表示は,20180121
24012,5606,あなたが置いた場所から、見つけられない場所へ。,20170910
97926,5385,腐敗した：政治において、信任または利益のある職に就くこと。,20170706
97926,7219,エラーのない重要な手紙は、,20170221
36786,2910,1ビットたりとも取るな！,20171207
45667,3471,-- ジョージ・サンダースの最期の言葉,20171223
45667,6105,-- W・サマセット・モーム,20170105
45667,5287,自分自身を問題の一部として。,20180207
66978,7113,プログラムに合わせて仕様を変更する方が、その逆よりも簡単だ。,20180125
39863,7637,貧しい人々をお互いから守るために。,20180105
91626,1925,終わる。,20171023
91626,1670,-- アーサー・ナイマン,20180423
85850,4219,-- アーサー・ナイマン,20170228
85850,3284,聞くことすべて、あるいは言うことすべてを信じるな。,20170106
85850,3345,「三重アイソ分岐クリプトンゲートMOSプロセス…」,20171114
80045,4938,電球を交換するのに、テックライターは何人必要か？,20171207
70093,811,-- ブルース・レヴェレット,20170517
40224,9130,熱力学の三法則：,20170219
40224,3607,リメリックは複雑な芸術形式,20180406
40224,8864,もし時がすべての傷を癒すなら、なぜへそは変わらないのか？,20170925
62109,8207,ハンロンの剃刀：,20170404
72610,4219,候補者とは、金持ちから金をもらい、,20171212
31055,8040,暇な時間に現金を稼ごう――友達を脅迫せよ。,20171117
45072,4329,おそらく、広告看板が落ちてこない限りは,20170301
45072,1925,考えてみろ！VLSIがあれば、1平方センチメートルに100台のENIACを詰め込める！,20180317
77954,9162,分析され、新たな弱点に置き換えられる。,20171030
77954,9974,豚は、もし私が間違っていなければ,20170318
77954,7478,覚えておけ、たとえ出世競争に勝ったとしても――お前はまだネズミだ。,20180419
63428,871,すべてはトップダウンで構築されるべきだ、最初の時を除いては。,20180318
63428,6517,捨てられる運命にある：重要なのは、常にそれを,20170303
63428,1194,応用テロの第五法則：,20180411
57486,8538,"There once was a girl named Irene
",20170319
57486,2189,この国に必要なのは、良質な5セントの「何か」だ！,20170423
97519,6612,"
",20180414
97519,6659,よそで。」,20170430
28441,1290,"A city is a large community where people are lonesome together
",20170405
19661,6625,彼がその向こう側から現れるまで、あなたは彼を見ることはないだろう。,20180401
19661,9325,-- ヒレア・ベロック,20170524
19661,1851,一つ。,20171016
97486,3901,LISPプログラマーはすべての価値を知っているが、そのコストは,20170504
97486,1016,"Paul Revere was a tattle-tale
",20170730
92924,1360,それは続かなかった。悪魔が「ホー！」と叫び,20180310
92924,3755,そしてきれいなものは、めったに滑稽ではない。,20170824
92924,3896,コンピュータ。,20180312
27144,4069,-- マーク・トウェイン,20170202
27144,1033,人生はヨーヨーで、人類はその糸に結び目を作る。,20180305
55925,3997,趣味に余分な時間を費やせ。巻紙をたくさん手に入れろ。,20171001
55925,4387,メビウスの輪の上のネズミ,20180107
55925,709,ウェイター：「紅茶かコーヒー、どちらになさいますか？」,20171209
81626,2177,"Ass（尻/ロバ）：""lass""（娘）の男性形。",20170223
81626,2875,"There once was a girl named Irene
",20170515
95442,9773,人を馬鹿と呼ぶな。彼から借りろ。,20171014
95442,7271,もし神が我々に裸でいてほしかったなら、我々はそのように生まれていただろう。,20170720
95442,3841,-- マーク・トウェイン,20180424
12095,4892,「私は経済学者ではない。私は正直者だ！」,20171121
12095,4583,ハンロンの剃刀：,20170415
89226,6702,"
",20170920
89226,446,ダイナマイトで空高く吹き飛ばされる神聖な権利の目に見える兆候。,20171101
89226,2993,正気だ。」,20171027
28477,4219,今週は自分で機会を作り出せる。上級,20170122
28477,1670,ゼロックスは決して独創的なものを生み出さない。,20170731
28477,8605,年：365回の失望の期間。,20180212
27611,5858,反意語：あなたが考えようとしている言葉の反対。,20180309
27611,7110,我々にハムと豚肉とベーコンを与えてくれる。,20180106
27611,7297,-- ベラミー・ブルックス,20170429
70310,6254,-- ポール・マクラッケン,20170709
70310,3362,-- R・ガイス,20170517
70310,8456,-- ウディ・アレン,20180116
70391,136,さもなければ、より難しい思考を必要とする。,20170128
70391,2195,恩知らず：餌を与えてくれた手を噛み、そして文句を言う男。,20180223
40245,2526,扱いやすい：あなたは間違った問題を解決した。,20180126
23892,9559,覚えておけ、たとえ出世競争に勝ったとしても――お前はまだネズミだ。,20180109
23892,4485,国が一流の経営の下で何ができるかを声高に。,20171204
50161,5914,馬鹿：人間社会において影響力を持つ、大きくて強力な部族のメンバー。,20180208
37158,4273,何としても現実を避けよ。,20170529
37158,6894,すべてのプログラムには（少なくとも）二つの目的がある。一つは,20170601
37158,9375,ダイナマイトで空高く吹き飛ばされる神聖な権利の目に見える兆候。,20170214
26080,8476,デュシャームの教訓：,20171027
28547,1529,郵便。対応するエラーは、,20171122
75833,7990,嘘：真実の非常に粗末な代用品だが、発見された唯一のもの。,20170609
30113,8979,彼らがそれを売ってくれればいいのに。,20180225
30113,8442,今夜は料理するな――今日ネズミを餓死させろ！,20170815
29471,916,もしそうなら、そうなるだろう。しかし、そうではないから、そうではない。それが論理だ！,20170710
29471,8315,噂されていないことだ。,20180415
29471,3900,言った、「人生はサワークリームのボウルのようなものだ。」,20170525
13050,104,あなたは犬のような生活を送ってきた。家具から離れていなさい。,20180222
13050,8600,暇な時間に現金を稼ごう――友達を脅迫せよ。,20170205
13050,364,コーナー、バーモント州」,20170816
72137,3244,裸の腕を持つ権利を支持せよ！（武器を持つ権利(bear arms)との掛詞）,20180316
72137,5843,銀行家とは、太陽が輝いているときに傘を貸してくれ,20170801
72137,1229,本物のプログラマーのプログラムは、最初は決して正しく動かない。しかし、もしあなたが,20180427
58009,6656,もし神があなたに裸で歩き回ってほしかったなら、もっと大きな,20170802
34122,3640,瓦礫にすぎない,20170126
59796,6393,-- ブラウン・セキュリティ犯罪防止パンフレットより,20170217
59796,1033,-- ソーパー上院議員,20170309
59796,1988,"A.A.A.A.A.: An organization for drunks who drive
",20171010
19002,2501,-- イザヤ,20180312
68598,9105,-- ペギー・ジョイス,20170226
66260,712,少なくとも二つの人為的ミスを見つけるだろう、それを,20171125
66260,129,-- イディッシュ語のことわざ,20171031
66260,9590,何が起こっているか。,20170110
70400,276,システム、その主要な弱点がすべて露呈した,20180302
70400,2350,"Paul Revere was a tattle-tale
",20180106
70400,1894,驚くほど大きいかということだ。つまり、あなたは,20170329
45238,8667,何としても現実を避けよ。,20180120
45238,4137,政府機関の解決策があなたの問題に合わないとき、あなたは,20170408
12372,6801,他人はあなたに安定を求めるだろう。だから、,20170119
12372,3284,"        A new hydrocarbon
",20170401
12372,3779,-- W・C・フィールズ,20171226
53262,143,不在：友人や知人の攻撃にさらされること。中傷されること。,20170124
53262,8063,-- ビル・ホースト,20170606
96565,706,爆弾を禁止せよ。通常戦争のために世界を救え。,20171015
96565,2099,"
",20180321
96565,8380,彼がその向こう側から現れるまで、あなたは彼を見ることはないだろう。,20180323
84227,6999,大西洋を、口に動詞をくわえて。,20170628
16500,8109,人生をやり直せるかもしれない――もし最初の,20170516
16500,9222,瓦礫にすぎない,20180411
16500,3826,-- ジョージ・サンダースの最期の言葉,20170420
20442,1799,金を持つ者がルールを作る。,20170715
30997,2858,向かっている。,20171110
81283,5784,"God is a comic playing to an audience that's afraid to laugh
",20170517
81283,7182,"Bizarreness is the essence of the exotic
",20170204
81283,8068,白いひげを生やし、赤いスーツを着たぽっちゃりした男が間もなくあなたに近づくだろう。,20170902
38892,3,批判するが、もし皆に嫌われたら、あなたも偏執病になるだろう。,20180314
38892,6072,悪意に帰するな、,20180315
28017,2152,宇宙は大きい。あなたはそれがどれほど広大で、巨大で、心を,20170427
28017,8542,もし持ち込み可の試験を与えられたら、本を忘れるだろう。,20170827
53006,1701,「率直に申し上げましょう、ムッシュ。あなたを,20180226
53006,5104,"It's not that I'm afraid to die.  I just don't want to be there when it
",20171015
53006,3635,完全に避けられることを、明日に延ばすな。,20170911
97099,3204,いかにしてそうしないかを教えられなければならなかっただろう。偉大なプログラマーも同様である。,20180123
97099,6480,分子生物学者はデザイナー遺伝子（デザイナーズジーンズとの掛詞）を身に着けるのか？,20170515
97099,9406,第四次世界大戦は棒と石で戦われるだろう。」,20170630
24235,8315,天才には限界があるかもしれないが、愚かさにはそのような,20180224
16855,2559,"He did his very best to make
",20180309
16855,7587,歌手がいなければ、オペラはどれほど素晴らしいだろう。,20170524
48332,6659,そしてきれいなものは、めったに滑稽ではない。,20171125
48332,6878,政府機関の解決策があなたの問題に合わないとき、あなたは,20171201
48332,3823,イギリス史の中間試験の前夜、あなたの生物学の,20170511
66540,5091,コンピュータプログラミングの法則：,20170425
22115,8898,LISPプログラマーはすべての価値を知っているが、そのコストは,20171102
22115,2677,ゴイムを創造したのか？」一般的に受け入れられている答えは、「誰かが,20180207
81389,6210,そうに違いないと我々を安心させてくれる。,20170411
81389,9564,-- ジュール・ド・ゴルティエ,20170805
71272,7351,-- H・L・メンケン,20170313
90634,2306,縄は緩む。,20170117
54573,8433,3) 「もしお前が自分で思うほど賢いなら、,20170623
54573,7245,経済学者の間では、現実世界はしばしば特殊なケースである。,20170312
24516,6131,縄は緩む。,20180416
24516,5124,事柄は常に支配的で制御的であった。,20170716
22694,4063,さえ。,20170821
22694,5922,チャイルドプルーフキャップに苦労するのは大人だけだ。,20170614
88203,1799,それが何であれ、私は再び結婚するだろう。,20180301
88203,2558,フィナグルの信条：,20170709
88203,4982,-- D・J・ヒックス,20170917
36144,7386,写真の第三法則：,20170726
97274,811,人生。,20170306
97274,610,なし。「マニュアルに文書化しておく。」,20170418
97274,4381,長い目で見れば、すべてのプログラムはロココ調になり、そして瓦礫となる。,20170118
22586,7854,絵で説明される。,20170812
22586,1393,中には何もない。,20171223
22586,2089,白いひげを生やし、赤いスーツを着たぽっちゃりした男が間もなくあなたに近づくだろう。,20171114
36603,4915,我々にハムと豚肉とベーコンを与えてくれる。,20170301
36603,2831,正気だ。」,20180201
36603,3362,対処法を知らないエラー条件をテストするな。,20171020
59920,1004,相手が綴りを知っていること。,20170416
59920,2581,「何もしなくても誰が気にする？これは我々の新しい,20171007
59920,5858,それは、死んだ方がましだと思う人々のための時間つぶしの本だった。,20180302
86833,5412,そして薬はけいれんを引き起こす。,20170324
86833,9791,考えてみろ！VLSIがあれば、1平方センチメートルに100台のENIACを詰め込める！,20180407
91049,2731,12歳以降に。,20170914
28107,6101,第二法則：働くことで達成できる最大のことは、,20171026
28107,1750,ディスク上の99ブロックのゴミ,20171229
77686,8442,決して立ち止まって電話に出る必要がない。,20180221
77686,9673,-- ホークウインド,20171213
77686,4520,めったにきれいではなく,20180424
61524,1468,それは続かなかった。悪魔が「ホー！」と叫び,20170810
61524,9273,"        If an idea can survive a bureaucratic review and be implemented
",20170306
61524,7937,それを直し、そして…,20180429
40336,2967,腐敗した少数による、無能な多数の任命。,20171230
40336,3077,向かっている。,20170227
90195,315,そうに違いないと我々を安心させてくれる。,20170323
90195,7245,-- D・J・ヒックス,20171123
17097,719,明日！,20171221
17097,4252,他人に彼の心が大きいと思わせておけ,20180420
31869,1785,コンピュータにゴミを入れれば、ゴミしか出てこない。しかし,20170409
28437,6894,オーレオマイシン、コカイン、インターフェロン、そしてTLC。チキン,20170628
28437,2831,何が起こっているか。,20170102
28437,2501,科学は真実である。事実に惑わされるな。,20170419
67405,8778,あなたが置いた場所から、見つけられない場所へ。,20180102
17673,126,"It's not that I'm afraid to die.  I just don't want to be there when it
",20170124
17673,1599,-- アドレー・スティーブンソン,20180119
17673,1200,それが何か知っている。,20180419
22541,1344,有名な最期の言葉：,20180213
22541,3016,決して立ち止まって電話に出る必要がない。,20170505
22541,7390,そして彼女の内部でリンゴ酒を作った。,20180325
75149,1365,（ウェイター退場、そして再登場）,20170204
75149,6077,時間を無駄にすることは、生きることの重要な一部である。,20170209
72753,4351,ファッションとは、あまりに耐え難い醜さの一形態であり、我々はそれを,20170425
80675,9469,中傷された。,20171026
80675,3266,「そして、私と同じくらい大きくなったら何をするの？」,20170315
80675,2731,マーフィーの法則が間違っている可能性があるなら、それは間違っているだろう。,20170425
12677,8068,時空間スキップの中で。,20170911
61323,9289,不幸は仲間を好むが、仲間はそれに応えない。,20170305
61323,5839,「ラクダが針の穴を通るのは、それが,20170917
15689,1973,優越性は劣性である。,20180424
15689,1567,すべてのハックには7つのバグがあった。,20171020
15689,9599,"You have the capacity to learn from mistakes.  You'll learn a lot
",20180311
52579,3634,平均的な男性は考えるよりも見ることの方が得意である。,20170404
52579,2501,人工知能に一年費やせば、,20170410
52579,2940,覚えておけ、UNIXを逆から綴るとXINUになる。,20180426
30530,1728,後知恵は精密科学である。,20180308
30530,6436,闇が漏れ出す。,20170430
28492,6142,COBOLで書くかFORTRANで書くか。,20170104
28492,9924,あなたは賢く、機知に富み、素晴らしいが、あまりに多くの時間を,20171023
28492,3441,そして徹夜した。,20170402
93937,7705,そして薬はけいれんを引き起こす。,20170216
93937,6254,信仰とは、ピクニックでブラックベリージャムを食べることを可能にする資質である。,20170508
73735,9621,あなたは犬のような生活を送ってきた。家具から離れていなさい。,20170108
73735,8620,"        The apple fermented
",20180412
31856,5124,本物のプログラマーはキッシュを食べない。実際、本物のプログラマーは,20170717
31856,2506,さようなら。私は退屈だから去る。,20170208
31856,5362,"        Anything that can go wr
",20171128
53587,9472,機能する。,20180130
47925,7242,コンウェイの法則：,20170512
75510,1926,エラーのないプログラムを書く方法は二つある。三番目の方法だけが,20180223
75510,8476,熱力学の三法則：,20170818
75510,9171,"A limerick packs laughs anatomical
",20180318
37899,3900,第三法則：絶対零度でしか収支はとんとんにならない。,20171220
76803,1625,その5年間がいつ始まるかを我々は制御できない。,20171010
45428,4682,我々のお気に入りの独占企業によって作られた！,20180303
63044,7416,もし商品が「50ドル未満」と宣伝されているなら、それが19.95ドルでないことは確かだ。,20170624
63044,7259,ユーザー空間と同じようにカーネル空間でも！,20170506
63044,3841,不在：友人や知人の攻撃にさらされること。中傷されること。,20180323
61077,2600,候補者とは、金持ちから金をもらい、,20170710
70068,3896,写真の第三法則：,20171128
70068,6669,彼らがその代金を払い続ける。,20170304
70068,1520,絵で説明される。,20170203
74038,8859,分析され、新たな弱点に置き換えられる。,20170529
96417,9,サンフランシスコ？,20171124
96417,6292,ディスク上の100ブロックのゴミ！,20170728
29159,126,風呂に入る…,20170826
29159,1127,外交官とは、妻に,20170222
29159,104,ローマ帝国はなぜ崩壊したのか？事務所のラテン語は何？,20180218
75758,8778,今夜はコウモリに餌をやらないで。,20171210
75758,793,人生をやり直せるかもしれない――もし最初の,20171122
31062,2207,もし時がすべての傷を癒すなら、なぜへそは変わらないのか？,20170815
87233,2189,カミソリは痛い。,20170114
74842,1144,-- ブルース・レヴェレット,20170521
74842,1194,考えてみろ！VLSIがあれば、1平方センチメートルに100台のENIACを詰め込める！,20170409
74842,2110,「ボンベイの気候は、その住民が生活しなければならないほどのものである」,20180407
60167,7035,有名な最期の言葉：,20170711
60167,3123,そしてサン・ミョン・ムーン（文鮮明）！,20171127
36921,5061,早朝にコーヒーを飲むな。昼まで目が覚めてしまうぞ。,20170812
89484,2274,タルムードで最も古くから puzzling されてきた問題の一つは、「なぜ神は,20170403
89484,8859,すべてのプログラムは、他のプログラムの一部であり、めったに適合しない。,20171205
47579,537,釘。,20170305
47579,7637,-- ヒレア・ベロック,20170319
36941,9267,その絵を説明する。1万語のセットで適切に,20170224
36941,9289,自然な傾向に屈せよ。憎らしく、退屈であれ。,20180414
45476,3199,インテリよ、団結せよ！失うものは君たちの黄身（yolks=yokes=束縛）だけだ。,20180208
45476,6659,文学的なドイツ人が文章に飛び込むときはいつでも、それが最後だ。,20170413
45476,1229,団体では、すべてのメンバーを名誉あるものとして言及するのが通例である。例えば、「,20180223
73215,9314,それはかつて私を指していた。,20180414
71053,284,登山靴を職場に。万一、,20180107
71053,7156,ヴェリリンドの実験の法則：,20171119
71053,1811,"Vote anarchist
",20170428
73263,257,彼は、注文していない付け合わせでも見るかのように私を見た。,20170612
73263,1998,そして徹夜した。,20180419
73263,2227,死ぬ？とんでもない、友よ。バリモア家はそんな,20171130
13340,6447,なし。「マニュアルに文書化しておく。」,20170521
72248,6127,確率は50対50だ。,20180328
72248,5628,大きな財産を持って。」,20170508
72248,5735,その講師のコースのために勉強することを除いて。,20180217
52627,2044,"
",20171113
52627,7349,"Vote anarchist
",20180414
52627,8622,"If I traveled to the end of the rainbow
",20170407
62778,8977,おとぎ話：子供たちを新聞に備えさせるためのホラーストーリー。,20180428
62778,3915,明日！,20171023
80604,7888,"Bizarreness is the essence of the exotic
",20180209
80604,4387,"
",20180128
12534,4965,責任は常に権限を上回る。,20171104
12534,1194,答えは42だ。,20180404
35622,765,全面核戦争ゲームをプレイしますか？,20170508
35622,4859,裸の腕を持つ権利を支持せよ！（武器を持つ権利(bear arms)との掛詞）,20180203
35036,8132,それが何であれ、私は再び結婚するだろう。,20180429
35036,8600,めったにきれいではなく,20170919
97798,6114,今日は大きな嘘をつくな。小さな嘘でも同じくらい効果的だ。,20180216
97798,5030,銃は合法ではない。,20170906
86914,3444,"
",20180302
86914,3826,-- 愚者の辞書,20171105
99908,8306,そしてこの言語が行くところどこでも,20170314
99908,2089,幸せな結婚をする方法は一つしかない。そして私が,20170529
59299,916,"I think that I shall never see
",20180311
59299,3823,-- ケーログ・アルブラン,20180404
59299,8279,それ。,20171217
13598,8605,"There was a young lady from Hyde
",20170829
18458,3900,"不在者：収入があり、""",20170709
85865,9192,-- ジョン・マクナルティ,20180327
85865,5753,16歳以上で、美しく裕福で、,20180305
85865,6341,-- ソーパー上院議員,20170213
48402,706,チケット。,20170930
48402,2918,-- マーク・トウェイン,20170611
94279,1659,目…」,20170421
94279,1137,"        But she started absorbin'
",20180113
49728,482,ラー！ラー！ラー！,20180127
49728,6084,カミソリは痛い。,20180112
49728,649,-- リリー・トムリン,20170506
96979,4681,ラー！ラー！ラー！,20171010
96979,5702,信仰とは、ピクニックでブラックベリージャムを食べることを可能にする資質である。,20171102
50660,6722,軍法は正義にとって、軍楽が音楽にとってそうであるようなものだ。,20170916
41167,143,他人はあなたに安定を求めるだろう。だから、,20180315
33750,5157,-- ギゴ,20170415
33750,6843,男たちは黙ってお茶をすすっていた。しばらくして、不器用な男が,20171013
33750,6505,一度。,20170411
74328,8010,それは完全な損失だった。,20170209
74328,6852,朝。,20171218
58381,9615,世の中で噂されることより悪いことは一つしかない。そしてそれは,20170917
58381,690,やるべきことを先延ばしにするのに、今ほど良い時はない。,20180330
58381,9190,もし神が完全なら、なぜ不連続関数を創造されたのか？,20170404
40257,9673,-- マーク・トウェイン,20180213
74674,4029,警官を避けるには良い日。学校まで這って行こう。,20171015
74674,2272,"It's not that I'm afraid to die.  I just don't want to be there when it
",20170612
70926,3114,正気だ。」,20170323
70926,8121,2) 「お前と、どの軍隊だ？」,20171212
65969,8629,逆もまた然り。,20180414
41393,3652,経済学者の間では、現実世界はしばしば特殊なケースである。,20170725
41393,9030,時間を無駄にすることは、生きることの重要な一部である。,20180226
88671,493,「お前は母親のような男には決してなれない！」,20180210
32256,9007,アコーディオン：プリーツ付きのバグパイプ。,20170320
32256,9347,プログラマーが英語で書けるようにすれば、,20170312
69715,6878,しばらくハリケーンに近づかないように。,20170103
69715,4137,"It's because I try to put every possible syllable into that last line
",20170603
69715,2033,-- ジョン・オハラ,20170525
51599,5351,-- マクスウェル・スマート,20171007
50611,2986,教授とは、誰かの睡眠中に話す人のことである。,20171221
50611,8341,あなたのアナリストはあなたを別の患者と混同している。信じてはいけない。,20180209
50611,7498,-- H・L・メンケン,20171222
28293,6884,つまり、もしアパートを借りるなら、あなたは3つの,20170612
28293,7424,私は酒はやらない。,20170701
28293,3826,UFOは実在する。空軍は存在しない。,20170216
71191,8034,現実は幻覚の障害である。,20170108
71191,4915,-- ケーログ・アルブラン,20170519
98938,746,対処法を知らないエラー条件をテストするな。,20170912
98938,9677,「家具との議論は、めったに生産的ではない。」,20170709
98938,3053,この国に必要なのは、良質な5セントのニッケル硬貨だ。,20170521
98529,5927,コンピュータ科学の言語。強い型付けは記憶力の弱い人々のためのものだ。,20170705
98529,374,幸福：他人の不幸を熟考することから生じる心地よい感覚。,20180121
58180,3797,今日はあなたが勝者になるだろう。4歳児に喧嘩を売れ。,20180211
58180,2362,で責任を回避するか？,20171012
58180,2863,ディスク上の100ブロックのゴミ！,20170315
59978,1093,ローマ帝国はなぜ崩壊したのか？事務所のラテン語は何？,20171025
59978,6962,正直者：口がきけず、読み書きができない。,20170903
59978,8118,人生は玉ねぎのようなものだ。一枚一枚皮をむいていくと、,20170404
47224,1675,今日はあなたが勝者になるだろう。4歳児に喧嘩を売れ。,20180212
47224,4876,貧しい人々をお互いから守るために。,20180317
47224,8004,キリスト：少なくとも5000年早く生まれすぎた男。,20170315
96896,2918,ベアメタルで。アプリケーションプログラミングは、システム,20180426
96896,2716,警官だ。」,20170828
96896,1137,丸一日得られない。可能な限り2月は避けよう。,20170809
94832,8642,来週の金曜日はあなたの幸運な日ではない。実を言うと、あなたは,20170129
38414,8476,自由で、オープンで、陽気であれ！楽しめ！事態はこれ以上良くならないから,20171226
10127,4892,改革するために。,20170914
10127,6505,それは続かなかった。悪魔が「ホー！」と叫び,20171005
68858,8785,-- 『銀河ヒッチハイク・ガイド』,20170513
61591,5605,電気処刑：すべての現代的な改良が施された火あぶり。,20171118
61591,7378,毛皮のコート。,20170105
72488,1389,会話：息を切らしている方が,20170717
72488,3007,物忘れ：神が債務者に、,20170613
72488,8631,鍋は向こうの端にある。,20170814
10605,8383,-- ケーログ・アルブラン,20170514
10605,4414,-- エルバート・ハバード,20170506
65416,1923,あなたが置いた場所から、見つけられない場所へ。,20171217
65416,8667,波は滑らかで輝いている――,20171127
34962,1581,あなたは大きな音に驚くだろう。,20180402
34962,7310,-- アーサー・ナイマン,20171203
34962,6999,自分自身を問題の一部として。,20170111
88916,1143,SQL交響楽団コンサート,20170113
15355,6962,この国に必要なのは、良質な5セントの「何か」だ！,20170724
15355,6178,チャイルドプルーフキャップに苦労するのは大人だけだ。,20180107
44954,9924,100ブロックのゴミ！,20170428
44954,5030,扱う。,20170822
44954,3187,名誉ある：手の届く範囲に障害があること。立法府では,20170624
15462,6101,許可を得るより許しを得る方が簡単だ。,20180326
53260,7378,歴史は繰り返さない――歴史家が互いに繰り返すだけだ。,20180102
53260,7227,深まる憂鬱の中で、あなたの犬がようやく,20170830
42635,3952,"Paul Revere was a tattle-tale
",20171205
42635,5469,赤ん坊とは、一端に大きな声、もう一端に,20170619
59047,388,チケット。,20171002
59047,9776,チャイルドプルーフキャップに苦労するのは大人だけだ。,20170507
59047,8363,道徳的にハンディキャップのある人を雇いなさい。,20170320
30662,5867,ツバメがカピストラーノに着陸するのを手伝おう。,20170708
49926,786,ヴァン・ロイの法則：,20170210
49926,5383,長い目で見れば、すべてのプログラムはロココ調になり、そして瓦礫となる。,20180106
62415,3810,-- アンブローズ・ビアス,20170103
62549,2183,症状、兆候、バグ、そしてハック。,20170918
62549,8542,彼らは通常、処女を,20180102
83297,6004,人生はヨーヨーで、人類はその糸に結び目を作る。,20170323
83297,43,全国半袖シャツ協会は言う：,20170818
83297,3779,それは彼らが徹夜していたからだ。,20170531
87321,3244,機械室の真ん中に。,20170701
87321,1344,偏執病の人も人間だ。彼らにも彼ら自身の問題がある。簡単に,20180124
87321,402,さもなければ、より難しい思考を必要とする。,20171125
67601,1581,エラーのない重要な手紙は、,20170108
29811,2350,人間は赤面する唯一の動物である――あるいは、そうする必要がある唯一の動物である。,20170302
29811,2595,プロジェクトMACでの損失はどれくらいか？,20170713
29811,9828,"Time flies like an arrow
",20170227
61016,2362,サンフランシスコ？,20180211
61016,1144,-- 『銀河ヒッチハイク・ガイド』,20180328
61016,2875,もし持ち込み可の試験を与えられたら、本を忘れるだろう。,20171210
21638,690,"God is a comic playing to an audience that's afraid to laugh
",20170409
21638,5536,そしてそれ以来、ベンゼン（been seen=見られたとの掛詞）になったことはない。,20180223
70622,346,メッセージが郵便で届く。FBIに見られる前に破壊せよ。,20180102
22880,4044,-- アルベルト・アインシュタイン,20180420
22880,9472,-- ドクター・フー,20170318
22880,7466,時空間スキップの中で。,20170130
92918,4951,-- R・ガイス,20170116
92918,8341,ブラッドリーの陳腐な言葉：,20170503
42169,2264,間違いはしばしば、完全な失敗への踏み石となる。,20171028
45267,1623,外交官とは、妻に,20170115
45267,8620,ガンジー：それは良い考えだと思う。,20170712
26796,1202,予定説は最初から運命づけられていた。,20171203
26796,1106,アコーディオン：プリーツ付きのバグパイプ。,20170207
26796,2933,1分がどれだけ長いかは、トイレのドアのどちら側にいるかによる。,20171017
68645,4581,-- ドロシー・パーカー,20180201
68645,2193,グループの人数によって。,20180415
66764,8084,すべての兆候には7つの症状があった。,20170911
66764,6184,-- F・P・ジョーンズ,20180424
66764,6789,優越性は劣性である。,20170528
90890,2274,第一法則：働かずに何も得ることはできない。,20170709
90890,1600,-- ドン・クイン,20180115
95984,8421,コンウェイの法則：,20170731
95984,315,何もない。,20170802
67004,9110,科学とは、先入観が検証に出会ったときに起こることである。,20170719
98463,5201,タイプライターは、感情を込めて演奏されると、,20170103
98463,6894,神を。,20170504
74490,8559,「なぜ足の甲に特別な名前がないんだろう？」,20171206
74490,418,相手のエラーの原因を取り除くこと。,20180216
72103,9828,-- ジョー・ウォルシュ,20170427
72103,1054,責任は常に権限を上回る。,20170101
49550,8977,あなたは大きな音に驚くだろう。,20171227
49550,8025,よそで。」,20180423
91401,932,ディスク上の99ブロックのゴミ,20180204
91401,9791,ヴェリリンドの実験の法則：,20180128
18495,284,そしてサン・ミョン・ムーン（文鮮明）！,20170820
18495,9877,プロジェクトMACでの損失はどれくらいか？,20171021
18495,1163,予算とは、金を使う前に心配するための方法に過ぎない。,20180212
83470,8997,それに慣れろ。,20170205
50206,6815,赤ん坊とは、一端に大きな声、もう一端に,20180408
50206,1675,心配するために。,20170821
92828,4930,俗語とは、コートを脱ぎ、手に唾を吐きかけ、,20170820
84079,3209,"
",20170818
19019,5966,-- ウディ・アレン,20170519
81432,1923,今日は何か変わったことをしなさい。請求書を払いなさい。,20170915
81432,8403,-- ラザルス・ロング,20170126
81432,9780,コンピュータがクラッシュする。,20170119
62479,4291,ソフトウェアが他の何物とも似ておらず、それが,20170807
62479,9087,人工知能に一年費やせば、,20170301
36923,7854,闇が漏れ出す。,20171209
36923,6084,そうだと告げられたとき,20180124
36923,7219,Q: 電球を交換するのに、オレゴン州民は何人必要か？,20180405
11412,9185,今月は忘れられない月になるだろう――どんなに忘れようとしても。,20170706
11412,3072,「私がしてほしいことを言いなさい」と言ったら、彼にロリポップをあげなさい。,20180303
11412,4675,確実である。そして、それらが確実である限り、それらは現実には言及しない。,20171022
63422,5282,調査の日。あなたは召喚されるだろう。,20171202
98206,9388,先週の火曜日がつまらなかったと思うなら、何が起こるか待ってみなさい。,20171222
98206,7466,1分がどれだけ長いかは、トイレのドアのどちら側にいるかによる。,20170217
81136,816,力の限り輝いて：,20171220
81136,6521,-- ドクター・フー,20171223
81136,8949,素人のためのプログラミングに関する最高の本は『不思議の国のアリス』だ。,20170530
20032,7822,"BLISS is ignorance
",20180205
20032,5011,経済学者の間では、現実世界はしばしば特殊なケースである。,20180204
20032,3471,ユーザー（名詞）：あなたが言ったことを何でも信じるプログラマー。,20180202
44921,1866,手。,20170929
44921,5590,"Paul Revere was a tattle-tale
",20170326
43761,8521,午前中は新しいプロジェクトに青信号。午後は交通に赤信号。,20170311
41948,4006,"to justify God's ways to man
",20171106
41948,4507,大統領や王から地の果てのクズまで…,20180228
41948,8132,あなたは賢く、機知に富み、素晴らしいが、あまりに多くの時間を,20180430
44734,6843,-ディープ・ソート,20170708
44734,3471,そしてサン・ミョン・ムーン（文鮮明）！,20170131
44734,5999,コンピュータの集中力は、その,20180420
95324,8939,質問：,20180130
95324,6589,咳き込んでいる。」,20170314
98314,1925,は一時的に中止されます。,20171102
98314,7587,パリティがわずかに失われている。,20171028
98314,3007,"I think that I shall never see
",20170520
14612,6185,例。,20170918
14612,3463,"Hail to the sun god
",20180117
78921,6765,覚えておけ、UNIXを逆から綴るとXINUになる。,20170101
93080,4859,「サワークリームのボウルのように？」と他方が尋ねた。「なぜ？」,20180129
39566,3151,科学は真実である。事実に惑わされるな。,20170630
39566,865,-- R・ガイス,20171001
39566,4017,今年の最悪野菜：芽キャベツ。これはまた、,20170629
16598,932,今日まで。,20180117
16598,8753,爆弾を禁止せよ。通常戦争のために世界を救え。,20170504
16598,9612,世の中で噂されることより悪いことは一つしかない。そしてそれは,20171002
90685,4884,-- メイシーズ,20171123
90685,9335,客2：「私も――そしてグラスがきれいであることを確認してくれ！」,20170303
90685,5294,そして先月分を前払いで。,20171211
88633,3201,「最適化コンパイラにおけるレジスタ割り付け」,20170422
88633,1155,タイプライターで2つのキーを打つと、望まない方が,20170810
49662,4062,第三法則：絶対零度でしか収支はとんとんにならない。,20170129
36306,9145,波の上に立つ者もまた、サーフィンをする。,20180104
24657,3,-- アーサー・ナイマン,20180214
46617,158,人生をやり直せるかもしれない――もし最初の,20171201
16607,3114,電球を交換するのに、ハードウェアエンジニアは何人必要か？,20170515
16607,816,写真の第三法則：,20170907
13625,6767,"God is a comic playing to an audience that's afraid to laugh
",20171202
13625,7333,メビウスの輪の上のネズミ,20170801
79887,2195,"God is a polythiest
",20170805
79887,5784,無政府状態は最良の統治形態ではないかもしれないが、,20170901
79887,174,経済学者の間では、現実世界はしばしば特殊なケースである。,20171121
72577,5858,LISPプログラマーはすべての価値を知っているが、そのコストは,20170816
44447,232,-- H・L・メンケン,20170904
44447,9150,-- ベラミー・ブルックス,20170117
44447,1202,他人があなたのことをどう思っているか心配するな。彼らは,20180310
10565,8363,コンピュータ科学の言語。強い型付けは記憶力の弱い人々のためのものだ。,20170615
10565,1670,それを直し、そして…,20171108
73255,2714,グループの人数によって。,20180326
43662,446,相手が綴りを知っていること。,20170512
43662,2789,-- マーク・トウェイン,20171020
68828,1667,運勢：セグメンテーション違反――コアダンプ,20171030
48594,2002,会話：息を切らしている方が,20170914
48594,3382,機能する。,20170726
48594,4470,記者（マハトマ・ガンジーへ）：ガンジーさん、,20170518
31388,8883,縄は緩む。,20170921
16247,8360,99ブロックのゴミ！,20170314
16247,968,瓦礫を跳ねさせる,20171120
16247,1288,もしそうなら、そうなるだろう。しかし、そうではないから、そうではない。それが論理だ！,20171228
82255,4290,電気技術者はより少ない抵抗でやる。,20180426
44312,8071,本物のプログラマーは9時から5時まで働かない。もし本物のプログラマーが午前9時頃にいるなら,20170419
44312,1909,UFOは実在する。空軍は存在しない。,20180318
44312,8012,-- ドロシー・パーカー,20180320
15544,3915,オーレオマイシン、コカイン、インターフェロン、そしてTLC。チキン,20180103
15544,3376,批判するが、もし皆に嫌われたら、あなたも偏執病になるだろう。,20171203
21928,1743,それに慣れろ。,20171221
99645,4491,神は言われた。「ニュートンあれ」と。するとすべてが光であった。,20180423
99645,1837,-- イディッシュ語のことわざ,20170613
91896,4300,今日は空飛ぶ円盤に近づかないように。,20180309
91896,4062,神は練習のために愚か者を作り、そして教育委員会を作った。,20171025
17341,9250,ミニーマウスは迷路を覚えるのが遅い。,20170329
17341,8315,"Time flies like an arrow
",20180110
60611,5478,質問：,20171024
48953,4470,神は7日で世界を創造したのではない。6日間遊び呆けて,20171107
48953,5396,-- ホークウインド,20180416
48953,5829,-- ジョージ・サンダースの最期の言葉,20170807
15301,8804,歴史の第一法則：,20170524
15301,3225,「そして、私と同じくらい大きくなったら何をするの？」,20170529
15301,8657,自分自身を問題の一部として。,20170105
85420,6642,"一目惚れは、""",20170612
31169,1344,変化。,20171220
31169,1783,もう一方には責任が。,20170111
35072,9250,さもなければ、より難しい思考を必要とする。,20171122
35072,9030,床を磨いたり、その他のエキサイティングなことをするのに最適な日。,20171126
35072,5061,本物のプログラマーはアプリケーションプログラムを書かない。彼らは,20170226
16770,3953,2) 「お前と、どの軍隊だ？」,20171119
16770,6517,来週の金曜日はあなたの幸運な日ではない。実を言うと、あなたは,20180312
15581,7946,デバッグセッション。,20170927
15581,4470,彼を。,20170309
96625,3997,コンピュータが、事実を印刷するために,20180206
96625,7275,噂されていないことだ。,20170531
96625,6815,「私がしてほしいことを言いなさい」と言ったら、彼にロリポップをあげなさい。,20180422
44605,2917,ジョージ・オーウェルは楽観主義者だった。,20170119
70776,2559,有名な最期の言葉：,20180209
70776,1604,プログラミングについての考え方に影響を与えない言語は,20171031
70776,3357,人を馬鹿と呼ぶな。彼から借りろ。,20170506
86577,1066,は去ることだった。,20170705
86577,2953,-- ベルトルト・ブレヒト,20171128
94406,1563,電球を交換するのに、テックライターは何人必要か？,20170224
94406,8869,明日！,20171112
72871,537,ダイヤルトーンを求めて。,20170114
72871,1714,もし10個のパラメータを持つプロシージャがあるなら、おそらくいくつか見逃している。,20170209
72871,7995,コンピュータの集中力は、その,20171112
73872,3297,しかし、科学者たちは、知っているはずなのに,20170322
15797,9924,低空飛行する蝶に注意。,20170115
65264,3607,1分がどれだけ長いかは、トイレのドアのどちら側にいるかによる。,20170507
80354,482,好機は常に、最も不都合な瞬間に訪れる。,20180307
80354,3,ファッションとは、あまりに耐え難い醜さの一形態であり、我々はそれを,20170221
35535,4006,平均的な男性は考えるよりも見ることの方が得意である。,20170915
93001,6894,-- トーマス・ジェファーソン,20180314
27585,1104,今日は象の唇にキスをするな。,20171124
27585,295,紙に当たる。,20170318
49701,2573,デュシャームの教訓：,20171228
90837,6341,何もない。,20171018
90837,6740,もしコンピュータが強力になりすぎたら、我々はそれらを,20170530
52002,7245,新しい町。,20170629
52002,1811,「商品市場で小金を稼ぐ方法は、始めることだ」,20180104
97986,3187,中傷された。,20170814
25133,9222,そのモニターは完全に負ける！,20170304
87207,2264,-- マーク・トウェイン,20170515
87207,4674,あなたが置いた場所から、見つけられない場所へ。,20170927
60543,7331,速報！人類の知能が低下中。詳細は…ええと、いつだったか,20171122
97297,6801,旗。,20170806
43239,4986,「もっと必要になるまで、乗り切るのに十分なだけ必要だ。」,20180413
40120,7305,警官を避けるには良い日。学校まで這って行こう。,20171112
40120,4429,-- エルバート・ハバード,20180430
40120,6517,"
",20170228
73770,6254,マーフィーの法則が間違っている可能性があるなら、それは間違っているだろう。,20171229
73770,7386,名誉ある：手の届く範囲に障害があること。立法府では,20170107
37148,8315,もし神があなたに裸で歩き回ってほしかったなら、もっと大きな,20170324
37148,2888,結果が事前に分かっていない限り、資金提供機関は,20170602
37148,4004,チキンスープ：,20180501
62901,8909,"Familiarity breeds attempt
",20170324
62901,9145,今日は空飛ぶ円盤に近づかないように。,20180210
62901,5003,何としても現実を避けよ。,20180316
91880,6869,教授とは、誰かの睡眠中に話す人のことである。,20170424
98710,4381,「一度でいいから、,20170412
51963,6022,サンフランシスコはかつての姿ではなく、そして決してそうではなかった。,20170629
51963,7773,-- アラン・パーリス,20170103
51963,8977,柔和な者は地を受け継ぐだろう――彼らは弱すぎて断れないのだ。,20171226
91432,1675,「成功できるのに、なぜ男でいる必要がある？」,20171026
91432,3157,全国半袖シャツ協会は言う：,20180425
91432,7364,分析され、新たな弱点に置き換えられる。,20170702
97850,2362,-- マーク・トウェイン,20170415
97850,2338,フィナグルの信条：,20170206
97850,6178,"Laetrile is the pits
",20180220
73221,6447,神は練習のために愚か者を作り、そして教育委員会を作った。,20171107
73221,9046,"If I traveled to the end of the rainbow
",20170225
40282,9924,悪意に帰するな、,20170530
66700,5517,何が起こっているか。,20170203
55785,5282,歴史は繰り返さない――歴史家が互いに繰り返すだけだ。,20180102
55785,9260,-- アーサー・ナイマン,20170520
55785,4781,そして他のエロティックな効果。,20170825
46188,3471,深まる憂鬱の中で、あなたの犬がようやく,20171009
30684,7837,IBMにはPL/Iがあった,20170822
80307,6658,科学には何か魅力的なものがある。人はそのような卸売りの,20170814
80307,610,死ぬことは非常に退屈で陰気なことだ。そして、君への私のアドバイスは,20170821
43987,8078,バグを修正し、再びダンプする：,20170307
43987,1104,インテリよ、団結せよ！失うものは君たちの黄身（yolks=yokes=束縛）だけだ。,20170617
15088,9150,先週の火曜日がつまらなかったと思うなら、何が起こるか待ってみなさい。,20170714
15088,9773,"        The mouse dissolved
",20171122
53088,4291,プロジェクトMACを通り過ぎたとき,20170719
53088,1028,それが何か知っている。,20170328
23618,1763,他人があなたのことをどう思っているか心配するな。彼らは,20170421
85361,6178,すべてのプログラムは、他のプログラムの一部であり、めったに適合しない。,20180326
35979,1056,エラーのない重要な手紙は、,20180122
50977,5287,講師はプラナリアについて200ページを課すだろう。,20170418
10935,3213,決して立ち止まって電話に出る必要がない。,20171004
10935,6625,彼は、注文していない付け合わせでも見るかのように私を見た。,20170720
10935,3444,オーレオマイシン、コカイン、インターフェロン、そしてTLC。チキン,20170828
89800,3007,すべてが可能だが、,20180218
69907,8773,ミッキーマウスはスピロ・アグニューの腕時計をしている。,20170503
69907,9335,青リンゴを食べて死んだ。,20171128
69907,1396,父親は幼い息子に尋ねた。,20170325
64702,1137,永遠を傷つけずに時間を潰すことはできない。,20180408
94035,9046,大学とは、教員が,20170513
32534,3137,"Who lived on distilled kerosene
",20171123
29425,1654,ローマ帝国はなぜ崩壊したのか？事務所のラテン語は何？,20170808
29425,4581,それが、点で対になって,20171217
29425,7535,-- ケーログ・アルブラン,20170915
15058,4429,正義：あなたに有利な決定。,20171027
15058,8476,"A.A.A.A.A.: An organization for drunks who drive
",20180228
15058,765,本ではなく、スープを濃縮せよ！,20171005
96947,4059,広い心：高邁な精神を平らにした結果。,20180224
96947,3115,メニュー：レストランがちょうど品切れにした料理のリスト。,20170424
96947,5593,コンピュータの集中力は、その,20170201
50305,5195,捨てられる運命にある：重要なのは、常にそれを,20170205
50305,7182,子供は、,20180123
64626,9347,-- アルベルト・アインシュタイン,20180215
79882,4004,誰も確信していないこと。,20170518
35808,8633,プログラミングについての考え方に影響を与えない言語は,20170810
35808,2241,コンピュータにゴミを入れれば、ゴミしか出てこない。しかし,20171017
35808,1389,この種のゴミ。,20180131
33540,6884,自動車：丘を駆け上がり、人々を駆け下りる四輪車。,20170915
33540,5865,正直者：口がきけず、読み書きができない。,20170330
43779,1393,-- R・ガイス,20180417
43779,5042,"God is not dead!  He's alive and autographing bibles at Cody's
",20171128
43779,8152,決して美徳の道に迷い込むな。,20180126
62892,5843,「要するに、_Nがリシャール的であるのは、_Nがリシャール的でない場合に限る。」,20170227
28901,8559,-- ルイス・キャロル,20180427
28901,3384,3) 「もしお前が自分で思うほど賢いなら、,20180306
28901,2735,低空飛行する蝶に注意。,20170422
12468,1143,SQL交響楽団コンサート,20170429
12468,1143,SQL交響楽団コンサート,20170929
39891,1087,コンピュータが人間より多くの仕事をこなせる一つの良い理由は、彼らが,20180116
36808,5702,エラーのない重要な手紙は、,20171018
36808,4429,今年はハンニバル・デーを祝おう。象を昼食に連れて行け。,20180204
36808,5715,子供は、,20180109
28031,1623,コンピュータが、事実を印刷するために,20180124
28031,5865,核攻撃の場合、学校での祈りを禁じる連邦政府の判決は,20171015
28031,719,イギリス史の中間試験の前夜、あなたの生物学の,20170510
87103,4290,すべての兆候には7つの症状があった。,20171231
87103,9773,1ビットたりとも取るな！,20171217
87103,5972,"God is a polythiest
",20180111
70206,9974,ベアメタルで。アプリケーションプログラミングは、システム,20171014
70206,8666,-- カール・ツヴァンツィヒ,20171023
59420,5715,我々のビデオプロセッサに『スタートレック3.2』をロードした。」,20170830
59420,2984,-- ブラウン・セキュリティ犯罪防止パンフレットより,20171206
79970,1978,すべてのバグには7つの兆候があった。,20170218
96249,9434,民主主義とは、国が一流の経営の下で何ができるか疑問に思うことが許される統治形態である。,20180415
96249,4195,「私がしてほしいことを言いなさい」と言ったら、彼にロリポップをあげなさい。,20171204
96252,706,我々にハムと豚肉とベーコンを与えてくれる。,20171018
96252,7711,今年の最悪野菜：芽キャベツ。これはまた、,20170123
96252,2886,精神科医は4人に1人が精神的に病んでいると言う。,20170302
58118,4687,講師はプラナリアについて200ページを課すだろう。,20170331
58118,1743,-- ラザルス・ロング,20170129
58118,339,他人があなたのことをどう思っているか心配するな。彼らは,20170628
26765,5715,私は酒はやらない。,20171222
26765,924,キリスト：少なくとも5000年早く生まれすぎた男。,20170131
74728,3225,批判するが、もし皆に嫌われたら、あなたも偏執病になるだろう。,20170912
67839,3629,「成功できるのに、なぜ男でいる必要がある？」,20180306
67839,3115,"I think that I shall never see
",20171012
20620,2218,電球を交換するのに、テックライターは何人必要か？,20170409
20620,7990,「お前は母親のような男には決してなれない！」,20171106
20620,5829,機械上で、彼らは「ほんの数回」の30時間で動作するようにパッチを当てることができる。,20180113
78617,1563,死ぬ：突然罪を犯すのをやめること。,20180314
78617,4675,「もし神が地上に住んでいたら、人々は彼の窓をすべて叩き割るだろう。」,20170529
86413,1193,"        Every instructor assumes that you have nothing else to do
",20171028
86413,6572,法は、その荘厳な平等において、富める者にも,20170602
20656,4652,波の上に立つ者もまた、サーフィンをする。,20170513
20656,9222,コンピュータにゴミを入れれば、ゴミしか出てこない。しかし,20171107
20656,3382,彼らに良いマナーを教える努力。,20170825
73843,9771,そして彼女の内部でリンゴ酒を作った。,20170911
73843,1054,"Death is nature's way of telling you to slow down
",20171122
73843,6142,-- D・J・ヒックス,20170721
84376,9267,-- ヒレア・ベロック,20171004
84376,9828,-- ヒレア・ベロック,20170803
84376,3297,電気技術者はより少ない抵抗でやる。,20180130
22642,7110,系論：,20170126
72859,4143,"
",20180214
80164,3595,99ブロックのゴミ！,20170415
80164,737,電球を交換するのに、ハードウェアエンジニアは何人必要か？,20171105
80164,4965,-- サルヴァー・ハーディン,20170917
85471,1056,人間は、,20180330
73894,3151,機械室の真ん中に。,20170322
73894,8082,「すべての肉は草である」,20180131
73894,5648,優越性は劣性である。,20170129
54233,1143,SQL交響楽団コンサート,20170401
54233,1143,SQL交響楽団コンサート,20170625
54233,1143,SQL交響楽団コンサート,20170916
54233,1143,SQL交響楽団コンサート,20180306
29844,8600,皮肉屋：物事をありのままに、あるべき姿ではなく見る、欠陥のある視力を持つ悪党。,20170409
11751,6072,本物のプログラマーは文書化しない。ドキュメントは、,20170303
11751,6579,来年の最悪野菜。,20170113
11751,3187,第一法則：働かずに何も得ることはできない。,20170509
94656,1360,自動化？,20170720
94656,3187,-- バート・ウィットニー,20180425
99485,1266,-- ウィンストン・チャーチル,20171122
40670,9064,西洋文明？,20170809
40670,134,種が動くかどうかを見ずに。,20171229
40670,1542,ファッションとは、あまりに耐え難い醜さの一形態であり、我々はそれを,20170704
32264,8416,モグラの問題かい？,20180222
79704,5015,興味深いものは何も簡単ではない。,20170801
52360,5880,彼らがあなたのことをどう思っているか心配することで忙しい。,20170509
52360,8158,共同制作：,20171106
49482,3151,街角の酒場を活性化させる。,20171231
49482,8836,それに慣れろ。,20180220
33498,5585,メッセージが郵便で届く。FBIに見られる前に破壊せよ。,20171027
33498,9681,ニヒリズムは自己から始めるべきだ。,20170902
57188,8061,彼らの話題は主にセックスに及ぶ。,20180416
57188,2831,"There's no future in time travel
",20171013
57188,1200,年間最悪の月：2月。2月は28日しかなく,20171214
24461,3297,離婚から抜け出す。,20170718
78927,134,正義：あなたに有利な決定。,20170315
78267,8964,助けを必要としている旧友をがっかりさせるには良い日だ。,20170605
78267,5089,今日。,20171222
78267,8207,警官だ。」,20180324
56471,1728,助けを必要としている旧友をがっかりさせるには良い日だ。,20170724
80223,3869,ああ、決して、決して疑うまい,20170421
80223,3952,「私たちは気にしない。気にする必要はない。私たちは電話会社だから。」,20170520
59756,1360,あなたは間もなく認識されるかもしれない。隠れなさい。,20170629
59756,9137,第四次世界大戦は棒と石で戦われるだろう。」,20180419
59756,4876,戴冠式：君主に外見上と,20170708
20212,17,時間だ！」,20170228
85280,6753,歴史の第一法則：,20170514
85280,9738,宇宙は大きい。あなたはそれがどれほど広大で、巨大で、心を,20171029
85280,6965,そして雨が降り出した途端にそれを返して欲しがる。,20170514
92952,6914,精神病院：楽観主義が最も栄える場所。,20170730
92952,8898,改善する。,20170828
92952,2002,自分の評判を考えなさい。名前を変えて、,20170511
12971,7773,両利きになるためなら右腕を差し出してもいい。,20171119
12971,4941,郵便。対応するエラーは、,20171125
75543,1054,チケット。,20180205
81999,9923,「演技とは、観客に,20170505
25877,5015,今年はハンニバル・デーを祝おう。象を昼食に連れて行け。,20170921
29608,6969,最も短い、けれど。,20170803
29608,6843,"I think that I shall never see
",20180113
29608,4675,後からよりも。,20170715
37393,4674,チキンスープ：,20171007
42364,124,「率直に申し上げましょう、ムッシュ。あなたを,20180215
18174,418,正気だ。」,20170323
18174,8071,-- R・ガイス,20171129
18174,5155,ミッキーマウスはスピロ・アグニューの腕時計をしている。,20170513
86709,5966,死ぬ？とんでもない、友よ。バリモア家はそんな,20170519
86709,7181,今月は忘れられない月になるだろう――どんなに忘れようとしても。,20170408
19948,9335,しばらくハリケーンに近づかないように。,20170801
19948,6439,「何もしなくても誰が気にする？これは我々の新しい,20170915
19948,3204,タイプライターで2つのキーを打つと、望まない方が,20180210
53388,3016,今日は大きな嘘をつくな。小さな嘘でも同じくらい効果的だ。,20180405
53388,2831,-- R・ガイス,20170722
92965,1604,登山靴を職場に。万一、,20180404
92965,9434,"It's because I try to put every possible syllable into that last line
",20180105
45501,9306,なし。宇宙が電球を回し、禅師は,20170924
27598,3415,「率直に申し上げましょう、ムッシュ。あなたを,20170424
83123,8541,リストまたはオブジェクトデッキ。,20171213
70787,7262,全く価値がない。,20171122
70787,9956,"
",20171106
56553,8029,波の上に立つ者もまた、サーフィンをする。,20170124
58119,8977,彼を。,20171224
58119,5922,めったにきれいではなく,20180314
37525,5925,"
",20180225
37525,6101,それはここにない。,20170124
37525,5851,私はあなたが思うほど酔っていない。（I'm not as think as you drunk I am. の言葉遊び）,20180122
88830,5269,"Today is the first day of the rest of the mess
",20171005
88830,2362,質問：,20170105
25687,9288,名誉ある：手の届く範囲に障害があること。立法府では,20180313
25687,4961,誘惑を取り除く唯一の方法は、それに屈することだ。,20180204
97102,3607,「すべての肉は草である」,20180106
97102,968,平均的な女性は、頭脳よりも美貌を望む。なぜなら、,20170418
97102,932,本物のプログラマーはPASCAL、BLISS、ADA、その他赤みがかった,20171231
98275,9917,本物のプログラマーは文書化しない。ドキュメントは、,20170719
61279,8504,皮肉屋：色眼鏡を通して物事を偏見の目で見る者。,20170402
61279,2230,社会遺伝学の根本原理：,20170822
83570,3521,両利きになるためなら右腕を差し出してもいい。,20170826
23498,7424,「もっと必要になるまで、乗り切るのに十分なだけ必要だ。」,20180402
22507,5715,"Today is the first day of the rest of the mess
",20170918
22507,8078,不幸は仲間を好むが、仲間はそれに応えない。,20170527
53433,3587,ベアメタルで。アプリケーションプログラミングは、システム,20171217
50711,7830,私は聴衆に、彼らがなしうる最善のことは,20180423
11586,9923,行方不明者になる絶好の機会。,20170911
66923,5659,医者があなたの症状に名前を付けたからといって、彼が,20170827
66923,241,「ここ電話会社では、あらゆる種類の人々にサービスを提供しています。,20170728
86532,7156,系論：,20180416
86532,3137,-- 『ドクター・フー』より、准将,20180103
86532,345,また轢かれないことを願う。,20170630
18304,5843,重要な書類は、自発的に移動することでその重要性を示すだろう。,20171006
21155,994,「サイを盗むことは軽々しく試みるべきではない。」,20180402
21155,8804,おばあちゃんを路上から遠ざけろ――ビンゴを合法化せよ。,20180215
27801,7535,エキサイティングなデラウェア、ニュージャージー。（バリー・フレッチャーの故郷！）,20170407
27801,6625,デュシャームの教訓：,20171231
27801,8997,豚は、もし私が間違っていなければ,20170816
83720,8442,我々のビデオプロセッサに『スタートレック3.2』をロードした。」,20170130
83720,9310,大学とは、教員が,20180416
16283,4290,今、私はそれを守っている。,20180424
16283,1171,扱いやすい：あなたは間違った問題を解決した。,20170814
16283,1200,非公式なものから公式なものへ、公式な手段で進むことはできない。,20170802
89161,1785,-- サルヴァー・ハーディン,20180312
38270,8233,「要するに、_Nがリシャール的であるのは、_Nがリシャール的でない場合に限る。」,20180323
38270,6480,チキンスープ：,20170914
33226,7587,人生は玉ねぎのようなものだ。一枚一枚皮をむいていくと、,20170627
74398,3322,-- マーク・トウェイン,20170620
74398,7259,「私は経済学者ではない。私は正直者だ！」,20180301
10538,6185,彼は、注文していない付け合わせでも見るかのように私を見た。,20170131
46101,865,「私の友人たちと私は皆、狂っている。それが我々を,20180328
46101,9956,物事は今よりも昔のようになっている。,20180421
45716,8193,最適化は進化を妨げる。,20171224
45716,2227,Q: 電球を交換するのに、異性愛者の男性は何人必要か？,20170422
45716,315,それは、死んだ方がましだと思う人々のための時間つぶしの本だった。,20180327
45734,2475,想像力は、現実との戦いにおける唯一の武器である。,20170720
45734,2933,この種のゴミ。,20170322
45734,3904,-- ルイス・キャロル,20170730
52746,4291,-- ルイス・キャロル,20170421
82651,3952,先週の火曜日がつまらなかったと思うなら、何が起こるか待ってみなさい。,20170223
82651,7349,-- ドロシー・パーカー,20170112
82651,5255,そしてサン・ミョン・ムーン（文鮮明）！,20170228
54761,2306,あなたのプログラムを説明しているときに聞き手がうなずいたら、,20171116
54761,2295,"WHERE CAN THE MATTER BE
",20180420
54761,2365,人生はヨーヨーで、人類はその糸に結び目を作る。,20180216
75395,4235,もし我々が進む方向を変えなければ、我々は,20170202
75395,5982,書くこと。,20170821
55739,6986,息をしている方がリスナーと呼ばれる。,20170730
86338,1925,6ヶ月ごとに。,20170218
89519,4235,第四次世界大戦は棒と石で戦われるだろう。」,20170505
52456,9110,誰かが「私がただ,20170522
73365,6084,"I must have slipped a disk -- my pack hurts
",20170202
73365,5135,運勢：セグメンテーション違反――コアダンプ,20170327
22944,4804,「サイを盗むことは軽々しく試みるべきではない。」,20170513
22944,5851,朝。,20180206
22944,9016,ダイナマイトで空高く吹き飛ばされる神聖な権利の目に見える兆候。,20171019
88471,7676,「お前は母親のような男には決してなれない！」,20170609
88471,6275,機能する。,20180306
18052,8521,過去は常にかつてより良く見える。それが心地よいのは、ただ,20170721
18052,1999,「どんなに親しい友人でも、互いの葬式には参列できない。」,20170120
18052,3901,アシッド――化学を通じたより良い生活。,20180226
87546,4754,経験とは、あなたが認識することを可能にする素晴らしいものである。,20171106
87546,2716,"Paul Revere was a tattle-tale
",20180203
86453,2858,1. 再現性が問題になる可能性がある場合、テストは,20170714
78133,8335,-ディープ・ソート,20180415
78133,7130,デフリース家のジレンマ：,20180404
76823,7946,死とは、人生があなたに「お前はクビだ」と告げる方法である。,20170925
76750,4004,ウェイター：「紅茶かコーヒー、どちらになさいますか？」,20170922
76750,2071,彼らは私を偏執病に見せようとしているだけだ！,20171011
76750,9626,-- マーク・トウェイン,20170823
78392,8207,そしてそれ以来、ベンゼン（been seen=見られたとの掛詞）になったことはない。,20180414
85196,1143,SQL交響楽団コンサート,20180102
85196,1143,SQL交響楽団コンサート,20170511
85196,1143,SQL交響楽団コンサート,20171021
85196,1143,SQL交響楽団コンサート,20170819
10195,7338,そして徹夜した。,20170210
10195,797,-- ホークウインド,20171020
10195,4137,今日は旅行が重要。明日、国税庁の役人が来る。,20170429
74021,5030,文学的なドイツ人が文章に飛び込むときはいつでも、それが最後だ。,20170309
74021,968,-- ジョージ・サンダースの最期の言葉,20170419
87045,3009,きわどいアリアを専門とする歌姫は、オフコロラトゥーラソプラノだ…,20171004
87045,2153,死とは、人生があなたに「お前はクビだ」と告げる方法である。,20171106
56453,2993,彼らがあなたのことをどう思っているか心配することで忙しい。,20170509
56453,2306,"Death is nature's way of telling you to slow down
",20180213
56453,5606,は中止された。,20180423
74672,9406,幸せな結婚をする方法は一つしかない。そして私が,20170129
74672,8360,政府などない方がましだ。,20180323
34961,8504,午後：我々がどうやって,20170109
34961,5195,深まる憂鬱の中で、あなたの犬がようやく,20170817
34961,4612,探すのをやめなさい。幸福はあなたのすぐ隣にある。さて、もし彼らがただ,20171123
37165,3345,一度。,20180316
61316,1163,彼らがそうあるべきであると。ゆえに、スキタイ人の間では、,20170818
61316,1155,エラーのない重要な手紙は、,20170612
71771,7259,今夜はユーカリの木で眠るな。,20170820
69690,8631,弾丸に免疫がある」,20170316
94295,8716,第三法則：絶対零度でしか収支はとんとんにならない。,20170921
94295,4329,低空飛行する蝶に注意。,20170904
24805,6059,あなたが偏執病だからといって、彼らがあなたを狙っていないとは限らない。,20171214
24805,1999,"        But this output can be
",20170127
24805,8773,科学とは、先入観が検証に出会ったときに起こることである。,20170822
36721,9372,「私がしてほしいことを言いなさい」と言ったら、彼にロリポップをあげなさい。,20170813
36721,9559,やる価値のあることは、誰かにやってもらう手間をかける価値がある。,20170825
78426,6659,確率は50対50だ。,20170526
10304,5536,グループのIQは、グループのメンバーの最低IQを,20171025
10304,3841,-- ルイス・キャロル,20171216
10304,4591,プログラマーが英語で書けないことを見つけるだろう。,20170609
82321,1923,大学：ソフトウェアハウスのようなもの。ただし、ソフトウェアは無料で、,20180202
82321,3904,心配するために。,20170417
82321,6636,最も短い、けれど。,20170930
50370,2595,太陽から。大きな隕石が通信を妨げているか、あるいは誰かが,20170926
50370,3623,今日は何か変わったことをしなさい。請求書を払いなさい。,20170513
55509,6884,何もない。,20170728
55509,551,さえ。,20180111
55509,8631,LSDは、その重さの47倍の過剰な現実を消費する。,20180427
13965,7107,本物のプログラマーはアプリケーションプログラムを書かない。彼らは,20170514
13965,9087,心配するために。,20171004
88157,2668,彼らの良心の欠如。,20180325
88157,9137,自分の評判を考えなさい。名前を変えて、,20170125
10843,2937,あっちへ行け！邪魔だ！,20170910
80473,388,ヴェリリンドの実験の法則：,20171102
80473,6701,"miss
",20171229
80473,746,-- ベルトルト・ブレヒト,20170306
49419,6129,-- マーク・トウェイン,20171024
49419,4915,"        The apple fermented
",20180203
33710,8997,ポップアップ、プッシュダウン、バイト、バイト、バイト！,20170319
33710,1046,それは宇宙を一つにまとめている…,20180205
46823,8629,CPUにいます我らのOSよ、御名をUNIXと称えさせたまえ。,20170707
46823,7459,-- マーク・トウェイン,20170314
85646,3623,我が国には良い5セント葉巻がたくさんあるが、問題は,20170107
90947,2365,-- ハーバート・フーバー,20170711
90947,2151,理解するのが難しいだろう。,20180207
90947,9669,おそらく、広告看板が落ちてこない限りは,20170817
35247,5468,"Fruit flies like a banana
",20170321
35247,5517,脳は素晴らしい器官だ。あなたが起きた瞬間に働き始め,20170731
59990,709,"Whether you can hear it or not
",20180220
59990,6292,彼らがそれを売ってくれればいいのに。,20170405
64788,1087,チャイルドプルーフキャップに苦労するのは大人だけだ。,20170817
14627,9214,-- チャーリー・マッカーシー,20170427
14627,3521,風呂に入る…,20171205
43190,2910,ミニーマウスは迷路を覚えるのが遅い。,20170402
77949,2049,コンピュータが、事実を印刷するために,20170520
77410,1753,「この核軍拡競争を続けるなら、君たちがやることは,20170130
77410,3770,軍事諜報は矛盾した言葉である。,20180321
40230,6964,毛皮のコート。,20171130
40230,8698,あなたは間もなく認識されるかもしれない。隠れなさい。,20180418
54959,1552,何をしているかわからないときは、きれいにやれ。,20170822
54959,4062,"Conscience is the inner voice that warns us somebody is looking
",20170104
20309,5195,現実は幻覚の障害である。,20170620
20309,1574,プログラマーが英語で書けるようにすれば、,20170915
71860,183,調査の日。あなたは召喚されるだろう。,20170517
71860,2002,"
",20170405
88734,1960,応用テロの第四法則：,20170509
88734,924,来週の金曜日はあなたの幸運な日ではない。実を言うと、あなたは,20171203
67059,7837,ウィル・ロジャースが言ったように、「無料の,20180126
16796,2735,アメリカを美しく保とう。ビール缶を飲み込め。,20180119
16796,3072,もし商品が「50ドル未満」と宣伝されているなら、それが19.95ドルでないことは確かだ。,20171110
16796,3190,とは全く関係がない。,20170125
89475,2272,-- アナトール・フランス,20180424
10425,5778,ガンジー：それは良い考えだと思う。,20170806
10425,8759,何かが起こる確率が百万分の一なら、,20171103
10425,1004,搾取の範囲から自分自身を。,20170926
21722,2910,赤ん坊とは、一端に大きな声、もう一端に,20180109
21722,2071,そして彼女の内部でリンゴ酒を作った。,20170325
75176,4652,-- H・L・メンケン,20170204
17016,8521,1981年、滑降スキーに最悪の月：1月。行列は,20170407
17016,4687,電球を交換するのに、ハードウェアエンジニアは何人必要か？,20170226
17016,6625,なし。「ユーザーが解決できるだろう。」,20170410
40206,3517,向かっている。,20170605
40206,1552,"
",20170606
59619,8418,探すのをやめなさい。幸福はあなたのすぐ隣にある。さて、もし彼らがただ,20170218
96185,4143,結晶学のオタクたち。,20170719
96185,8059,時々、無実の人が議会に送られる。,20180131
91470,1127,川は湿っている。,20180228
91470,6077,"I think that I shall never see
",20170917
20054,9924,「お前は母親のような男には決してなれない！」,20170428
20054,3841,"He did his very best to make
",20170215
20054,11,そして先月分を前払いで。,20170617
60727,89,目…」,20170204
60727,4682,皮肉屋の目を、彼の視力を改善するために。,20180223
60727,5157,この人物は解雇されなければならない。,20170910
67796,9712,"I must have slipped a disk -- my pack hurts
",20180305
21346,1600,今夜はユーカリの木で眠るな。,20171221
44405,1926,全くプログラムを手に入れられず、手に入れたものを受け入れる。,20170821
44405,6114,起こる。,20170218
62174,5616,-- ホークウインド,20171109
62174,8698,そしてサン・ミョン・ムーン（文鮮明）！,20170331
62174,7420,再び同じ間違いを犯したときに。,20171015
54595,5865,恩知らず：餌を与えてくれた手を噛み、そして文句を言う男。,20180302
95083,8995,「要するに、_Nがリシャール的であるのは、_Nがリシャール的でない場合に限る。」,20170708
95083,1390,しかし、それは素人にとってあらゆる物事に関する最高の本だからだ。,20170617
95083,1001,誰でも扱えるように作ることはできるが、,20170524
19094,9347,真夜中。,20171216
31704,1599,価格が大幅に上がったことを意味する。,20170514
62843,1988,LISPプログラマーはすべての価値を知っているが、そのコストは,20180325
62843,7837,-- ドクター・フー,20170909
56473,7478,候補者とは、金持ちから金をもらい、,20170921
23602,284,非常に経済的な宇宙へ。,20180423
24447,4461,あなたのプログラムを説明しているときに聞き手がうなずいたら、,20171208
24447,9677,決して立ち止まって電話に出る必要がない。,20170523
85965,8650,薬局への道は遠いかもしれないが、宇宙に比べればピーナッツみたいなものだ。,20180324
85965,4987,クリーブランドはまだ生きている。神は死んだに違いない。,20170528
85965,9030,"It never does quite what I want
",20171018
42122,9780,答えは42だ。,20180101
99293,5561,"You have the capacity to learn from mistakes.  You'll learn a lot
",20170424
99293,3470,-- ブルース・レヴェレット,20170120
85574,3322,搾取の範囲から自分自身を。,20180430
32171,8426,生きる。,20180330
68146,9162,さようなら。私は退屈だから去る。,20170911
68146,737,予算とは、金を使う前に心配するための方法に過ぎない。,20170131
10945,6765,警官を避けるには良い日。学校まで這って行こう。,20171222
26535,3581,今夜がその夜だ：ユーカリの木で眠れ。,20170401
58617,8421,そして彼女の内部でリンゴ酒を作った。,20170423
35130,6503,候補者とは、金持ちから金をもらい、,20170419
87637,4576,タルムードで最も古くから puzzling されてきた問題の一つは、「なぜ神は,20171017
46650,3517,何もない。,20170812
46650,8622,「本当？なんて偶然、私も浅はかよ！」,20171115
46650,7820,応用テロの第四法則：,20170420
16547,8249,リストまたはオブジェクトデッキ。,20180119
16547,8071,さえ。,20171208
73321,9030,時々子供っぽくなれないなら、大人である意味はない。,20170624
73321,4063,科学は真実である。事実に惑わされるな。,20170910
73321,1581,サラダにとってのニンニクが、芸術にとっての狂気である。,20170816
99277,2403,「サイを盗むことは軽々しく試みるべきではない。」,20170713
99277,3470,瓦礫にすぎない,20170519
99277,2075,しばらくハリケーンに近づかないように。,20180414
25632,8727,"
",20180413
25632,3139,それが作った。,20170215
21624,1143,SQL交響楽団コンサート,20170314
21624,1143,SQL交響楽団コンサート,20180413
21624,1143,SQL交響楽団コンサート,20170109
21624,1143,SQL交響楽団コンサート,20170102
31531,1701,"There's no future in time travel
",20180313
31531,842,2. 直線あてはめが必要な場合、データは2点のみ取得すること。,20170728
31531,712,"
",20171011
55748,6767,「私の友人たちと私は皆、狂っている。それが我々を,20170715
55748,9624,「ダイエット」,20171008
54193,3244,新しい議員たちは政府を立て直すと言っている。私は,20170901
54193,1127,他人があなたのことをどう思っているか心配するな。彼らは,20171012
54106,5966,"
",20170311
39533,7275,"        The mouse dissolved
",20180319
19809,5606,-- マーク・トウェイン,20170224
19809,3471,しかし、科学者たちは、知っているはずなのに,20170918
81744,8061,-- エルバート・ハバード,20171122
29373,5383,-- ハーバート・プロクナウ,20180331
93718,7333,-- ポール・マクラッケン,20170205
34551,7609,正義：あなたに有利な決定。,20170523
34551,1202,なし。「マニュアルに文書化しておく。」,20171016
34551,3635,コンピュータを家庭に持ち込んでも、どちらも変わらないだろうが、,20170512
62536,8132,変数。」,20170312
62536,2834,プログラミングについての考え方に影響を与えない言語は,20180425
62536,3776,「一度でいいから、,20170706
93487,1852,-- ジョン・チアルディ,20170131
93487,2227,なし。「ソフトウェアで修正する。」,20170123
93487,3776,どんな組織にも、常に一人は知っている人がいる。,20170619
27323,6127,牛は、我々人間が,20170829
27323,2986,臆病者：危険な緊急事態に足で考える者。,20170610
27323,7130,"Death is nature's way of telling you to slow down
",20170316
26126,7305,あなたのアナリストはあなたを別の患者と混同している。信じてはいけない。,20180330
89028,9621,青リンゴを食べて死んだ。,20180420
89028,1190,キリスト：少なくとも5000年早く生まれすぎた男。,20180129
18266,9529,ジョニーは祭りからなかなか帰らない。,20180324
18266,4414,「演技とは、観客に,20171228
18266,1329,他人はあなたに安定を求めるだろう。だから、,20180205
18005,8663,脳は素晴らしい器官だ。あなたが起きた瞬間に働き始め,20180330
61305,4193,街角の酒場を活性化させる。,20170408
61305,5605,午後は明るくなるだろう。警官があなたの顔にライトを当てるから。,20170921
61305,6958,それはここにない。,20170121
81589,8004,アメリカは、野蛮から飛躍した国としてユニークかもしれない。,20170411
81589,9520,「最適化コンパイラにおけるレジスタ割り付け」,20180307
81589,5648,鍋は向こうの端にある。,20180227
16345,3973,靴。,20180417
16345,2573,しかし、私が命じたことだけだ。,20171127
16345,2152,"
",20180114
51007,9372,今週は自分で機会を作り出せる。上級,20170515
51007,8004,来週から、パスワードはモールス信号で入力されることになります。,20170221
51007,3904,慰謝料とは、二人が過ちを犯したとき、そのうちの一人が,20170327
86589,1728,おばあちゃんを路上から遠ざけろ――ビンゴを合法化せよ。,20171206
86589,7509,"Familiarity breeds attempt
",20180117
85678,9768,「一度でいいから、,20170428
85678,1393,決して美徳の道に迷い込むな。,20171217
85678,8620,今日は友達を吸おう。,20171216
31168,932,探すのをやめなさい。幸福はあなたのすぐ隣にある。さて、もし彼らがただ,20170415
21951,1649,-- ジョージ・サンダースの最期の言葉,20170420
21951,3869,想像力は、現実との戦いにおける唯一の武器である。,20171230
21951,1329,紙に当たる。,20170907
65012,6702,-- チャーリー・マッカーシー,20170625
68483,7420,豚の愚かさだと思う。,20180323
68483,3357,デュシャームの教訓：,20170208
46848,2910,それがいかに走るか見よ！それがいかに走るか見よ！,20170208
46848,8418,警句があるなら、メタ警句もなければならない。,20170713
46848,1973,事故：心の落ち着きは良いが、,20171118
18194,4329,ワッフルにかけたことがある。,20171126
18194,7331,確実である。そして、それらが確実である限り、それらは現実には言及しない。,20170311
18194,2443,価格が上がった。「すべて新品」「完全新品」あるいは「素晴らしい新品」というラベルは,20170208
76079,1056,時間を無駄にすることは、生きることの重要な一部である。,20170305
76079,8729,-- アーサー・ナイマン,20170603
71924,8932,午後はロマンスに非常に好都合。一人の人を,20171128
71924,5282,-- ポール・マクラッケン,20170602
71924,7927,"...And malt does more than Milton can
",20170512
91771,8367,今日。,20180330
48720,8121,10年間の不採用通知は、自然があなたにやめるよう告げる方法である。,20170531
71645,4987,-- W・C・フィールズ,20170708
71645,4930,すべてのプログラムは、他のプログラムの一部であり、めったに適合しない。,20171006
71645,5628,床を磨いたり、その他のエキサイティングなことをするのに最適な日。,20170507
73494,4286,時間とは、すべてが同時に起こらないようにするための自然の方法である。,20171015
73494,43,「演技とは、観客に,20171011
73494,9007,プログラマー。,20171031
13357,3490,クリスマスに子供にメンタルブロックを与えなさい。,20171026
23414,158,壊れないおもちゃは、他のおもちゃを壊すのに役立つ。,20170602
23414,7262,12歳以降に。,20171222
23414,1563,-- カール・ツヴァンツィヒ,20170929
66774,6878,自分自身を問題の一部として。,20170207
66774,8642,覚えておけ、たとえ出世競争に勝ったとしても――お前はまだネズミだ。,20170423
66774,2735,もう一方。,20180102
15655,6129,波は滑らかで輝いている――,20170325
77612,232,すべてのバグには7つの兆候があった。,20170323
77612,3490,別のものの。,20180427
31738,6575,-- マーク・トウェイン,20170313
74030,9007,本物のプログラマーはPASCAL、BLISS、ADA、その他赤みがかった,20180323
74030,124,キッシュと綴る。彼らはトゥインキーや四川料理を食べる。,20170318
70277,43,第二法則：働くことで達成できる最大のことは、,20170204
70277,8114,"BLISS is ignorance
",20180106
53702,2806,腐敗した少数による、無能な多数の任命。,20170709
53702,8629,歩行者。,20170924
18665,9712,おそらく、広告看板が落ちてこない限りは,20171207
18665,2526,歴史の第一法則：,20170216
99315,6015,カミソリは痛い。,20170628
99315,4062,「成功できるのに、なぜ男でいる必要がある？」,20180413
99315,764,もし我々が進む方向を変えなければ、我々は,20170407
49619,1306,覚えておけ、UNIXを逆から綴るとXINUになる。,20180404
49619,6986,チキンスープ：,20180421
49619,2573,価格が上がった。「すべて新品」「完全新品」あるいは「素晴らしい新品」というラベルは,20171220
66639,143,オーレオマイシン、コカイン、インターフェロン、そしてTLC。チキン,20171011
66639,1144,スープが治せないのは、母親への神経症的な依存である。,20170502
66639,2918,老兵は死なず。若者は死ぬ。,20170607
54398,3384,"Accuracy: The vice of being right
",20170205
54398,6186,-- アラン・パーリス,20171220
56881,8176,第四次世界大戦は棒と石で戦われるだろう。」,20170902
31238,4507,99ブロックのゴミ！,20180228
31238,4193,広い心：高邁な精神を平らにした結果。,20170928
22064,1894,今日まで。,20170727
27295,9222,-- 『銀河ヒッチハイク・ガイド』,20170128
81227,4354,あなたが置いた場所から、見つけられない場所へ。,20180218
82650,7315,チケット。,20171016
15403,5011,デュシャームの公理：,20180108
15403,2241,チャイルドプルーフキャップに苦労するのは大人だけだ。,20170614
63709,3865,価格が大幅に上がったことを意味する。,20170301
63709,7830,"Kin: An affliction of the blood
",20170525
85259,9103,私は聴衆に、彼らがなしうる最善のことは,20171009
85259,8109,「演技とは、観客に,20171008
54817,9768,脳は素晴らしい器官だ。あなたが起きた瞬間に働き始め,20170120
72895,346,神のみが無作為な選択をすることができる。,20170818
15552,8176,軽く油を塗った。」,20170203
15552,1552,核攻撃の場合、学校での祈りを禁じる連邦政府の判決は,20170123
15552,5042,"
",20170518
35527,8949,「家具との議論は、めったに生産的ではない。」,20170829
79379,4542,やるべきことを先延ばしにするのに、今ほど良い時はない。,20180205
79379,3199,それはやる価値がなかった。,20180205
41833,5043,新しい町。,20180111
69601,3992,明日は興味が持たれないため中止となります。,20170317
17886,7305,「サワークリームのボウルのように？」と他方が尋ねた。「なぜ？」,20171128
84446,7093,「サイを盗むことは軽々しく試みるべきではない。」,20170823
84446,8431,コンピュータがクラッシュする。,20170407
43476,5003,薬局への道は遠いかもしれないが、宇宙に比べればピーナッツみたいなものだ。,20180406
29211,2274,左にシフト！右にシフト！,20171212
29211,158,「私がしてほしいことを言いなさい」と言ったら、彼にロリポップをあげなさい。,20180416
39939,1623,エネルギーを節約せよ：無関心であれ。,20170730
26442,2420,グループのIQは、グループのメンバーの最低IQを,20170712
26442,9222,ゼロックスはそれを何度も何度も何度も…,20170228
26442,3595,歩行者。,20170929
80830,4892,大人：もっと分別があってもよい年齢の者。,20170127
80830,1266,医者があなたの症状に名前を付けたからといって、彼が,20170816
86488,4381,生きている方がましだ。,20180327
86488,3755,予算とは、金を使う前に心配するための方法に過ぎない。,20170415
39932,4149,すべてのプログラムは、他のプログラムの一部であり、めったに適合しない。,20170930
39932,9,一度。,20170828
39932,5468,私は木を全く見ることがないだろう。,20170520
50487,5784,まあいい、全部の卵を一つのカゴに入れちまえ。,20171013
50487,3904,ウィル・ロジャースが言ったように、「無料の,20180113
98981,8716,過去は常にかつてより良く見える。それが心地よいのは、ただ,20170227
98981,1851,「お前は母親のような男には決してなれない！」,20170925
50276,5539,私は聴衆に、彼らがなしうる最善のことは,20170621
50276,5091,神を。,20171016
50276,7181,-- メイシーズ,20170826
28876,3640,噂されていないことだ。,20180117
31002,8172,"
",20180118
33942,8233,シルバーマンの法則：,20170701
39197,8193,"We wish you a Hare Krishna
",20171122
32278,2886,重力は神話だ、地球は吸い込む。,20171026
32278,5702,非戦闘員：死んだクエーカー教徒。,20170103
32278,9267,デュシャームの公理：,20171215
69508,4470,絵で説明される。,20170109
69508,8063,あなたは仕事のことで心配しすぎだ。やめなさい。あなたは十分に給料をもらっていない。,20170803
15543,709,政府などない方がましだ。,20170430
15543,8727,"        A new hydrocarbon
",20170405
15543,786,外交とは、石を見つけるまで「いい子だね、ワンちゃん」と言い続ける技術である。,20180104
42732,134,それが何か知っている。,20171123
42732,8657,-- ブラウン・セキュリティ犯罪防止パンフレットより,20180410
72091,968,すべてのバグには7つの兆候があった。,20171204
72091,1973,子供に装填済みの鯉で遊ばせるな。,20170926
72091,7378,すべての兆候には7つの症状があった。,20170816
71587,9214,西洋文明？,20170607
62922,6148,今日は旅行が重要。明日、国税庁の役人が来る。,20180319
62922,9791,「この核軍拡競争を続けるなら、君たちがやることは,20171203
62922,6789,ノスタルジアは、もはや昔のものではない。,20171014
29841,3187,候補者とは、金持ちから金をもらい、,20171225
29841,3629,確実である。そして、それらが確実である限り、それらは現実には言及しない。,20171016
39077,2809,それは宇宙を一つにまとめている…,20170422
39077,6085,真夜中。,20170323
39077,8187,平均的な女性は、頭脳よりも美貌を望む。なぜなら、,20171004
81983,1143,SQL交響楽団コンサート,20180319
81983,1143,SQL交響楽団コンサート,20170514
49293,143,プログラムに合わせて仕様を変更する方が、その逆よりも簡単だ。,20180104
49293,4352,"        But this output can be
",20171109
51323,4193,誘惑を取り除く唯一の方法は、それに屈することだ。,20180127
90470,5927,-- ケーログ・アルブラン,20170119
65317,7894,その間にタバコ。,20170604
33789,3517,-- G・B・ショー,20171230
33789,5519,プロジェクトMACを通り過ぎたとき,20170804
26555,3629,プログラミングについての考え方に影響を与えない言語は,20180109
26555,2513,システム/3！システム/3！,20170802
86015,7780,扱いやすい：あなたは間違った問題を解決した。,20170601
86015,8025,もし神が我々に裸でいてほしかったなら、我々はそのように生まれていただろう。,20171117
84449,517,しばらくサウスダコタでサーフィンをするな。,20170723
96578,5157,誰を信じる？,20170908
83338,9137,"        While her lover lamented
",20170919
83338,9314,"        But the good ones I've seen
",20180220
83338,793,力の限り輝いて：,20170205
25944,5396,神は死んでいない、ただ駐車スペースを見つけられなかっただけだ。,20170213
25944,9375,幸福：他人の不幸を熟考することから生じる心地よい感覚。,20170704
83482,9087,2) 「お前と、どの軍隊だ？」,20171012
83482,9877,価格が大幅に上がったことを意味する。,20180111
83482,4029,最悪な一日を過ごすには最高の日だ。,20180330
21200,3213,その間にタバコ。,20170526
21200,8468,狂気は遺伝する。子供から受け継ぐのだ。,20170222
73934,5561,-- アーサー・ナイマン,20170823
73934,6210,-- ウディ・アレン,20170318
73934,871,なし。「ユーザーが解決できるだろう。」,20170630
99903,2153,もし誰かが、私がいつか教皇になると言っていたら、私は,20171029
99903,61,私は未来を見たが、それは現在と全く同じで、ただ長いだけだった。,20170525
99903,1001,自動化？,20170628
96206,8442,コンピュータを家庭に持ち込んでも、どちらも変わらないだろうが、,20170528
96206,1107,そのモニターは完全に負ける！,20170602
96206,9373,すべてのバグには7つの兆候があった。,20170615
66036,7454,それ。,20170902
48563,7830,嘘：真実の非常に粗末な代用品だが、発見された唯一のもの。,20180323
14880,9319,時空間スキップの中で。,20180212
14880,1783,-- ピーター・S・ビーグル,20170727
14880,9406,"I must have slipped a disk -- my pack hurts
",20171211
86695,4659,3) 「もしお前が自分で思うほど賢いなら、,20170425
86324,9768,もし神があなたに裸で歩き回ってほしかったなら、もっと大きな,20170429
86324,8025,-- オスカー・ワイルド,20170409
86324,5091,それはかつて私を指していた。,20180104
46926,574,-- アラン・パーリス,20171017
46926,8541,そしてきれいなものは、めったに滑稽ではない。,20180310
89897,3357,再び同じ間違いを犯したときに。,20180414
61511,9192,私は未来を見たが、それは現在と全く同じで、ただ長いだけだった。,20170224
61511,6114,A: 両方だ。,20171230
48466,9776,彼らがそうあるべきであると。ゆえに、スキタイ人の間では、,20170523
48466,8622,今年はハンニバル・デーを祝おう。象を昼食に連れて行け。,20171114
89162,8416,自然な傾向に屈せよ。憎らしく、退屈であれ。,20170904
89162,4591,そして雨が降り出した途端にそれを返して欲しがる。,20171108
60436,1670,重役。,20170702
82014,2433,探すのをやめなさい。幸福はあなたのすぐ隣にある。さて、もし彼らがただ,20171028
39944,3187,口を閉ざしていれば、足は集まらない。（口は災いの元）,20170711
27901,8727,"        Anything that can go wr
",20170102
27901,5843,息をしている方がリスナーと呼ばれる。,20171117
27901,5616,そして雨が降り出した途端にそれを返して欲しがる。,20170605
73568,8979,価格が大幅に上がったことを意味する。,20171021
73568,8498,彼らは通常、処女を,20171031
88572,3865,丸一日得られない。可能な限り2月は避けよう。,20171126
88572,8176,"It's not that I'm afraid to die.  I just don't want to be there when it
",20180406
88572,2035,許可を得るより許しを得る方が簡単だ。,20171114
57810,9064,先週の火曜日がつまらなかったと思うなら、何が起こるか待ってみなさい。,20180202
88871,649,コンピュータは絶対に間違わない。,20180111
88871,6239,バグを修正し、再びダンプする：,20171203
88871,8949,-- ジョン・バリモアの最期の言葉,20170224
37765,9599,批判するが、もし皆に嫌われたら、あなたも偏執病になるだろう。,20171002
37765,8360,縄は緩む。,20170128
97310,3595,本物のプログラマーのプログラムは、最初は決して正しく動かない。しかし、もしあなたが,20170414
27537,2953,ディスク上の99ブロックのゴミ,20170123
27537,3589,広い心：高邁な精神を平らにした結果。,20180308
27537,1190,クリンクラーの第二法則：,20171213
19730,1794,質問：,20180420
69695,4286,本物のプログラマーはFORTRANでは書かない。FORTRANは配管応力マニアや,20171011
69932,6262,「お前は母親のような男には決してなれない！」,20170909
69932,5865,正しいプログラムを理解するより、間違ったプログラムを書く方が簡単だ。,20170119
32012,871,ユニコーンを救えないなら、魔法に何の意味がある？,20170115
32012,5412,成功の秘訣は誠実さだ。それを偽ることを学べば、,20171006
32012,6579,"
",20170808
65502,4318,その絵を説明する。1万語のセットで適切に,20170903
10334,493,なし。宇宙が電球を回し、禅師は,20180120
53581,2755,神は言われた。「ニュートンあれ」と。するとすべてが光であった。,20180126
40617,537,「アインシュタインをそっとしておけ！」は現状を回復した。,20180424
40617,718,すべての兆候には7つの症状があった。,20170502
40617,8773,モグラの問題かい？,20170726
84215,4207,彼らは私を偏執病に見せようとしているだけだ！,20170610
84215,1519,人々はお一人様一点限りのものなら何でも買う。,20170522
84215,3137,プログラムに合わせて仕様を変更する方が、その逆よりも簡単だ。,20180129
60821,1404,今回のログインセッション：$13.99、しかしあなたには$11.88,20170816
60821,4470,少なくとも二つの人為的ミスを見つけるだろう、それを,20170618
60821,5043,鍋は向こうの端にある。,20171212
62355,3483,この国に必要なのは、良質な5セントのニッケル硬貨だ。,20170427
62355,6275,理解するのが難しいだろう。,20170816
89668,6154,「それは素晴らしいに違いない！私には全く理解できない。」,20180129
89668,1782,グループのIQは、グループのメンバーの最低IQを,20171016
89668,5323,他人はあなたに安定を求めるだろう。だから、,20170225
21661,9469,時々子供っぽくなれないなら、大人である意味はない。,20170830
21661,8778,"        The mouse dissolved
",20180110
21661,3199,-- オスカー・ワイルド,20170314
25786,9469,川は湿っている。,20171111
25786,9434,すべてのプログラムは、他のプログラムの一部であり、めったに適合しない。,20170607
54303,8172,今日は友達を吸おう。,20170625
87245,9615,真夜中。,20170912
87245,8716,5年間で、我々は一つの素晴らしいプログラミング言語を手に入れることができる。ただ,20170710
40082,8698,-- D・J・ヒックス,20170918
40082,4059,あなたの同意なしに、誰もあなたを劣っていると感じさせることはできない。,20171124
90460,4951,今日は友達を吸おう。,20170508
65757,6185,強い酒には気をつけろ。それは税務署員を撃ちたくさせ、そして,20171202
81905,7331,"
",20180120
79494,345,"We wish you a Hare Krishna
",20170119
35248,4859,最適化は進化を妨げる。,20170512
35248,6589,私は酒はやらない。,20180102
35248,8559,波の上に立つ者もまた、サーフィンをする。,20180130
85971,871,「家具との議論は、めったに生産的ではない。」,20170226
49306,7837,-- ルイス・キャロル,20170830
93721,8513,デュシャームの教訓：,20170426
93721,3376,「ここ電話会社では、あらゆる種類の人々にサービスを提供しています。,20171224
48724,4781,-- ケーログ・アルブラン,20170207
48724,4149,"
",20170820
48724,1574,「商品市場で小金を稼ぐ方法は、始めることだ」,20180303
43549,1625,そしてこれはとても奇妙だった、なぜならそれは,20171101
36132,7416,もし神が完全なら、なぜ不連続関数を創造されたのか？,20171111
46309,4699,"The Universe is laughing behind your back
",20170302
46309,3415,すべてのプログラムをRPGで実行する！,20170520
46309,8417,第四次世界大戦は棒と石で戦われるだろう。」,20170223
27101,792,それが何か知っている。,20170104
27101,4352,何としても現実を避けよ。,20171220
27101,9630,チキン・リトルは正しかった。,20170622
85353,4717,マーフィーの法則が間違っている可能性があるなら、それは間違っているだろう。,20170919
85353,8997,裸の腕を持つ権利を支持せよ！（武器を持つ権利(bear arms)との掛詞）,20171025
93251,339,「どうして知るものか？私は何だ、哲学者か？」,20180130
93251,6602,素人のためのプログラミングに関する最高の本は『不思議の国のアリス』だ。,20171006
49526,9372,今年は幸運な日を過ごす。,20180321
49526,3046,本物のプログラマーはCOBOLでは書かない。COBOLは弱々しいアプリケーションのためのものだ。,20170720
49526,3904,電球を交換するのに、ハードウェアエンジニアは何人必要か？,20170313
66587,2559,恩知らず：餌を与えてくれた手を噛み、そして文句を言う男。,20171209
66587,3345,民主主義とは、,20170420
65305,5784,人生はヨーヨーで、人類はその糸に結び目を作る。,20171016
65305,9372,長い目で見れば、すべてのプログラムはロココ調になり、そして瓦礫となる。,20180423
65305,7272,これを自分で証明するには、,20171121
19663,257,良い知らせ。金曜日から10週間後は、かなり良い日になるだろう。,20180501
27652,2993,-- アドレー・スティーブンソン,20170511
27652,4534,-- メイシーズ,20180425
28618,4290,ゴイムを創造したのか？」一般的に受け入れられている答えは、「誰かが,20171129
28618,5539,経験を共有しようとするカリフォルニア人。,20171224
99378,174,そしてそれ以来、ベンゼン（been seen=見られたとの掛詞）になったことはない。,20180202
99378,6572,-- イディッシュ語のことわざ,20171218
99378,3357,「サワークリームのボウルのように？」と他方が尋ねた。「なぜ？」,20170422
49437,1344,朝。,20170715
49437,3634,それがいかに走るか見よ！それがいかに走るか見よ！,20180419
49437,7780,彼らにそれを返す。,20170405
26458,3007,-- W・サマセット・モーム,20180402
36195,1673,午前中は新しいプロジェクトに青信号。午後は交通に赤信号。,20171216
36195,5043,収支を合わせられると思った頃に、誰かが,20170911
48878,9974,何もない。,20170203
48878,493,貧しい人々が、橋の下で眠り、路上で物乞いをし、,20180128
48878,4804,ゼロックスはそれを何度も何度も何度も…,20171021
81476,5829,銃は合法ではない。,20170826
81476,5282,彼がその向こう側から現れるまで、あなたは彼を見ることはないだろう。,20170317
81476,4961,このゴミは、非常に高価な機械を通過した後,20180304
24945,5478,それを直し、そして…,20170708
24945,6480,「ここ電話会社では、あらゆる種類の人々にサービスを提供しています。,20180225
24945,9669,グラフィックスについて：一枚の絵は1万語の価値がある――しかし、,20170330
65167,5323,電球を交換するのに、禅師は何人必要か？,20170705
65167,8538,汝、それを再生するなかれ。,20171122
65167,8249,不在：友人や知人の攻撃にさらされること。中傷されること。,20170412
56930,4063,最初で成功しないなら、諦めろ。とんでもない馬鹿になる必要はない。,20170923
71315,2403,ああ、一体どうしたのだろう,20170316
71315,1811,最適化は進化を妨げる。,20170126
71315,3776,老兵は死なず。若者は死ぬ。,20171130
19614,482,死ぬことは非常に退屈で陰気なことだ。そして、君への私のアドバイスは,20180411
33300,5593,正しいプログラムを理解するより、間違ったプログラムを書く方が簡単だ。,20171118
38510,8476,持ち帰り試験を与えられると、どこに,20180305
38510,7297,無政府状態は最良の統治形態ではないかもしれないが、,20170803
38510,3517,コンピュータは絶対に間違わない。,20170417
48265,6393,プログラミング言語。,20170624
48265,6656,来年の最悪野菜。,20170303
26189,6894,狂気は遺伝する。子供から受け継ぐのだ。,20170916
26189,2863,犯罪の兆候：絶叫または助けを求める叫び声。,20180202
26189,2241,-- ルイス・キャロル,20180131
17605,5344,やるべきことを先延ばしにするのに、今ほど良い時はない。,20170221
96740,4591,全面核戦争ゲームをプレイしますか？,20170419
96740,6656,探すのをやめなさい。幸福はあなたのすぐ隣にある。,20180309
96740,3323,しばらくサウスダコタでサーフィンをするな。,20171122
66603,1143,SQL交響楽団コンサート,20170723
66603,1143,SQL交響楽団コンサート,20170713
66603,1143,SQL交響楽団コンサート,20180411
66603,1143,SQL交響楽団コンサート,20180220
73675,9583,-- トーマス・ジェファーソン,20170115
93941,8778,「ダイエット」,20170202
93941,2075,その間にタバコ。,20171018
93941,968,すべてのプログラムは、他のプログラムの一部であり、めったに適合しない。,20170212
32236,2834,やるべきことを先延ばしにするのに、今ほど良い時はない。,20170312
32236,6964,-- 『銀河ヒッチハイク・ガイド』,20180213
32236,6625,バグを修正し、再びダンプする：,20170327
55838,4195,"Bizarreness is the essence of the exotic
",20180414
55838,9133,心配するために。,20180417
56771,8729,"Death is nature's way of telling you to slow down
",20170715
56771,4681,-- ジョン・チアルディ,20171023
21365,8566,人間は赤面する唯一の動物である――あるいは、そうする必要がある唯一の動物である。,20171021
21365,2338,"It was the reader's CONS
",20170813
21365,1295,今夜は料理するな――今日ネズミを餓死させろ！,20170302
55745,1194,外交官とは、妻に,20180301
60868,5966,"
",20170122
60868,6595,時間を無駄にすることは、生きることの重要な一部である。,20180427
37197,2502,自動化？,20180106
98492,5606,今夜はユーカリの木で眠るな。,20170805
98492,5478,他人に彼の心が大きいと思わせておけ,20171108
98492,7837,ダンという名の若い詩人がいた,20170210
13581,4554,-- アーサー・ナイマン,20180202
43801,924,来年の最悪野菜。,20170416
43801,1028,良い知らせ。金曜日から10週間後は、かなり良い日になるだろう。,20180328
43801,816,アシッド――化学を通じたより良い生活。,20171122
85385,3463,明かりがつく。,20180210
85385,3362,カサブランカから出て、ドイツ人は奇跡を非合法化した。」,20171201
38086,9030,LISPプログラマーはすべての価値を知っているが、そのコストは,20170415
38086,1054,もしコンピュータが強力になりすぎたら、我々はそれらを,20171126
38086,6004,人間は赤面する唯一の動物である――あるいは、そうする必要がある唯一の動物である。,20180203
94175,9559,それがいかに走るか見よ！それがいかに走るか見よ！,20180116
94175,6740,-- D・J・ヒックス,20170307
79603,8898,人間は、,20180319
79603,346,-- ジョン・チアルディ,20180118
79603,9046,コンピュータの集中力は、その,20180127
12841,6612,野心とは、怠けるほどの分別がないことの粗末な言い訳である。,20170504
12841,9319,誰でも扱えるように作ることはできるが、,20170513
76353,4941,この種のゴミ。,20171029
76353,7927,つまり、もしアパートを借りるなら、あなたは3つの,20170824
57832,3896,そして雨が降り出した途端にそれを返して欲しがる。,20170327
55727,2640,弾丸に免疫がある」,20171114
55727,3484,自然と自然の法則は夜に隠されていた,20170416
45109,5469,それが何か知っている。,20170225
45109,345,戴冠式：君主に外見上と,20170923
45109,1077,食べる。,20180413
98566,8109,そうに違いないと我々を安心させてくれる。,20180213
98566,241,"
",20170302
92736,1659,-- オスカー・ワイルド,20180131
18879,3647,誰かが「私がただ,20170603
18879,3865,今日は大きな嘘をつくな。小さな嘘でも同じくらい効果的だ。,20170712
18879,1520,柔和な者は地を受け継ぐだろう――彼らは弱すぎて断れないのだ。,20170401
95620,1386,白いひげを生やし、赤いスーツを着たぽっちゃりした男が間もなくあなたに近づくだろう。,20171029
92834,18,「すべての肉は草である」,20170915
34368,2595,すべてのプログラムをRPGで実行する！,20171113
34368,3362,フィルモア大統領を悪く言うな。彼は我々をベトナム戦争から遠ざけてくれた。,20170622
37559,2809,酵素とは、生物学者が発明したものであり、,20180206
37559,4687,例。,20170419
37559,7660,今日は旅行が重要。明日、国税庁の役人が来る。,20170302
29729,3046,サラダにとってのニンニクが、芸術にとっての狂気である。,20180128
43755,6101,旗。,20170830
43755,4414,牛は、我々人間が,20180130
43755,6595,それはやる価値がなかった。,20180126
36399,6156,言った、「人生はサワークリームのボウルのようなものだ。」,20171112
36399,1785,ユニコーンを救えないなら、魔法に何の意味がある？,20180225
87822,9414,今夜がその夜だ：ユーカリの木で眠れ。,20170927
87822,8118,力の限り輝いて：,20170317
13308,9362,今月は忘れられない月になるだろう――どんなに忘れようとしても。,20170916
13308,1056,文学的なドイツ人が文章に飛び込むときはいつでも、それが最後だ。,20171118
46423,9660,A: 3人。1人が電球をねじ込み、2人がそれを邪魔する者たちを追い払う。,20171118
46423,2573,-- ハーバート・フーバー,20170128
53004,8426,好機は常に、最も不都合な瞬間に訪れる。,20170708
53004,690,-- グルーチョ・マルクス,20170213
53004,3878,言った、「人生はサワークリームのボウルのようなものだ。」,20170119
65543,3885,「ダイエット」,20180422
32565,4029,学生たちの中に。,20180226
25702,276,人間はアルコールを発明した。,20180415
19997,5061,候補者とは、金持ちから金をもらい、,20171112
19997,8417,-- ソーパー上院議員,20170902
37708,8158,点。,20170917
37708,9612,ミニーマウスは迷路を覚えるのが遅い。,20170520
37708,6154,他人に彼の心が大きいと思わせておけ,20170922
49514,7660,今夜はユーカリの木で眠るな。,20180321
49514,5162,それは続かなかった。悪魔が「ホー！」と叫び,20170403
66115,8663,世界は終わる！悔い改め、図書館の本を返しなさい！,20170409
38176,7035,全面核戦争ゲームをプレイしますか？,20180128
38176,8433,今夜はコウモリに餌をやらないで。,20170728
45668,6436,本当に考えさせると、彼らはあなたを嫌うだろう。,20180317
45668,4448,それが何であれ、私は再び結婚するだろう。,20170121
84083,1783,機械室の真ん中に。,20170328
84083,7271,-- ドクター・フー,20171119
84083,7837,-- グルーチョ・マルクス,20171110
71593,587,私は未来を見たが、それは現在と全く同じで、ただ長いだけだった。,20180202
71593,9917,そしてこれはとても奇妙だった、なぜならそれは,20170407
71593,3589,すべてのハックには7つのバグがあった。,20170930
60097,7181,時々、無実の人が議会に送られる。,20180207
60097,5839,軍事諜報は矛盾した言葉である。,20171221
60716,5478,彼らは通常、処女を,20170414
60716,9876,リストまたはオブジェクトデッキ。,20180219
60716,9190,-- アルベルト・アインシュタイン,20171021
76837,8909,そのモニターは完全に負ける！,20170720
76837,5015,非常に経済的な宇宙へ。,20171003
76837,5157,豚は、もし私が間違っていなければ,20180208
72622,3581,マーフィーの法則が間違っている可能性があるなら、それは間違っているだろう。,20170207
72622,8804,献身的な追随者の不足により、偉大な指導者の生産は,20170125
72622,1673,自然と自然の法則は夜に隠されていた,20171028
98782,6105,"THE GOLDEN RULE OF ARTS AND SCIENCES
",20180322
98782,6178,勇気を奮い起こせ！他のものは全部台無しにしたんだから。,20180206
98782,7888,予報官たち、そして超過預言者税を決定した。,20171112
10010,3581,理性の命令に従って行動するように。,20180319
10010,7711,"        when someone inadvertently opens the darkroom door and all of
",20180425
10010,5201,明日は興味が持たれないため中止となります。,20180103
96039,9214,全面核戦争ゲームをプレイしますか？,20170815
40397,6589,法は、その荘厳な平等において、富める者にも,20171104
69055,6722,"Time flies like an arrow
",20170616
56371,2404,"The Universe is laughing behind your back
",20170116
56371,4591,地球は小さな砂粒のようなものだ、ただずっとずっと重いだけ。,20171205
96159,6239,とは全く関係がない。,20180102
43747,6004,政治家がつまらない人物であればあるほど、彼は,20170324
34276,7364,"
",20170112
34276,6878,いかにしてそうしないかを教えられなければならなかっただろう。偉大なプログラマーも同様である。,20180225
37099,1649,ネーザーの法則：,20171004
37099,9738,リメリックは複雑な芸術形式,20171018
31527,4892,"
",20170604
31527,3046,"miss
",20180105
31527,706,もう一方。,20170501
40668,9917,本物のプログラマーはアプリケーションプログラムを書かない。彼らは,20170609
40668,4938,ゼロックスはそれを何度も何度も何度も…,20170723
40668,9472,ユニコーンを救えないなら、魔法に何の意味がある？,20171013
84996,183,パリティがわずかに失われている。,20180106
61458,1028,"        when someone inadvertently opens the darkroom door and all of
",20170817
61458,3483,それが作った。,20170406
61458,3470,来週から、パスワードはモールス信号で入力されることになります。,20171108
73368,9314,-- グルーチョ・マルクス,20170916
73368,3799,後知恵は精密科学である。,20170503
54098,9016,客1：「紅茶をください」,20180311
82232,4982,暇な時間に現金を稼ごう――友達を脅迫せよ。,20171009
82232,6136,そのモニターは完全に負ける！,20170713
75732,9126,太陽から。大きな隕石が通信を妨げているか、あるいは誰かが,20170818
75732,6275,コンピュータが人間より多くの仕事をこなせる一つの良い理由は、彼らが,20170826
82692,7509,"I must have slipped a disk -- my pack hurts
",20170611
82692,6962,-- 合併形成外科医・工具製造社,20180329
82692,1909,社会遺伝学の根本原理：,20180215
71364,6964,"
",20180113
71364,9660,腐敗した：政治において、信任または利益のある職に就くこと。,20170707
61959,7424,科学とは、先入観が検証に出会ったときに起こることである。,20180320
61959,8513,電球を交換するのに、ハードウェアエンジニアは何人必要か？,20170724
81015,2559,もし神が我々に裸でいてほしかったなら、我々はそのように生まれていただろう。,20170331
43277,3139,サラダにとってのニンニクが、芸術にとっての狂気である。,20171024
43277,5043,A: 3人。1人が電球をねじ込み、2人がそれを邪魔する者たちを追い払う。,20171019
69095,1410,もし我々が進む方向を変えなければ、我々は,20170611
71258,364,点。,20180322
27299,5469,早朝にコーヒーを飲むな。昼まで目が覚めてしまうぞ。,20171014
27299,3595,対処法を知らないエラー条件をテストするな。,20180116
27299,9222,「商品市場で小金を稼ぐ方法は、始めることだ」,20170805
70976,8804,パタパタ、ばたばた、ぱたん,20170606
70976,7927,ジョージ・オーウェルは楽観主義者だった。,20171217
70976,517,文句は言えない、でも時々言ってしまう。,20170822
86561,3213,COBOLで書くかFORTRANで書くか。,20170209
14970,7297,CPUにいます我らのOSよ、御名をUNIXと称えさせたまえ。,20171009
14970,1751,プログラミング言語。,20170709
17863,2917,「それは素晴らしいに違いない！私には全く理解できない。」,20170716
65447,9325,今年は幸運な日を過ごす。,20171224
65447,9260,私は聴衆に、彼らがなしうる最善のことは,20180222
65447,1643,彼らの話題は主にセックスに及ぶ。,20170626
42720,4930,「商品市場で小金を稼ぐ方法は、始めることだ」,20180106
42720,3779,さようなら。私は退屈だから去る。,20170904
42720,786,ディスク上に101ブロックのゴミ！…,20170202
10679,3244,書かれたものと、そうでないもののために。,20170922
10679,9325,機械室の真ん中に。,20170723
10679,6962,速報！人類の知能が低下中。詳細は…ええと、いつだったか,20170329
80991,3670,予報官たち、そして超過預言者税を決定した。,20170308
80991,746,メビウスの輪の上のネズミ,20170119
80991,4273,それはここにない。,20170917
96055,6439,ジョニーは祭りからなかなか帰らない。,20170430
96055,1643,今回のログインセッション：$13.99、しかしあなたには$11.88,20170118
96055,5927,ニヒリズムは自己から始めるべきだ。,20180311
61784,183,今回のログインセッション：$13.99、しかしあなたには$11.88,20171110
61784,5135,趣味に余分な時間を費やせ。巻紙をたくさん手に入れろ。,20170623
87564,8380,最悪な一日を過ごすには最高の日だ。,20180423
87564,5478,「そして、私と同じくらい大きくなったら何をするの？」,20170409
87564,9150,深まる憂鬱の中で、あなたの犬がようやく,20180331
89466,1066,政府機関の解決策があなたの問題に合わないとき、あなたは,20170214
89466,2502,システム/3！,20170526
89466,1104,アコーディオン：プリーツ付きのバグパイプ。,20180415
39415,517,悪意に帰するな、,20180409
39415,4683,弾丸に免疫がある」,20170322
39415,5714,ジョニーは祭りからなかなか帰らない。,20180418
13492,3,-- ジュール・ド・ゴルティエ,20170126
13492,5313,結晶学のオタクたち。,20180130
36220,7310,「商品市場で小金を稼ぐ方法は、始めることだ」,20170807
36220,8576,-- アルベルト・アインシュタイン,20180208
71078,8068,システム、その主要な弱点がすべて露呈した,20170803
71078,1978,幸せな結婚をする方法は一つしかない。そして私が,20170728
72672,3734,"Fruit flies like a banana
",20170807
72672,8798,すべての兆候には7つの症状があった。,20171001
72672,6148,床を磨いたり、その他のエキサイティングなことをするのに最適な日。,20171004
87483,9319,"        Anything that can go wr
",20170620
87483,2749,銀行家とは、太陽が輝いているときに傘を貸してくれ,20170719
94381,55,点。,20180114
94381,2677,今夜はコウモリに餌をやらないで。,20180110
21208,5963,"God is a polythiest
",20171205
21208,2917,旗。,20170819
89811,1087,中には何もない。,20170612
89811,6521,-- ジョン・オハラ,20170402
89811,4219,今週は自分で機会を作り出せる。上級,20170923
51636,3896,ウェイター：「紅茶二つ。きれいなグラスを頼んだのはどちら様ですか？」,20180105
51636,9035,それはここにない。,20170115
51636,8657,それが作った。,20180417
88695,3826,酵素とは、生物学者が発明したものであり、,20170731
43544,8121,毛皮のコート。,20180217
43544,89,"We wish you a Hare Krishna
",20170710
43544,3992,今日は大きな嘘をつくな。小さな嘘でも同じくらい効果的だ。,20170420
72159,5966,貧しい人々が、橋の下で眠り、路上で物乞いをし、,20180126
48821,5042,咳き込んでいる。」,20170206
48821,2831,-- オスカー・ワイルド,20180109
82256,8883,私は聴衆に、彼らがなしうる最善のことは,20171229
31349,3251,-- ウォルト・ケリー,20170807
31349,8521,老兵は死なず。若者は死ぬ。,20170324
35118,2033,変数。」,20171116
35118,8727,驚くほど大きいかということだ。つまり、あなたは,20171013
35118,8431,機械室の真ん中に。,20170418
34591,1104,狂気は遺伝する。子供から受け継ぐのだ。,20171021
95632,6986,未来の仕事は危険であることだ。,20180404
95632,8698,"算数とは、""",20180329
30333,9406,ディスク上に101ブロックのゴミ！…,20171116
30333,9558,"There's no future in time travel
",20170813
18546,5385,グループのIQは、グループのメンバーの最低IQを,20170312
39260,4583,民主主義とは、国が一流の経営の下で何ができるか疑問に思うことが許される統治形態である。,20170405
39260,4207,Q: 電球を交換するのに、オレゴン州民は何人必要か？,20170203
39260,2677,-- グルーチョ・マルクス,20170512
78744,4286,応用テロの第五法則：,20170517
78744,2400,今日は大きな嘘をつくな。小さな嘘でも同じくらい効果的だ。,20180418
78744,3570,予算とは、金を使う前に心配するための方法に過ぎない。,20180327
46908,9771,-- オスカー・ワイルド,20180323
46908,8631,学生たちの中に。,20180307
46908,1087,失敗への対処は簡単だ。改善するために努力する。成功もまた,20170323
61489,6801,責任は常に権限を上回る。,20170817
19126,3213,壊れないおもちゃは、他のおもちゃを壊すのに役立つ。,20170515
14930,7242,モグラの問題かい？,20170601
14930,3201,ウェイター：「紅茶かコーヒー、どちらになさいますか？」,20170513
57192,2735,彼がその向こう側から現れるまで、あなたは彼を見ることはないだろう。,20170523
85101,158,それは宇宙を一つにまとめている…,20171025
85101,506,"to justify God's ways to man
",20170923
48420,8421,「新発売」および／または「改良」と表示されたものは、そうではない。その表示は,20171025
48420,3199,食べる。,20180421
55625,9190,シルバーマンの法則：,20171118
68726,2311,-- マーク・トウェイン,20171103
68726,1811,勇気を奮い起こせ！他のものは全部台無しにしたんだから。,20171125
68726,988,-- ビル・ホースト,20171211
31158,4485,さえ。,20170501
88365,2092,ノスタルジアは、もはや昔のものではない。,20170507
55913,9267,神は練習のために愚か者を作り、そして教育委員会を作った。,20170712
55913,136,コンピュータにゴミを入れれば、ゴミしか出てこない。しかし,20170507
55913,1542,誘惑以外なら何にでも抵抗できる。,20170211
40726,7272,好機は常に、最も不都合な瞬間に訪れる。,20170316
94796,1563,"Vote anarchist
",20170903
94796,5396,（ウェイター退場、そして再登場）,20170406
39168,6377,「そして、私と同じくらい大きくなったら何をするの？」,20170628
39168,1004,電球を交換するのに、テックライターは何人必要か？,20170805
39168,5858,-- ブルース・レヴェレット,20180301
26259,1056,現実は幻覚の障害である。,20170311
26259,9564,短い針が…にある。,20170520
40543,8109,それ。,20170426
40543,3640,大学とは、教員が,20180205
28301,1799,自己中心主義とは、親切な自然が痛みを和らげるために与える麻酔である。,20170918
28301,537,最も短い、けれど。,20170409
83300,8367,歩行者。,20180316
75261,4542,こんにちは、ファルケン博士。,20170503
75261,624,ジョージ・オーウェルは楽観主義者だった。,20170729
75261,8932,馬鹿：人間社会において影響力を持つ、大きくて強力な部族のメンバー。,20171128
48347,7181,まあいい、全部の卵を一つのカゴに入れちまえ。,20170422
48347,4965,100ブロックのゴミ！,20180406
25640,6965,「新発売」および／または「改良」と表示されたものは、そうではない。その表示は,20180318
25640,8132,グラフィックスについて：一枚の絵は1万語の価値がある――しかし、,20180201
64577,6845,カミソリは痛い。,20170718
91001,7737,良い知らせ。金曜日から10週間後は、かなり良い日になるだろう。,20170501
51263,4286,ウェイター：「紅茶かコーヒー、どちらになさいますか？」,20171124
51263,2443,神は言われた。「ニュートンあれ」と。するとすべてが光であった。,20180325
51263,4702,-- ラ・ロシュフコー,20170820
30891,9,今日は驚きが待っている。家賃もだ。,20170208
30891,793,-- ベルトルト・ブレヒト,20170104
30891,2404,そしてこの言語が行くところどこでも,20171128
71288,8784,体の方が良い。,20180102
46603,3826,タルムードで最も古くから puzzling されてきた問題の一つは、「なぜ神は,20170924
37181,2274,ベアメタルで。アプリケーションプログラミングは、システム,20180126
37181,9373,チャイルドプルーフキャップに苦労するのは大人だけだ。,20171013
37181,388,物事は今よりも昔のようになっている。,20170216
51953,8187,「お前は母親のような男には決してなれない！」,20170818
51953,8798,自由で、オープンで、陽気であれ！楽しめ！事態はこれ以上良くならないから,20170606
51953,3046,批判するが、もし皆に嫌われたら、あなたも偏執病になるだろう。,20170731
60158,9150,生きる。,20170524
60158,4461,5年間で、我々は一つの素晴らしいプログラミング言語を手に入れることができる。ただ,20170409
93467,2499,偏執病の人も人間だ。彼らにも彼ら自身の問題がある。簡単に,20180310
93467,9626,年：365回の失望の期間。,20170416
93467,1542,時間とは、すべてが同時に起こらないようにするための自然の方法である。,20180224
35886,7947,電球を交換するのに、ハードウェアエンジニアは何人必要か？,20171130
35886,1171,「この核軍拡競争を続けるなら、君たちがやることは,20170305
35886,792,防衛運転をしろ。戦車を買え。,20180122
97248,1104,LISPプログラマーはすべての価値を知っているが、そのコストは,20171110
93810,8158,「なぜ足の甲に特別な名前がないんだろう？」,20180322
93810,4476,理性の命令に従って行動するように。,20170805
93810,4930,"God is a polythiest
",20170612
78802,4290,今夜は半月。（少なくとも、月がないよりはましだ。）,20170430
78802,4534,ディスク上の100ブロックのゴミ,20170827
67130,4461,なし。「ユーザーが解決できるだろう。」,20170627
70845,8548,第三法則：絶対零度でしか収支はとんとんにならない。,20170611
11987,8964,今夜はユーカリの木で眠るな。,20170221
62131,7349,「ダイエット」,20180115
62131,5124,パーティーを開くには良い日だ。彼をできるだけ遠くに投げ飛ばせ。,20180318
62131,8798,汝、それを再生するなかれ。,20171129
70172,2677,この国に必要なのは、良質な5セントの「何か」だ！,20180314
26869,2241,「素晴らしい！この半,20170929
67010,8207,もし我々が進む方向を変えなければ、我々は,20170720
60540,1998,-- アラン・パーリス,20170802
78917,4286,自分自身を問題の一部として。,20171105
78917,8566,名誉ある：手の届く範囲に障害があること。立法府では,20170410
35471,6379,街角の酒場を活性化させる。,20171204
35471,4485,UFOは実在する。空軍は存在しない。,20170912
35471,8004,「成功できるのに、なぜ男でいる必要がある？」,20171203
87883,3266,大統領や王から地の果てのクズまで…,20171221
49165,8071,老いたプログラマーは死なず。ただ新しいアドレスに分岐するのみ。,20180113
49165,6439,メッセージが郵便で届く。FBIに見られる前に破壊せよ。,20170219
75362,3940,-- ケーログ・アルブラン,20170929
75362,3,人生を深刻に受け止めすぎるな。生きては出られないのだから。,20170926
96838,7390,聞くことすべて、あるいは言うことすべてを信じるな。,20180125
96838,5282,政治家がつまらない人物であればあるほど、彼は,20170430
79264,8976,このゴミは、非常に高価な機械を通過した後,20170806
54507,8657,電球を交換するのに、ソフトウェアエンジニアは何人必要か？,20170323
54507,6767,銃は合法ではない。,20180217
54507,9469,自己中心主義とは、親切な自然が痛みを和らげるために与える麻酔である。,20180323
83626,968,-ディープ・ソート,20170508
83626,2875,「サイを盗むことは軽々しく試みるべきではない。」,20170123
63130,9828,経験を共有しようとするカリフォルニア人。,20170819
63130,1866,速報！人類の知能が低下中。詳細は…ええと、いつだったか,20180314
30965,6210,名誉ある：手の届く範囲に障害があること。立法府では,20170429
30965,3779,"
",20170819
20492,5753,"        But she started absorbin'
",20170727
51382,126,波の上に立つ者もまた、サーフィンをする。,20180428
47763,7990,-- 愚者の辞書,20171207
52833,4859,暴力は無能な者の最後の砦である。,20180213
52833,7841,LISPプログラマーはすべての価値を知っているが、そのコストは,20170613
66758,3232,太陽は海の上で輝いていた。,20170204
59273,5255,-- グルーチョ・マルクス,20170927
68982,8187,Q: 論理右シフトをするのにIBMのCPUは何個必要か？,20170914
68982,3755,知る価値がない。,20170417
99928,8513,-ディープ・ソート,20170621
99928,5727,今夜はユーカリの木で眠るな。,20171130
99928,7888,宇宙は大きい。あなたはそれがどれほど広大で、巨大で、心を,20170620
78975,6602,ニヒリズムは自己から始めるべきだ。,20170111
78975,6148,何としても現実を避けよ。,20170727
37848,6753,質問：,20170817
37848,7460,科学には何か魅力的なものがある。人はそのような卸売りの,20171130
19702,8559,あなたは犬のような生活を送ってきた。家具から離れていなさい。,20170131
19702,8360,どういうわけか高貴なものとされ、誰もそれを批判しようとしない。,20180109
19702,3607,芸術的な冒険が注目される。美術館を襲え。,20170630
52121,6753,釘。,20171016
82020,4352,豚の愚かさだと思う。,20180125
82020,6572,ウェイター：「紅茶二つ。きれいなグラスを頼んだのはどちら様ですか？」,20170429
82020,9288,おそらく、広告看板が落ちてこない限りは,20171108
61362,6669,靴。,20170114
12049,9185,講師はプラナリアについて200ページを課すだろう。,20170312
63320,1093,どんな組織にも、常に一人は知っている人がいる。,20170720
63320,1994,-- ベラミー・ブルックス,20170703
63320,5715,数学の法則が現実に関わる限り、それらは,20180401
78182,7820,"Today is the first day of the rest of the mess
",20170303
78182,8569,今、私はそれを守っている。,20170914
78182,1783,確固たる決断の日だ！！！！！それとも違うか？,20170331
74274,3952,-- アーサー・ナイマン,20170629
74274,7862,文学的なドイツ人が文章に飛び込むときはいつでも、それが最後だ。,20170517
97421,70,"Fruit flies like a banana
",20171217
97421,2002,もし神が完全なら、なぜ不連続関数を創造されたのか？,20171112
97421,2875,タルムードで最も古くから puzzling されてきた問題の一つは、「なぜ神は,20180129
35039,2967,1. 再現性が問題になる可能性がある場合、テストは,20170714
53577,3797,エキサイティングなデラウェア、ニュージャージー。（バリー・フレッチャーの故郷！）,20180214
96343,9185,「それどころか」とトゥイードルディーは続けた。「もしそうだったら、そうだったかもしれないし、,20180413
96343,5914,「私がしてほしいことを言いなさい」と言ったら、彼にロリポップをあげなさい。,20170514
66963,2749,メッセージが郵便で届く。FBIに見られる前に破壊せよ。,20171231
46257,1410,現実は幻覚の障害である。,20170828
46257,8620,"WHERE CAN THE MATTER BE
",20170124
46257,8335,"The Universe is laughing behind your back
",20180111
46206,8504,機械室の真ん中に。,20171116
46206,3323,本物のプログラマーはアプリケーションプログラムを書かない。彼らは,20180305
46206,3190,「要するに、_Nがリシャール的であるのは、_Nがリシャール的でない場合に限る。」,20171007
11487,3123,豚は、もし私が間違っていなければ,20180409
11487,4892,「それどころか」とトゥイードルディーは続けた。「もしそうだったら、そうだったかもしれないし、,20180310
11487,9325,6ヶ月ごとに。,20171029
57235,5089,"I really hate this damned machine
",20170715
57235,1600,未来の仕事は危険であることだ。,20180404
57235,8605,「結婚（Matrimony）は言葉じゃない、宣告（sentence）だ。」,20170519
75090,4195,この人物は解雇されなければならない。,20170910
75090,5135,柔和な者は地を受け継ぐだろう――彼らは弱すぎて断れないのだ。,20171031
38199,5605,爆弾。,20170119
38199,7705,起こる。,20180410
94102,7236,"
",20170104
94102,9110,カリフォルニアは住むには良い場所だ――もしあなたがオレンジなら。,20170918
34564,7711,正気だ。」,20170326
34564,7698,彼女は彼に、,20171108
34564,3415,外交とは、石を見つけるまで「いい子だね、ワンちゃん」と言い続ける技術である。,20170901
26336,126,我々のお気に入りの独占企業によって作られた！,20170415
26336,8753,完全に避けられることを、明日に延ばすな。,20170628
26336,5149,で責任を回避するか？,20170101
99826,388,-- ウォルト・ケリー,20170624
99826,2195,核攻撃の場合、学校での祈りを禁じる連邦政府の判決は,20180407
99826,3750,相手のエラーの原因を取り除くこと。,20170413
22496,9558,口を閉ざしていれば、足は集まらない。（口は災いの元）,20170204
22496,8663,-- フィンリー・ピーター・ダン（ミスター・ドゥーリー）,20170121
13345,9427,-- ギゴ,20171230
13345,18,"Vitamin C deficiency is apauling
",20170719
27383,9222,応用テロの第四法則：,20180103
27383,1581,それが何であれ、私は再び結婚するだろう。,20170913
95954,4941,もし入力が正確でなかったら。,20170802
46827,5469,イギリス史の中間試験の前夜、あなたの生物学の,20170116
61940,3997,英語では、すべての単語を動詞化できる。我々の,20171109
61940,3376,最適化は進化を妨げる。,20170425
51355,8306,ハチドリは歌の歌詞を決して覚えない。,20180104
51355,2789,彼らは通常、処女を,20170413
12664,6965,電球を交換するのに、禅師は何人必要か？,20170503
24033,363,-ディープ・ソート,20180425
38737,1306,嘘：真実の非常に粗末な代用品だが、発見された唯一のもの。,20171006
38737,6503,-- ジョン・オハラ,20170329
77071,4004,点。,20170630
94404,6105,思春期：思春期と不倫の間の段階。,20170825
94404,9087,非公式なものから公式なものへ、公式な手段で進むことはできない。,20180424
63155,8078,-- ハーバート・プロクナウ,20180112
63155,2918,信仰とは、ピクニックでブラックベリージャムを食べることを可能にする資質である。,20170906
63155,2189,-- オスカー・ワイルド,20171010
37983,1202,もし神が我々に裸でいてほしかったなら、我々はそのように生まれていただろう。,20171102
37983,5659,タイプライターで2つのキーを打つと、望まない方が,20170817
18212,9250,本物のプログラマーはテニスや、,20171014
18212,8383,候補者とは、金持ちから金をもらい、,20170323
66247,9768,皮肉屋：色眼鏡を通して物事を偏見の目で見る者。,20180325
12901,7156,銃は合法ではない。,20180225
12901,5030,それが何であれ、私は再び結婚するだろう。,20171104
12901,5091,そして薬はけいれんを引き起こす。,20171224
55536,5512,「なぜ私は不安なのか？」（ラテン語）,20170121
55536,2789,誰でも扱えるように作ることはできるが、,20180121
22033,9246,ポップアップ、プッシュダウン、バイト、バイト、バイト！,20171017
93649,3266,新しい議員たちは政府を立て直すと言っている。私は,20180416
37841,3851,-- アドレー・スティーブンソン,20180405
37841,2731,COBOLで書くかFORTRANで書くか。,20170829
37841,6658,文明に触れることなく退廃へ。,20170515
42097,9520,彼らに良いマナーを教える努力。,20170218
90914,6878,ベアメタルで。アプリケーションプログラミングは、システム,20180111
90914,1649,-- エルバート・ハバード,20170516
90914,8158,真に賢い者は、決してユニコーンと馬跳びをしない。,20180107
36328,4143,午後は明るくなるだろう。警官があなたの顔にライトを当てるから。,20170723
36328,6740,人生をやり直せるかもしれない――もし最初の,20170419
82489,1643,神を。,20171011
82489,8790,コンピュータにゴミを入れれば、ゴミしか出てこない。しかし,20170806
82489,7258,失敗への対処は簡単だ。改善するために努力する。成功もまた,20170727
39788,1290,もし神が我々に裸でいてほしかったなら、我々はそのように生まれていただろう。,20170412
39788,1623,-- F・P・ジョーンズ,20180126
70449,5468,そして雨が降り出した途端にそれを返して欲しがる。,20170614
67255,6129,電球を交換するのに、ソフトウェアエンジニアは何人必要か？,20180221
67255,4387,広い心：高邁な精神を平らにした結果。,20170708
67255,2888,本物のプログラマーはCOBOLでは書かない。COBOLは弱々しいアプリケーションのためのものだ。,20170625
60106,1973,優越性は劣性である。,20170822
84286,7271,私にできること。」,20180321
42530,649,-- メイシーズ,20171113
42530,5772,"God is not dead!  He's alive and autographing bibles at Cody's
",20170227
42530,1404,花嫁：幸せな未来を背後に持つ女性。,20170504
77911,6878,-- オスカー・ワイルド,20180327
77911,4352,もし良い写真が撮れたとしても、それらは台無しになるだろう,20171216
68929,4699,今夜は半月。（少なくとも、月がないよりはましだ。）,20170614
68929,3470,-- クラレンス・ダロウ,20170924
68929,6589,あなたは仕事のことで心配しすぎだ。やめなさい。あなたは十分に給料をもらっていない。,20170410
78483,7994,街角の酒場を活性化させる。,20171021
78483,149,エキサイティングなデラウェア、ニュージャージー。（バリー・フレッチャーの故郷！）,20170118
32265,6595,しかし、我々は熱意のあまり、,20170329
32265,1604,結晶学のオタクたち。,20171009
32265,7946,上司を驚かせろ。時間通りに出勤しろ。,20170128
90654,6239,彼がその向こう側から現れるまで、あなたは彼を見ることはないだろう。,20170823
73931,9559,覚えておけ、UNIXを逆から綴るとXINUになる。,20180307
12307,8068,力の限り輝いて：,20180316
12307,2659,A: 3人。1人が電球をねじ込み、2人がそれを邪魔する者たちを追い払う。,20180220
89559,9630,信仰とは、ピクニックでブラックベリージャムを食べることを可能にする資質である。,20171118
28661,5560,"Rocky's Lemma of Innovation Prevention
",20170925
19885,746,芸術的な冒険が注目される。美術館を襲え。,20171226
19885,4675,"
",20180425
28310,3284,第三法則：絶対零度でしか収支はとんとんにならない。,20170430
28310,9906,問題を十分注意深く見れば、,20180320
27028,2206,フィラデルフィアは退屈ではない――ただ、隣にあるからそう見えるだけだ。,20180327
51747,718,"
",20180119
51747,2984,責任は常に権限を上回る。,20170401
52902,7028,異なれ：順応せよ。,20180403
52902,9177,-- ジョー・ウォルシュ,20170126
52902,6986,波の上に立つ者もまた、サーフィンをする。,20180108
58673,4681,共同制作：,20170614
58673,5162,科学には何か魅力的なものがある。人はそのような卸売りの,20170928
18900,7676,"We wish you a Hare Krishna
",20170613
18900,8777,客1：「紅茶をください」,20171122
18900,3865,もし持ち込み可の試験を与えられたら、本を忘れるだろう。,20171121
97160,2195,-- ヨハネ・パウロ1世,20171111
97160,9162,「アインシュタインをそっとしておけ！」は現状を回復した。,20170130
41461,7995,人生はヨーヨーで、人類はその糸に結び目を作る。,20170318
41461,8071,他人があなたのことをどう思っているか心配するな。彼らは,20180411
49972,2227,ノスタルジアは、もはや昔のものではない。,20180207
49972,3297,批判するが、もし皆に嫌われたら、あなたも偏執病になるだろう。,20180219
49972,8279,幸福：他人の不幸を熟考することから生じる心地よい感覚。,20180428
11458,517,予報官たち、そして超過預言者税を決定した。,20170307
11458,4683,そして男性的な衝動,20170221
11458,2044,それがエネルギーに変換されるとき？,20171228
67717,1046,ワッフルにかけたことがある。,20170623
89271,9427,カサブランカから出て、ドイツ人は奇跡を非合法化した。」,20170902
89271,1104,答えは42だ。,20170110
89271,3745,それは彼らが徹夜していたからだ。,20171031
88913,7660,ユーカリの木で眠らない方がよい、もう一晩。,20180220
21925,1574,「もし知っていたら、私は錠前屋になっていただろう。」,20180415
21925,6275,豚は、もし私が間違っていなければ,20180401
21925,5287,別のものの。,20180302
32249,1960,"
",20180106
75168,2735,-- ペギー・ジョイス,20170901
30656,765,電球を交換するのに、テックライターは何人必要か？,20180330
30656,7946,そして彼女の内部でリンゴ酒を作った。,20171225
30656,5240,"        A new hydrocarbon
",20170729
53926,5519,旗。,20171024
13388,7792,有り余るエネルギーを発散させるには良い日だ。何か重いものを盗め。,20180419
13388,6669,国が一流の経営の下で何ができるかを声高に。,20180108
27291,5004,街角の酒場を活性化させる。,20170623
27291,1519,子供に装填済みの鯉で遊ばせるな。,20180328
27291,2501,すべてはトップダウンで構築されるべきだ、最初の時を除いては。,20180426
69424,2875,バグを修正し、再びダンプする：,20170119
69424,6136,で責任を回避するか？,20171106
69424,1393,「それどころか」とトゥイードルディーは続けた。「もしそうだったら、そうだったかもしれないし、,20171018
94706,8057,"
",20180329
94706,5269,メニュー：レストランがちょうど品切れにした料理のリスト。,20170117
20168,1811,コーナー、バーモント州」,20171024
10479,6292,-- マーク・トウェイン,20180331
83164,9432,軍事諜報は矛盾した言葉である。,20170319
83164,1782,自由で、オープンで、陽気であれ！楽しめ！事態はこれ以上良くならないから,20171228
83164,2581,人生。,20170110
77494,3376,-- ヒレア・ベロック,20171219
77494,364,今年は幸運な日を過ごす。,20170526
79544,3851,失敗への対処は簡単だ。改善するために努力する。成功もまた,20171012
79544,2054,キリスト：少なくとも5000年早く生まれすぎた男。,20170211
73974,7271,電球を交換するのに、テックライターは何人必要か？,20171218
73974,1988,カリフォルニアは住むには良い場所だ――もしあなたがオレンジなら。,20180310
49336,1194,100ブロックのゴミ！,20170106
55206,2953,今日まで。,20180131
44567,1054,-- フレッド・アレン,20170324
86949,8642,2) 「お前と、どの軍隊だ？」,20170208
86949,8826,彼らがそれを売ってくれればいいのに。,20180301
86949,8315,-- 合併形成外科医・工具製造社,20170923
17581,9681,身を粉にして働け！,20170808
17581,5195,"Today is the first day of the rest of the mess
",20170407
17581,9375,"Vote anarchist
",20170908
41619,8342,人々に考えさせていると思わせれば、彼らはあなたを愛するだろう。しかし、もしあなたが,20180208
41619,3156,幸せな結婚をする方法は一つしかない。そして私が,20170625
41619,5101,-- 『ドクター・フー』より、准将,20170506
39254,3376,"A limerick packs laughs anatomical
",20180211
75292,6878,"Accuracy: The vice of being right
",20170317
75292,1093,理解するのが難しいだろう。,20170707
10025,2958,-- アドレー・スティーブンソン,20170304
10025,6436,自然と自然の法則は夜に隠されていた,20171125
10025,176,民主主義とは、国が一流の経営の下で何ができるか疑問に思うことが許される統治形態である。,20170801
78786,4485,自然と自然の法則は夜に隠されていた,20170529
78786,5616,"Vitamin C deficiency is apauling
",20180309
78786,4986,野心とは、怠けるほどの分別がないことの粗末な言い訳である。,20170501
12613,4193,もし神があなたに裸で歩き回ってほしかったなら、もっと大きな,20170308
12613,1851,"Ass（尻/ロバ）：""lass""（娘）の男性形。",20170908
88694,5004,それは、死んだ方がましだと思う人々のための時間つぶしの本だった。,20170713
88694,4534,LISPプログラマーはすべての価値を知っているが、そのコストは,20171101
97028,6999,来週の金曜日はあなたの幸運な日ではない。実を言うと、あなたは,20170213
69223,134,提案を拒否する。,20180416
69223,6004,それ。,20170828
59795,881,自動車：丘を駆け上がり、人々を駆け下りる四輪車。,20171221
94257,3901,軍法は正義にとって、軍楽が音楽にとってそうであるようなものだ。,20180219
94257,6801,「一度でいいから、,20170806
41638,8790,爆弾を禁止せよ。通常戦争のために世界を救え。,20180220
97296,5560,デバッグセッション。,20180120
97296,241,電気技術者はより少ない抵抗でやる。,20171120
33751,5269,99ブロックのゴミ！,20170516
25148,4387,「第三次世界大戦がどのような兵器で戦われるかはわからないが,20170417
25148,3382,経験とは、あなたが認識することを可能にする素晴らしいものである。,20180501
34427,4287,金を持つ者がルールを作る。,20170621
89144,5914,"Vitamin C deficiency is apauling
",20170623
89144,4351,ダイナマイトで空高く吹き飛ばされる神聖な権利の目に見える兆候。,20180422
38535,1344,「可能性は三つある。パイオニアの太陽電池パネルが,20170219
38535,719,朝に自己嫌悪するな――昼まで寝ろ。,20170701
96737,2362,「すべての肉は草である」,20170401
96737,7401,電球を交換するのに、ハードウェアエンジニアは何人必要か？,20170303
43864,8642,許可を得るより許しを得る方が簡単だ。,20170407
43864,2177,偏執病の人も人間だ。彼らにも彼ら自身の問題がある。簡単に,20170302
16267,8902,この人物は解雇されなければならない。,20170906
16267,6503,"Computer programmers do it byte by byte
",20180116
16267,9288,ガスはひどい匂いがする。,20170630
70163,7990,ツバメがカピストラーノに着陸するのを手伝おう。,20170808
70163,4884,-- オスカー・ワイルド,20170821
70163,1750,彼らの良心の欠如。,20170415
89590,2218,-- ソーパー上院議員,20170305
89590,7474,タバコ：一端に火、もう一端に愚か者、そして,20170828
11884,1468,よそで。」,20171004
52715,3444,私は木を全く見ることがないだろう。,20170214
52715,4006,釘。,20171120
52715,6015,"Murphy would be there to tell me
",20170526
19160,1046,改善する。,20170219
98584,6101,全く価値がない。,20171129
98584,7937,ウィル・ロジャースが言ったように、「無料の,20170823
30253,2403,は一時的に中止されます。,20170419
16043,3896,失敗への対処は簡単だ。改善するために努力する。成功もまた,20171231
16043,6439,完全に避けられることを、明日に延ばすな。,20170303
16043,8657,-- ペギー・ジョイス,20170226
12533,295,-- サルヴァー・ハーディン,20170324
34886,6575,早朝にコーヒーを飲むな。昼まで目が覚めてしまうぞ。,20170530
34886,6993,-- ウォルト・ケリー,20180212
34886,70,使いやすく、動作し、もし壊れたら、彼らはすぐに,20180101
88526,8612,皮肉屋：色眼鏡を通して物事を偏見の目で見る者。,20170521
88526,4876,あなたが偏執病だからといって、彼らがあなたを狙っていないとは限らない。,20180120
37062,6965,"
",20171207
37062,7820,少年：泥のついた騒音。,20170707
37062,315,"God is not dead!  He's alive and autographing bibles at Cody's
",20170820
52247,9310,"Paul Revere was a tattle-tale
",20171230
52247,5145,会話：息を切らしている方が,20180202
52247,7113,ユーザー（名詞）：あなたが言ったことを何でも信じるプログラマー。,20170527
57893,8187,感嘆：他人が,20170402
86400,3378,理性の命令に従って行動するように。,20171210
86400,124,朝に自己嫌悪するな――昼まで寝ろ。,20171007
20448,9319,少なくとも二つの人為的ミスを見つけるだろう、それを,20180403
20448,9590,調査の日。あなたは召喚されるだろう。,20170505
20448,7297,全国半袖シャツ協会は言う：,20180101
63188,769,歩行者。,20170315
63188,6022,一つ。,20170304
63188,5323,対処法を知らないエラー条件をテストするな。,20170803
29667,104,やるべきことを先延ばしにするのに、今ほど良い時はない。,20170707
29667,5313,-ディープ・ソート,20170128
29667,1925,"        But the good ones I've seen
",20170309
61607,1659,プログラミング。,20170914
61607,9590,力の限り輝いて：,20180413
96149,3323,牛は、我々人間が,20170907
96149,5606,来年の最悪野菜。,20180312
96149,6275,"It was the reader's CONS
",20170813
18216,9267,他人はあなたに安定を求めるだろう。だから、,20170809
86238,5344,私は7つのハックを持つQuuxに出会った。,20180328
86238,3415,朝。,20170508
86238,6575,5年間で、我々は一つの素晴らしいプログラミング言語を手に入れることができる。ただ,20170221
23499,4149,想像力は、現実との戦いにおける唯一の武器である。,20170712
23499,517,-- ドロシー・パーカー,20170213
24670,5519,息をしている方がリスナーと呼ばれる。,20171128
10293,2594,-- ケーログ・アルブラン,20170823
39091,7258,彼らの良心の欠如。,20170630
70128,3998,コンウェイの法則：,20180201
40604,4112,プログラマーが英語で書けるようにすれば、,20170121
40604,6636,第二法則：働くことで達成できる最大のことは、,20170418
40604,5963,簡単な問題はすべて解決済みだ。,20170827
70217,3441,"WHERE CAN THE MATTER BE
",20170421
10518,1783,電球を交換するのに、ソフトウェアエンジニアは何人必要か？,20170310
10518,3483,機能する。,20180104
82540,1066,重力は神話だ、地球は吸い込む。,20170327
82540,9372,UFOは実在する。空軍は存在しない。,20171110
82540,797,あなたは間もなく認識されるかもしれない。隠れなさい。,20170712
17745,9133,街角の酒場を活性化させる。,20171019
41085,8071,"Brain fried -- Core dumped
",20170131
41085,1623,軽く油を塗った。」,20170509
62769,3992,-- ピーター・S・ビーグル,20180225
62769,8012,"It's because I try to put every possible syllable into that last line
",20170711
62769,9828,-- ルイス・キャロル,20180315
11990,5735,デフリース家のジレンマ：,20170104
11990,4235,道徳的にハンディキャップのある人を雇いなさい。,20171206
37703,8759,コンピュータを家庭に持ち込んでも、どちらも変わらないだろうが、,20170704
37703,2206,-- マクスウェル・スマート,20170901
37703,2044,Q: 電球を交換するのに、異性愛者の男性は何人必要か？,20170415
67975,8667,やる価値のあることは、誰かにやってもらう手間をかける価値がある。,20171122
75464,1404,精神病院：楽観主義が最も栄える場所。,20170502
75464,8040,-- アーサー・ナイマン,20171022
11577,2099,は去ることだった。,20180101
11577,3199,"There was a young lady from Hyde
",20170414
86454,149,"We wish you a Hare Krishna
",20180417
86454,2652,搾取の範囲から自分自身を。,20170702
28895,1750,時々、無実の人が議会に送られる。,20171221
28895,5383,そのモニターは完全に負ける！,20170529
28895,1266,それ。,20170621
72013,8804,それ。,20171102
72013,9167,そして先月分を前払いで。,20170715
72013,4044,それがエネルギーに変換されるとき？,20170805
65227,3670,"Steinbach's Guideline for Systems Programming
",20170215
65227,1574,答えは42だ。,20171016
65227,8249,新しい町。,20170824
62497,3297,-- オスカー・ワイルド,20170627
67142,5385,消化不良。,20171027
67142,2152,ラー！ラー！ラー！,20170115
21656,6239,コンピュータ科学の言語。強い型付けは記憶力の弱い人々のためのものだ。,20170901
21656,6517,今年は幸運な日を過ごす。,20180326
21656,9145,朝に自己嫌悪するな――昼まで寝ろ。,20170326
56551,8426,暇な時間に現金を稼ごう――友達を脅迫せよ。,20170720
80797,7498,未来はまだら模様。夕方遅くにスープをこぼすだろう。,20170427
22906,4913,で責任を回避するか？,20170607
22906,5323,悪意に帰するな、,20170312
35119,8363,どんな組織にも、常に一人は知っている人がいる。,20170318
35119,1386,割り、掛け、そして引くだろう。,20170927
35119,7349,今、自然に振る舞いなさい。煮えくり返り、怒り狂い、かんしゃくを起こしなさい。,20180303
32917,5270,驚くほど大きいかということだ。つまり、あなたは,20171126
32917,5519,"A city is a large community where people are lonesome together
",20180301
32917,7219,電球を交換するのに、テックライターは何人必要か？,20170906
56416,1360,手。,20171104
56416,4310,長い目で見れば、すべてのプログラムはロココ調になり、そして瓦礫となる。,20170120
56416,9626,-- オスカー・ワイルド,20171103
72933,5714,-- クラレンス・ダロウ,20171011
83982,4414,障害を克服するには良い日。障害物競走を試してみよう。,20180113
83982,5772,彼らがそれを売ってくれればいいのに。,20170405
92803,4006,長い目で見れば、すべてのプログラムはロココ調になり、そして瓦礫となる。,20171010
55563,2501,扱いやすい：あなたは間違った問題を解決した。,20171020
83179,2953,-- アナトール・フランス,20180123
66843,7994,もし神が我々に裸でいてほしかったなら、我々はそのように生まれていただろう。,20180403
66843,1866,人工知能に一年費やせば、,20180417
66843,6878,不幸は仲間を好むが、仲間はそれに応えない。,20171216
54532,4029,-- カール・ツヴァンツィヒ,20170524
54532,6156,貧しい人々が、橋の下で眠り、路上で物乞いをし、,20170118
54532,8335,軍事諜報は矛盾した言葉である。,20170326
35911,2573,明日！,20180424
93413,1056,来年の最悪野菜。,20171225
93413,8898,興味深いものは何も簡単ではない。,20170707
87386,3,明日！,20170527
87386,6004,結晶学のオタクたち。,20171218
87386,7995,そして先月分を前払いで。,20171208
69644,7420,正気だ。」,20170610
69644,6999,ユーカリの木の中で。,20170320
20842,4781,地球は小さな砂粒のようなものだ、ただずっとずっと重いだけ。,20170327
20842,5478,時空間スキップの中で。,20180219
81730,9087,-- アルベルト・アインシュタイン,20170405
21627,9347,"
",20180423
64289,9624,民主主義とは、,20171204
33395,8057,"不在者：収入があり、""",20180127
26964,7466,クリスマスに子供にメンタルブロックを与えなさい。,20170829
26964,9712,ユーカリの木の中で。,20170821
26964,1643,正義：あなたに有利な決定。,20180311
42468,551,"Computer programmers do it byte by byte
",20180401
85680,9470,波は滑らかで輝いている――,20170814
85680,2033,もし良い写真が撮れたとしても、それらは台無しになるだろう,20170802
85680,690,ネーザーの法則：,20170108
39342,6127,収支を合わせられると思った頃に、誰かが,20170913
57483,1229,起こる。,20171125
76929,8883,何かが起こる確率が百万分の一なら、,20170417
76929,4723,「彼はとても心が狭く、鍵穴から両目で,20180306
76929,1811,ダクトテープはフォースのようなものだ。光の側面と闇の側面があり、,20170729
66030,3077,明かりがつく。,20171201
66030,5282,爆弾を禁止せよ。通常戦争のために世界を救え。,20170104
66030,9188,「結婚（Matrimony）は言葉じゃない、宣告（sentence）だ。」,20170120
13499,4941,年：365回の失望の期間。,20171015
67291,2264,-- ウォルト・ケリー,20171114
67291,845,"
",20180329
67291,4993,すべてのハックには7つのバグがあった。,20170906
73629,3623,ディスク上に101ブロックのゴミ！…,20170701
73629,4729,誰かが「私がただ,20180325
73629,9395,思春期：思春期と不倫の間の段階。,20171206
74082,4072,ああ、決して、決して疑うまい,20170319
74082,493,応用テロの第五法則：,20180420
64927,4194,それは、死んだ方がましだと思う人々のための時間つぶしの本だった。,20170206
33068,5748,-- ジョン・バリモアの最期の言葉,20171119
33068,134,"
",20170813
33068,8657,プログラマーが英語で書けるようにすれば、,20170206
84671,7994,彼らがそうあるべきであると。ゆえに、スキタイ人の間では、,20180216
84671,7894,会話：息を切らしている方が,20170805
84671,3734,ウィル・ロジャースが言ったように、「無料の,20170418
33859,5748,ウェイター：「紅茶かコーヒー、どちらになさいますか？」,20171128
44018,9529,牛は、我々人間が,20170622
44578,1763,"...And malt does more than Milton can
",20170303
45186,6393,"        The apple fermented
",20180205
84381,8759,馬鹿：人間社会において影響力を持つ、大きくて強力な部族のメンバー。,20170928
84381,8538,-- ラ・ロシュフコー,20170111
84381,9288,-- G・B・ショー,20170818
22958,587,彼がその向こう側から現れるまで、あなたは彼を見ることはないだろう。,20171116
22958,9177,バグを修正し、再びダンプする：,20170426
41957,541,"        But she started absorbin'
",20170617
36761,4702,グループの人数によって。,20171229
27956,8455,早朝にコーヒーを飲むな。昼まで目が覚めてしまうぞ。,20170115
27956,8187,は中止された。,20170127
27956,2677,2. 直線あてはめが必要な場合、データは2点のみ取得すること。,20171011
15933,8040,1. 再現性が問題になる可能性がある場合、テストは,20180101
10834,2677,そして男性的な衝動,20170711
72771,4659,は一時的に中止されます。,20180126
72771,2671,委員会――それが彼らを破滅させるだろう。,20170828
80864,8977,今日はあなたが勝者になるだろう。4歳児に喧嘩を売れ。,20171128
83469,4675,聞くことすべて、あるいは言うことすべてを信じるな。,20170506
96758,8964,-- ジョージ・サンダースの最期の言葉,20180413
96758,5004,花嫁：幸せな未来を背後に持つ女性。,20170831
96758,4112,-- ジョン・マクナルティ,20170625
32110,85,経験を共有しようとするカリフォルニア人。,20170513
99037,3483,今日は友達を吸おう。,20180108
62621,2241,-- バート・ウィットニー,20170221
62621,2986,クリンクラーの第一法則：,20170904
62621,2924,注意：呼吸はあなたの健康に有害な場合があります。,20170819
88327,4287,"WHERE CAN THE MATTER BE
",20180205
88327,9470,思春期：思春期と不倫の間の段階。,20180409
88327,9319,深まる憂鬱の中で、あなたの犬がようやく,20170618
41716,295,サンフランシスコはかつての姿ではなく、そして決してそうではなかった。,20171220
41716,1016,割り、掛け、そして引くだろう。,20170803
41716,8698,-- アーサー・ナイマン,20170520
39978,8513,コンウェイの法則：,20171007
39978,5145,すべてが可能だが、,20170830
39978,3896,-- アーサー・ナイマン,20171021
20307,1978,さもなければ、より難しい思考を必要とする。,20171216
32475,4717,自由で、オープンで、陽気であれ！楽しめ！事態はこれ以上良くならないから,20170217
32475,4461,探すのをやめなさい。幸福はあなたのすぐ隣にある。,20171119
26170,1830,書くこと。,20180331
72494,315,牛は、我々人間が,20171010
72494,8977,長い目で見れば、すべてのプログラムはロココ調になり、そして瓦礫となる。,20171103
72494,6072,本物のプログラマーはPASCAL、BLISS、ADA、その他赤みがかった,20170122
28408,8118,本物のプログラマーはCOBOLでは書かない。COBOLは弱々しいアプリケーションのためのものだ。,20180219
28408,816,力の限り輝いて：,20171103
94483,8513,-- ヨハネ・パウロ1世,20170521
94483,3647,-- アルベルト・アインシュタイン,20170419
84117,4331,電球を交換するのに、テックライターは何人必要か？,20170415
84117,9,第四次世界大戦は棒と石で戦われるだろう。」,20171007
84117,2049,第四次世界大戦は棒と石で戦われるだろう。」,20180109
10322,5829,文学的なドイツ人が文章に飛び込むときはいつでも、それが最後だ。,20180227
39475,3869,ポップアップ、プッシュダウン、バイト、バイト、バイト！,20171015
39475,3797,一度。,20170204
66973,2311,来年の最悪野菜。,20170929
66973,7378,ローマ帝国はなぜ崩壊したのか？事務所のラテン語は何？,20180120
20206,932,-- マーク・トウェイン,20180402
20206,1649,学生たちの中に。,20171222
77902,2502,青リンゴを食べて死んだ。,20170427
28374,1728,-- グルーチョ・マルクス,20170831
76907,7474,独身者とは、ある女性を,20180323
76907,8383,ゴイムを創造したのか？」一般的に受け入れられている答えは、「誰かが,20180118
25129,7995,エラーのないプログラムを書く方法は二つある。三番目の方法だけが,20180501
25129,8468,そしてサン・ミョン・ムーン（文鮮明）！,20170815
25129,1393,大酒を飲むには最高の日。オフィスのウォータークーラーに酒を入れろ。,20171007
14140,3187,午後はロマンスに非常に好都合。一人の人を,20180218
14140,1851,-- ペギー・ジョイス,20180222
14140,7474,両利きになるためなら右腕を差し出してもいい。,20170904
98482,6815,時々子供っぽくなれないなら、大人である意味はない。,20170114
98482,9267,上司を驚かせろ。時間通りに出勤しろ。,20180409
98482,9325,は中止された。,20180420
49305,1866,スープが治せないのは、母親への神経症的な依存である。,20170804
49305,3570,それを直し、そして…,20171109
49305,3362,-- G・B・ショー,20170123
18585,6515,速報！人類の知能が低下中。詳細は…ええと、いつだったか,20170716
66619,2581,今日は何か変わったことをしなさい。請求書を払いなさい。,20170502
45281,1520,現実は幻覚の障害である。,20170623
15526,968,ハンディキャップのある。,20171114
90284,6127,瓦礫を跳ねさせる,20180318
90284,9105,臆病者：危険な緊急事態に足で考える者。,20180423
90284,2035,サラダにとってのニンニクが、芸術にとっての狂気である。,20170905
57867,2986,"Who lived on distilled kerosene
",20170326
57867,2918,人々。,20170723
37652,1097,上司がそれを読んでいる。,20170620
40788,2986,経済学者の間では、現実世界はしばしば特殊なケースである。,20171027
40788,9832,人々が私に同意するときはいつも、私は自分が間違っているに違いないと感じる。,20170408
76294,8426,-- ホークウインド,20170603
76294,7351,"He sure is a fun god
",20170421
87262,4112,"Brain fried -- Core dumped
",20171018
87262,4063,失敗への対処は簡単だ。改善するために努力する。成功もまた,20170314
87262,6986,その5年間がいつ始まるかを我々は制御できない。,20180322
56002,4837,"It never does quite what I want
",20170110
56002,7820,本物のプログラマーはアプリケーションプログラムを書かない。彼らは,20180118
56002,9876,-- ドロシー・パーカー,20180402
69190,8059,使いやすく、動作し、もし壊れたら、彼らはすぐに,20170614
69190,6254,"A.A.A.A.A.: An organization for drunks who drive
",20170616
69190,363,それはここにない。,20180221
35417,6480,馬の分別とは、馬が,20170705
19988,8515,それが何か知っている。,20170804
19988,797,"
",20171117
64798,5517,探すのをやめなさい。幸福はあなたのすぐ隣にある。,20180117
64798,7043,10年間の不採用通知は、自然があなたにやめるよう告げる方法である。,20170206
98212,146,「家具との議論は、めったに生産的ではない。」,20170623
45194,8566,食べる。,20170504
45194,5735,さようなら。私は退屈だから去る。,20171112
45194,7711,自動車：丘を駆け上がり、人々を駆け下りる四輪車。,20170904
71114,2338,彼らの話題は主にセックスに及ぶ。,20171108
91445,8932,「私の友人たちと私は皆、狂っている。それが我々を,20171227
91445,2433,リストまたはオブジェクトデッキ。,20170114
91445,4069,「三重アイソ分岐クリプトンゲートMOSプロセス…」,20180221
53716,7424,中傷された。,20171123
53716,5539,割り、掛け、そして引くだろう。,20171231
53716,7684,弾丸に免疫がある」,20180115
93450,124,"BLISS is ignorance
",20170727
24952,2403,客2：「私も――そしてグラスがきれいであることを確認してくれ！」,20170629
24952,6653,深まる憂鬱の中で、あなたの犬がようやく,20170823
64879,3199,-- マーク・トウェイン,20180106
64879,5616,「ここ電話会社では、あらゆる種類の人々にサービスを提供しています。,20171216
64879,769,-- ジョージ・サンダースの最期の言葉,20170101
63019,6938,驚くほど大きいかということだ。つまり、あなたは,20170824
63019,2099,運転免許を失うのは、神が「ブーガ、ブーガ！」と言うための一つの方法に過ぎない。,20171004
72163,1625,プログラミング言語。,20180407
72163,66,エキサイティングなデラウェア、ニュージャージー。（バリー・フレッチャーの故郷！）,20180123
72163,1200,そしてこれはとても奇妙だった、なぜならそれは,20170218
38643,1599,プログラミング言語。,20180109
38643,7711,男たちは黙ってお茶をすすっていた。しばらくして、不器用な男が,20170410
38643,1878,真に賢い者は、決してユニコーンと馬跳びをしない。,20170124
78586,402,一番大声で鳴く鶏が、最も,20171113
78586,7854,真に賢い者は、決してユニコーンと馬跳びをしない。,20171216
32146,4987,客1：「紅茶をください」,20180207
32146,9289,それ。,20180318
50764,8418,フィルモア大統領を悪く言うな。彼は我々をベトナム戦争から遠ざけてくれた。,20170212
50764,8997,許可を得るより許しを得る方が簡単だ。,20171112
50764,1542,-- エルバート・ハバード,20170514
68899,3570,彼らがあなたのことをどう思っているか心配することで忙しい。,20171227
87146,5101,もし神が完全なら、なぜ不連続関数を創造されたのか？,20180214
58507,6503,-- ルイス・キャロル,20170727
58507,5425,それが何であれ、私は再び結婚するだろう。,20171017
58507,1171,精神病院：楽観主義が最も栄える場所。,20170104
48091,9372,"enough cheese
",20180305
48091,8010,老兵は死なず。若者は死ぬ。,20170619
48091,6845,向かっている。,20170817
88543,9583,科学には何か魅力的なものがある。人はそのような卸売りの,20170217
88543,3915,警句があるなら、メタ警句もなければならない。,20170606
92824,6572,素人のためのプログラミングに関する最高の本は『不思議の国のアリス』だ。,20170826
92824,6884,光の速さより速いものはない…,20171206
92824,2831,正直者：口がきけず、読み書きができない。,20170805
75344,9660,汝、それを再生するなかれ。,20170411
75344,865,明日は興味が持たれないため中止となります。,20170119
11890,5043,興味深いものは何も簡単ではない。,20171208
95094,3232,モリソンの官僚主義仮説：,20180323
87040,8548,大統領や王から地の果てのクズまで…,20170515
87040,241,は中止された。,20170815
87040,1054,系論：,20170425
55060,1266,重力は神話だ、地球は吸い込む。,20170822
55060,2979,木のように美しい広告看板。,20171126
55060,4961,今年は幸運な日を過ごす。,20170627
77576,6515,1) 「心配するな、俺が何とかする」,20180129
77576,6969,釘。,20170727
77576,5135,経験を共有しようとするカリフォルニア人。,20170407
88876,5255,新しい町。,20170617
88876,2207,変化。,20170110
17354,5240,UFOは実在する。空軍は存在しない。,20171221
17354,7297,「商品市場で小金を稼ぐ方法は、始めることだ」,20170405
86288,6229,-- エレノア・ルーズベルト,20170710
86288,4729,成功の秘訣は誠実さだ。それを偽ることを学べば、,20170527
86288,5982,ローマ帝国はなぜ崩壊したのか？事務所のラテン語は何？,20170726
91939,9046,何をしているかわからないときは、きれいにやれ。,20171125
41377,7637,腐敗した少数による、無能な多数の任命。,20170731
20959,7822,学生たちの中に。,20170204
20959,8798,シャボン玉？,20170518
14539,1143,SQL交響楽団コンサート,20180413
49769,5982,-- オスカー・ワイルド,20180119
49769,9159,我々にハムと豚肉とベーコンを与えてくれる。,20170201
49769,9470,そうだと告げられたとき,20170928
90707,1783,1. 再現性が問題になる可能性がある場合、テストは,20170503
90707,1381,デュシャームの教訓：,20170606
90707,5735,それがいかに走るか見よ！それがいかに走るか見よ！,20180205
41816,3441,10年間の不採用通知は、自然があなたにやめるよう告げる方法である。,20170108
67905,418,今日は大きな嘘をつくな。小さな嘘でも同じくらい効果的だ。,20171017
67905,7390,すべてのプログラムには（少なくとも）二つの目的がある。一つは,20171122
67905,3915,午前中は新しいプロジェクトに青信号。午後は交通に赤信号。,20170604
59880,9470,相手のエラーの原因を取り除くこと。,20170216
25623,6521,真夜中。,20170924
25623,5091,-- W・サマセット・モーム,20180221
35347,3137,本物のプログラマーはPASCAL、BLISS、ADA、その他赤みがかった,20170822
35347,6964,それがいかに走るか見よ！それがいかに走るか見よ！,20170827
35347,9372,新しい議員たちは政府を立て直すと言っている。私は,20170309
36056,3266,あなたのプログラムを説明しているときに聞き手がうなずいたら、,20170417
36056,8650,間違いはしばしば、完全な失敗への踏み石となる。,20170607
95812,1673,"
",20180101
95812,6114,精神科医は4人に1人が精神的に病んでいると言う。,20170126
95812,7331,"Accuracy: The vice of being right
",20170102
91253,6072,この人物は解雇されなければならない。,20180330
43361,2633,クリーブランドはまだ生きている。神は死んだに違いない。,20180124
43361,1811,本物のプログラマーはPL/Iでは書かない。PL/Iは,20170220
72817,9222,それは宇宙を一つにまとめている…,20170929
72817,3297,-- ヘンリー・キッシンジャー,20170102
84508,7181,他人はあなたに安定を求めるだろう。だから、,20170623
84508,149,"Fruit flies like a banana
",20170513
62761,8622,あなたの同意なしに、誰もあなたを劣っていると感じさせることはできない。,20170317
88780,1923,-- ラザルス・ロング,20171202
43153,9150,戴冠式：君主に外見上と,20171215
43153,7946,神は死んでいない、ただ駐車スペースを見つけられなかっただけだ。,20171110
38377,8605,その講師のコースのために勉強することを除いて。,20170831
38377,3900,狂気は遺伝する。子供から受け継ぐのだ。,20170205
83785,1978,幸せな結婚をする方法は一つしかない。そして私が,20170217
83785,8949,一度。,20180429
48133,2306,神は言われた。「ニュートンあれ」と。するとすべてが光であった。,20170804
48133,3470,天才には限界があるかもしれないが、愚かさにはそのような,20171025
48133,61,ヌーディストとは、一つボタンのスーツを着る人々のことである。,20170831
61678,8883,メッセージが郵便で届く。FBIに見られる前に破壊せよ。,20170809
61678,1763,電気コード。,20180410
61678,6653,"...And malt does more than Milton can
",20171223
36896,4329,-- オスカー・ワイルド,20180319
36896,2306,重役。,20180412
36896,719,ローマ帝国はなぜ崩壊したのか？事務所のラテン語は何？,20170314
34919,2227,現代人とは、類人猿と人間との間の失われた環（ミッシング・リンク）である。,20180105
34919,2953,何をしているかわからないときは、きれいにやれ。,20170807
34919,8315,私は7つのハックを持つQuuxに出会った。,20171016
98916,8010,-- ラザルス・ロング,20171009
72709,1811,運転免許を失うのは、神が「ブーガ、ブーガ！」と言うための一つの方法に過ぎない。,20170103
51368,4818,チャイルドプルーフキャップに苦労するのは大人だけだ。,20170410
51368,9245,質問：,20171005
51368,6503,風呂に入る…,20170913
32805,4674,私はあなたが思うほど酔っていない。（I'm not as think as you drunk I am. の言葉遊び）,20170603
32805,5469,-- アーサー・ナイマン,20170922
32805,8476,-- ミッキーマウス,20170614
14029,8612,搾取の範囲から自分自身を。,20180404
14029,2501,おそらく、広告看板が落ちてこない限りは,20180322
14029,8576,ダクトテープはフォースのようなものだ。光の側面と闇の側面があり、,20180110
60959,7994,-- ジョン・バリモアの最期の言葉,20180111
60959,9159,5年間で、我々は一つの素晴らしいプログラミング言語を手に入れることができる。ただ,20170527
76963,6105,トゥルナウカの法則：,20170318
38030,9934,精神病院：楽観主義が最も栄える場所。,20171123
38030,3384,時空間スキップの中で。,20170509
74178,5415,正気だ。」,20170425
74178,8566,アシッド――化学を通じたより良い生活。,20170109
73077,9564,自然な傾向に屈せよ。憎らしく、退屈であれ。,20170608
73077,3581,柔和な者は地を受け継ぐだろう――彼らは弱すぎて断れないのだ。,20180221
73077,295,牛は、我々人間が,20171003
81000,8773,LISPプログラマーはすべての価値を知っているが、そのコストは,20170829
97455,8455,来週から、パスワードはモールス信号で入力されることになります。,20180307
97455,8193,-- ケーログ・アルブラン,20170716
97455,9923,「すべての肉は草である」,20170621
37317,7420,「可能性は三つある。パイオニアの太陽電池パネルが,20171005
37317,3187,-- イザヤ,20170303
37317,4491,朝に、そして学校に着くまで止まらない。,20170313
87882,3114,3) 「もしお前が自分で思うほど賢いなら、,20170515
87882,718,郵便。対応するエラーは、,20180427
87882,9427,アメリカを美しく保とう。ビール缶を飲み込め。,20171012
79715,8012,-- アナトール・フランス,20170606
95503,6105,サラダにとってのニンニクが、芸術にとっての狂気である。,20170617
95503,3157,オーレオマイシン、コカイン、インターフェロン、そしてTLC。チキン,20170922
24613,1360,貧しい人々をお互いから守るために。,20170307
24613,5519,好機は常に、最も不都合な瞬間に訪れる。,20170314
63478,4591,バグを修正し、再びダンプする：,20180131
63478,786,何が起こっているか。,20171027
42638,9192,良い忠告とは、悪い手本を示すには年を取りすぎた男が与えるものである。,20180218
42638,70,運勢：セグメンテーション違反――コアダンプ,20170921
42638,5839,Q: 電球を交換するのに、オレゴン州民は何人必要か？,20171009
46772,143,彼女は彼に、,20170801
46772,2559,臆病者：危険な緊急事態に足で考える者。,20170912
46772,9784,"Brain fried -- Core dumped
",20171016
83144,1143,SQL交響楽団コンサート,20171018
83144,1143,SQL交響楽団コンサート,20170402
83144,1143,SQL交響楽団コンサート,20170131
44502,4702,ガンジー：それは良い考えだと思う。,20170410
44502,8071,おとぎ話：子供たちを新聞に備えさせるためのホラーストーリー。,20170704
44502,7113,-- オスカー・ワイルド,20180427
89165,4149,講師はプラナリアについて200ページを課すだろう。,20180412
89165,7498,"Rocky's Lemma of Innovation Prevention
",20171107
44909,3009,ゼロックスはそれを何度も何度も何度も…,20170518
44909,8650,子供は、,20170209
60920,174,している。,20170305
70800,9192,電気技術者はより少ない抵抗でやる。,20171125
34840,2111,経験とは、あなたが認識することを可能にする素晴らしいものである。,20180424
18442,9681,言った、「人生はサワークリームのボウルのようなものだ。」,20170106
18442,2167,何もない。,20171024
18442,7862,地球は小さな砂粒のようなものだ、ただずっとずっと重いだけ。,20170320
95098,5851,応用テロの第五法則：,20171214
19141,9177,豚は、もし私が間違っていなければ,20170520
19141,5865,リュシストラタは良いアイデアを持っていた。,20170902
19141,4754,そしてこの言語が行くところどこでも,20180417
27250,2099,今週は自分で機会を作り出せる。上級,20180301
27250,7028,-- クラレンス・ダロウ,20180118
17477,765,恋は感傷的なはしかである。,20170507
17477,6636,-- トーマス・ジェファーソン,20170521
17477,8777,"I think that I shall never see
",20171224
53133,1016,コーナー、バーモント州」,20170406
27955,5590,タイプライターで2つのキーを打つと、望まない方が,20171202
27955,3629,-- 『銀河ヒッチハイク・ガイド』,20170414
18405,9470,ウィル・ロジャースが言ったように、「無料の,20170106
43956,3915,貧しい人々が、橋の下で眠り、路上で物乞いをし、,20170510
43956,2306,上司がそれを読んでいる。,20180131
43956,3151,咳き込んでいる。」,20170127
72760,6656,全くプログラムを手に入れられず、手に入れたものを受け入れる。,20171110
72760,7156,モリソンの官僚主義仮説：,20180328
72760,7107,恋は感傷的なはしかである。,20180425
44323,2099,アコーディオン：プリーツ付きのバグパイプ。,20170613
44323,8976,クリンクラーの第一法則：,20171003
44323,4062,息をしている方がリスナーと呼ばれる。,20170129
25091,709,心配するために。,20171001
25091,7351,"You have the capacity to learn from mistakes.  You'll learn a lot
",20170722
90544,4137,価格が大幅に上がったことを意味する。,20170720
25745,6105,結晶学のオタクたち。,20180417
25745,9335,本物のプログラマーはCOBOLでは書かない。COBOLは弱々しいアプリケーションのためのものだ。,20170610
25745,8004,神は言われた。「ニュートンあれ」と。するとすべてが光であった。,20170729
46909,5162,彼らの話題は主にセックスに及ぶ。,20170321
27776,5536,我が国には良い5セント葉巻がたくさんあるが、問題は,20170517
27776,8798,よそで。」,20180419
27776,124,彼らがそれを売ってくれればいいのに。,20170106
38223,5023,朝に、そして学校に着くまで止まらない。,20180220
40912,9828,今日はあなたが勝者になるだろう。4歳児に喧嘩を売れ。,20170125
40912,2241,最新の公式数値によると、全統計の43%は,20170421
40912,2806,-- A・E・ハウスマン,20180304
66461,146,数学の法則が現実に関わる限り、それらは,20180108
66461,9660,私は未来を見たが、それは現在と全く同じで、ただ長いだけだった。,20180223
23538,7420,偏執病とは、単に人生に対する楽観的な見方である。,20171203
74079,1623,彼らがそうあるべきであると。ゆえに、スキタイ人の間では、,20170819
74079,6669,点。,20170727
74079,8790,"Familiarity breeds attempt
",20180312
30119,1923,"        The mouse dissolved
",20170619
42070,3072,全くプログラムを手に入れられず、手に入れたものを受け入れる。,20180221
42070,2253,今日は驚きが待っている。家賃もだ。,20180301
38433,994,-- 愚者の辞書,20170422
38433,3589,薬局への道は遠いかもしれないが、宇宙に比べればピーナッツみたいなものだ。,20170212
30610,129,まあいい、全部の卵を一つのカゴに入れちまえ。,20171007
30610,9880,それに慣れろ。,20170907
73053,5867,それは薬の効果を鈍らせる。,20180302
73053,7773,科学には何か魅力的なものがある。人はそのような卸売りの,20180226
92369,8883,民主主義とは、国が一流の経営の下で何ができるか疑問に思うことが許される統治形態である。,20180217
30400,8367,今日は旅行が重要。明日、国税庁の役人が来る。,20170307
30400,3378,爆弾を禁止せよ。通常戦争のために世界を救え。,20170115
30400,7758,もし持ち込み可の試験を与えられたら、本を忘れるだろう。,20170830
31889,6845,人間はアルコールを発明した。,20180206
31889,5043,質問：,20170510
31889,4867,恋は感傷的なはしかである。,20170704
85505,8249,終わる。,20170716
68092,5927,確率は50対50だ。,20180310
68092,8431,ディスク上の99ブロックのゴミ,20171018
68092,4291,書かれたものと、そうでないもののために。,20180111
45640,1649,どんな組織にも、常に一人は知っている人がいる。,20170112
45640,106,運勢：セグメンテーション違反――コアダンプ,20180103
46551,5702,「本当？なんて偶然、私も浅はかよ！」,20171124
46551,1302,事故：心の落ち着きは良いが、,20180409
31705,9738,軍事諜報は矛盾した言葉である。,20171203
31705,8909,真夜中。,20170227
31705,7297,今夜は料理するな――今日ネズミを餓死させろ！,20180115
49433,1266,-- アーサー・ナイマン,20170107
49433,7820,プログラマーの視点は、彼の,20170101
82282,9267,-- D・J・ヒックス,20170731
82282,7888,防衛運転をしろ。戦車を買え。,20170502
82282,1811,団体では、すべてのメンバーを名誉あるものとして言及するのが通例である。例えば、「,20170214
87485,3266,サンフランシスコはかつての姿ではなく、そして決してそうではなかった。,20171205
98018,6004,それがいかに走るか見よ！それがいかに走るか見よ！,20170304
98018,7275,講師はプラナリアについて200ページを課すだろう。,20170730
98018,2640,メニュー：レストランがちょうど品切れにした料理のリスト。,20180123
47569,5616,西洋文明？,20170414
47569,8909,1分がどれだけ長いかは、トイレのドアのどちら側にいるかによる。,20170802
94082,2501,-- 『銀河ヒッチハイク・ガイド』,20170204
94082,2967,「ダイエット」,20170502
94082,8061,系論：,20170824
42178,1552,相手が綴りを知っていること。,20180126
42178,9289,正気だ。」,20170226
24143,4892,食べる。,20170201
24143,146,-- マーク・トウェイン,20171125
24143,9087,金を持つ者がルールを作る。,20170925
53000,9828,小売りで買う必要がある。」,20171218
11012,4381,彼らの良心の欠如。,20171230
11012,6815,爆弾を禁止せよ。通常戦争のために世界を救え。,20171221
47199,2502,ノスタルジアは、もはや昔のものではない。,20171229
47605,8559,本当に考えさせると、彼らはあなたを嫌うだろう。,20170219
47605,3415,"
",20171206
47605,8657,朝に、そして学校に着くまで止まらない。,20170624
22676,1001,-- アラン・パーリス,20170621
72745,9388,ミッキーマウスはスピロ・アグニューの腕時計をしている。,20170703
72745,4915,誰も確信していないこと。,20170912
72745,541,愚かさ。,20180106
97285,3776,自分自身を問題の一部として。,20170906
97285,1016,今夜は半月。（少なくとも、月がないよりはましだ。）,20180123
97285,9876,ゴイムを創造したのか？」一般的に受け入れられている答えは、「誰かが,20170120
50886,1143,SQL交響楽団コンサート,20170118
11567,2035,"        Every instructor assumes that you have nothing else to do
",20170921
11567,3491,"It never does quite what I want
",20170629
51891,797,あなたは賢く、機知に富み、素晴らしいが、あまりに多くの時間を,20170731
35415,1625,-- ウディ・アレン,20170303
35415,9214,あなたは尾行されている。数日間はいかがわしい行為をやめなさい。,20170318
79440,8010,サンフランシスコはかつての姿ではなく、そして決してそうではなかった。,20180214
90369,3,科学とは、先入観が検証に出会ったときに起こることである。,20180404
16888,9768,本ではなく、スープを濃縮せよ！,20170812
37084,3007,他人があなたのことをどう思っているか心配するな。彼らは,20171025
37084,1960,"Computer programmers do it byte by byte
",20170313
37084,7820,探すのをやめなさい。幸福はあなたのすぐ隣にある。,20180113
93762,241,簡単な問題はすべて解決済みだ。,20180404
69995,6969,「ダイエット」,20170728
69995,4194,世界は終わる！悔い改め、図書館の本を返しなさい！,20170913
30409,2151,結晶学のオタクたち。,20170513
30409,4470,捨てられる運命にある：重要なのは、常にそれを,20170308
91987,9260,文明に触れることなく退廃へ。,20170313
91987,3973,-- マーク・トウェイン,20170806
31383,9775,99ブロックのゴミ！,20170815
31383,7043,クリンクラーの第一法則：,20170526
18213,104,今日は象の唇にキスをするな。,20170315
36646,2863,批判するが、もし皆に嫌われたら、あなたも偏執病になるだろう。,20170412
36646,3865,探すのをやめなさい。幸福はあなたのすぐ隣にある。さて、もし彼らがただ,20171224
36646,3187,光の速さより速いものはない…,20171113
66470,183,ユニコーンを救えないなら、魔法に何の意味がある？,20170416
66470,6894,非戦闘員：死んだクエーカー教徒。,20171128
66470,7676,ベアメタルで。アプリケーションプログラミングは、システム,20171021
94441,9902,床を磨いたり、その他のエキサイティングなことをするのに最適な日。,20170907
94441,1783,どういうわけか高貴なものとされ、誰もそれを批判しようとしない。,20170923
47784,4876,早朝にコーヒーを飲むな。昼まで目が覚めてしまうぞ。,20170627
75402,2735,「第三次世界大戦がどのような兵器で戦われるかはわからないが,20170924
54128,3376,-- ジョン・バリモアの最期の言葉,20171210
24708,9427,ミニーマウスは迷路を覚えるのが遅い。,20170911
24708,3734,「私たちは気にしない。気にする必要はない。私たちは電話会社だから。」,20171107
24708,3357,彼に起こるありふれたこと。,20170217
70966,1728,有り余るエネルギーを発散させるには良い日だ。何か重いものを盗め。,20180424
70966,2272,それが、点で対になって,20170224
70966,388,クリンクラーの第二法則：,20171011
37229,7310,学生たちの中に。,20170524
94943,1999,しかし、私が命じたことだけだ。,20170112
94943,1295,「この核軍拡競争を続けるなら、君たちがやることは,20170920
94943,4059,現実は幻覚の障害である。,20180301
58247,7929,おばあちゃんを路上から遠ざけろ――ビンゴを合法化せよ。,20171025
58247,2875,事故：心の落ち着きは良いが、,20171129
87718,7676,パン。,20170217
87718,8650,多数派：犯罪と法律を区別する性質。,20180501
87718,3634,それが、点で対になって,20180412
90887,8082,姉妹や近親者が弾くピアノよりも迷惑だ。,20170926
90887,7609,記者（マハトマ・ガンジーへ）：ガンジーさん、,20171018
59411,1056,今日は空飛ぶ円盤に近づかないように。,20170608
59411,1229,"Murphy would be there to tell me
",20170429
71286,6914,誰でも扱えるように作ることはできるが、,20171125
71286,3901,-- イザヤ,20170802
55784,1714,第二法則：働くことで達成できる最大のことは、,20171020
82919,2111,経済学者の間では、現実世界はしばしば特殊なケースである。,20180107
82919,1520,予算とは、金を使う前に心配するための方法に過ぎない。,20180419
82919,8004,私は7つのハックを持つQuuxに出会った。,20171006
78236,2986,本物のプログラマーはテニスや、,20170310
45509,8804,最初で成功しないなら、諦めろ。とんでもない馬鹿になる必要はない。,20170910
45509,703,"算数とは、""",20171024
45509,517,2) 「お前と、どの軍隊だ？」,20170202
71442,9016,私はあらゆる緊急事態には備えているが、日常には全く備えていない。,20170423
71442,9105,三人の友人。もし彼らが大丈夫なら、あなたがそうだ。,20170625
36436,3623,中には何もない。,20170122
36436,1127,"miss
",20171022
36436,8084,「成功できるのに、なぜ男でいる必要がある？」,20180218
69787,6136,カリフォルニアは住むには良い場所だ――もしあなたがオレンジなら。,20170720
69787,7460,デフリース家のジレンマ：,20171006
69787,3046,"Today is the first day of the rest of the mess
",20170806
15317,7705,「お前は母親のような男には決してなれない！」,20180120
15317,9110,あなたは犬のような生活を送ってきた。家具から離れていなさい。,20180201
15317,1751,力の限り輝いて：,20170903
57391,7523,正直者：口がきけず、読み書きができない。,20170106
57391,1866,そして薬はけいれんを引き起こす。,20170926
57391,8059,-- オスカー・ワイルド,20171107
40652,6845,-- ケーログ・アルブラン,20170424
40652,3521,ハンディキャップのある。,20180421
17563,2834,1981年、滑降スキーに最悪の月：1月。行列は,20170217
17563,1200,捨てられる運命にある：重要なのは、常にそれを,20171111
17563,4837,明日！,20171226
75399,3745,分子生物学者はデザイナー遺伝子（デザイナーズジーンズとの掛詞）を身に着けるのか？,20171217
75399,6982,スープが治せないのは、母親への神経症的な依存である。,20180419
75399,8642,電気技術者はより少ない抵抗でやる。,20180314
51110,1389,本当に考えさせると、彼らはあなたを嫌うだろう。,20170412
41440,9053,もし時がすべての傷を癒すなら、なぜへそは変わらないのか？,20171007
41440,2274,名誉ある：手の届く範囲に障害があること。立法府では,20170225
41440,4149,変数。」,20180101
43247,6229,アメリカを美しく保とう。ビール缶を飲み込め。,20170911
43247,7386,デュシャームの公理：,20170508
43247,1106,「お前は母親のような男には決してなれない！」,20171030
58632,7182,もし10個のパラメータを持つプロシージャがあるなら、おそらくいくつか見逃している。,20180116
58632,6914,リストまたはオブジェクトデッキ。,20170715
58632,8905,思春期：思春期と不倫の間の段階。,20170430
94500,9660,マーフィーの法則が間違っている可能性があるなら、それは間違っているだろう。,20171101
94500,5033,低空飛行する蝶に注意。,20180430
68731,2362,プログラミング。,20170826
68731,8902,"It was the reader's CONS
",20180119
93191,6595,宇宙は大きい。あなたはそれがどれほど広大で、巨大で、心を,20180216
93191,2731,あなたは犬のような生活を送ってきた。家具から離れていなさい。,20170324
93191,7894,"Bizarreness is the essence of the exotic
",20171024
98102,1960,覚えておけ、たとえ出世競争に勝ったとしても――お前はまだネズミだ。,20180102
82591,9615,CPUにいます我らのOSよ、御名をUNIXと称えさせたまえ。,20170106
86748,8071,"We wish you a Hare Krishna
",20170604
82455,7156,カリフォルニアは住むには良い場所だ――もしあなたがオレンジなら。,20180224
82455,5925,客1：「紅茶をください」,20180104
82455,4699,木のように美しい広告看板。,20170323
39335,3471,すべてが可能だが、,20170828
39335,551,時空間スキップの中で。,20170417
72635,4951,-- アルベルト・アインシュタイン,20170307
57458,2049,馬の分別とは、馬が,20170817
57458,5777,アメリカは、野蛮から飛躍した国としてユニークかもしれない。,20180216
54979,9214,理解するのが難しいだろう。,20170825
54979,506,めったにきれいではなく,20180501
54979,551,最も短い、けれど。,20170325
93577,9126,-- ウォルト・ケリー,20171002
93577,8883,-- イディッシュ語のことわざ,20171207
93577,7182,コンピュータを家庭に持ち込んでも、どちらも変わらないだろうが、,20171130
85012,8650,リュシストラタは良いアイデアを持っていた。,20170806
67349,8976,プログラマー。,20171111
67349,284,タイプライターは、感情を込めて演奏されると、,20180112
67349,5142,ガンジー：それは良い考えだと思う。,20171026
28172,1468,大学：ソフトウェアハウスのようなもの。ただし、ソフトウェアは無料で、,20171016
28172,2021,"
",20171229
35780,9432,人工知能に一年費やせば、,20170723
35780,6999,その間にタバコ。,20170622
92147,6156,"God is a polythiest
",20170603
55600,1344,何かが起こる確率が百万分の一なら、,20170715
55600,7637,今日はあなたが勝者になるだろう。4歳児に喧嘩を売れ。,20180220
20278,9906,地球は小さな砂粒のようなものだ、ただずっとずっと重いだけ。,20171217
45687,8631,永遠を傷つけずに時間を潰すことはできない。,20170722
45687,8902,生きる。,20170521
45687,241,ヴェリリンドの実験の法則：,20180413
76521,6517,未来はまだら模様。夕方遅くにスープをこぼすだろう。,20180311
76521,2831,-- マーク・トウェイン,20170328
76521,9974,パリティがわずかに失われている。,20171026
91376,2984,候補者とは、金持ちから金をもらい、,20180209
91376,3581,大統領や王から地の果てのクズまで…,20170814
91376,6437,ミニーマウスは迷路を覚えるのが遅い。,20170919
95055,7841,インテリよ、団結せよ！失うものは君たちの黄身（yolks=yokes=束縛）だけだ。,20170714
95055,845,モグラの問題かい？,20180114
98665,6659,ウェイター：「紅茶二つ。きれいなグラスを頼んだのはどちら様ですか？」,20171221
80034,1921,そうだと告げられたとき,20180304
80034,3072,電球を交換するのに、テックライターは何人必要か？,20171104
12034,712,許可を得るより許しを得る方が簡単だ。,20171006
46771,2513,歩行者。,20170904
12107,4219,明かりがつく。,20170112
12107,2264,12歳以降に。,20180422
12107,2002,-- ドロシー・パーカー,20180212
90832,3915,自己中心主義とは、親切な自然が痛みを和らげるために与える麻酔である。,20180219
67756,6101,-- ウィンストン・チャーチル,20170430
69025,8078,ミッキーマウスはスピロ・アグニューの腕時計をしている。,20170319
89081,1016,縄は緩む。,20170820
17337,6114,しかし、科学者たちは、知っているはずなのに,20170729
58413,7416,子供に装填済みの鯉で遊ばせるな。,20171207
51279,9923,-- アルベルト・アインシュタイン,20171218
51279,4381,"        The apple fermented
",20170413
92179,6602,波は滑らかで輝いている――,20171101
25961,7637,今日は驚きが待っている。家賃もだ。,20180425
25961,1837,ウィル・ロジャースが言ったように、「無料の,20170802
99003,3201,自動車：丘を駆け上がり、人々を駆け下りる四輪車。,20170325
99003,8040,ガンジー：それは良い考えだと思う。,20171207
99003,2404,"THE GOLDEN RULE OF ARTS AND SCIENCES
",20170123
31708,1093,決して美徳の道に迷い込むな。,20171011
31708,1389,精神病院：楽観主義が最も栄える場所。,20180308
15030,6131,100ブロックのゴミ！,20170415
15030,4287,点。,20170602
15030,9923,名誉ある紳士は卑劣な犬である。」,20171009
80692,8012,"It was the reader's CONS
",20170410
69099,9677,彼女は彼に、,20171218
69099,6753,すべてのプログラムをRPGで実行する！,20170904
69099,7927,弾丸に免疫がある」,20170110
52759,7927,世界がかつて見たことのない。,20171106
52759,5727,ダイヤルトーンを求めて。,20170306
68606,1542,それが何であれ、私は再び結婚するだろう。,20170122
68606,6914,-- ハーバート・フーバー,20180301
56584,2933,誰かが「私がただ,20170219
83287,6642,"It's not that I'm afraid to die.  I just don't want to be there when it
",20170417
83287,6969,事柄は常に支配的で制御的であった。,20180111
81968,3999,独身者とは、ある女性を,20180406
74395,1654,「成功できるのに、なぜ男でいる必要がある？」,20170408
74395,8716,本物のプログラマーはアプリケーションプログラムを書かない。彼らは,20170916
74395,7698,グラフィックスについて：一枚の絵は1万語の価値がある――しかし、,20180128
67562,5089,瓦礫にすぎない,20170413
67562,5517,"I must have slipped a disk -- my pack hurts
",20171206
67562,1859,時々子供っぽくなれないなら、大人である意味はない。,20170607
51574,5517,今夜はコウモリに餌をやらないで。,20170729
40786,1266,そうに違いないと我々を安心させてくれる。,20171112
40786,5517,本当に考えさせると、彼らはあなたを嫌うだろう。,20170725
40786,7310,予報官たち、そして超過預言者税を決定した。,20170420
70454,3323,プログラミング。,20170601
70454,7792,完全に避けられることを、明日に延ばすな。,20170718
70454,7227,薬局への道は遠いかもしれないが、宇宙に比べればピーナッツみたいなものだ。,20180412
24251,124,探すのをやめなさい。幸福はあなたのすぐ隣にある。さて、もし彼らがただ,20180105
24251,8172,探すのをやめなさい。幸福はあなたのすぐ隣にある。さて、もし彼らがただ,20180313
16475,4387,団体では、すべてのメンバーを名誉あるものとして言及するのが通例である。例えば、「,20180205
16475,6969,成功の秘訣は誠実さだ。それを偽ることを学べば、,20180324
32209,3232,そのモニターは完全に負ける！,20180428
32209,2789,法は、その荘厳な平等において、富める者にも,20180119
32209,5091,理解するのが難しいだろう。,20170217
33904,3810,それがいかに走るか見よ！それがいかに走るか見よ！,20180310
33904,8666,文明に触れることなく退廃へ。,20170503
72756,5388,新しい議員たちは政府を立て直すと言っている。私は,20170922
72756,3415,もしそうなら、そうなるだろう。しかし、そうではないから、そうではない。それが論理だ！,20171021
72756,8716,「本当？なんて偶然、私も浅はかよ！」,20171001
91978,7386,-- フレッド・アレン,20180216
91978,8716,"        A new hydrocarbon
",20170531
91978,9159,そして先月分を前払いで。,20180309
37914,8633,"Fruit flies like a banana
",20171211
37914,9621,本物のプログラマーは文書化しない。ドキュメントは、,20171022
37914,8784,そしてそれ以来、ベンゼン（been seen=見られたとの掛詞）になったことはない。,20170513
27072,1229,カサブランカから出て、ドイツ人は奇跡を非合法化した。」,20171026
27072,4240,パタパタ、ばたばた、ぱたん,20180102
29092,2933,民主主義とは、,20170416
69627,7364,誰も確信していないこと。,20170805
60154,5539,そして彼女の内部でリンゴ酒を作った。,20170111
21230,3225,教授とは、誰かの睡眠中に話す人のことである。,20180428
30185,871,何かが起こる確率が百万分の一なら、,20170426
74734,3640,名誉ある：手の届く範囲に障害があること。立法府では,20180417
66610,551,確率は50対50だ。,20170217
66610,7262,あなたは間もなく認識されるかもしれない。隠れなさい。,20170322
66610,690,幸福：他人の不幸を熟考することから生じる心地よい感覚。,20170515
27125,4448,世界は終わる！悔い改め、図書館の本を返しなさい！,20170203
27125,587,は一時的に中止されます。,20170822
62691,1374,"
",20170623
62691,1386,メッセージが郵便で届く。FBIに見られる前に破壊せよ。,20171108
17224,2924,すべてが可能だが、,20180215
17224,9956,プログラミング言語。,20171031
17949,9624,それ。,20171107
17949,9427,ジョニーは祭りからなかなか帰らない。,20170306
17949,674,変化。,20170529
14588,6131,つまり、もしアパートを借りるなら、あなたは3つの,20180130
14588,7333,経験とは、あなたが認識することを可能にする素晴らしいものである。,20170616
14588,3885,爆弾。,20170920
52856,2021,-- ジョン・マクナルティ,20171114
52856,8995,"Bizarreness is the essence of the exotic
",20180303
51358,6020,"Kin: An affliction of the blood
",20180313
51358,8279,誘惑以外なら何にでも抵抗できる。,20170101
83905,1794,それはやる価値がなかった。,20171204
83905,1785,永遠を傷つけずに時間を潰すことはできない。,20170617
19464,7929,つまり、もしアパートを借りるなら、あなたは3つの,20170129
60262,2400,精神病院：楽観主義が最も栄える場所。,20180216
60262,70,決して立ち止まって電話に出る必要がない。,20180329
60262,6969,今日。,20170226
27348,746,責任は常に権限を上回る。,20180412
27348,7236,-- グルーチョ・マルクス,20170327
84483,9007,太陽から。大きな隕石が通信を妨げているか、あるいは誰かが,20170520
84483,8622,行方不明者になる絶好の機会。,20171003
94700,7130,神は7日で世界を創造したのではない。6日間遊び呆けて,20180313
12325,374,タルムードで最も古くから puzzling されてきた問題の一つは、「なぜ神は,20180407
12325,2886,爆弾を禁止せよ。通常戦争のために世界を救え。,20170121
18938,9630,1. 再現性が問題になる可能性がある場合、テストは,20170418
95612,8826,民主主義とは、国が一流の経営の下で何ができるか疑問に思うことが許される統治形態である。,20170907
57664,6077,悪意に帰するな、,20171126
57664,4681,"Computer programmers do it byte by byte
",20171223
92110,1288,応用テロの第四法則：,20170423
97660,9395,有り余るエネルギーを発散させるには良い日だ。何か重いものを盗め。,20180130
97660,6236,-- アナトール・フランス,20170328
32549,6463,「ここ電話会社では、あらゆる種類の人々にサービスを提供しています。,20170306
62977,1193,「ボンベイの気候は、その住民が生活しなければならないほどのものである」,20170214
54318,2295,一つ。,20171002
77940,9395,"Vitamin C deficiency is apauling
",20180313
16153,8548,年：365回の失望の期間。,20170824
18669,2099,一番大声で鳴く鶏が、最も,20171119
18669,8158,気分転換には良い日。寝室の壁紙を張り替えよう。,20171223
18669,1763,コンピュータが、事実を印刷するために,20171220
68696,2595,明日！,20170609
33527,5142,後からよりも。,20170610
33527,4239,恋は感傷的なはしかである。,20180227
33527,3670,許可を得るより許しを得る方が簡単だ。,20170926
66139,2953,聞くことすべて、あるいは言うことすべてを信じるな。,20180126
16374,8233,"Laetrile is the pits
",20180421
73169,4699,会話：息を切らしている方が,20180427
45162,7271,父親は幼い息子に尋ねた。,20180202
45162,4291,ハンディキャップのある。,20170430
29356,6059,神のみが無作為な選択をすることができる。,20171223
29356,1599,-- マーク・トウェイン,20170119
29356,1386,大学：ソフトウェアハウスのようなもの。ただし、ソフトウェアは無料で、,20171126
76967,7990,-- オスカー・ワイルド,20180404
76967,9677,彼がその向こう側から現れるまで、あなたは彼を見ることはないだろう。,20170718
76967,5702,"Time flies like an arrow
",20170131
26830,1028,LISPプログラマーはすべての価値を知っているが、そのコストは,20180425
47149,1794,朝に自己嫌悪するな――昼まで寝ろ。,20170503
78243,7130,-- アーサー・ナイマン,20180204
14182,4235,一度。,20171027
34242,7474,彼を。,20171230
34242,718,会話：息を切らしている方が,20180321
86461,881,カリフォルニアは住むには良い場所だ――もしあなたがオレンジなら。,20170617
86461,764,精神病院：楽観主義が最も栄える場所。,20171026
33819,7758,我々にハムと豚肉とベーコンを与えてくれる。,20170323
33819,5362,正気だ。」,20170619
65075,61,あなたが置いた場所から、見つけられない場所へ。,20170417
79868,8207,"        Every instructor assumes that you have nothing else to do
",20170806
79868,4207,自分自身を問題の一部として。,20171117
79868,9192,は一時的に中止されます。,20170127
98743,8836,講師はプラナリアについて200ページを課すだろう。,20170327
98743,1374,扱う。,20180130
98743,6993,現実は幻覚の障害である。,20171013
58702,1909,外交官とは、妻に,20170509
46891,3490,"There's no future in time travel
",20170618
46891,9621,"Murphy would be there to tell me
",20171205
21383,9673,あなたは仕事のことで心配しすぎだ。やめなさい。あなたは十分に給料をもらっていない。,20170327
47484,3187,覚えておけ、UNIXを逆から綴るとXINUになる。,20170910
13707,765,もしコンピュータが強力になりすぎたら、我々はそれらを,20170806
77802,4719,非戦闘員：死んだクエーカー教徒。,20180402
18292,5970,ヌーディストとは、一つボタンのスーツを着る人々のことである。,20170629
18292,5982,午後はロマンスに非常に好都合。一人の人を,20171114
26679,8004,1981年、滑降スキーに最悪の月：1月。行列は,20180329
28402,6589,名誉ある：手の届く範囲に障害があること。立法府では,20170821
28402,1001,-- アラン・パーリス,20171119
50106,7822,扱いやすい：あなたは間違った問題を解決した。,20170910
95117,2502,許可を得るより許しを得る方が簡単だ。,20170331
95117,6642,今日は友達を吸おう。,20171209
95117,3896,"
",20170124
23670,9267,歩行者。,20171203
23670,7660,大酒を飲むには最高の日。オフィスのウォータークーラーに酒を入れろ。,20170302
23670,5195,誰かが「私がただ,20170617
60630,8836,午後はロマンスに非常に好都合。一人の人を,20180105
60630,446,信仰とは、ピクニックでブラックベリージャムを食べることを可能にする資質である。,20171217
60630,996,改善する。,20170506
51674,811,-- チャーリー・マッカーシー,20180316
51674,8633,-- アナトール・フランス,20170119
65029,3199,人々。,20180227
65029,4961,木のように美しい広告看板。,20180422
65029,5425,"The Universe is laughing behind your back
",20170703
40352,4029,ベアメタルで。アプリケーションプログラミングは、システム,20180108
40352,3635,その講師のコースのために勉強することを除いて。,20170213
40352,3652,歴史は繰り返さない――歴史家が互いに繰り返すだけだ。,20180213
64706,9917,「成功できるのに、なぜ男でいる必要がある？」,20170307
89201,7259,-- マクスウェル・スマート,20170915
32528,5927,文学的なドイツ人が文章に飛び込むときはいつでも、それが最後だ。,20170513
32528,5714,民主主義とは、,20171211
97561,5970,芸術的な冒険が注目される。美術館を襲え。,20180322
24717,1390,エキサイティングなデラウェア、ニュージャージー。（バリー・フレッチャーの故郷！）,20170904
24717,3137,低空飛行する蝶に注意。,20170103
24717,574,「どんなに親しい友人でも、互いの葬式には参列できない。」,20171102
23646,8061,きわどいアリアを専門とする歌姫は、オフコロラトゥーラソプラノだ…,20170128
23646,241,割り、掛け、そして引くだろう。,20170718
80360,1851,本物のプログラマーはテニスや、,20180105
12737,5061,"WHERE CAN THE MATTER BE
",20171125
37622,3046,人生をやり直せるかもしれない――もし最初の,20180309
37622,1404,それはかつて私を指していた。,20170205
37622,1567,自動車：丘を駆け上がり、人々を駆け下りる四輪車。,20170824
78543,4381,人生を深刻に受け止めすぎるな。生きては出られないのだから。,20170103
78543,493,"        But she started absorbin'
",20170828
27883,6625,目…」,20180103
27883,5149,コンピュータは絶対に間違わない。,20170619
27883,341,"There once was a girl named Irene
",20180224
94048,7460,「なぜ足の甲に特別な名前がないんだろう？」,20170224
94048,8431,とは全く関係がない。,20170118
81919,8826,服を着替える。登山はOKで、本物のプログラマーは,20171024
81919,3952,-- ジョー・ウォルシュ,20171106
81919,1202,もし持ち込み可の試験を与えられたら、本を忘れるだろう。,20170829
30335,6436,働くために。,20180220
92968,7822,シルバーマンの法則：,20170625
84152,8804,収支を合わせられると思った頃に、誰かが,20170809
17808,7390,"There's no future in time travel
",20170829
16707,7947,している。,20171004
16707,9775,人間は、,20180117
95214,2403,他人に彼の心が大きいと思わせておけ,20170128
98878,2241,誰でも扱えるように作ることはできるが、,20170410
52222,3209,本物のプログラマーは文書化しない。ドキュメントは、,20180319
52222,5468,大学とは、教員が,20170405
75104,5735,"        If an idea can survive a bureaucratic review and be implemented
",20170202
97878,3077,12歳以降に。,20170102
97878,9375,「サイを盗むことは軽々しく試みるべきではない。」,20170418
97878,3016,それがいかに走るか見よ！それがいかに走るか見よ！,20170715
97968,3199,そして男性的な衝動,20180409
97968,3471,"Conscience is the inner voice that warns us somebody is looking
",20170912
40577,1127,-- オスカー・ワイルド,20170904
44005,8341,「私の友人たちと私は皆、狂っている。それが我々を,20180113
44005,8620,コンピュータのせいにされるすべてのエラーの根源には、,20180423
44005,6185,さえ。,20180321
61730,3351,西洋文明？,20170522
66818,7946,本物のプログラマーはPASCAL、BLISS、ADA、その他赤みがかった,20180122
66818,17,誘惑を取り除く唯一の方法は、それに屈することだ。,20170902
66818,3755,本物のプログラマーはアプリケーションプログラムを書かない。彼らは,20171129
56962,7711,「成功できるのに、なぜ男でいる必要がある？」,20171123
56962,4044,メニュー：レストランがちょうど品切れにした料理のリスト。,20180109
75067,4930,そしてサン・ミョン・ムーン（文鮮明）！,20171026
23455,9673,タイプライターで2つのキーを打つと、望まない方が,20170320
23455,2443,A: 3人。1人が電球をねじ込み、2人がそれを邪魔する者たちを追い払う。,20170708
41693,3463,-- ラザルス・ロング,20170516
33436,5201,ヴェリリンドの実験の法則：,20171224
22220,3755,"
",20170806
22220,5033,考えてみろ！VLSIがあれば、1平方センチメートルに100台のENIACを詰め込める！,20170730
22220,2147,ガスはひどい匂いがする。,20170601
79725,3156,"算数とは、""",20170811
79725,5966,"It's because I try to put every possible syllable into that last line
",20171113
17621,3213,そしてこれはとても奇妙だった、なぜならそれは,20170819
63432,9053,釘。,20170221
47697,2270,あなたが偏執病だからといって、彼らがあなたを狙っていないとは限らない。,20170912
47697,9771,貧しい人々が、橋の下で眠り、路上で物乞いをし、,20171224
47697,11,感嘆：他人が,20180419
47474,9771,彼らがその代金を払い続ける。,20170221
20988,8964,行方不明者になる絶好の機会。,20180120
20988,6439,脳は素晴らしい器官だ。あなたが起きた瞬間に働き始め,20170910
20988,9388,コンピュータがクラッシュする。,20170408
93442,4006,私は未来を見たが、それは現在と全く同じで、ただ長いだけだった。,20170116
93442,1166,アメリカは、野蛮から飛躍した国としてユニークかもしれない。,20170207
83313,674,"Laetrile is the pits
",20170112
43169,1600,で責任を回避するか？,20180228
43169,6964,貧しい人々が、橋の下で眠り、路上で物乞いをし、,20170615
43169,9314,-- F・P・ジョーンズ,20170225
78170,5030,彼らにそれを返す。,20171121
14153,7929,扱いやすい：あなたは間違った問題を解決した。,20180220
14153,6072,再生業者よ、その木を助けてやれ！,20180427
89706,8068,もし入力が正確でなかったら。,20170626
89706,5023,時々子供っぽくなれないなら、大人である意味はない。,20171104
38903,5605,無政府状態は最良の統治形態ではないかもしれないが、,20171114
38903,6962,-- ウディ・アレン,20171210
81214,8724,-- チャーリー・マッカーシー,20180404
81214,8542,神は死んでいない、ただ駐車スペースを見つけられなかっただけだ。,20170723
77774,2443,持ち帰り試験を与えられると、どこに,20170126
55716,346,脳（動詞）：[「脳する」のように]  bluntly に、しかし pointedly ではなく叱責すること。,20170318
55716,5922,"miss
",20171225
55716,2230,どういうわけか高貴なものとされ、誰もそれを批判しようとしない。,20170604
47549,4982,法は、その荘厳な平等において、富める者にも,20180303
47549,8784,新しい町。,20170128
56154,3810,腐敗した少数による、無能な多数の任命。,20170912
56154,712,郵便。対応するエラーは、,20180415
56154,1054,本物のプログラマーはアプリケーションプログラムを書かない。彼らは,20171206
30477,1782,壊れないおもちゃは、他のおもちゃを壊すのに役立つ。,20171224
30477,7219,速報！人類の知能が低下中。詳細は…ええと、いつだったか,20170307
53917,5784,あなたは賢く、機知に富み、素晴らしいが、あまりに多くの時間を,20171115
53917,5142,プログラミング。,20170805
53917,3869,エラーのない重要な手紙は、,20170110
54954,2089,貧しい人々が、橋の下で眠り、路上で物乞いをし、,20170706
54954,4485,我々にハムと豚肉とベーコンを与えてくれる。,20170712
41039,7315,そしてこの言語が行くところどこでも,20170126
41039,2558,姉妹や近親者が弾くピアノよりも迷惑だ。,20171206
24489,1649,大統領や王から地の果てのクズまで…,20180109
57160,9347,「ラクダが針の穴を通るのは、それが,20170708
57160,1155,やる価値のあることは、誰かにやってもらう手間をかける価値がある。,20170922
99042,9122,-- ピーター・S・ビーグル,20180403
99042,1077,「すべての肉は草である」,20180111
82760,4072,"There once was a girl named Irene
",20180318
82760,8040,このゴミは、非常に高価な機械を通過した後,20171125
82760,4223,その詩は決して韻律に合わなかった。,20180317
15314,9529,ユーザー空間と同じようにカーネル空間でも！,20170106
15314,1374,狂気は遺伝する。子供から受け継ぐのだ。,20170126
24037,2362,ガスはひどい匂いがする。,20171113
24037,8804,本物のプログラマーはCOBOLでは書かない。COBOLは弱々しいアプリケーションのためのものだ。,20180126
30936,2092,本物のプログラマーは9時から5時まで働かない。もし本物のプログラマーが午前9時頃にいるなら,20170103
30936,5351,「私たちは気にしない。気にする必要はない。私たちは電話会社だから。」,20171102
30936,6656,感情的に活発であれ。お気に入りの神経症に迎合せよ。,20170704
81065,4729,"Call Avogardo 6.02 x 10^23
",20171202
81065,2071,老兵は死なず。若者は死ぬ。,20171019
61112,295,"Familiarity breeds attempt
",20170729
61112,1923,幸せな結婚をする方法は一つしかない。そして私が,20180213
71731,4485,ディスク上の100ブロックのゴミ,20180312
86032,1581,COBOLで書くかFORTRANで書くか。,20180405
86032,1520,今日はあなたが勝者になるだろう。4歳児に喧嘩を売れ。,20171007
93766,9427,-- アナトール・フランス,20180317
36345,6938,は去ることだった。,20171124
80517,3797,事実への些細な投資から、推測という見返りを。,20170530
52015,8522,パタパタ、ばたばた、ぱたん,20170701
52015,769,なし。「マニュアルに文書化しておく。」,20170322
52015,6999,今、私はそれを守っている。,20180402
85123,7182,人生。,20170629
85123,7459,教授とは、誰かの睡眠中に話す人のことである。,20180227
85123,9406,エネルギーを節約せよ：無関心であれ。,20170614
48272,4591,瓦礫を跳ねさせる,20170314
48272,3016,-- H・L・メンケン,20170416
48272,5155,扱う。,20171209
59644,2792,それが、点で対になって,20170220
59644,4059,成功の秘訣は誠実さだ。それを偽ることを学べば、,20170602
75254,3037,幸運の女神が意図したように,20170821
64700,5593,A: 33人。1人がビットを持ち、32人がレジスタを押す。,20170313
22319,4464,-- 『ドクター・フー』より、准将,20171018
22319,8417,"Call Avogardo 6.02 x 10^23
",20170524
22319,5162,"
",20171215
95421,8114,6ヶ月ごとに。,20170704
95421,5155,本当に考えさせると、彼らはあなたを嫌うだろう。,20170805
95421,3587,「なぜ私は不安なのか？」（ラテン語）,20180107
56849,2735,世界は終わる！悔い改め、図書館の本を返しなさい！,20170514
75944,1302,速報！人類の知能が低下中。詳細は…ええと、いつだったか,20180225
75944,4252,裸の腕を持つ権利を支持せよ！（武器を持つ権利(bear arms)との掛詞）,20180329
75944,6602,-- アラン・パーリス,20171026
26169,1302,「商品市場で小金を稼ぐ方法は、始めることだ」,20170120
26169,5201,アレクサンダー・グラハム・ベルはニューヨークで健在で、まだ,20171115
41577,149,"Time flies like an arrow
",20171009
41577,658,生きる。,20180304
99047,4702,理性の命令に従って行動するように。,20170905
99047,737,-- ミッキーマウス,20171102
42651,7792,馬鹿：人間社会において影響力を持つ、大きくて強力な部族のメンバー。,20170310
82311,5735,川は湿っている。,20180108
82311,9150,価格が大幅に上がったことを意味する。,20170317
82311,8759,システム/3！システム/3！,20171019
72816,2092,委員会――それが彼らを破滅させるだろう。,20180217
72816,5727,"
",20180405
96264,2111,「第三次世界大戦がどのような兵器で戦われるかはわからないが,20180204
74729,1604,"不在者：収入があり、""",20170910
74729,8207,スープが治せないのは、母親への神経症的な依存である。,20180323
27910,3213,レーガン大統領は、経済評論家が多すぎると指摘し,20180403
37357,3734,リュシストラタは良いアイデアを持っていた。,20170715
37357,5605,非戦闘員：死んだクエーカー教徒。,20170926
72237,9185,は中止された。,20180330
72237,4687,アメリカは、野蛮から飛躍した国としてユニークかもしれない。,20180119
90297,6129,パタパタ、ばたばた、ぱたん,20180304
95698,1171,コンピュータのせいにされるすべてのエラーの根源には、,20170403
79110,7130,民主主義とは、国が一流の経営の下で何ができるか疑問に思うことが許される統治形態である。,20170920
79110,4818,中傷された。,20170608
79110,4006,"It was the reader's CONS
",20180218
10206,3376,"
",20171008
10206,3384,運転免許を失うのは、神が「ブーガ、ブーガ！」と言うための一つの方法に過ぎない。,20171101
10206,1659,勇気を奮い起こせ！他のものは全部台無しにしたんだから。,20180212
80841,7862,A: 両方だ。,20170212
80841,8417,時々、無実の人が議会に送られる。,20170530
52796,2993,-- ベルトルト・ブレヒト,20170704
52796,2433,きわどいアリアを専門とする歌姫は、オフコロラトゥーラソプラノだ…,20180202
72555,797,インテリよ、団結せよ！失うものは君たちの黄身（yolks=yokes=束縛）だけだ。,20170716
24556,1143,SQL交響楽団コンサート,20171207
24556,1143,SQL交響楽団コンサート,20171221
24556,1143,SQL交響楽団コンサート,20171224
14887,4719,ファンキー・グルーヴ・ツアー,20180115
16371,4719,ファンキー・グルーヴ・ツアー,20180115
99716,1143,SQL交響楽団コンサート,20171206
99716,1143,SQL交響楽団コンサート,20171212
99716,1143,SQL交響楽団コンサート,20171229
67318,4719,ファンキー・グルーヴ・ツアー,20180115
67318,1143,SQL交響楽団コンサート,20171206
